annee;code_NAF5;libelle_NAF5;sexe
2015;0111Z;Culture de céréales (à l'exception du riz), de légumineuses et de graines oléagineuses;Femmes
2015;0111Z;Culture de céréales (à l'exception du riz), de légumineuses et de graines oléagineuses;Hommes
2015;0112Z;Culture du riz;Femmes
2015;0112Z;Culture du riz;Hommes
2015;0113Z;Culture de légumes, de melons, de racines et de tubercules;Femmes
2015;0113Z;Culture de légumes, de melons, de racines et de tubercules;Hommes
2015;0114Z;Culture de la canne à sucre;Femmes
2015;0114Z;Culture de la canne à sucre;Hommes
2015;0115Z;Culture du tabac;Femmes
2015;0115Z;Culture du tabac;Hommes
2015;0116Z;Culture de plantes à fibres;Femmes
2015;0116Z;Culture de plantes à fibres;Hommes
2015;0119Z;Autres cultures non permanentes;Femmes
2015;0119Z;Autres cultures non permanentes;Hommes
2015;0121Z;Culture de la vigne;Femmes
2015;0121Z;Culture de la vigne;Hommes
2015;0122Z;Culture de fruits tropicaux et subtropicaux;Femmes
2015;0122Z;Culture de fruits tropicaux et subtropicaux;Hommes
2015;0123Z;Culture d'agrumes;Femmes
2015;0123Z;Culture d'agrumes;Hommes
2015;0124Z;Culture de fruits à pépins et à noyau;Femmes
2015;0124Z;Culture de fruits à pépins et à noyau;Hommes
2015;0125Z;Culture d'autres fruits d'arbres ou d'arbustes et de fruits à coque;Femmes
2015;0125Z;Culture d'autres fruits d'arbres ou d'arbustes et de fruits à coque;Hommes
2015;0126Z;Culture de fruits oléagineux;Femmes
2015;0126Z;Culture de fruits oléagineux;Hommes
2015;0127Z;Culture de plantes à boissons;Femmes
2015;0127Z;Culture de plantes à boissons;Hommes
2015;0128Z;Culture de plantes à épices, aromatiques, médicinales et pharmaceutiques;Femmes
2015;0128Z;Culture de plantes à épices, aromatiques, médicinales et pharmaceutiques;Hommes
2015;0129Z;Autres cultures permanentes;Femmes
2015;0129Z;Autres cultures permanentes;Hommes
2015;0130Z;Reproduction de plantes;Femmes
2015;0130Z;Reproduction de plantes;Hommes
2015;0141Z;Élevage de vaches laitières;Femmes
2015;0141Z;Élevage de vaches laitières;Hommes
2015;0142Z;Élevage d'autres bovins et de buffles;Femmes
2015;0142Z;Élevage d'autres bovins et de buffles;Hommes
2015;0143Z;Élevage de chevaux et d'autres équidés;Femmes
2015;0143Z;Élevage de chevaux et d'autres équidés;Hommes
2015;0144Z;Élevage de chameaux et d'autres camélidés;Femmes
2015;0144Z;Élevage de chameaux et d'autres camélidés;Hommes
2015;0145Z;Élevage d'ovins et de caprins;Femmes
2015;0145Z;Élevage d'ovins et de caprins;Hommes
2015;0146Z;Élevage de porcins;Femmes
2015;0146Z;Élevage de porcins;Hommes
2015;0147Z;Élevage de volailles;Femmes
2015;0147Z;Élevage de volailles;Hommes
2015;0149Z;Élevage d'autres animaux;Femmes
2015;0149Z;Élevage d'autres animaux;Hommes
2015;0150Z;Culture et élevage associés;Femmes
2015;0150Z;Culture et élevage associés;Hommes
2015;0161Z;Activités de soutien aux cultures;Femmes
2015;0161Z;Activités de soutien aux cultures;Hommes
2015;0162Z;Activités de soutien à la production animale;Femmes
2015;0162Z;Activités de soutien à la production animale;Hommes
2015;0163Z;Traitement primaire des récoltes;Femmes
2015;0163Z;Traitement primaire des récoltes;Hommes
2015;0164Z;Traitement des semences;Femmes
2015;0164Z;Traitement des semences;Hommes
2015;0170Z;Chasse, piégeage et services annexes;Femmes
2015;0170Z;Chasse, piégeage et services annexes;Hommes
2015;0210Z;Sylviculture et autres activités forestières;Femmes
2015;0210Z;Sylviculture et autres activités forestières;Hommes
2015;0220Z;Exploitation forestière;Femmes
2015;0220Z;Exploitation forestière;Hommes
2015;0230Z;Récolte de produits forestiers non ligneux poussant à l'état sauvage;Femmes
2015;0230Z;Récolte de produits forestiers non ligneux poussant à l'état sauvage;Hommes
2015;0240Z;Services de soutien à l'exploitation forestière;Femmes
2015;0240Z;Services de soutien à l'exploitation forestière;Hommes
2015;0311Z;Pêche en mer;Femmes
2015;0311Z;Pêche en mer;Hommes
2015;0312Z;Pêche en eau douce;Femmes
2015;0312Z;Pêche en eau douce;Hommes
2015;0321Z;Aquaculture en mer;Femmes
2015;0321Z;Aquaculture en mer;Hommes
2015;0322Z;Aquaculture en eau douce;Femmes
2015;0322Z;Aquaculture en eau douce;Hommes
2015;0510Z;Extraction de houille;Femmes
2015;0510Z;Extraction de houille;Hommes
2015;0520Z;Extraction de lignite;Femmes
2015;0520Z;Extraction de lignite;Hommes
2015;0610Z;Extraction de pétrole brut;Femmes
2015;0610Z;Extraction de pétrole brut;Hommes
2015;0620Z;Extraction de gaz naturel;Femmes
2015;0620Z;Extraction de gaz naturel;Hommes
2015;0710Z;Extraction de minerais de fer;Femmes
2015;0710Z;Extraction de minerais de fer;Hommes
2015;0721Z;Extraction de minerais d'uranium et de thorium;Femmes
2015;0721Z;Extraction de minerais d'uranium et de thorium;Hommes
2015;0729Z;Extraction d'autres minerais de métaux non ferreux;Femmes
2015;0729Z;Extraction d'autres minerais de métaux non ferreux;Hommes
2015;0811Z;Extraction de pierres ornementales et de construction, de calcaire industriel, de gypse, de craie et d'ardoise;Femmes
2015;0811Z;Extraction de pierres ornementales et de construction, de calcaire industriel, de gypse, de craie et d'ardoise;Hommes
2015;0812Z;Exploitation de gravières et sablières, extraction d'argiles et de kaolin;Femmes
2015;0812Z;Exploitation de gravières et sablières, extraction d'argiles et de kaolin;Hommes
2015;0891Z;Extraction des minéraux chimiques et d'engrais minéraux;Femmes
2015;0891Z;Extraction des minéraux chimiques et d'engrais minéraux;Hommes
2015;0892Z;Extraction de tourbe;Femmes
2015;0892Z;Extraction de tourbe;Hommes
2015;0893Z;Production de sel;Femmes
2015;0893Z;Production de sel;Hommes
2015;0899Z;Autres activités extractives n.c.a.;Femmes
2015;0899Z;Autres activités extractives n.c.a.;Hommes
2015;0910Z;Activités de soutien à l'extraction d'hydrocarbures;Femmes
2015;0910Z;Activités de soutien à l'extraction d'hydrocarbures;Hommes
2015;0990Z;Activités de soutien aux autres industries extractives;Femmes
2015;0990Z;Activités de soutien aux autres industries extractives;Hommes
2015;1011Z;Transformation et conservation de la viande de boucherie;Femmes
2015;1011Z;Transformation et conservation de la viande de boucherie;Hommes
2015;1012Z;Transformation et conservation de la viande de volaille;Femmes
2015;1012Z;Transformation et conservation de la viande de volaille;Hommes
2015;1013A;Préparation industrielle de produits à base de viande;Femmes
2015;1013A;Préparation industrielle de produits à base de viande;Hommes
2015;1013B;Charcuterie;Femmes
2015;1013B;Charcuterie;Hommes
2015;1020Z;Transformation et conservation de poisson, de crustacés et de mollusques;Femmes
2015;1020Z;Transformation et conservation de poisson, de crustacés et de mollusques;Hommes
2015;1031Z;Transformation et conservation de pommes de terre;Femmes
2015;1031Z;Transformation et conservation de pommes de terre;Hommes
2015;1032Z;Préparation de jus de fruits et légumes;Femmes
2015;1032Z;Préparation de jus de fruits et légumes;Hommes
2015;1039A;Autre transformation et conservation de légumes;Femmes
2015;1039A;Autre transformation et conservation de légumes;Hommes
2015;1039B;Transformation et conservation de fruits;Femmes
2015;1039B;Transformation et conservation de fruits;Hommes
2015;1041A;Fabrication d'huiles et graisses brutes;Femmes
2015;1041A;Fabrication d'huiles et graisses brutes;Hommes
2015;1041B;Fabrication d'huiles et graisses raffinées;Femmes
2015;1041B;Fabrication d'huiles et graisses raffinées;Hommes
2015;1042Z;Fabrication de margarine et graisses comestibles similaires;Femmes
2015;1042Z;Fabrication de margarine et graisses comestibles similaires;Hommes
2015;1051A;Fabrication de lait liquide et de produits frais;Femmes
2015;1051A;Fabrication de lait liquide et de produits frais;Hommes
2015;1051B;Fabrication de beurre;Femmes
2015;1051B;Fabrication de beurre;Hommes
2015;1051C;Fabrication de fromage;Femmes
2015;1051C;Fabrication de fromage;Hommes
2015;1051D;Fabrication d'autres produits laitiers;Femmes
2015;1051D;Fabrication d'autres produits laitiers;Hommes
2015;1052Z;Fabrication de glaces et sorbets;Femmes
2015;1052Z;Fabrication de glaces et sorbets;Hommes
2015;1061A;Meunerie;Femmes
2015;1061A;Meunerie;Hommes
2015;1061B;Autres activités du travail des grains;Femmes
2015;1061B;Autres activités du travail des grains;Hommes
2015;1062Z;Fabrication de produits amylacés;Femmes
2015;1062Z;Fabrication de produits amylacés;Hommes
2015;1071A;Fabrication industrielle de pain et de pâtisserie fraîche;Femmes
2015;1071A;Fabrication industrielle de pain et de pâtisserie fraîche;Hommes
2015;1071B;Cuisson de produits de boulangerie;Femmes
2015;1071B;Cuisson de produits de boulangerie;Hommes
2015;1071C;Boulangerie et boulangerie-pâtisserie;Femmes
2015;1071C;Boulangerie et boulangerie-pâtisserie;Hommes
2015;1071D;Pâtisserie;Femmes
2015;1071D;Pâtisserie;Hommes
2015;1072Z;Fabrication de biscuits, biscottes et pâtisseries de conservation;Femmes
2015;1072Z;Fabrication de biscuits, biscottes et pâtisseries de conservation;Hommes
2015;1073Z;Fabrication de pâtes alimentaires;Femmes
2015;1073Z;Fabrication de pâtes alimentaires;Hommes
2015;1081Z;Fabrication de sucre;Femmes
2015;1081Z;Fabrication de sucre;Hommes
2015;1082Z;Fabrication de cacao, chocolat et de produits de confiserie;Femmes
2015;1082Z;Fabrication de cacao, chocolat et de produits de confiserie;Hommes
2015;1083Z;Transformation du thé et du café;Femmes
2015;1083Z;Transformation du thé et du café;Hommes
2015;1084Z;Fabrication de condiments et assaisonnements;Femmes
2015;1084Z;Fabrication de condiments et assaisonnements;Hommes
2015;1085Z;Fabrication de plats préparés;Femmes
2015;1085Z;Fabrication de plats préparés;Hommes
2015;1086Z;Fabrication d'aliments homogénéisés et diététiques;Femmes
2015;1086Z;Fabrication d'aliments homogénéisés et diététiques;Hommes
2015;1089Z;Fabrication d'autres produits alimentaires n.c.a.;Femmes
2015;1089Z;Fabrication d'autres produits alimentaires n.c.a.;Hommes
2015;1091Z;Fabrication d'aliments pour animaux de ferme;Femmes
2015;1091Z;Fabrication d'aliments pour animaux de ferme;Hommes
2015;1092Z;Fabrication d'aliments pour animaux de compagnie;Femmes
2015;1092Z;Fabrication d'aliments pour animaux de compagnie;Hommes
2015;1101Z;Production de boissons alcooliques distillées;Femmes
2015;1101Z;Production de boissons alcooliques distillées;Hommes
2015;1102A;Fabrication de vins effervescents;Femmes
2015;1102A;Fabrication de vins effervescents;Hommes
2015;1102B;Vinification;Femmes
2015;1102B;Vinification;Hommes
2015;1103Z;Fabrication de cidre et de vins de fruits;Femmes
2015;1103Z;Fabrication de cidre et de vins de fruits;Hommes
2015;1104Z;Production d'autres boissons fermentées non distillées;Femmes
2015;1104Z;Production d'autres boissons fermentées non distillées;Hommes
2015;1105Z;Fabrication de bière;Femmes
2015;1105Z;Fabrication de bière;Hommes
2015;1106Z;Fabrication de malt;Femmes
2015;1106Z;Fabrication de malt;Hommes
2015;1107A;Industrie des eaux de table;Femmes
2015;1107A;Industrie des eaux de table;Hommes
2015;1107B;Production de boissons rafraîchissantes;Femmes
2015;1107B;Production de boissons rafraîchissantes;Hommes
2015;1200Z;Fabrication de produits à base de tabac;Femmes
2015;1200Z;Fabrication de produits à base de tabac;Hommes
2015;1310Z;Préparation de fibres textiles et filature;Femmes
2015;1310Z;Préparation de fibres textiles et filature;Hommes
2015;1320Z;Tissage;Femmes
2015;1320Z;Tissage;Hommes
2015;1330Z;Ennoblissement textile;Femmes
2015;1330Z;Ennoblissement textile;Hommes
2015;1391Z;Fabrication d'étoffes à mailles;Femmes
2015;1391Z;Fabrication d'étoffes à mailles;Hommes
2015;1392Z;Fabrication d'articles textiles, sauf habillement;Femmes
2015;1392Z;Fabrication d'articles textiles, sauf habillement;Hommes
2015;1393Z;Fabrication de tapis et moquettes;Femmes
2015;1393Z;Fabrication de tapis et moquettes;Hommes
2015;1394Z;Fabrication de ficelles, cordes et filets;Femmes
2015;1394Z;Fabrication de ficelles, cordes et filets;Hommes
2015;1395Z;Fabrication de non-tissés, sauf habillement;Femmes
2015;1395Z;Fabrication de non-tissés, sauf habillement;Hommes
2015;1396Z;Fabrication d'autres textiles techniques et industriels;Femmes
2015;1396Z;Fabrication d'autres textiles techniques et industriels;Hommes
2015;1399Z;Fabrication d'autres textiles n.c.a.;Femmes
2015;1399Z;Fabrication d'autres textiles n.c.a.;Hommes
2015;1411Z;Fabrication de vêtements en cuir;Femmes
2015;1411Z;Fabrication de vêtements en cuir;Hommes
2015;1412Z;Fabrication de vêtements de travail;Femmes
2015;1412Z;Fabrication de vêtements de travail;Hommes
2015;1413Z;Fabrication de vêtements de dessus;Femmes
2015;1413Z;Fabrication de vêtements de dessus;Hommes
2015;1414Z;Fabrication de vêtements de dessous;Femmes
2015;1414Z;Fabrication de vêtements de dessous;Hommes
2015;1419Z;Fabrication d'autres vêtements et accessoires;Femmes
2015;1419Z;Fabrication d'autres vêtements et accessoires;Hommes
2015;1420Z;Fabrication d'articles en fourrure;Femmes
2015;1420Z;Fabrication d'articles en fourrure;Hommes
2015;1431Z;Fabrication d'articles chaussants à mailles;Femmes
2015;1431Z;Fabrication d'articles chaussants à mailles;Hommes
2015;1439Z;Fabrication d'autres articles à mailles;Femmes
2015;1439Z;Fabrication d'autres articles à mailles;Hommes
2015;1511Z;"Apprêt et tannage des cuirs ; préparation et teinture des fourrures";Femmes
2015;1511Z;"Apprêt et tannage des cuirs ; préparation et teinture des fourrures";Hommes
2015;1512Z;Fabrication d'articles de voyage, de maroquinerie et de sellerie;Femmes
2015;1512Z;Fabrication d'articles de voyage, de maroquinerie et de sellerie;Hommes
2015;1520Z;Fabrication de chaussures;Femmes
2015;1520Z;Fabrication de chaussures;Hommes
2015;1610A;Sciage et rabotage du bois, hors imprégnation;Femmes
2015;1610A;Sciage et rabotage du bois, hors imprégnation;Hommes
2015;1610B;Imprégnation du bois;Femmes
2015;1610B;Imprégnation du bois;Hommes
2015;1621Z;Fabrication de placage et de panneaux de bois;Femmes
2015;1621Z;Fabrication de placage et de panneaux de bois;Hommes
2015;1622Z;Fabrication de parquets assemblés;Femmes
2015;1622Z;Fabrication de parquets assemblés;Hommes
2015;1623Z;Fabrication de charpentes et d'autres menuiseries;Femmes
2015;1623Z;Fabrication de charpentes et d'autres menuiseries;Hommes
2015;1624Z;Fabrication d'emballages en bois;Femmes
2015;1624Z;Fabrication d'emballages en bois;Hommes
2015;1629Z;"Fabrication d'objets divers en bois ; fabrication d'objets en liège, vannerie et sparterie";Femmes
2015;1629Z;"Fabrication d'objets divers en bois ; fabrication d'objets en liège, vannerie et sparterie";Hommes
2015;1711Z;Fabrication de pâte à papier;Femmes
2015;1711Z;Fabrication de pâte à papier;Hommes
2015;1712Z;Fabrication de papier et de carton;Femmes
2015;1712Z;Fabrication de papier et de carton;Hommes
2015;1721A;Fabrication de carton ondulé;Femmes
2015;1721A;Fabrication de carton ondulé;Hommes
2015;1721B;Fabrication de cartonnages;Femmes
2015;1721B;Fabrication de cartonnages;Hommes
2015;1721C;Fabrication d'emballages en papier;Femmes
2015;1721C;Fabrication d'emballages en papier;Hommes
2015;1722Z;Fabrication d'articles en papier à usage sanitaire ou domestique;Femmes
2015;1722Z;Fabrication d'articles en papier à usage sanitaire ou domestique;Hommes
2015;1723Z;Fabrication d'articles de papeterie;Femmes
2015;1723Z;Fabrication d'articles de papeterie;Hommes
2015;1724Z;Fabrication de papiers peints;Femmes
2015;1724Z;Fabrication de papiers peints;Hommes
2015;1729Z;Fabrication d'autres articles en papier ou en carton;Femmes
2015;1729Z;Fabrication d'autres articles en papier ou en carton;Hommes
2015;1811Z;Imprimerie de journaux;Femmes
2015;1811Z;Imprimerie de journaux;Hommes
2015;1812Z;Autre imprimerie (labeur);Femmes
2015;1812Z;Autre imprimerie (labeur);Hommes
2015;1813Z;Activités de pré-presse;Femmes
2015;1813Z;Activités de pré-presse;Hommes
2015;1814Z;Reliure et activités connexes;Femmes
2015;1814Z;Reliure et activités connexes;Hommes
2015;1820Z;Reproduction d'enregistrements;Femmes
2015;1820Z;Reproduction d'enregistrements;Hommes
2015;1910Z;Cokéfaction;Femmes
2015;1910Z;Cokéfaction;Hommes
2015;1920Z;Raffinage du pétrole;Femmes
2015;1920Z;Raffinage du pétrole;Hommes
2015;2011Z;Fabrication de gaz industriels;Femmes
2015;2011Z;Fabrication de gaz industriels;Hommes
2015;2012Z;Fabrication de colorants et de pigments;Femmes
2015;2012Z;Fabrication de colorants et de pigments;Hommes
2015;2013A;Enrichissement et retraitement de matières nucléaires;Femmes
2015;2013A;Enrichissement et retraitement de matières nucléaires;Hommes
2015;2013B;Fabrication d'autres produits chimiques inorganiques de base n.c.a.;Femmes
2015;2013B;Fabrication d'autres produits chimiques inorganiques de base n.c.a.;Hommes
2015;2014Z;Fabrication d'autres produits chimiques organiques de base;Femmes
2015;2014Z;Fabrication d'autres produits chimiques organiques de base;Hommes
2015;2015Z;Fabrication de produits azotés et d'engrais;Femmes
2015;2015Z;Fabrication de produits azotés et d'engrais;Hommes
2015;2016Z;Fabrication de matières plastiques de base;Femmes
2015;2016Z;Fabrication de matières plastiques de base;Hommes
2015;2017Z;Fabrication de caoutchouc synthétique;Femmes
2015;2017Z;Fabrication de caoutchouc synthétique;Hommes
2015;2020Z;Fabrication de pesticides et d'autres produits agrochimiques;Femmes
2015;2020Z;Fabrication de pesticides et d'autres produits agrochimiques;Hommes
2015;2030Z;Fabrication de peintures, vernis, encres et mastics;Femmes
2015;2030Z;Fabrication de peintures, vernis, encres et mastics;Hommes
2015;2041Z;Fabrication de savons, détergents et produits d'entretien;Femmes
2015;2041Z;Fabrication de savons, détergents et produits d'entretien;Hommes
2015;2042Z;Fabrication de parfums et de produits pour la toilette;Femmes
2015;2042Z;Fabrication de parfums et de produits pour la toilette;Hommes
2015;2051Z;Fabrication de produits explosifs;Femmes
2015;2051Z;Fabrication de produits explosifs;Hommes
2015;2052Z;Fabrication de colles;Femmes
2015;2052Z;Fabrication de colles;Hommes
2015;2053Z;Fabrication d'huiles essentielles;Femmes
2015;2053Z;Fabrication d'huiles essentielles;Hommes
2015;2059Z;Fabrication d'autres produits chimiques n.c.a.;Femmes
2015;2059Z;Fabrication d'autres produits chimiques n.c.a.;Hommes
2015;2060Z;Fabrication de fibres artificielles ou synthétiques;Femmes
2015;2060Z;Fabrication de fibres artificielles ou synthétiques;Hommes
2015;2110Z;Fabrication de produits pharmaceutiques de base;Femmes
2015;2110Z;Fabrication de produits pharmaceutiques de base;Hommes
2015;2120Z;Fabrication de préparations pharmaceutiques;Femmes
2015;2120Z;Fabrication de préparations pharmaceutiques;Hommes
2015;2211Z;Fabrication et rechapage de pneumatiques;Femmes
2015;2211Z;Fabrication et rechapage de pneumatiques;Hommes
2015;2219Z;Fabrication d'autres articles en caoutchouc;Femmes
2015;2219Z;Fabrication d'autres articles en caoutchouc;Hommes
2015;2221Z;Fabrication de plaques, feuilles, tubes et profilés en matières plastiques;Femmes
2015;2221Z;Fabrication de plaques, feuilles, tubes et profilés en matières plastiques;Hommes
2015;2222Z;Fabrication d'emballages en matières plastiques;Femmes
2015;2222Z;Fabrication d'emballages en matières plastiques;Hommes
2015;2223Z;Fabrication d'éléments en matières plastiques pour la construction;Femmes
2015;2223Z;Fabrication d'éléments en matières plastiques pour la construction;Hommes
2015;2229A;Fabrication de pièces techniques à base de matières plastiques;Femmes
2015;2229A;Fabrication de pièces techniques à base de matières plastiques;Hommes
2015;2229B;Fabrication de produits de consommation courante en matières plastiques;Femmes
2015;2229B;Fabrication de produits de consommation courante en matières plastiques;Hommes
2015;2311Z;Fabrication de verre plat;Femmes
2015;2311Z;Fabrication de verre plat;Hommes
2015;2312Z;Façonnage et transformation du verre plat;Femmes
2015;2312Z;Façonnage et transformation du verre plat;Hommes
2015;2313Z;Fabrication de verre creux;Femmes
2015;2313Z;Fabrication de verre creux;Hommes
2015;2314Z;Fabrication de fibres de verre;Femmes
2015;2314Z;Fabrication de fibres de verre;Hommes
2015;2319Z;Fabrication et façonnage d'autres articles en verre, y compris verre technique;Femmes
2015;2319Z;Fabrication et façonnage d'autres articles en verre, y compris verre technique;Hommes
2015;2320Z;Fabrication de produits réfractaires;Femmes
2015;2320Z;Fabrication de produits réfractaires;Hommes
2015;2331Z;Fabrication de carreaux en céramique;Femmes
2015;2331Z;Fabrication de carreaux en céramique;Hommes
2015;2332Z;Fabrication de briques, tuiles et produits de construction, en terre cuite;Femmes
2015;2332Z;Fabrication de briques, tuiles et produits de construction, en terre cuite;Hommes
2015;2341Z;Fabrication d'articles céramiques à usage domestique ou ornemental;Femmes
2015;2341Z;Fabrication d'articles céramiques à usage domestique ou ornemental;Hommes
2015;2342Z;Fabrication d'appareils sanitaires en céramique;Femmes
2015;2342Z;Fabrication d'appareils sanitaires en céramique;Hommes
2015;2343Z;Fabrication d'isolateurs et pièces isolantes en céramique;Femmes
2015;2343Z;Fabrication d'isolateurs et pièces isolantes en céramique;Hommes
2015;2344Z;Fabrication d'autres produits céramiques à usage technique;Femmes
2015;2344Z;Fabrication d'autres produits céramiques à usage technique;Hommes
2015;2349Z;Fabrication d'autres produits céramiques;Femmes
2015;2349Z;Fabrication d'autres produits céramiques;Hommes
2015;2351Z;Fabrication de ciment;Femmes
2015;2351Z;Fabrication de ciment;Hommes
2015;2352Z;Fabrication de chaux et plâtre;Femmes
2015;2352Z;Fabrication de chaux et plâtre;Hommes
2015;2361Z;Fabrication d'éléments en béton pour la construction;Femmes
2015;2361Z;Fabrication d'éléments en béton pour la construction;Hommes
2015;2362Z;Fabrication d'éléments en plâtre pour la construction;Femmes
2015;2362Z;Fabrication d'éléments en plâtre pour la construction;Hommes
2015;2363Z;Fabrication de béton prêt à l'emploi;Femmes
2015;2363Z;Fabrication de béton prêt à l'emploi;Hommes
2015;2364Z;Fabrication de mortiers et bétons secs;Femmes
2015;2364Z;Fabrication de mortiers et bétons secs;Hommes
2015;2365Z;Fabrication d'ouvrages en fibre-ciment;Femmes
2015;2365Z;Fabrication d'ouvrages en fibre-ciment;Hommes
2015;2369Z;Fabrication d'autres ouvrages en béton, en ciment ou en plâtre;Femmes
2015;2369Z;Fabrication d'autres ouvrages en béton, en ciment ou en plâtre;Hommes
2015;2370Z;Taille, façonnage et finissage de pierres;Femmes
2015;2370Z;Taille, façonnage et finissage de pierres;Hommes
2015;2391Z;Fabrication de produits abrasifs;Femmes
2015;2391Z;Fabrication de produits abrasifs;Hommes
2015;2399Z;Fabrication d'autres produits minéraux non métalliques n.c.a.;Femmes
2015;2399Z;Fabrication d'autres produits minéraux non métalliques n.c.a.;Hommes
2015;2410Z;Sidérurgie;Femmes
2015;2410Z;Sidérurgie;Hommes
2015;2420Z;Fabrication de tubes, tuyaux, profilés creux et accessoires correspondants en acier;Femmes
2015;2420Z;Fabrication de tubes, tuyaux, profilés creux et accessoires correspondants en acier;Hommes
2015;2431Z;Étirage à froid de barres;Femmes
2015;2431Z;Étirage à froid de barres;Hommes
2015;2432Z;Laminage à froid de feuillards;Femmes
2015;2432Z;Laminage à froid de feuillards;Hommes
2015;2433Z;Profilage à froid par formage ou pliage;Femmes
2015;2433Z;Profilage à froid par formage ou pliage;Hommes
2015;2434Z;Tréfilage à froid;Femmes
2015;2434Z;Tréfilage à froid;Hommes
2015;2441Z;Production de métaux précieux;Femmes
2015;2441Z;Production de métaux précieux;Hommes
2015;2442Z;Métallurgie de l'aluminium;Femmes
2015;2442Z;Métallurgie de l'aluminium;Hommes
2015;2443Z;Métallurgie du plomb, du zinc ou de l'étain;Femmes
2015;2443Z;Métallurgie du plomb, du zinc ou de l'étain;Hommes
2015;2444Z;Métallurgie du cuivre;Femmes
2015;2444Z;Métallurgie du cuivre;Hommes
2015;2445Z;Métallurgie des autres métaux non ferreux;Femmes
2015;2445Z;Métallurgie des autres métaux non ferreux;Hommes
2015;2446Z;Élaboration et transformation de matières nucléaires;Femmes
2015;2446Z;Élaboration et transformation de matières nucléaires;Hommes
2015;2451Z;Fonderie de fonte;Femmes
2015;2451Z;Fonderie de fonte;Hommes
2015;2452Z;Fonderie d'acier;Femmes
2015;2452Z;Fonderie d'acier;Hommes
2015;2453Z;Fonderie de métaux légers;Femmes
2015;2453Z;Fonderie de métaux légers;Hommes
2015;2454Z;Fonderie d'autres métaux non ferreux;Femmes
2015;2454Z;Fonderie d'autres métaux non ferreux;Hommes
2015;2511Z;Fabrication de structures métalliques et de parties de structures;Femmes
2015;2511Z;Fabrication de structures métalliques et de parties de structures;Hommes
2015;2512Z;Fabrication de portes et fenêtres en métal;Femmes
2015;2512Z;Fabrication de portes et fenêtres en métal;Hommes
2015;2521Z;Fabrication de radiateurs et de chaudières pour le chauffage central;Femmes
2015;2521Z;Fabrication de radiateurs et de chaudières pour le chauffage central;Hommes
2015;2529Z;Fabrication d'autres réservoirs, citernes et conteneurs métalliques;Femmes
2015;2529Z;Fabrication d'autres réservoirs, citernes et conteneurs métalliques;Hommes
2015;2530Z;Fabrication de générateurs de vapeur, à l'exception des chaudières pour le chauffage central;Femmes
2015;2530Z;Fabrication de générateurs de vapeur, à l'exception des chaudières pour le chauffage central;Hommes
2015;2540Z;Fabrication d'armes et de munitions;Femmes
2015;2540Z;Fabrication d'armes et de munitions;Hommes
2015;2550A;"Forge, estampage, matriçage ; métallurgie des poudres";Femmes
2015;2550A;"Forge, estampage, matriçage ; métallurgie des poudres";Hommes
2015;2550B;Découpage, emboutissage;Femmes
2015;2550B;Découpage, emboutissage;Hommes
2015;2561Z;Traitement et revêtement des métaux;Femmes
2015;2561Z;Traitement et revêtement des métaux;Hommes
2015;2562A;Décolletage;Femmes
2015;2562A;Décolletage;Hommes
2015;2562B;Mécanique industrielle;Femmes
2015;2562B;Mécanique industrielle;Hommes
2015;2571Z;Fabrication de coutellerie;Femmes
2015;2571Z;Fabrication de coutellerie;Hommes
2015;2572Z;Fabrication de serrures et de ferrures;Femmes
2015;2572Z;Fabrication de serrures et de ferrures;Hommes
2015;2573A;Fabrication de moules et modèles;Femmes
2015;2573A;Fabrication de moules et modèles;Hommes
2015;2573B;Fabrication d'autres outillages;Femmes
2015;2573B;Fabrication d'autres outillages;Hommes
2015;2591Z;Fabrication de fûts et emballages métalliques similaires;Femmes
2015;2591Z;Fabrication de fûts et emballages métalliques similaires;Hommes
2015;2592Z;Fabrication d'emballages métalliques légers;Femmes
2015;2592Z;Fabrication d'emballages métalliques légers;Hommes
2015;2593Z;Fabrication d'articles en fils métalliques, de chaînes et de ressorts;Femmes
2015;2593Z;Fabrication d'articles en fils métalliques, de chaînes et de ressorts;Hommes
2015;2594Z;Fabrication de vis et de boulons;Femmes
2015;2594Z;Fabrication de vis et de boulons;Hommes
2015;2599A;Fabrication d'articles métalliques ménagers;Femmes
2015;2599A;Fabrication d'articles métalliques ménagers;Hommes
2015;2599B;Fabrication d'autres articles métalliques;Femmes
2015;2599B;Fabrication d'autres articles métalliques;Hommes
2015;2611Z;Fabrication de composants électroniques;Femmes
2015;2611Z;Fabrication de composants électroniques;Hommes
2015;2612Z;Fabrication de cartes électroniques assemblées;Femmes
2015;2612Z;Fabrication de cartes électroniques assemblées;Hommes
2015;2620Z;Fabrication d'ordinateurs et d'équipements périphériques;Femmes
2015;2620Z;Fabrication d'ordinateurs et d'équipements périphériques;Hommes
2015;2630Z;Fabrication d'équipements de communication;Femmes
2015;2630Z;Fabrication d'équipements de communication;Hommes
2015;2640Z;Fabrication de produits électroniques grand public;Femmes
2015;2640Z;Fabrication de produits électroniques grand public;Hommes
2015;2651A;Fabrication d'équipements d'aide à la navigation;Femmes
2015;2651A;Fabrication d'équipements d'aide à la navigation;Hommes
2015;2651B;Fabrication d'instrumentation scientifique et technique;Femmes
2015;2651B;Fabrication d'instrumentation scientifique et technique;Hommes
2015;2652Z;Horlogerie;Femmes
2015;2652Z;Horlogerie;Hommes
2015;2660Z;Fabrication d'équipements d'irradiation médicale, d'équipements électromédicaux et électrothérapeutiques;Femmes
2015;2660Z;Fabrication d'équipements d'irradiation médicale, d'équipements électromédicaux et électrothérapeutiques;Hommes
2015;2670Z;Fabrication de matériels optique et photographique;Femmes
2015;2670Z;Fabrication de matériels optique et photographique;Hommes
2015;2680Z;Fabrication de supports magnétiques et optiques;Femmes
2015;2680Z;Fabrication de supports magnétiques et optiques;Hommes
2015;2711Z;Fabrication de moteurs, génératrices et transformateurs électriques;Femmes
2015;2711Z;Fabrication de moteurs, génératrices et transformateurs électriques;Hommes
2015;2712Z;Fabrication de matériel de distribution et de commande électrique;Femmes
2015;2712Z;Fabrication de matériel de distribution et de commande électrique;Hommes
2015;2720Z;Fabrication de piles et d'accumulateurs électriques;Femmes
2015;2720Z;Fabrication de piles et d'accumulateurs électriques;Hommes
2015;2731Z;Fabrication de câbles de fibres optiques;Femmes
2015;2731Z;Fabrication de câbles de fibres optiques;Hommes
2015;2732Z;Fabrication d'autres fils et câbles électroniques ou électriques;Femmes
2015;2732Z;Fabrication d'autres fils et câbles électroniques ou électriques;Hommes
2015;2733Z;Fabrication de matériel d'installation électrique;Femmes
2015;2733Z;Fabrication de matériel d'installation électrique;Hommes
2015;2740Z;Fabrication d'appareils d'éclairage électrique;Femmes
2015;2740Z;Fabrication d'appareils d'éclairage électrique;Hommes
2015;2751Z;Fabrication d'appareils électroménagers;Femmes
2015;2751Z;Fabrication d'appareils électroménagers;Hommes
2015;2752Z;Fabrication d'appareils ménagers non électriques;Femmes
2015;2752Z;Fabrication d'appareils ménagers non électriques;Hommes
2015;2790Z;Fabrication d'autres matériels électriques;Femmes
2015;2790Z;Fabrication d'autres matériels électriques;Hommes
2015;2811Z;Fabrication de moteurs et turbines, à l'exception des moteurs d'avions et de véhicules;Femmes
2015;2811Z;Fabrication de moteurs et turbines, à l'exception des moteurs d'avions et de véhicules;Hommes
2015;2812Z;Fabrication d'équipements hydrauliques et pneumatiques;Femmes
2015;2812Z;Fabrication d'équipements hydrauliques et pneumatiques;Hommes
2015;2813Z;Fabrication d'autres pompes et compresseurs;Femmes
2015;2813Z;Fabrication d'autres pompes et compresseurs;Hommes
2015;2814Z;Fabrication d'autres articles de robinetterie;Femmes
2015;2814Z;Fabrication d'autres articles de robinetterie;Hommes
2015;2815Z;Fabrication d'engrenages et d'organes mécaniques de transmission;Femmes
2015;2815Z;Fabrication d'engrenages et d'organes mécaniques de transmission;Hommes
2015;2821Z;Fabrication de fours et brûleurs;Femmes
2015;2821Z;Fabrication de fours et brûleurs;Hommes
2015;2822Z;Fabrication de matériel de levage et de manutention;Femmes
2015;2822Z;Fabrication de matériel de levage et de manutention;Hommes
2015;2823Z;Fabrication de machines et d'équipements de bureau (à l'exception des ordinateurs et équipements périphériques);Femmes
2015;2823Z;Fabrication de machines et d'équipements de bureau (à l'exception des ordinateurs et équipements périphériques);Hommes
2015;2824Z;Fabrication d'outillage portatif à moteur incorporé;Femmes
2015;2824Z;Fabrication d'outillage portatif à moteur incorporé;Hommes
2015;2825Z;Fabrication d'équipements aérauliques et frigorifiques industriels;Femmes
2015;2825Z;Fabrication d'équipements aérauliques et frigorifiques industriels;Hommes
2015;2829A;Fabrication d'équipements d'emballage, de conditionnement et de pesage;Femmes
2015;2829A;Fabrication d'équipements d'emballage, de conditionnement et de pesage;Hommes
2015;2829B;Fabrication d'autres machines d'usage général;Femmes
2015;2829B;Fabrication d'autres machines d'usage général;Hommes
2015;2830Z;Fabrication de machines agricoles et forestières;Femmes
2015;2830Z;Fabrication de machines agricoles et forestières;Hommes
2015;2841Z;Fabrication de machines-outils pour le travail des métaux;Femmes
2015;2841Z;Fabrication de machines-outils pour le travail des métaux;Hommes
2015;2849Z;Fabrication d'autres machines-outils;Femmes
2015;2849Z;Fabrication d'autres machines-outils;Hommes
2015;2891Z;Fabrication de machines pour la métallurgie;Femmes
2015;2891Z;Fabrication de machines pour la métallurgie;Hommes
2015;2892Z;Fabrication de machines pour l'extraction ou la construction;Femmes
2015;2892Z;Fabrication de machines pour l'extraction ou la construction;Hommes
2015;2893Z;Fabrication de machines pour l'industrie agro-alimentaire;Femmes
2015;2893Z;Fabrication de machines pour l'industrie agro-alimentaire;Hommes
2015;2894Z;Fabrication de machines pour les industries textiles;Femmes
2015;2894Z;Fabrication de machines pour les industries textiles;Hommes
2015;2895Z;Fabrication de machines pour les industries du papier et du carton;Femmes
2015;2895Z;Fabrication de machines pour les industries du papier et du carton;Hommes
2015;2896Z;Fabrication de machines pour le travail du caoutchouc ou des plastiques;Femmes
2015;2896Z;Fabrication de machines pour le travail du caoutchouc ou des plastiques;Hommes
2015;2899A;Fabrication de machines d'imprimerie;Femmes
2015;2899A;Fabrication de machines d'imprimerie;Hommes
2015;2899B;Fabrication d'autres machines spécialisées;Femmes
2015;2899B;Fabrication d'autres machines spécialisées;Hommes
2015;2910Z;Construction de véhicules automobiles;Femmes
2015;2910Z;Construction de véhicules automobiles;Hommes
2015;2920Z;Fabrication de carrosseries et remorques;Femmes
2015;2920Z;Fabrication de carrosseries et remorques;Hommes
2015;2931Z;Fabrication d'équipements électriques et électroniques automobiles;Femmes
2015;2931Z;Fabrication d'équipements électriques et électroniques automobiles;Hommes
2015;2932Z;Fabrication d'autres équipements automobiles;Femmes
2015;2932Z;Fabrication d'autres équipements automobiles;Hommes
2015;3011Z;Construction de navires et de structures flottantes;Femmes
2015;3011Z;Construction de navires et de structures flottantes;Hommes
2015;3012Z;Construction de bateaux de plaisance;Femmes
2015;3012Z;Construction de bateaux de plaisance;Hommes
2015;3020Z;Construction de locomotives et d'autre matériel ferroviaire roulant;Femmes
2015;3020Z;Construction de locomotives et d'autre matériel ferroviaire roulant;Hommes
2015;3030Z;Construction aéronautique et spatiale;Femmes
2015;3030Z;Construction aéronautique et spatiale;Hommes
2015;3040Z;Construction de véhicules militaires de combat;Femmes
2015;3040Z;Construction de véhicules militaires de combat;Hommes
2015;3091Z;Fabrication de motocycles;Femmes
2015;3091Z;Fabrication de motocycles;Hommes
2015;3092Z;Fabrication de bicyclettes et de véhicules pour invalides;Femmes
2015;3092Z;Fabrication de bicyclettes et de véhicules pour invalides;Hommes
2015;3099Z;Fabrication d'autres équipements de transport n.c.a.;Femmes
2015;3099Z;Fabrication d'autres équipements de transport n.c.a.;Hommes
2015;3101Z;Fabrication de meubles de bureau et de magasin;Femmes
2015;3101Z;Fabrication de meubles de bureau et de magasin;Hommes
2015;3102Z;Fabrication de meubles de cuisine;Femmes
2015;3102Z;Fabrication de meubles de cuisine;Hommes
2015;3103Z;Fabrication de matelas;Femmes
2015;3103Z;Fabrication de matelas;Hommes
2015;3109A;Fabrication de sièges d'ameublement d'intérieur;Femmes
2015;3109A;Fabrication de sièges d'ameublement d'intérieur;Hommes
2015;3109B;Fabrication d'autres meubles et industries connexes de l'ameublement;Femmes
2015;3109B;Fabrication d'autres meubles et industries connexes de l'ameublement;Hommes
2015;3211Z;Frappe de monnaie;Femmes
2015;3211Z;Frappe de monnaie;Hommes
2015;3212Z;Fabrication d'articles de joaillerie et bijouterie;Femmes
2015;3212Z;Fabrication d'articles de joaillerie et bijouterie;Hommes
2015;3213Z;Fabrication d'articles de bijouterie fantaisie et articles similaires;Femmes
2015;3213Z;Fabrication d'articles de bijouterie fantaisie et articles similaires;Hommes
2015;3220Z;Fabrication d'instruments de musique;Femmes
2015;3220Z;Fabrication d'instruments de musique;Hommes
2015;3230Z;Fabrication d'articles de sport;Femmes
2015;3230Z;Fabrication d'articles de sport;Hommes
2015;3240Z;Fabrication de jeux et jouets;Femmes
2015;3240Z;Fabrication de jeux et jouets;Hommes
2015;3250A;Fabrication de matériel médico-chirurgical et dentaire;Femmes
2015;3250A;Fabrication de matériel médico-chirurgical et dentaire;Hommes
2015;3250B;Fabrication de lunettes;Femmes
2015;3250B;Fabrication de lunettes;Hommes
2015;3291Z;Fabrication d'articles de brosserie;Femmes
2015;3291Z;Fabrication d'articles de brosserie;Hommes
2015;3299Z;Autres activités manufacturières n.c.a.;Femmes
2015;3299Z;Autres activités manufacturières n.c.a.;Hommes
2015;3311Z;Réparation d'ouvrages en métaux;Femmes
2015;3311Z;Réparation d'ouvrages en métaux;Hommes
2015;3312Z;Réparation de machines et équipements mécaniques;Femmes
2015;3312Z;Réparation de machines et équipements mécaniques;Hommes
2015;3313Z;Réparation de matériels électroniques et optiques;Femmes
2015;3313Z;Réparation de matériels électroniques et optiques;Hommes
2015;3314Z;Réparation d'équipements électriques;Femmes
2015;3314Z;Réparation d'équipements électriques;Hommes
2015;3315Z;Réparation et maintenance navale;Femmes
2015;3315Z;Réparation et maintenance navale;Hommes
2015;3316Z;Réparation et maintenance d'aéronefs et d'engins spatiaux;Femmes
2015;3316Z;Réparation et maintenance d'aéronefs et d'engins spatiaux;Hommes
2015;3317Z;Réparation et maintenance d'autres équipements de transport;Femmes
2015;3317Z;Réparation et maintenance d'autres équipements de transport;Hommes
2015;3319Z;Réparation d'autres équipements;Femmes
2015;3319Z;Réparation d'autres équipements;Hommes
2015;3320A;Installation de structures métalliques, chaudronnées et de tuyauterie;Femmes
2015;3320A;Installation de structures métalliques, chaudronnées et de tuyauterie;Hommes
2015;3320B;Installation de machines et équipements mécaniques;Femmes
2015;3320B;Installation de machines et équipements mécaniques;Hommes
2015;3320C;Conception d'ensemble et assemblage sur site industriel d'équipements de contrôle des processus industriels;Femmes
2015;3320C;Conception d'ensemble et assemblage sur site industriel d'équipements de contrôle des processus industriels;Hommes
2015;3320D;Installation d'équipements électriques, de matériels électroniques et optiques ou d'autres matériels;Femmes
2015;3320D;Installation d'équipements électriques, de matériels électroniques et optiques ou d'autres matériels;Hommes
2015;3511Z;Production d'électricité;Femmes
2015;3511Z;Production d'électricité;Hommes
2015;3512Z;Transport d'électricité;Femmes
2015;3512Z;Transport d'électricité;Hommes
2015;3513Z;Distribution d'électricité;Femmes
2015;3513Z;Distribution d'électricité;Hommes
2015;3514Z;Commerce d'électricité;Femmes
2015;3514Z;Commerce d'électricité;Hommes
2015;3521Z;Production de combustibles gazeux;Femmes
2015;3521Z;Production de combustibles gazeux;Hommes
2015;3522Z;Distribution de combustibles gazeux par conduites;Femmes
2015;3522Z;Distribution de combustibles gazeux par conduites;Hommes
2015;3523Z;Commerce de combustibles gazeux par conduites;Femmes
2015;3523Z;Commerce de combustibles gazeux par conduites;Hommes
2015;3530Z;Production et distribution de vapeur et d'air conditionné;Femmes
2015;3530Z;Production et distribution de vapeur et d'air conditionné;Hommes
2015;3600Z;Captage, traitement et distribution d'eau;Femmes
2015;3600Z;Captage, traitement et distribution d'eau;Hommes
2015;3700Z;Collecte et traitement des eaux usées;Femmes
2015;3700Z;Collecte et traitement des eaux usées;Hommes
2015;3811Z;Collecte des déchets non dangereux;Femmes
2015;3811Z;Collecte des déchets non dangereux;Hommes
2015;3812Z;Collecte des déchets dangereux;Femmes
2015;3812Z;Collecte des déchets dangereux;Hommes
2015;3821Z;Traitement et élimination des déchets non dangereux;Femmes
2015;3821Z;Traitement et élimination des déchets non dangereux;Hommes
2015;3822Z;Traitement et élimination des déchets dangereux;Femmes
2015;3822Z;Traitement et élimination des déchets dangereux;Hommes
2015;3831Z;Démantèlement d'épaves;Femmes
2015;3831Z;Démantèlement d'épaves;Hommes
2015;3832Z;Récupération de déchets triés;Femmes
2015;3832Z;Récupération de déchets triés;Hommes
2015;3900Z;Dépollution et autres services de gestion des déchets;Femmes
2015;3900Z;Dépollution et autres services de gestion des déchets;Hommes
2015;4110A;Promotion immobilière de logements;Femmes
2015;4110A;Promotion immobilière de logements;Hommes
2015;4110B;Promotion immobilière de bureaux;Femmes
2015;4110B;Promotion immobilière de bureaux;Hommes
2015;4110C;Promotion immobilière d'autres bâtiments;Femmes
2015;4110C;Promotion immobilière d'autres bâtiments;Hommes
2015;4110D;Supports juridiques de programmes;Femmes
2015;4110D;Supports juridiques de programmes;Hommes
2015;4120A;Construction de maisons individuelles;Femmes
2015;4120A;Construction de maisons individuelles;Hommes
2015;4120B;Construction d'autres bâtiments;Femmes
2015;4120B;Construction d'autres bâtiments;Hommes
2015;4211Z;Construction de routes et autoroutes;Femmes
2015;4211Z;Construction de routes et autoroutes;Hommes
2015;4212Z;Construction de voies ferrées de surface et souterraines;Femmes
2015;4212Z;Construction de voies ferrées de surface et souterraines;Hommes
2015;4213A;Construction d'ouvrages d'art;Femmes
2015;4213A;Construction d'ouvrages d'art;Hommes
2015;4213B;Construction et entretien de tunnels;Femmes
2015;4213B;Construction et entretien de tunnels;Hommes
2015;4221Z;Construction de réseaux pour fluides;Femmes
2015;4221Z;Construction de réseaux pour fluides;Hommes
2015;4222Z;Construction de réseaux électriques et de télécommunications;Femmes
2015;4222Z;Construction de réseaux électriques et de télécommunications;Hommes
2015;4291Z;Construction d'ouvrages maritimes et fluviaux;Femmes
2015;4291Z;Construction d'ouvrages maritimes et fluviaux;Hommes
2015;4299Z;Construction d'autres ouvrages de génie civil n.c.a.;Femmes
2015;4299Z;Construction d'autres ouvrages de génie civil n.c.a.;Hommes
2015;4311Z;Travaux de démolition;Femmes
2015;4311Z;Travaux de démolition;Hommes
2015;4312A;Travaux de terrassement courants et travaux préparatoires;Femmes
2015;4312A;Travaux de terrassement courants et travaux préparatoires;Hommes
2015;4312B;Travaux de terrassement spécialisés ou de grande masse;Femmes
2015;4312B;Travaux de terrassement spécialisés ou de grande masse;Hommes
2015;4313Z;Forages et sondages;Femmes
2015;4313Z;Forages et sondages;Hommes
2015;4321A;Travaux d'installation électrique dans tous locaux;Femmes
2015;4321A;Travaux d'installation électrique dans tous locaux;Hommes
2015;4321B;Travaux d'installation électrique sur la voie publique;Femmes
2015;4321B;Travaux d'installation électrique sur la voie publique;Hommes
2015;4322A;Travaux d'installation d'eau et de gaz en tous locaux;Femmes
2015;4322A;Travaux d'installation d'eau et de gaz en tous locaux;Hommes
2015;4322B;Travaux d'installation d'équipements thermiques et de climatisation;Femmes
2015;4322B;Travaux d'installation d'équipements thermiques et de climatisation;Hommes
2015;4329A;Travaux d'isolation;Femmes
2015;4329A;Travaux d'isolation;Hommes
2015;4329B;Autres travaux d'installation n.c.a.;Femmes
2015;4329B;Autres travaux d'installation n.c.a.;Hommes
2015;4331Z;Travaux de plâtrerie;Femmes
2015;4331Z;Travaux de plâtrerie;Hommes
2015;4332A;Travaux de menuiserie bois et PVC;Femmes
2015;4332A;Travaux de menuiserie bois et PVC;Hommes
2015;4332B;Travaux de menuiserie métallique et serrurerie;Femmes
2015;4332B;Travaux de menuiserie métallique et serrurerie;Hommes
2015;4332C;Agencement de lieux de vente;Femmes
2015;4332C;Agencement de lieux de vente;Hommes
2015;4333Z;Travaux de revêtement des sols et des murs;Femmes
2015;4333Z;Travaux de revêtement des sols et des murs;Hommes
2015;4334Z;Travaux de peinture et vitrerie;Femmes
2015;4334Z;Travaux de peinture et vitrerie;Hommes
2015;4339Z;Autres travaux de finition;Femmes
2015;4339Z;Autres travaux de finition;Hommes
2015;4391A;Travaux de charpente;Femmes
2015;4391A;Travaux de charpente;Hommes
2015;4391B;Travaux de couverture par éléments;Femmes
2015;4391B;Travaux de couverture par éléments;Hommes
2015;4399A;Travaux d'étanchéification;Femmes
2015;4399A;Travaux d'étanchéification;Hommes
2015;4399B;Travaux de montage de structures métalliques;Femmes
2015;4399B;Travaux de montage de structures métalliques;Hommes
2015;4399C;Travaux de maçonnerie générale et gros œuvre de bâtiment;Femmes
2015;4399C;Travaux de maçonnerie générale et gros œuvre de bâtiment;Hommes
2015;4399D;Autres travaux spécialisés de construction;Femmes
2015;4399D;Autres travaux spécialisés de construction;Hommes
2015;4399E;Location avec opérateur de matériel de construction;Femmes
2015;4399E;Location avec opérateur de matériel de construction;Hommes
2015;4511Z;Commerce de voitures et de véhicules automobiles légers;Femmes
2015;4511Z;Commerce de voitures et de véhicules automobiles légers;Hommes
2015;4519Z;Commerce d'autres véhicules automobiles;Femmes
2015;4519Z;Commerce d'autres véhicules automobiles;Hommes
2015;4520A;Entretien et réparation de véhicules automobiles légers;Femmes
2015;4520A;Entretien et réparation de véhicules automobiles légers;Hommes
2015;4520B;Entretien et réparation d'autres véhicules automobiles;Femmes
2015;4520B;Entretien et réparation d'autres véhicules automobiles;Hommes
2015;4531Z;Commerce de gros d'équipements automobiles;Femmes
2015;4531Z;Commerce de gros d'équipements automobiles;Hommes
2015;4532Z;Commerce de détail d'équipements automobiles;Femmes
2015;4532Z;Commerce de détail d'équipements automobiles;Hommes
2015;4540Z;Commerce et réparation de motocycles;Femmes
2015;4540Z;Commerce et réparation de motocycles;Hommes
2015;4611Z;Intermédiaires du commerce en matières premières agricoles, animaux vivants, matières premières textiles et produits semi-finis;Femmes
2015;4611Z;Intermédiaires du commerce en matières premières agricoles, animaux vivants, matières premières textiles et produits semi-finis;Hommes
2015;4612A;Centrales d'achat de carburant;Femmes
2015;4612A;Centrales d'achat de carburant;Hommes
2015;4612B;Autres intermédiaires du commerce en combustibles, métaux, minéraux et produits chimiques;Femmes
2015;4612B;Autres intermédiaires du commerce en combustibles, métaux, minéraux et produits chimiques;Hommes
2015;4613Z;Intermédiaires du commerce en bois et matériaux de construction;Femmes
2015;4613Z;Intermédiaires du commerce en bois et matériaux de construction;Hommes
2015;4614Z;Intermédiaires du commerce en machines, équipements industriels, navires et avions;Femmes
2015;4614Z;Intermédiaires du commerce en machines, équipements industriels, navires et avions;Hommes
2015;4615Z;Intermédiaires du commerce en meubles, articles de ménage et quincaillerie;Femmes
2015;4615Z;Intermédiaires du commerce en meubles, articles de ménage et quincaillerie;Hommes
2015;4616Z;Intermédiaires du commerce en textiles, habillement, fourrures, chaussures et articles en cuir;Femmes
2015;4616Z;Intermédiaires du commerce en textiles, habillement, fourrures, chaussures et articles en cuir;Hommes
2015;4617A;Centrales d'achat alimentaires;Femmes
2015;4617A;Centrales d'achat alimentaires;Hommes
2015;4617B;Autres intermédiaires du commerce en denrées, boissons et tabac;Femmes
2015;4617B;Autres intermédiaires du commerce en denrées, boissons et tabac;Hommes
2015;4618Z;Intermédiaires spécialisés dans le commerce d'autres produits spécifiques;Femmes
2015;4618Z;Intermédiaires spécialisés dans le commerce d'autres produits spécifiques;Hommes
2015;4619A;Centrales d'achat non alimentaires;Femmes
2015;4619A;Centrales d'achat non alimentaires;Hommes
2015;4619B;Autres intermédiaires du commerce en produits divers;Femmes
2015;4619B;Autres intermédiaires du commerce en produits divers;Hommes
2015;4621Z;Commerce de gros (commerce interentreprises) de céréales, de tabac non manufacturé, de semences et d'aliments pour le bétail;Femmes
2015;4621Z;Commerce de gros (commerce interentreprises) de céréales, de tabac non manufacturé, de semences et d'aliments pour le bétail;Hommes
2015;4622Z;Commerce de gros (commerce interentreprises) de fleurs et plantes;Femmes
2015;4622Z;Commerce de gros (commerce interentreprises) de fleurs et plantes;Hommes
2015;4623Z;Commerce de gros (commerce interentreprises) d'animaux vivants;Femmes
2015;4623Z;Commerce de gros (commerce interentreprises) d'animaux vivants;Hommes
2015;4624Z;Commerce de gros (commerce interentreprises) de cuirs et peaux;Femmes
2015;4624Z;Commerce de gros (commerce interentreprises) de cuirs et peaux;Hommes
2015;4631Z;Commerce de gros (commerce interentreprises) de fruits et légumes;Femmes
2015;4631Z;Commerce de gros (commerce interentreprises) de fruits et légumes;Hommes
2015;4632A;Commerce de gros (commerce interentreprises) de viandes de boucherie;Femmes
2015;4632A;Commerce de gros (commerce interentreprises) de viandes de boucherie;Hommes
2015;4632B;Commerce de gros (commerce interentreprises) de produits à base de viande;Femmes
2015;4632B;Commerce de gros (commerce interentreprises) de produits à base de viande;Hommes
2015;4632C;Commerce de gros (commerce interentreprises) de volailles et gibier;Femmes
2015;4632C;Commerce de gros (commerce interentreprises) de volailles et gibier;Hommes
2015;4633Z;Commerce de gros (commerce interentreprises) de produits laitiers, œufs, huiles et matières grasses comestibles;Femmes
2015;4633Z;Commerce de gros (commerce interentreprises) de produits laitiers, œufs, huiles et matières grasses comestibles;Hommes
2015;4634Z;Commerce de gros (commerce interentreprises) de boissons;Femmes
2015;4634Z;Commerce de gros (commerce interentreprises) de boissons;Hommes
2015;4635Z;Commerce de gros (commerce interentreprises) de produits à base de tabac;Femmes
2015;4635Z;Commerce de gros (commerce interentreprises) de produits à base de tabac;Hommes
2015;4636Z;Commerce de gros (commerce interentreprises) de sucre, chocolat et confiserie;Femmes
2015;4636Z;Commerce de gros (commerce interentreprises) de sucre, chocolat et confiserie;Hommes
2015;4637Z;Commerce de gros (commerce interentreprises) de café, thé, cacao et épices;Femmes
2015;4637Z;Commerce de gros (commerce interentreprises) de café, thé, cacao et épices;Hommes
2015;4638A;Commerce de gros (commerce interentreprises) de poissons, crustacés et mollusques;Femmes
2015;4638A;Commerce de gros (commerce interentreprises) de poissons, crustacés et mollusques;Hommes
2015;4638B;Commerce de gros (commerce interentreprises) alimentaire spécialisé divers;Femmes
2015;4638B;Commerce de gros (commerce interentreprises) alimentaire spécialisé divers;Hommes
2015;4639A;Commerce de gros (commerce interentreprises) de produits surgelés;Femmes
2015;4639A;Commerce de gros (commerce interentreprises) de produits surgelés;Hommes
2015;4639B;Commerce de gros (commerce interentreprises) alimentaire non spécialisé;Femmes
2015;4639B;Commerce de gros (commerce interentreprises) alimentaire non spécialisé;Hommes
2015;4641Z;Commerce de gros (commerce interentreprises) de textiles;Femmes
2015;4641Z;Commerce de gros (commerce interentreprises) de textiles;Hommes
2015;4642Z;Commerce de gros (commerce interentreprises) d'habillement et de chaussures;Femmes
2015;4642Z;Commerce de gros (commerce interentreprises) d'habillement et de chaussures;Hommes
2015;4643Z;Commerce de gros (commerce interentreprises) d'appareils électroménagers;Femmes
2015;4643Z;Commerce de gros (commerce interentreprises) d'appareils électroménagers;Hommes
2015;4644Z;Commerce de gros (commerce interentreprises) de vaisselle, verrerie et produits d'entretien;Femmes
2015;4644Z;Commerce de gros (commerce interentreprises) de vaisselle, verrerie et produits d'entretien;Hommes
2015;4645Z;Commerce de gros (commerce interentreprises) de parfumerie et de produits de beauté;Femmes
2015;4645Z;Commerce de gros (commerce interentreprises) de parfumerie et de produits de beauté;Hommes
2015;4646Z;Commerce de gros (commerce interentreprises) de produits pharmaceutiques;Femmes
2015;4646Z;Commerce de gros (commerce interentreprises) de produits pharmaceutiques;Hommes
2015;4647Z;Commerce de gros (commerce interentreprises) de meubles, de tapis et d'appareils d'éclairage;Femmes
2015;4647Z;Commerce de gros (commerce interentreprises) de meubles, de tapis et d'appareils d'éclairage;Hommes
2015;4648Z;Commerce de gros (commerce interentreprises) d'articles d'horlogerie et de bijouterie;Femmes
2015;4648Z;Commerce de gros (commerce interentreprises) d'articles d'horlogerie et de bijouterie;Hommes
2015;4649Z;Commerce de gros (commerce interentreprises) d'autres biens domestiques;Femmes
2015;4649Z;Commerce de gros (commerce interentreprises) d'autres biens domestiques;Hommes
2015;4651Z;Commerce de gros (commerce interentreprises) d'ordinateurs, d'équipements informatiques périphériques et de logiciels;Femmes
2015;4651Z;Commerce de gros (commerce interentreprises) d'ordinateurs, d'équipements informatiques périphériques et de logiciels;Hommes
2015;4652Z;Commerce de gros (commerce interentreprises) de composants et d'équipements électroniques et de télécommunication;Femmes
2015;4652Z;Commerce de gros (commerce interentreprises) de composants et d'équipements électroniques et de télécommunication;Hommes
2015;4661Z;Commerce de gros (commerce interentreprises) de matériel agricole;Femmes
2015;4661Z;Commerce de gros (commerce interentreprises) de matériel agricole;Hommes
2015;4662Z;Commerce de gros (commerce interentreprises) de machines-outils;Femmes
2015;4662Z;Commerce de gros (commerce interentreprises) de machines-outils;Hommes
2015;4663Z;Commerce de gros (commerce interentreprises) de machines pour l'extraction, la construction et le génie civil;Femmes
2015;4663Z;Commerce de gros (commerce interentreprises) de machines pour l'extraction, la construction et le génie civil;Hommes
2015;4664Z;Commerce de gros (commerce interentreprises) de machines pour l'industrie textile et l'habillement;Femmes
2015;4664Z;Commerce de gros (commerce interentreprises) de machines pour l'industrie textile et l'habillement;Hommes
2015;4665Z;Commerce de gros (commerce interentreprises) de mobilier de bureau;Femmes
2015;4665Z;Commerce de gros (commerce interentreprises) de mobilier de bureau;Hommes
2015;4666Z;Commerce de gros (commerce interentreprises) d'autres machines et équipements de bureau;Femmes
2015;4666Z;Commerce de gros (commerce interentreprises) d'autres machines et équipements de bureau;Hommes
2015;4669A;Commerce de gros (commerce interentreprises) de matériel électrique;Femmes
2015;4669A;Commerce de gros (commerce interentreprises) de matériel électrique;Hommes
2015;4669B;Commerce de gros (commerce interentreprises) de fournitures et équipements industriels divers;Femmes
2015;4669B;Commerce de gros (commerce interentreprises) de fournitures et équipements industriels divers;Hommes
2015;4669C;Commerce de gros (commerce interentreprises) de fournitures et équipements divers pour le commerce et les services;Femmes
2015;4669C;Commerce de gros (commerce interentreprises) de fournitures et équipements divers pour le commerce et les services;Hommes
2015;4671Z;Commerce de gros (commerce interentreprises) de combustibles et de produits annexes;Femmes
2015;4671Z;Commerce de gros (commerce interentreprises) de combustibles et de produits annexes;Hommes
2015;4672Z;Commerce de gros (commerce interentreprises) de minerais et métaux;Femmes
2015;4672Z;Commerce de gros (commerce interentreprises) de minerais et métaux;Hommes
2015;4673A;Commerce de gros (commerce interentreprises) de bois et de matériaux de construction;Femmes
2015;4673A;Commerce de gros (commerce interentreprises) de bois et de matériaux de construction;Hommes
2015;4673B;Commerce de gros (commerce interentreprises) d'appareils sanitaires et de produits de décoration;Femmes
2015;4673B;Commerce de gros (commerce interentreprises) d'appareils sanitaires et de produits de décoration;Hommes
2015;4674A;Commerce de gros (commerce interentreprises) de quincaillerie;Femmes
2015;4674A;Commerce de gros (commerce interentreprises) de quincaillerie;Hommes
2015;4674B;Commerce de gros (commerce interentreprises) de fournitures pour la plomberie et le chauffage;Femmes
2015;4674B;Commerce de gros (commerce interentreprises) de fournitures pour la plomberie et le chauffage;Hommes
2015;4675Z;Commerce de gros (commerce interentreprises) de produits chimiques;Femmes
2015;4675Z;Commerce de gros (commerce interentreprises) de produits chimiques;Hommes
2015;4676Z;Commerce de gros (commerce interentreprises) d'autres produits intermédiaires;Femmes
2015;4676Z;Commerce de gros (commerce interentreprises) d'autres produits intermédiaires;Hommes
2015;4677Z;Commerce de gros (commerce interentreprises) de déchets et débris;Femmes
2015;4677Z;Commerce de gros (commerce interentreprises) de déchets et débris;Hommes
2015;4690Z;Commerce de gros (commerce interentreprises) non spécialisé;Femmes
2015;4690Z;Commerce de gros (commerce interentreprises) non spécialisé;Hommes
2015;4711A;Commerce de détail de produits surgelés;Femmes
2015;4711A;Commerce de détail de produits surgelés;Hommes
2015;4711B;Commerce d'alimentation générale;Femmes
2015;4711B;Commerce d'alimentation générale;Hommes
2015;4711C;Supérettes;Femmes
2015;4711C;Supérettes;Hommes
2015;4711D;Supermarchés;Femmes
2015;4711D;Supermarchés;Hommes
2015;4711E;Magasins multi-commerces;Femmes
2015;4711E;Magasins multi-commerces;Hommes
2015;4711F;Hypermarchés;Femmes
2015;4711F;Hypermarchés;Hommes
2015;4719A;Grands magasins;Femmes
2015;4719A;Grands magasins;Hommes
2015;4719B;Autres commerces de détail en magasin non spécialisé;Femmes
2015;4719B;Autres commerces de détail en magasin non spécialisé;Hommes
2015;4721Z;Commerce de détail de fruits et légumes en magasin spécialisé;Femmes
2015;4721Z;Commerce de détail de fruits et légumes en magasin spécialisé;Hommes
2015;4722Z;Commerce de détail de viandes et de produits à base de viande en magasin spécialisé;Femmes
2015;4722Z;Commerce de détail de viandes et de produits à base de viande en magasin spécialisé;Hommes
2015;4723Z;Commerce de détail de poissons, crustacés et mollusques en magasin spécialisé;Femmes
2015;4723Z;Commerce de détail de poissons, crustacés et mollusques en magasin spécialisé;Hommes
2015;4724Z;Commerce de détail de pain, pâtisserie et confiserie en magasin spécialisé;Femmes
2015;4724Z;Commerce de détail de pain, pâtisserie et confiserie en magasin spécialisé;Hommes
2015;4725Z;Commerce de détail de boissons en magasin spécialisé;Femmes
2015;4725Z;Commerce de détail de boissons en magasin spécialisé;Hommes
2015;4726Z;Commerce de détail de produits à base de tabac en magasin spécialisé;Femmes
2015;4726Z;Commerce de détail de produits à base de tabac en magasin spécialisé;Hommes
2015;4729Z;Autres commerces de détail alimentaires en magasin spécialisé;Femmes
2015;4729Z;Autres commerces de détail alimentaires en magasin spécialisé;Hommes
2015;4730Z;Commerce de détail de carburants en magasin spécialisé;Femmes
2015;4730Z;Commerce de détail de carburants en magasin spécialisé;Hommes
2015;4741Z;Commerce de détail d'ordinateurs, d'unités périphériques et de logiciels en magasin spécialisé;Femmes
2015;4741Z;Commerce de détail d'ordinateurs, d'unités périphériques et de logiciels en magasin spécialisé;Hommes
2015;4742Z;Commerce de détail de matériels de télécommunication en magasin spécialisé;Femmes
2015;4742Z;Commerce de détail de matériels de télécommunication en magasin spécialisé;Hommes
2015;4743Z;Commerce de détail de matériels audio et vidéo en magasin spécialisé;Femmes
2015;4743Z;Commerce de détail de matériels audio et vidéo en magasin spécialisé;Hommes
2015;4751Z;Commerce de détail de textiles en magasin spécialisé;Femmes
2015;4751Z;Commerce de détail de textiles en magasin spécialisé;Hommes
2015;4752A;Commerce de détail de quincaillerie, peintures et verres en petites surfaces (moins de 400 m²);Femmes
2015;4752A;Commerce de détail de quincaillerie, peintures et verres en petites surfaces (moins de 400 m²);Hommes
2015;4752B;Commerce de détail de quincaillerie, peintures et verres en grandes surfaces (400 m² et plus);Femmes
2015;4752B;Commerce de détail de quincaillerie, peintures et verres en grandes surfaces (400 m² et plus);Hommes
2015;4753Z;Commerce de détail de tapis, moquettes et revêtements de murs et de sols en magasin spécialisé;Femmes
2015;4753Z;Commerce de détail de tapis, moquettes et revêtements de murs et de sols en magasin spécialisé;Hommes
2015;4754Z;Commerce de détail d'appareils électroménagers en magasin spécialisé;Femmes
2015;4754Z;Commerce de détail d'appareils électroménagers en magasin spécialisé;Hommes
2015;4759A;Commerce de détail de meubles;Femmes
2015;4759A;Commerce de détail de meubles;Hommes
2015;4759B;Commerce de détail d'autres équipements du foyer;Femmes
2015;4759B;Commerce de détail d'autres équipements du foyer;Hommes
2015;4761Z;Commerce de détail de livres en magasin spécialisé;Femmes
2015;4761Z;Commerce de détail de livres en magasin spécialisé;Hommes
2015;4762Z;Commerce de détail de journaux et papeterie en magasin spécialisé;Femmes
2015;4762Z;Commerce de détail de journaux et papeterie en magasin spécialisé;Hommes
2015;4763Z;Commerce de détail d'enregistrements musicaux et vidéo en magasin spécialisé;Femmes
2015;4763Z;Commerce de détail d'enregistrements musicaux et vidéo en magasin spécialisé;Hommes
2015;4764Z;Commerce de détail d'articles de sport en magasin spécialisé;Femmes
2015;4764Z;Commerce de détail d'articles de sport en magasin spécialisé;Hommes
2015;4765Z;Commerce de détail de jeux et jouets en magasin spécialisé;Femmes
2015;4765Z;Commerce de détail de jeux et jouets en magasin spécialisé;Hommes
2015;4771Z;Commerce de détail d'habillement en magasin spécialisé;Femmes
2015;4771Z;Commerce de détail d'habillement en magasin spécialisé;Hommes
2015;4772A;Commerce de détail de la chaussure;Femmes
2015;4772A;Commerce de détail de la chaussure;Hommes
2015;4772B;Commerce de détail de maroquinerie et d'articles de voyage;Femmes
2015;4772B;Commerce de détail de maroquinerie et d'articles de voyage;Hommes
2015;4773Z;Commerce de détail de produits pharmaceutiques en magasin spécialisé;Femmes
2015;4773Z;Commerce de détail de produits pharmaceutiques en magasin spécialisé;Hommes
2015;4774Z;Commerce de détail d'articles médicaux et orthopédiques en magasin spécialisé;Femmes
2015;4774Z;Commerce de détail d'articles médicaux et orthopédiques en magasin spécialisé;Hommes
2015;4775Z;Commerce de détail de parfumerie et de produits de beauté en magasin spécialisé;Femmes
2015;4775Z;Commerce de détail de parfumerie et de produits de beauté en magasin spécialisé;Hommes
2015;4776Z;Commerce de détail de fleurs, plantes, graines, engrais, animaux de compagnie et aliments pour ces animaux en magasin spécialisé;Femmes
2015;4776Z;Commerce de détail de fleurs, plantes, graines, engrais, animaux de compagnie et aliments pour ces animaux en magasin spécialisé;Hommes
2015;4777Z;Commerce de détail d'articles d'horlogerie et de bijouterie en magasin spécialisé;Femmes
2015;4777Z;Commerce de détail d'articles d'horlogerie et de bijouterie en magasin spécialisé;Hommes
2015;4778A;Commerces de détail d'optique;Femmes
2015;4778A;Commerces de détail d'optique;Hommes
2015;4778B;Commerces de détail de charbons et combustibles;Femmes
2015;4778B;Commerces de détail de charbons et combustibles;Hommes
2015;4778C;Autres commerces de détail spécialisés divers;Femmes
2015;4778C;Autres commerces de détail spécialisés divers;Hommes
2015;4779Z;Commerce de détail de biens d'occasion en magasin;Femmes
2015;4779Z;Commerce de détail de biens d'occasion en magasin;Hommes
2015;4781Z;Commerce de détail alimentaire sur éventaires et marchés;Femmes
2015;4781Z;Commerce de détail alimentaire sur éventaires et marchés;Hommes
2015;4782Z;Commerce de détail de textiles, d'habillement et de chaussures sur éventaires et marchés;Femmes
2015;4782Z;Commerce de détail de textiles, d'habillement et de chaussures sur éventaires et marchés;Hommes
2015;4789Z;Autres commerces de détail sur éventaires et marchés;Femmes
2015;4789Z;Autres commerces de détail sur éventaires et marchés;Hommes
2015;4791A;Vente à distance sur catalogue général;Femmes
2015;4791A;Vente à distance sur catalogue général;Hommes
2015;4791B;Vente à distance sur catalogue spécialisé;Femmes
2015;4791B;Vente à distance sur catalogue spécialisé;Hommes
2015;4799A;Vente à domicile;Femmes
2015;4799A;Vente à domicile;Hommes
2015;4799B;Vente par automates et autres commerces de détail hors magasin, éventaires ou marchés n.c.a.;Femmes
2015;4799B;Vente par automates et autres commerces de détail hors magasin, éventaires ou marchés n.c.a.;Hommes
2015;4910Z;Transport ferroviaire interurbain de voyageurs;Femmes
2015;4910Z;Transport ferroviaire interurbain de voyageurs;Hommes
2015;4920Z;Transports ferroviaires de fret;Femmes
2015;4920Z;Transports ferroviaires de fret;Hommes
2015;4931Z;Transports urbains et suburbains de voyageurs;Femmes
2015;4931Z;Transports urbains et suburbains de voyageurs;Hommes
2015;4932Z;Transports de voyageurs par taxis;Femmes
2015;4932Z;Transports de voyageurs par taxis;Hommes
2015;4939A;Transports routiers réguliers de voyageurs;Femmes
2015;4939A;Transports routiers réguliers de voyageurs;Hommes
2015;4939B;Autres transports routiers de voyageurs;Femmes
2015;4939B;Autres transports routiers de voyageurs;Hommes
2015;4939C;Téléphériques et remontées mécaniques;Femmes
2015;4939C;Téléphériques et remontées mécaniques;Hommes
2015;4941A;Transports routiers de fret interurbains;Femmes
2015;4941A;Transports routiers de fret interurbains;Hommes
2015;4941B;Transports routiers de fret de proximité;Femmes
2015;4941B;Transports routiers de fret de proximité;Hommes
2015;4941C;Location de camions avec chauffeur;Femmes
2015;4941C;Location de camions avec chauffeur;Hommes
2015;4942Z;Services de déménagement;Femmes
2015;4942Z;Services de déménagement;Hommes
2015;4950Z;Transports par conduites;Femmes
2015;4950Z;Transports par conduites;Hommes
2015;5010Z;Transports maritimes et côtiers de passagers;Femmes
2015;5010Z;Transports maritimes et côtiers de passagers;Hommes
2015;5020Z;Transports maritimes et côtiers de fret;Femmes
2015;5020Z;Transports maritimes et côtiers de fret;Hommes
2015;5030Z;Transports fluviaux de passagers;Femmes
2015;5030Z;Transports fluviaux de passagers;Hommes
2015;5040Z;Transports fluviaux de fret;Femmes
2015;5040Z;Transports fluviaux de fret;Hommes
2015;5110Z;Transports aériens de passagers;Femmes
2015;5110Z;Transports aériens de passagers;Hommes
2015;5121Z;Transports aériens de fret;Femmes
2015;5121Z;Transports aériens de fret;Hommes
2015;5122Z;Transports spatiaux;Femmes
2015;5122Z;Transports spatiaux;Hommes
2015;5210A;Entreposage et stockage frigorifique;Femmes
2015;5210A;Entreposage et stockage frigorifique;Hommes
2015;5210B;Entreposage et stockage non frigorifique;Femmes
2015;5210B;Entreposage et stockage non frigorifique;Hommes
2015;5221Z;Services auxiliaires des transports terrestres;Femmes
2015;5221Z;Services auxiliaires des transports terrestres;Hommes
2015;5222Z;Services auxiliaires des transports par eau;Femmes
2015;5222Z;Services auxiliaires des transports par eau;Hommes
2015;5223Z;Services auxiliaires des transports aériens;Femmes
2015;5223Z;Services auxiliaires des transports aériens;Hommes
2015;5224A;Manutention portuaire;Femmes
2015;5224A;Manutention portuaire;Hommes
2015;5224B;Manutention non portuaire;Femmes
2015;5224B;Manutention non portuaire;Hommes
2015;5229A;Messagerie, fret express;Femmes
2015;5229A;Messagerie, fret express;Hommes
2015;5229B;Affrètement et organisation des transports;Femmes
2015;5229B;Affrètement et organisation des transports;Hommes
2015;5310Z;Activités de poste dans le cadre d'une obligation de service universel;Femmes
2015;5310Z;Activités de poste dans le cadre d'une obligation de service universel;Hommes
2015;5320Z;Autres activités de poste et de courrier;Femmes
2015;5320Z;Autres activités de poste et de courrier;Hommes
2015;5510Z;Hôtels et hébergement similaire;Femmes
2015;5510Z;Hôtels et hébergement similaire;Hommes
2015;5520Z;Hébergement touristique et autre hébergement de courte durée;Femmes
2015;5520Z;Hébergement touristique et autre hébergement de courte durée;Hommes
2015;5530Z;Terrains de camping et parcs pour caravanes ou véhicules de loisirs;Femmes
2015;5530Z;Terrains de camping et parcs pour caravanes ou véhicules de loisirs;Hommes
2015;5590Z;Autres hébergements;Femmes
2015;5590Z;Autres hébergements;Hommes
2015;5610A;Restauration traditionnelle;Femmes
2015;5610A;Restauration traditionnelle;Hommes
2015;5610B;Cafétérias et autres libres-services;Femmes
2015;5610B;Cafétérias et autres libres-services;Hommes
2015;5610C;Restauration de type rapide;Femmes
2015;5610C;Restauration de type rapide;Hommes
2015;5621Z;Services des traiteurs;Femmes
2015;5621Z;Services des traiteurs;Hommes
2015;5629A;Restauration collective sous contrat;Femmes
2015;5629A;Restauration collective sous contrat;Hommes
2015;5629B;Autres services de restauration n.c.a.;Femmes
2015;5629B;Autres services de restauration n.c.a.;Hommes
2015;5630Z;Débits de boissons;Femmes
2015;5630Z;Débits de boissons;Hommes
2015;5811Z;Édition de livres;Femmes
2015;5811Z;Édition de livres;Hommes
2015;5812Z;Édition de répertoires et de fichiers d'adresses;Femmes
2015;5812Z;Édition de répertoires et de fichiers d'adresses;Hommes
2015;5813Z;Édition de journaux;Femmes
2015;5813Z;Édition de journaux;Hommes
2015;5814Z;Édition de revues et périodiques;Femmes
2015;5814Z;Édition de revues et périodiques;Hommes
2015;5819Z;Autres activités d'édition;Femmes
2015;5819Z;Autres activités d'édition;Hommes
2015;5821Z;Édition de jeux électroniques;Femmes
2015;5821Z;Édition de jeux électroniques;Hommes
2015;5829A;Édition de logiciels système et de réseau;Femmes
2015;5829A;Édition de logiciels système et de réseau;Hommes
2015;5829B;Édition de logiciels outils de développement et de langages;Femmes
2015;5829B;Édition de logiciels outils de développement et de langages;Hommes
2015;5829C;Édition de logiciels applicatifs;Femmes
2015;5829C;Édition de logiciels applicatifs;Hommes
2015;5911A;Production de films et de programmes pour la télévision;Femmes
2015;5911A;Production de films et de programmes pour la télévision;Hommes
2015;5911B;Production de films institutionnels et publicitaires;Femmes
2015;5911B;Production de films institutionnels et publicitaires;Hommes
2015;5911C;Production de films pour le cinéma;Femmes
2015;5911C;Production de films pour le cinéma;Hommes
2015;5912Z;Post-production de films cinématographiques, de vidéo et de programmes de télévision;Femmes
2015;5912Z;Post-production de films cinématographiques, de vidéo et de programmes de télévision;Hommes
2015;5913A;Distribution de films cinématographiques;Femmes
2015;5913A;Distribution de films cinématographiques;Hommes
2015;5913B;Édition et distribution vidéo;Femmes
2015;5913B;Édition et distribution vidéo;Hommes
2015;5914Z;Projection de films cinématographiques;Femmes
2015;5914Z;Projection de films cinématographiques;Hommes
2015;5920Z;Enregistrement sonore et édition musicale;Femmes
2015;5920Z;Enregistrement sonore et édition musicale;Hommes
2015;6010Z;Édition et diffusion de programmes radio;Femmes
2015;6010Z;Édition et diffusion de programmes radio;Hommes
2015;6020A;Édition de chaînes généralistes;Femmes
2015;6020A;Édition de chaînes généralistes;Hommes
2015;6020B;Édition de chaînes thématiques;Femmes
2015;6020B;Édition de chaînes thématiques;Hommes
2015;6110Z;Télécommunications filaires;Femmes
2015;6110Z;Télécommunications filaires;Hommes
2015;6120Z;Télécommunications sans fil;Femmes
2015;6120Z;Télécommunications sans fil;Hommes
2015;6130Z;Télécommunications par satellite;Femmes
2015;6130Z;Télécommunications par satellite;Hommes
2015;6190Z;Autres activités de télécommunication;Femmes
2015;6190Z;Autres activités de télécommunication;Hommes
2015;6201Z;Programmation informatique;Femmes
2015;6201Z;Programmation informatique;Hommes
2015;6202A;Conseil en systèmes et logiciels informatiques;Femmes
2015;6202A;Conseil en systèmes et logiciels informatiques;Hommes
2015;6202B;Tierce maintenance de systèmes et d'applications informatiques;Femmes
2015;6202B;Tierce maintenance de systèmes et d'applications informatiques;Hommes
2015;6203Z;Gestion d'installations informatiques;Femmes
2015;6203Z;Gestion d'installations informatiques;Hommes
2015;6209Z;Autres activités informatiques;Femmes
2015;6209Z;Autres activités informatiques;Hommes
2015;6311Z;Traitement de données, hébergement et activités connexes;Femmes
2015;6311Z;Traitement de données, hébergement et activités connexes;Hommes
2015;6312Z;Portails Internet;Femmes
2015;6312Z;Portails Internet;Hommes
2015;6391Z;Activités des agences de presse;Femmes
2015;6391Z;Activités des agences de presse;Hommes
2015;6399Z;Autres services d'information n.c.a.;Femmes
2015;6399Z;Autres services d'information n.c.a.;Hommes
2015;6411Z;Activités de banque centrale;Femmes
2015;6411Z;Activités de banque centrale;Hommes
2015;6419Z;Autres intermédiations monétaires;Femmes
2015;6419Z;Autres intermédiations monétaires;Hommes
2015;6420Z;Activités des sociétés holding;Femmes
2015;6420Z;Activités des sociétés holding;Hommes
2015;6430Z;Fonds de placement et entités financières similaires;Femmes
2015;6430Z;Fonds de placement et entités financières similaires;Hommes
2015;6491Z;Crédit-bail;Femmes
2015;6491Z;Crédit-bail;Hommes
2015;6492Z;Autre distribution de crédit;Femmes
2015;6492Z;Autre distribution de crédit;Hommes
2015;6499Z;Autres activités des services financiers, hors assurance et caisses de retraite, n.c.a.;Femmes
2015;6499Z;Autres activités des services financiers, hors assurance et caisses de retraite, n.c.a.;Hommes
2015;6511Z;Assurance vie;Femmes
2015;6511Z;Assurance vie;Hommes
2015;6512Z;Autres assurances;Femmes
2015;6512Z;Autres assurances;Hommes
2015;6520Z;Réassurance;Femmes
2015;6520Z;Réassurance;Hommes
2015;6530Z;Caisses de retraite;Femmes
2015;6530Z;Caisses de retraite;Hommes
2015;6611Z;Administration de marchés financiers;Femmes
2015;6611Z;Administration de marchés financiers;Hommes
2015;6612Z;Courtage de valeurs mobilières et de marchandises;Femmes
2015;6612Z;Courtage de valeurs mobilières et de marchandises;Hommes
2015;6619A;Supports juridiques de gestion de patrimoine mobilier;Femmes
2015;6619A;Supports juridiques de gestion de patrimoine mobilier;Hommes
2015;6619B;Autres activités auxiliaires de services financiers, hors assurance et caisses de retraite, n.c.a.;Femmes
2015;6619B;Autres activités auxiliaires de services financiers, hors assurance et caisses de retraite, n.c.a.;Hommes
2015;6621Z;Évaluation des risques et dommages;Femmes
2015;6621Z;Évaluation des risques et dommages;Hommes
2015;6622Z;Activités des agents et courtiers d'assurances;Femmes
2015;6622Z;Activités des agents et courtiers d'assurances;Hommes
2015;6629Z;Autres activités auxiliaires d'assurance et de caisses de retraite;Femmes
2015;6629Z;Autres activités auxiliaires d'assurance et de caisses de retraite;Hommes
2015;6630Z;Gestion de fonds;Femmes
2015;6630Z;Gestion de fonds;Hommes
2015;6810Z;Activités des marchands de biens immobiliers;Femmes
2015;6810Z;Activités des marchands de biens immobiliers;Hommes
2015;6820A;Location de logements;Femmes
2015;6820A;Location de logements;Hommes
2015;6820B;Location de terrains et d'autres biens immobiliers;Femmes
2015;6820B;Location de terrains et d'autres biens immobiliers;Hommes
2015;6831Z;Agences immobilières;Femmes
2015;6831Z;Agences immobilières;Hommes
2015;6832A;Administration d'immeubles et autres biens immobiliers;Femmes
2015;6832A;Administration d'immeubles et autres biens immobiliers;Hommes
2015;6832B;Supports juridiques de gestion de patrimoine immobilier;Femmes
2015;6832B;Supports juridiques de gestion de patrimoine immobilier;Hommes
2015;6910Z;Activités juridiques;Femmes
2015;6910Z;Activités juridiques;Hommes
2015;6920Z;Activités comptables;Femmes
2015;6920Z;Activités comptables;Hommes
2015;7010Z;Activités des sièges sociaux;Femmes
2015;7010Z;Activités des sièges sociaux;Hommes
2015;7021Z;Conseil en relations publiques et communication;Femmes
2015;7021Z;Conseil en relations publiques et communication;Hommes
2015;7022Z;Conseil pour les affaires et autres conseils de gestion;Femmes
2015;7022Z;Conseil pour les affaires et autres conseils de gestion;Hommes
2015;7111Z;Activités d'architecture;Femmes
2015;7111Z;Activités d'architecture;Hommes
2015;7112A;Activité des géomètres;Femmes
2015;7112A;Activité des géomètres;Hommes
2015;7112B;Ingénierie, études techniques;Femmes
2015;7112B;Ingénierie, études techniques;Hommes
2015;7120A;Contrôle technique automobile;Femmes
2015;7120A;Contrôle technique automobile;Hommes
2015;7120B;Analyses, essais et inspections techniques;Femmes
2015;7120B;Analyses, essais et inspections techniques;Hommes
2015;7211Z;Recherche-développement en biotechnologie;Femmes
2015;7211Z;Recherche-développement en biotechnologie;Hommes
2015;7219Z;Recherche-développement en autres sciences physiques et naturelles;Femmes
2015;7219Z;Recherche-développement en autres sciences physiques et naturelles;Hommes
2015;7220Z;Recherche-développement en sciences humaines et sociales;Femmes
2015;7220Z;Recherche-développement en sciences humaines et sociales;Hommes
2015;7311Z;Activités des agences de publicité;Femmes
2015;7311Z;Activités des agences de publicité;Hommes
2015;7312Z;Régie publicitaire de médias;Femmes
2015;7312Z;Régie publicitaire de médias;Hommes
2015;7320Z;Études de marché et sondages;Femmes
2015;7320Z;Études de marché et sondages;Hommes
2015;7410Z;Activités spécialisées de design;Femmes
2015;7410Z;Activités spécialisées de design;Hommes
2015;7420Z;Activités photographiques;Femmes
2015;7420Z;Activités photographiques;Hommes
2015;7430Z;Traduction et interprétation;Femmes
2015;7430Z;Traduction et interprétation;Hommes
2015;7490A;Activité des économistes de la construction;Femmes
2015;7490A;Activité des économistes de la construction;Hommes
2015;7490B;Activités spécialisées, scientifiques et techniques diverses;Femmes
2015;7490B;Activités spécialisées, scientifiques et techniques diverses;Hommes
2015;7500Z;Activités vétérinaires;Femmes
2015;7500Z;Activités vétérinaires;Hommes
2015;7711A;Location de courte durée de voitures et de véhicules automobiles légers;Femmes
2015;7711A;Location de courte durée de voitures et de véhicules automobiles légers;Hommes
2015;7711B;Location de longue durée de voitures et de véhicules automobiles légers;Femmes
2015;7711B;Location de longue durée de voitures et de véhicules automobiles légers;Hommes
2015;7712Z;Location et location-bail de camions;Femmes
2015;7712Z;Location et location-bail de camions;Hommes
2015;7721Z;Location et location-bail d'articles de loisirs et de sport;Femmes
2015;7721Z;Location et location-bail d'articles de loisirs et de sport;Hommes
2015;7722Z;Location de vidéocassettes et disques vidéo;Femmes
2015;7722Z;Location de vidéocassettes et disques vidéo;Hommes
2015;7729Z;Location et location-bail d'autres biens personnels et domestiques;Femmes
2015;7729Z;Location et location-bail d'autres biens personnels et domestiques;Hommes
2015;7731Z;Location et location-bail de machines et équipements agricoles;Femmes
2015;7731Z;Location et location-bail de machines et équipements agricoles;Hommes
2015;7732Z;Location et location-bail de machines et équipements pour la construction;Femmes
2015;7732Z;Location et location-bail de machines et équipements pour la construction;Hommes
2015;7733Z;Location et location-bail de machines de bureau et de matériel informatique;Femmes
2015;7733Z;Location et location-bail de machines de bureau et de matériel informatique;Hommes
2015;7734Z;Location et location-bail de matériels de transport par eau;Femmes
2015;7734Z;Location et location-bail de matériels de transport par eau;Hommes
2015;7735Z;Location et location-bail de matériels de transport aérien;Femmes
2015;7735Z;Location et location-bail de matériels de transport aérien;Hommes
2015;7739Z;Location et location-bail d'autres machines, équipements et biens matériels n.c.a.;Femmes
2015;7739Z;Location et location-bail d'autres machines, équipements et biens matériels n.c.a.;Hommes
2015;7740Z;Location-bail de propriété intellectuelle et de produits similaires, à l'exception des œuvres soumises à copyright;Femmes
2015;7740Z;Location-bail de propriété intellectuelle et de produits similaires, à l'exception des œuvres soumises à copyright;Hommes
2015;7810Z;Activités des agences de placement de main-d'œuvre;Femmes
2015;7810Z;Activités des agences de placement de main-d'œuvre;Hommes
2015;7820Z;Activités des agences de travail temporaire;Femmes
2015;7820Z;Activités des agences de travail temporaire;Hommes
2015;7830Z;Autre mise à disposition de ressources humaines;Femmes
2015;7830Z;Autre mise à disposition de ressources humaines;Hommes
2015;7911Z;Activités des agences de voyage;Femmes
2015;7911Z;Activités des agences de voyage;Hommes
2015;7912Z;Activités des voyagistes;Femmes
2015;7912Z;Activités des voyagistes;Hommes
2015;7990Z;Autres services de réservation et activités connexes;Femmes
2015;7990Z;Autres services de réservation et activités connexes;Hommes
2015;8010Z;Activités de sécurité privée;Femmes
2015;8010Z;Activités de sécurité privée;Hommes
2015;8020Z;Activités liées aux systèmes de sécurité;Femmes
2015;8020Z;Activités liées aux systèmes de sécurité;Hommes
2015;8030Z;Activités d'enquête;Femmes
2015;8030Z;Activités d'enquête;Hommes
2015;8110Z;Activités combinées de soutien lié aux bâtiments;Femmes
2015;8110Z;Activités combinées de soutien lié aux bâtiments;Hommes
2015;8121Z;Nettoyage courant des bâtiments;Femmes
2015;8121Z;Nettoyage courant des bâtiments;Hommes
2015;8122Z;Autres activités de nettoyage des bâtiments et nettoyage industriel;Femmes
2015;8122Z;Autres activités de nettoyage des bâtiments et nettoyage industriel;Hommes
2015;8129A;Désinfection, désinsectisation, dératisation;Femmes
2015;8129A;Désinfection, désinsectisation, dératisation;Hommes
2015;8129B;Autres activités de nettoyage n.c.a.;Femmes
2015;8129B;Autres activités de nettoyage n.c.a.;Hommes
2015;8130Z;Services d'aménagement paysager;Femmes
2015;8130Z;Services d'aménagement paysager;Hommes
2015;8211Z;Services administratifs combinés de bureau;Femmes
2015;8211Z;Services administratifs combinés de bureau;Hommes
2015;8219Z;Photocopie, préparation de documents et autres activités spécialisées de soutien de bureau;Femmes
2015;8219Z;Photocopie, préparation de documents et autres activités spécialisées de soutien de bureau;Hommes
2015;8220Z;Activités de centres d'appels;Femmes
2015;8220Z;Activités de centres d'appels;Hommes
2015;8230Z;Organisation de foires, salons professionnels et congrès;Femmes
2015;8230Z;Organisation de foires, salons professionnels et congrès;Hommes
2015;8291Z;Activités des agences de recouvrement de factures et des sociétés d'information financière sur la clientèle;Femmes
2015;8291Z;Activités des agences de recouvrement de factures et des sociétés d'information financière sur la clientèle;Hommes
2015;8292Z;Activités de conditionnement;Femmes
2015;8292Z;Activités de conditionnement;Hommes
2015;8299Z;Autres activités de soutien aux entreprises n.c.a.;Femmes
2015;8299Z;Autres activités de soutien aux entreprises n.c.a.;Hommes
2015;8411Z;Administration publique générale;Femmes
2015;8411Z;Administration publique générale;Hommes
2015;8412Z;Administration publique (tutelle) de la santé, de la formation, de la culture et des services sociaux, autre que sécurité sociale;Femmes
2015;8412Z;Administration publique (tutelle) de la santé, de la formation, de la culture et des services sociaux, autre que sécurité sociale;Hommes
2015;8413Z;Administration publique (tutelle) des activités économiques;Femmes
2015;8413Z;Administration publique (tutelle) des activités économiques;Hommes
2015;8421Z;Affaires étrangères;Femmes
2015;8421Z;Affaires étrangères;Hommes
2015;8422Z;Défense;Femmes
2015;8422Z;Défense;Hommes
2015;8423Z;Justice;Femmes
2015;8423Z;Justice;Hommes
2015;8424Z;Activités d'ordre public et de sécurité;Femmes
2015;8424Z;Activités d'ordre public et de sécurité;Hommes
2015;8425Z;Services du feu et de secours;Femmes
2015;8425Z;Services du feu et de secours;Hommes
2015;8430A;Activités générales de sécurité sociale;Femmes
2015;8430A;Activités générales de sécurité sociale;Hommes
2015;8430B;Gestion des retraites complémentaires;Femmes
2015;8430B;Gestion des retraites complémentaires;Hommes
2015;8430C;Distribution sociale de revenus;Femmes
2015;8430C;Distribution sociale de revenus;Hommes
2015;8510Z;Enseignement pré-primaire;Femmes
2015;8510Z;Enseignement pré-primaire;Hommes
2015;8520Z;Enseignement primaire;Femmes
2015;8520Z;Enseignement primaire;Hommes
2015;8531Z;Enseignement secondaire général;Femmes
2015;8531Z;Enseignement secondaire général;Hommes
2015;8532Z;Enseignement secondaire technique ou professionnel;Femmes
2015;8532Z;Enseignement secondaire technique ou professionnel;Hommes
2015;8541Z;Enseignement post-secondaire non supérieur;Femmes
2015;8541Z;Enseignement post-secondaire non supérieur;Hommes
2015;8542Z;Enseignement supérieur;Femmes
2015;8542Z;Enseignement supérieur;Hommes
2015;8551Z;Enseignement de disciplines sportives et d'activités de loisirs;Femmes
2015;8551Z;Enseignement de disciplines sportives et d'activités de loisirs;Hommes
2015;8552Z;Enseignement culturel;Femmes
2015;8552Z;Enseignement culturel;Hommes
2015;8553Z;Enseignement de la conduite;Femmes
2015;8553Z;Enseignement de la conduite;Hommes
2015;8559A;Formation continue d'adultes;Femmes
2015;8559A;Formation continue d'adultes;Hommes
2015;8559B;Autres enseignements;Femmes
2015;8559B;Autres enseignements;Hommes
2015;8560Z;Activités de soutien à l'enseignement;Femmes
2015;8560Z;Activités de soutien à l'enseignement;Hommes
2015;8610Z;Activités hospitalières;Femmes
2015;8610Z;Activités hospitalières;Hommes
2015;8621Z;Activité des médecins généralistes;Femmes
2015;8621Z;Activité des médecins généralistes;Hommes
2015;8622A;Activités de radiodiagnostic et de radiothérapie;Femmes
2015;8622A;Activités de radiodiagnostic et de radiothérapie;Hommes
2015;8622B;Activités chirurgicales;Femmes
2015;8622B;Activités chirurgicales;Hommes
2015;8622C;Autres activités des médecins spécialistes;Femmes
2015;8622C;Autres activités des médecins spécialistes;Hommes
2015;8623Z;Pratique dentaire;Femmes
2015;8623Z;Pratique dentaire;Hommes
2015;8690A;Ambulances;Femmes
2015;8690A;Ambulances;Hommes
2015;8690B;Laboratoires d'analyses médicales;Femmes
2015;8690B;Laboratoires d'analyses médicales;Hommes
2015;8690C;Centres de collecte et banques d'organes;Femmes
2015;8690C;Centres de collecte et banques d'organes;Hommes
2015;8690D;Activités des infirmiers et des sages-femmes;Femmes
2015;8690D;Activités des infirmiers et des sages-femmes;Hommes
2015;8690E;Activités des professionnels de la rééducation, de l'appareillage et des pédicures-podologues;Femmes
2015;8690E;Activités des professionnels de la rééducation, de l'appareillage et des pédicures-podologues;Hommes
2015;8690F;Activités de santé humaine non classées ailleurs;Femmes
2015;8690F;Activités de santé humaine non classées ailleurs;Hommes
2015;8710A;Hébergement médicalisé pour personnes âgées;Femmes
2015;8710A;Hébergement médicalisé pour personnes âgées;Hommes
2015;8710B;Hébergement médicalisé pour enfants handicapés;Femmes
2015;8710B;Hébergement médicalisé pour enfants handicapés;Hommes
2015;8710C;Hébergement médicalisé pour adultes handicapés et autre hébergement médicalisé;Femmes
2015;8710C;Hébergement médicalisé pour adultes handicapés et autre hébergement médicalisé;Hommes
2015;8720A;Hébergement social pour handicapés mentaux et malades mentaux;Femmes
2015;8720A;Hébergement social pour handicapés mentaux et malades mentaux;Hommes
2015;8720B;Hébergement social pour toxicomanes;Femmes
2015;8720B;Hébergement social pour toxicomanes;Hommes
2015;8730A;Hébergement social pour personnes âgées;Femmes
2015;8730A;Hébergement social pour personnes âgées;Hommes
2015;8730B;Hébergement social pour handicapés physiques;Femmes
2015;8730B;Hébergement social pour handicapés physiques;Hommes
2015;8790A;Hébergement social pour enfants en difficultés;Femmes
2015;8790A;Hébergement social pour enfants en difficultés;Hommes
2015;8790B;Hébergement social pour adultes et familles en difficultés et autre hébergement social;Femmes
2015;8790B;Hébergement social pour adultes et familles en difficultés et autre hébergement social;Hommes
2015;8810A;Aide à domicile;Femmes
2015;8810A;Aide à domicile;Hommes
2015;8810B;Accueil ou accompagnement sans hébergement d'adultes handicapés ou de personnes âgées;Femmes
2015;8810B;Accueil ou accompagnement sans hébergement d'adultes handicapés ou de personnes âgées;Hommes
2015;8810C;Aide par le travail;Femmes
2015;8810C;Aide par le travail;Hommes
2015;8891A;Accueil de jeunes enfants;Femmes
2015;8891A;Accueil de jeunes enfants;Hommes
2015;8891B;Accueil ou accompagnement sans hébergement d'enfants handicapés;Femmes
2015;8891B;Accueil ou accompagnement sans hébergement d'enfants handicapés;Hommes
2015;8899A;Autre accueil ou accompagnement sans hébergement d'enfants et d'adolescents;Femmes
2015;8899A;Autre accueil ou accompagnement sans hébergement d'enfants et d'adolescents;Hommes
2015;8899B;Action sociale sans hébergement n.c.a.;Femmes
2015;8899B;Action sociale sans hébergement n.c.a.;Hommes
2015;9001Z;Arts du spectacle vivant;Femmes
2015;9001Z;Arts du spectacle vivant;Hommes
2015;9002Z;Activités de soutien au spectacle vivant;Femmes
2015;9002Z;Activités de soutien au spectacle vivant;Hommes
2015;9003A;Création artistique relevant des arts plastiques;Femmes
2015;9003A;Création artistique relevant des arts plastiques;Hommes
2015;9003B;Autre création artistique;Femmes
2015;9003B;Autre création artistique;Hommes
2015;9004Z;Gestion de salles de spectacles;Femmes
2015;9004Z;Gestion de salles de spectacles;Hommes
2015;9101Z;Gestion des bibliothèques et des archives;Femmes
2015;9101Z;Gestion des bibliothèques et des archives;Hommes
2015;9102Z;Gestion des musées;Femmes
2015;9102Z;Gestion des musées;Hommes
2015;9103Z;Gestion des sites et monuments historiques et des attractions touristiques similaires;Femmes
2015;9103Z;Gestion des sites et monuments historiques et des attractions touristiques similaires;Hommes
2015;9104Z;Gestion des jardins botaniques et zoologiques et des réserves naturelles;Femmes
2015;9104Z;Gestion des jardins botaniques et zoologiques et des réserves naturelles;Hommes
2015;9200Z;Organisation de jeux de hasard et d'argent;Femmes
2015;9200Z;Organisation de jeux de hasard et d'argent;Hommes
2015;9311Z;Gestion d'installations sportives;Femmes
2015;9311Z;Gestion d'installations sportives;Hommes
2015;9312Z;Activités de clubs de sports;Femmes
2015;9312Z;Activités de clubs de sports;Hommes
2015;9313Z;Activités des centres de culture physique;Femmes
2015;9313Z;Activités des centres de culture physique;Hommes
2015;9319Z;Autres activités liées au sport;Femmes
2015;9319Z;Autres activités liées au sport;Hommes
2015;9321Z;Activités des parcs d'attractions et parcs à thèmes;Femmes
2015;9321Z;Activités des parcs d'attractions et parcs à thèmes;Hommes
2015;9329Z;Autres activités récréatives et de loisirs;Femmes
2015;9329Z;Autres activités récréatives et de loisirs;Hommes
2015;9411Z;Activités des organisations patronales et consulaires;Femmes
2015;9411Z;Activités des organisations patronales et consulaires;Hommes
2015;9412Z;Activités des organisations professionnelles;Femmes
2015;9412Z;Activités des organisations professionnelles;Hommes
2015;9420Z;Activités des syndicats de salariés;Femmes
2015;9420Z;Activités des syndicats de salariés;Hommes
2015;9491Z;Activités des organisations religieuses;Femmes
2015;9491Z;Activités des organisations religieuses;Hommes
2015;9492Z;Activités des organisations politiques;Femmes
2015;9492Z;Activités des organisations politiques;Hommes
2015;9499Z;Autres organisations fonctionnant par adhésion volontaire;Femmes
2015;9499Z;Autres organisations fonctionnant par adhésion volontaire;Hommes
2015;9511Z;Réparation d'ordinateurs et d'équipements périphériques;Femmes
2015;9511Z;Réparation d'ordinateurs et d'équipements périphériques;Hommes
2015;9512Z;Réparation d'équipements de communication;Femmes
2015;9512Z;Réparation d'équipements de communication;Hommes
2015;9521Z;Réparation de produits électroniques grand public;Femmes
2015;9521Z;Réparation de produits électroniques grand public;Hommes
2015;9522Z;Réparation d'appareils électroménagers et d'équipements pour la maison et le jardin;Femmes
2015;9522Z;Réparation d'appareils électroménagers et d'équipements pour la maison et le jardin;Hommes
2015;9523Z;Réparation de chaussures et d'articles en cuir;Femmes
2015;9523Z;Réparation de chaussures et d'articles en cuir;Hommes
2015;9524Z;Réparation de meubles et d'équipements du foyer;Femmes
2015;9524Z;Réparation de meubles et d'équipements du foyer;Hommes
2015;9525Z;Réparation d'articles d'horlogerie et de bijouterie;Femmes
2015;9525Z;Réparation d'articles d'horlogerie et de bijouterie;Hommes
2015;9529Z;Réparation d'autres biens personnels et domestiques;Femmes
2015;9529Z;Réparation d'autres biens personnels et domestiques;Hommes
2015;9601A;Blanchisserie-teinturerie de gros;Femmes
2015;9601A;Blanchisserie-teinturerie de gros;Hommes
2015;9601B;Blanchisserie-teinturerie de détail;Femmes
2015;9601B;Blanchisserie-teinturerie de détail;Hommes
2015;9602A;Coiffure;Femmes
2015;9602A;Coiffure;Hommes
2015;9602B;Soins de beauté;Femmes
2015;9602B;Soins de beauté;Hommes
2015;9603Z;Services funéraires;Femmes
2015;9603Z;Services funéraires;Hommes
2015;9604Z;Entretien corporel;Femmes
2015;9604Z;Entretien corporel;Hommes
2015;9609Z;Autres services personnels n.c.a.;Femmes
2015;9609Z;Autres services personnels n.c.a.;Hommes
2015;9700Z;Activités des ménages en tant qu'employeurs de personnel domestique;Femmes
2015;9700Z;Activités des ménages en tant qu'employeurs de personnel domestique;Hommes
2015;9810Z;Activités indifférenciées des ménages en tant que producteurs de biens pour usage propre;Femmes
2015;9810Z;Activités indifférenciées des ménages en tant que producteurs de biens pour usage propre;Hommes
2015;9820Z;Activités indifférenciées des ménages en tant que producteurs de services pour usage propre;Femmes
2015;9820Z;Activités indifférenciées des ménages en tant que producteurs de services pour usage propre;Hommes
2015;9900Z;Activités des organisations et organismes extraterritoriaux;Femmes
2015;9900Z;Activités des organisations et organismes extraterritoriaux;Hommes
2016;0111Z;Culture de céréales (à l'exception du riz), de légumineuses et de graines oléagineuses;Femmes
2016;0111Z;Culture de céréales (à l'exception du riz), de légumineuses et de graines oléagineuses;Hommes
2016;0112Z;Culture du riz;Femmes
2016;0112Z;Culture du riz;Hommes
2016;0113Z;Culture de légumes, de melons, de racines et de tubercules;Femmes
2016;0113Z;Culture de légumes, de melons, de racines et de tubercules;Hommes
2016;0114Z;Culture de la canne à sucre;Femmes
2016;0114Z;Culture de la canne à sucre;Hommes
2016;0115Z;Culture du tabac;Femmes
2016;0115Z;Culture du tabac;Hommes
2016;0116Z;Culture de plantes à fibres;Femmes
2016;0116Z;Culture de plantes à fibres;Hommes
2016;0119Z;Autres cultures non permanentes;Femmes
2016;0119Z;Autres cultures non permanentes;Hommes
2016;0121Z;Culture de la vigne;Femmes
2016;0121Z;Culture de la vigne;Hommes
2016;0122Z;Culture de fruits tropicaux et subtropicaux;Femmes
2016;0122Z;Culture de fruits tropicaux et subtropicaux;Hommes
2016;0123Z;Culture d'agrumes;Femmes
2016;0123Z;Culture d'agrumes;Hommes
2016;0124Z;Culture de fruits à pépins et à noyau;Femmes
2016;0124Z;Culture de fruits à pépins et à noyau;Hommes
2016;0125Z;Culture d'autres fruits d'arbres ou d'arbustes et de fruits à coque;Femmes
2016;0125Z;Culture d'autres fruits d'arbres ou d'arbustes et de fruits à coque;Hommes
2016;0126Z;Culture de fruits oléagineux;Femmes
2016;0126Z;Culture de fruits oléagineux;Hommes
2016;0127Z;Culture de plantes à boissons;Femmes
2016;0127Z;Culture de plantes à boissons;Hommes
2016;0128Z;Culture de plantes à épices, aromatiques, médicinales et pharmaceutiques;Femmes
2016;0128Z;Culture de plantes à épices, aromatiques, médicinales et pharmaceutiques;Hommes
2016;0129Z;Autres cultures permanentes;Femmes
2016;0129Z;Autres cultures permanentes;Hommes
2016;0130Z;Reproduction de plantes;Femmes
2016;0130Z;Reproduction de plantes;Hommes
2016;0141Z;Élevage de vaches laitières;Femmes
2016;0141Z;Élevage de vaches laitières;Hommes
2016;0142Z;Élevage d'autres bovins et de buffles;Femmes
2016;0142Z;Élevage d'autres bovins et de buffles;Hommes
2016;0143Z;Élevage de chevaux et d'autres équidés;Femmes
2016;0143Z;Élevage de chevaux et d'autres équidés;Hommes
2016;0144Z;Élevage de chameaux et d'autres camélidés;Femmes
2016;0144Z;Élevage de chameaux et d'autres camélidés;Hommes
2016;0145Z;Élevage d'ovins et de caprins;Femmes
2016;0145Z;Élevage d'ovins et de caprins;Hommes
2016;0146Z;Élevage de porcins;Femmes
2016;0146Z;Élevage de porcins;Hommes
2016;0147Z;Élevage de volailles;Femmes
2016;0147Z;Élevage de volailles;Hommes
2016;0149Z;Élevage d'autres animaux;Femmes
2016;0149Z;Élevage d'autres animaux;Hommes
2016;0150Z;Culture et élevage associés;Femmes
2016;0150Z;Culture et élevage associés;Hommes
2016;0161Z;Activités de soutien aux cultures;Femmes
2016;0161Z;Activités de soutien aux cultures;Hommes
2016;0162Z;Activités de soutien à la production animale;Femmes
2016;0162Z;Activités de soutien à la production animale;Hommes
2016;0163Z;Traitement primaire des récoltes;Femmes
2016;0163Z;Traitement primaire des récoltes;Hommes
2016;0164Z;Traitement des semences;Femmes
2016;0164Z;Traitement des semences;Hommes
2016;0170Z;Chasse, piégeage et services annexes;Femmes
2016;0170Z;Chasse, piégeage et services annexes;Hommes
2016;0210Z;Sylviculture et autres activités forestières;Femmes
2016;0210Z;Sylviculture et autres activités forestières;Hommes
2016;0220Z;Exploitation forestière;Femmes
2016;0220Z;Exploitation forestière;Hommes
2016;0230Z;Récolte de produits forestiers non ligneux poussant à l'état sauvage;Femmes
2016;0230Z;Récolte de produits forestiers non ligneux poussant à l'état sauvage;Hommes
2016;0240Z;Services de soutien à l'exploitation forestière;Femmes
2016;0240Z;Services de soutien à l'exploitation forestière;Hommes
2016;0311Z;Pêche en mer;Femmes
2016;0311Z;Pêche en mer;Hommes
2016;0312Z;Pêche en eau douce;Femmes
2016;0312Z;Pêche en eau douce;Hommes
2016;0321Z;Aquaculture en mer;Femmes
2016;0321Z;Aquaculture en mer;Hommes
2016;0322Z;Aquaculture en eau douce;Femmes
2016;0322Z;Aquaculture en eau douce;Hommes
2016;0510Z;Extraction de houille;Femmes
2016;0510Z;Extraction de houille;Hommes
2016;0520Z;Extraction de lignite;Femmes
2016;0520Z;Extraction de lignite;Hommes
2016;0610Z;Extraction de pétrole brut;Femmes
2016;0610Z;Extraction de pétrole brut;Hommes
2016;0620Z;Extraction de gaz naturel;Femmes
2016;0620Z;Extraction de gaz naturel;Hommes
2016;0710Z;Extraction de minerais de fer;Femmes
2016;0710Z;Extraction de minerais de fer;Hommes
2016;0721Z;Extraction de minerais d'uranium et de thorium;Femmes
2016;0721Z;Extraction de minerais d'uranium et de thorium;Hommes
2016;0729Z;Extraction d'autres minerais de métaux non ferreux;Femmes
2016;0729Z;Extraction d'autres minerais de métaux non ferreux;Hommes
2016;0811Z;Extraction de pierres ornementales et de construction, de calcaire industriel, de gypse, de craie et d'ardoise;Femmes
2016;0811Z;Extraction de pierres ornementales et de construction, de calcaire industriel, de gypse, de craie et d'ardoise;Hommes
2016;0812Z;Exploitation de gravières et sablières, extraction d'argiles et de kaolin;Femmes
2016;0812Z;Exploitation de gravières et sablières, extraction d'argiles et de kaolin;Hommes
2016;0891Z;Extraction des minéraux chimiques et d'engrais minéraux;Femmes
2016;0891Z;Extraction des minéraux chimiques et d'engrais minéraux;Hommes
2016;0892Z;Extraction de tourbe;Femmes
2016;0892Z;Extraction de tourbe;Hommes
2016;0893Z;Production de sel;Femmes
2016;0893Z;Production de sel;Hommes
2016;0899Z;Autres activités extractives n.c.a.;Femmes
2016;0899Z;Autres activités extractives n.c.a.;Hommes
2016;0910Z;Activités de soutien à l'extraction d'hydrocarbures;Femmes
2016;0910Z;Activités de soutien à l'extraction d'hydrocarbures;Hommes
2016;0990Z;Activités de soutien aux autres industries extractives;Femmes
2016;0990Z;Activités de soutien aux autres industries extractives;Hommes
2016;1011Z;Transformation et conservation de la viande de boucherie;Femmes
2016;1011Z;Transformation et conservation de la viande de boucherie;Hommes
2016;1012Z;Transformation et conservation de la viande de volaille;Femmes
2016;1012Z;Transformation et conservation de la viande de volaille;Hommes
2016;1013A;Préparation industrielle de produits à base de viande;Femmes
2016;1013A;Préparation industrielle de produits à base de viande;Hommes
2016;1013B;Charcuterie;Femmes
2016;1013B;Charcuterie;Hommes
2016;1020Z;Transformation et conservation de poisson, de crustacés et de mollusques;Femmes
2016;1020Z;Transformation et conservation de poisson, de crustacés et de mollusques;Hommes
2016;1031Z;Transformation et conservation de pommes de terre;Femmes
2016;1031Z;Transformation et conservation de pommes de terre;Hommes
2016;1032Z;Préparation de jus de fruits et légumes;Femmes
2016;1032Z;Préparation de jus de fruits et légumes;Hommes
2016;1039A;Autre transformation et conservation de légumes;Femmes
2016;1039A;Autre transformation et conservation de légumes;Hommes
2016;1039B;Transformation et conservation de fruits;Femmes
2016;1039B;Transformation et conservation de fruits;Hommes
2016;1041A;Fabrication d'huiles et graisses brutes;Femmes
2016;1041A;Fabrication d'huiles et graisses brutes;Hommes
2016;1041B;Fabrication d'huiles et graisses raffinées;Femmes
2016;1041B;Fabrication d'huiles et graisses raffinées;Hommes
2016;1042Z;Fabrication de margarine et graisses comestibles similaires;Femmes
2016;1042Z;Fabrication de margarine et graisses comestibles similaires;Hommes
2016;1051A;Fabrication de lait liquide et de produits frais;Femmes
2016;1051A;Fabrication de lait liquide et de produits frais;Hommes
2016;1051B;Fabrication de beurre;Femmes
2016;1051B;Fabrication de beurre;Hommes
2016;1051C;Fabrication de fromage;Femmes
2016;1051C;Fabrication de fromage;Hommes
2016;1051D;Fabrication d'autres produits laitiers;Femmes
2016;1051D;Fabrication d'autres produits laitiers;Hommes
2016;1052Z;Fabrication de glaces et sorbets;Femmes
2016;1052Z;Fabrication de glaces et sorbets;Hommes
2016;1061A;Meunerie;Femmes
2016;1061A;Meunerie;Hommes
2016;1061B;Autres activités du travail des grains;Femmes
2016;1061B;Autres activités du travail des grains;Hommes
2016;1062Z;Fabrication de produits amylacés;Femmes
2016;1062Z;Fabrication de produits amylacés;Hommes
2016;1071A;Fabrication industrielle de pain et de pâtisserie fraîche;Femmes
2016;1071A;Fabrication industrielle de pain et de pâtisserie fraîche;Hommes
2016;1071B;Cuisson de produits de boulangerie;Femmes
2016;1071B;Cuisson de produits de boulangerie;Hommes
2016;1071C;Boulangerie et boulangerie-pâtisserie;Femmes
2016;1071C;Boulangerie et boulangerie-pâtisserie;Hommes
2016;1071D;Pâtisserie;Femmes
2016;1071D;Pâtisserie;Hommes
2016;1072Z;Fabrication de biscuits, biscottes et pâtisseries de conservation;Femmes
2016;1072Z;Fabrication de biscuits, biscottes et pâtisseries de conservation;Hommes
2016;1073Z;Fabrication de pâtes alimentaires;Femmes
2016;1073Z;Fabrication de pâtes alimentaires;Hommes
2016;1081Z;Fabrication de sucre;Femmes
2016;1081Z;Fabrication de sucre;Hommes
2016;1082Z;Fabrication de cacao, chocolat et de produits de confiserie;Femmes
2016;1082Z;Fabrication de cacao, chocolat et de produits de confiserie;Hommes
2016;1083Z;Transformation du thé et du café;Femmes
2016;1083Z;Transformation du thé et du café;Hommes
2016;1084Z;Fabrication de condiments et assaisonnements;Femmes
2016;1084Z;Fabrication de condiments et assaisonnements;Hommes
2016;1085Z;Fabrication de plats préparés;Femmes
2016;1085Z;Fabrication de plats préparés;Hommes
2016;1086Z;Fabrication d'aliments homogénéisés et diététiques;Femmes
2016;1086Z;Fabrication d'aliments homogénéisés et diététiques;Hommes
2016;1089Z;Fabrication d'autres produits alimentaires n.c.a.;Femmes
2016;1089Z;Fabrication d'autres produits alimentaires n.c.a.;Hommes
2016;1091Z;Fabrication d'aliments pour animaux de ferme;Femmes
2016;1091Z;Fabrication d'aliments pour animaux de ferme;Hommes
2016;1092Z;Fabrication d'aliments pour animaux de compagnie;Femmes
2016;1092Z;Fabrication d'aliments pour animaux de compagnie;Hommes
2016;1101Z;Production de boissons alcooliques distillées;Femmes
2016;1101Z;Production de boissons alcooliques distillées;Hommes
2016;1102A;Fabrication de vins effervescents;Femmes
2016;1102A;Fabrication de vins effervescents;Hommes
2016;1102B;Vinification;Femmes
2016;1102B;Vinification;Hommes
2016;1103Z;Fabrication de cidre et de vins de fruits;Femmes
2016;1103Z;Fabrication de cidre et de vins de fruits;Hommes
2016;1104Z;Production d'autres boissons fermentées non distillées;Femmes
2016;1104Z;Production d'autres boissons fermentées non distillées;Hommes
2016;1105Z;Fabrication de bière;Femmes
2016;1105Z;Fabrication de bière;Hommes
2016;1106Z;Fabrication de malt;Femmes
2016;1106Z;Fabrication de malt;Hommes
2016;1107A;Industrie des eaux de table;Femmes
2016;1107A;Industrie des eaux de table;Hommes
2016;1107B;Production de boissons rafraîchissantes;Femmes
2016;1107B;Production de boissons rafraîchissantes;Hommes
2016;1200Z;Fabrication de produits à base de tabac;Femmes
2016;1200Z;Fabrication de produits à base de tabac;Hommes
2016;1310Z;Préparation de fibres textiles et filature;Femmes
2016;1310Z;Préparation de fibres textiles et filature;Hommes
2016;1320Z;Tissage;Femmes
2016;1320Z;Tissage;Hommes
2016;1330Z;Ennoblissement textile;Femmes
2016;1330Z;Ennoblissement textile;Hommes
2016;1391Z;Fabrication d'étoffes à mailles;Femmes
2016;1391Z;Fabrication d'étoffes à mailles;Hommes
2016;1392Z;Fabrication d'articles textiles, sauf habillement;Femmes
2016;1392Z;Fabrication d'articles textiles, sauf habillement;Hommes
2016;1393Z;Fabrication de tapis et moquettes;Femmes
2016;1393Z;Fabrication de tapis et moquettes;Hommes
2016;1394Z;Fabrication de ficelles, cordes et filets;Femmes
2016;1394Z;Fabrication de ficelles, cordes et filets;Hommes
2016;1395Z;Fabrication de non-tissés, sauf habillement;Femmes
2016;1395Z;Fabrication de non-tissés, sauf habillement;Hommes
2016;1396Z;Fabrication d'autres textiles techniques et industriels;Femmes
2016;1396Z;Fabrication d'autres textiles techniques et industriels;Hommes
2016;1399Z;Fabrication d'autres textiles n.c.a.;Femmes
2016;1399Z;Fabrication d'autres textiles n.c.a.;Hommes
2016;1411Z;Fabrication de vêtements en cuir;Femmes
2016;1411Z;Fabrication de vêtements en cuir;Hommes
2016;1412Z;Fabrication de vêtements de travail;Femmes
2016;1412Z;Fabrication de vêtements de travail;Hommes
2016;1413Z;Fabrication de vêtements de dessus;Femmes
2016;1413Z;Fabrication de vêtements de dessus;Hommes
2016;1414Z;Fabrication de vêtements de dessous;Femmes
2016;1414Z;Fabrication de vêtements de dessous;Hommes
2016;1419Z;Fabrication d'autres vêtements et accessoires;Femmes
2016;1419Z;Fabrication d'autres vêtements et accessoires;Hommes
2016;1420Z;Fabrication d'articles en fourrure;Femmes
2016;1420Z;Fabrication d'articles en fourrure;Hommes
2016;1431Z;Fabrication d'articles chaussants à mailles;Femmes
2016;1431Z;Fabrication d'articles chaussants à mailles;Hommes
2016;1439Z;Fabrication d'autres articles à mailles;Femmes
2016;1439Z;Fabrication d'autres articles à mailles;Hommes
2016;1511Z;"Apprêt et tannage des cuirs ; préparation et teinture des fourrures";Femmes
2016;1511Z;"Apprêt et tannage des cuirs ; préparation et teinture des fourrures";Hommes
2016;1512Z;Fabrication d'articles de voyage, de maroquinerie et de sellerie;Femmes
2016;1512Z;Fabrication d'articles de voyage, de maroquinerie et de sellerie;Hommes
2016;1520Z;Fabrication de chaussures;Femmes
2016;1520Z;Fabrication de chaussures;Hommes
2016;1610A;Sciage et rabotage du bois, hors imprégnation;Femmes
2016;1610A;Sciage et rabotage du bois, hors imprégnation;Hommes
2016;1610B;Imprégnation du bois;Femmes
2016;1610B;Imprégnation du bois;Hommes
2016;1621Z;Fabrication de placage et de panneaux de bois;Femmes
2016;1621Z;Fabrication de placage et de panneaux de bois;Hommes
2016;1622Z;Fabrication de parquets assemblés;Femmes
2016;1622Z;Fabrication de parquets assemblés;Hommes
2016;1623Z;Fabrication de charpentes et d'autres menuiseries;Femmes
2016;1623Z;Fabrication de charpentes et d'autres menuiseries;Hommes
2016;1624Z;Fabrication d'emballages en bois;Femmes
2016;1624Z;Fabrication d'emballages en bois;Hommes
2016;1629Z;"Fabrication d'objets divers en bois ; fabrication d'objets en liège, vannerie et sparterie";Femmes
2016;1629Z;"Fabrication d'objets divers en bois ; fabrication d'objets en liège, vannerie et sparterie";Hommes
2016;1711Z;Fabrication de pâte à papier;Femmes
2016;1711Z;Fabrication de pâte à papier;Hommes
2016;1712Z;Fabrication de papier et de carton;Femmes
2016;1712Z;Fabrication de papier et de carton;Hommes
2016;1721A;Fabrication de carton ondulé;Femmes
2016;1721A;Fabrication de carton ondulé;Hommes
2016;1721B;Fabrication de cartonnages;Femmes
2016;1721B;Fabrication de cartonnages;Hommes
2016;1721C;Fabrication d'emballages en papier;Femmes
2016;1721C;Fabrication d'emballages en papier;Hommes
2016;1722Z;Fabrication d'articles en papier à usage sanitaire ou domestique;Femmes
2016;1722Z;Fabrication d'articles en papier à usage sanitaire ou domestique;Hommes
2016;1723Z;Fabrication d'articles de papeterie;Femmes
2016;1723Z;Fabrication d'articles de papeterie;Hommes
2016;1724Z;Fabrication de papiers peints;Femmes
2016;1724Z;Fabrication de papiers peints;Hommes
2016;1729Z;Fabrication d'autres articles en papier ou en carton;Femmes
2016;1729Z;Fabrication d'autres articles en papier ou en carton;Hommes
2016;1811Z;Imprimerie de journaux;Femmes
2016;1811Z;Imprimerie de journaux;Hommes
2016;1812Z;Autre imprimerie (labeur);Femmes
2016;1812Z;Autre imprimerie (labeur);Hommes
2016;1813Z;Activités de pré-presse;Femmes
2016;1813Z;Activités de pré-presse;Hommes
2016;1814Z;Reliure et activités connexes;Femmes
2016;1814Z;Reliure et activités connexes;Hommes
2016;1820Z;Reproduction d'enregistrements;Femmes
2016;1820Z;Reproduction d'enregistrements;Hommes
2016;1910Z;Cokéfaction;Femmes
2016;1910Z;Cokéfaction;Hommes
2016;1920Z;Raffinage du pétrole;Femmes
2016;1920Z;Raffinage du pétrole;Hommes
2016;2011Z;Fabrication de gaz industriels;Femmes
2016;2011Z;Fabrication de gaz industriels;Hommes
2016;2012Z;Fabrication de colorants et de pigments;Femmes
2016;2012Z;Fabrication de colorants et de pigments;Hommes
2016;2013A;Enrichissement et retraitement de matières nucléaires;Femmes
2016;2013A;Enrichissement et retraitement de matières nucléaires;Hommes
2016;2013B;Fabrication d'autres produits chimiques inorganiques de base n.c.a.;Femmes
2016;2013B;Fabrication d'autres produits chimiques inorganiques de base n.c.a.;Hommes
2016;2014Z;Fabrication d'autres produits chimiques organiques de base;Femmes
2016;2014Z;Fabrication d'autres produits chimiques organiques de base;Hommes
2016;2015Z;Fabrication de produits azotés et d'engrais;Femmes
2016;2015Z;Fabrication de produits azotés et d'engrais;Hommes
2016;2016Z;Fabrication de matières plastiques de base;Femmes
2016;2016Z;Fabrication de matières plastiques de base;Hommes
2016;2017Z;Fabrication de caoutchouc synthétique;Femmes
2016;2017Z;Fabrication de caoutchouc synthétique;Hommes
2016;2020Z;Fabrication de pesticides et d'autres produits agrochimiques;Femmes
2016;2020Z;Fabrication de pesticides et d'autres produits agrochimiques;Hommes
2016;2030Z;Fabrication de peintures, vernis, encres et mastics;Femmes
2016;2030Z;Fabrication de peintures, vernis, encres et mastics;Hommes
2016;2041Z;Fabrication de savons, détergents et produits d'entretien;Femmes
2016;2041Z;Fabrication de savons, détergents et produits d'entretien;Hommes
2016;2042Z;Fabrication de parfums et de produits pour la toilette;Femmes
2016;2042Z;Fabrication de parfums et de produits pour la toilette;Hommes
2016;2051Z;Fabrication de produits explosifs;Femmes
2016;2051Z;Fabrication de produits explosifs;Hommes
2016;2052Z;Fabrication de colles;Femmes
2016;2052Z;Fabrication de colles;Hommes
2016;2053Z;Fabrication d'huiles essentielles;Femmes
2016;2053Z;Fabrication d'huiles essentielles;Hommes
2016;2059Z;Fabrication d'autres produits chimiques n.c.a.;Femmes
2016;2059Z;Fabrication d'autres produits chimiques n.c.a.;Hommes
2016;2060Z;Fabrication de fibres artificielles ou synthétiques;Femmes
2016;2060Z;Fabrication de fibres artificielles ou synthétiques;Hommes
2016;2110Z;Fabrication de produits pharmaceutiques de base;Femmes
2016;2110Z;Fabrication de produits pharmaceutiques de base;Hommes
2016;2120Z;Fabrication de préparations pharmaceutiques;Femmes
2016;2120Z;Fabrication de préparations pharmaceutiques;Hommes
2016;2211Z;Fabrication et rechapage de pneumatiques;Femmes
2016;2211Z;Fabrication et rechapage de pneumatiques;Hommes
2016;2219Z;Fabrication d'autres articles en caoutchouc;Femmes
2016;2219Z;Fabrication d'autres articles en caoutchouc;Hommes
2016;2221Z;Fabrication de plaques, feuilles, tubes et profilés en matières plastiques;Femmes
2016;2221Z;Fabrication de plaques, feuilles, tubes et profilés en matières plastiques;Hommes
2016;2222Z;Fabrication d'emballages en matières plastiques;Femmes
2016;2222Z;Fabrication d'emballages en matières plastiques;Hommes
2016;2223Z;Fabrication d'éléments en matières plastiques pour la construction;Femmes
2016;2223Z;Fabrication d'éléments en matières plastiques pour la construction;Hommes
2016;2229A;Fabrication de pièces techniques à base de matières plastiques;Femmes
2016;2229A;Fabrication de pièces techniques à base de matières plastiques;Hommes
2016;2229B;Fabrication de produits de consommation courante en matières plastiques;Femmes
2016;2229B;Fabrication de produits de consommation courante en matières plastiques;Hommes
2016;2311Z;Fabrication de verre plat;Femmes
2016;2311Z;Fabrication de verre plat;Hommes
2016;2312Z;Façonnage et transformation du verre plat;Femmes
2016;2312Z;Façonnage et transformation du verre plat;Hommes
2016;2313Z;Fabrication de verre creux;Femmes
2016;2313Z;Fabrication de verre creux;Hommes
2016;2314Z;Fabrication de fibres de verre;Femmes
2016;2314Z;Fabrication de fibres de verre;Hommes
2016;2319Z;Fabrication et façonnage d'autres articles en verre, y compris verre technique;Femmes
2016;2319Z;Fabrication et façonnage d'autres articles en verre, y compris verre technique;Hommes
2016;2320Z;Fabrication de produits réfractaires;Femmes
2016;2320Z;Fabrication de produits réfractaires;Hommes
2016;2331Z;Fabrication de carreaux en céramique;Femmes
2016;2331Z;Fabrication de carreaux en céramique;Hommes
2016;2332Z;Fabrication de briques, tuiles et produits de construction, en terre cuite;Femmes
2016;2332Z;Fabrication de briques, tuiles et produits de construction, en terre cuite;Hommes
2016;2341Z;Fabrication d'articles céramiques à usage domestique ou ornemental;Femmes
2016;2341Z;Fabrication d'articles céramiques à usage domestique ou ornemental;Hommes
2016;2342Z;Fabrication d'appareils sanitaires en céramique;Femmes
2016;2342Z;Fabrication d'appareils sanitaires en céramique;Hommes
2016;2343Z;Fabrication d'isolateurs et pièces isolantes en céramique;Femmes
2016;2343Z;Fabrication d'isolateurs et pièces isolantes en céramique;Hommes
2016;2344Z;Fabrication d'autres produits céramiques à usage technique;Femmes
2016;2344Z;Fabrication d'autres produits céramiques à usage technique;Hommes
2016;2349Z;Fabrication d'autres produits céramiques;Femmes
2016;2349Z;Fabrication d'autres produits céramiques;Hommes
2016;2351Z;Fabrication de ciment;Femmes
2016;2351Z;Fabrication de ciment;Hommes
2016;2352Z;Fabrication de chaux et plâtre;Femmes
2016;2352Z;Fabrication de chaux et plâtre;Hommes
2016;2361Z;Fabrication d'éléments en béton pour la construction;Femmes
2016;2361Z;Fabrication d'éléments en béton pour la construction;Hommes
2016;2362Z;Fabrication d'éléments en plâtre pour la construction;Femmes
2016;2362Z;Fabrication d'éléments en plâtre pour la construction;Hommes
2016;2363Z;Fabrication de béton prêt à l'emploi;Femmes
2016;2363Z;Fabrication de béton prêt à l'emploi;Hommes
2016;2364Z;Fabrication de mortiers et bétons secs;Femmes
2016;2364Z;Fabrication de mortiers et bétons secs;Hommes
2016;2365Z;Fabrication d'ouvrages en fibre-ciment;Femmes
2016;2365Z;Fabrication d'ouvrages en fibre-ciment;Hommes
2016;2369Z;Fabrication d'autres ouvrages en béton, en ciment ou en plâtre;Femmes
2016;2369Z;Fabrication d'autres ouvrages en béton, en ciment ou en plâtre;Hommes
2016;2370Z;Taille, façonnage et finissage de pierres;Femmes
2016;2370Z;Taille, façonnage et finissage de pierres;Hommes
2016;2391Z;Fabrication de produits abrasifs;Femmes
2016;2391Z;Fabrication de produits abrasifs;Hommes
2016;2399Z;Fabrication d'autres produits minéraux non métalliques n.c.a.;Femmes
2016;2399Z;Fabrication d'autres produits minéraux non métalliques n.c.a.;Hommes
2016;2410Z;Sidérurgie;Femmes
2016;2410Z;Sidérurgie;Hommes
2016;2420Z;Fabrication de tubes, tuyaux, profilés creux et accessoires correspondants en acier;Femmes
2016;2420Z;Fabrication de tubes, tuyaux, profilés creux et accessoires correspondants en acier;Hommes
2016;2431Z;Étirage à froid de barres;Femmes
2016;2431Z;Étirage à froid de barres;Hommes
2016;2432Z;Laminage à froid de feuillards;Femmes
2016;2432Z;Laminage à froid de feuillards;Hommes
2016;2433Z;Profilage à froid par formage ou pliage;Femmes
2016;2433Z;Profilage à froid par formage ou pliage;Hommes
2016;2434Z;Tréfilage à froid;Femmes
2016;2434Z;Tréfilage à froid;Hommes
2016;2441Z;Production de métaux précieux;Femmes
2016;2441Z;Production de métaux précieux;Hommes
2016;2442Z;Métallurgie de l'aluminium;Femmes
2016;2442Z;Métallurgie de l'aluminium;Hommes
2016;2443Z;Métallurgie du plomb, du zinc ou de l'étain;Femmes
2016;2443Z;Métallurgie du plomb, du zinc ou de l'étain;Hommes
2016;2444Z;Métallurgie du cuivre;Femmes
2016;2444Z;Métallurgie du cuivre;Hommes
2016;2445Z;Métallurgie des autres métaux non ferreux;Femmes
2016;2445Z;Métallurgie des autres métaux non ferreux;Hommes
2016;2446Z;Élaboration et transformation de matières nucléaires;Femmes
2016;2446Z;Élaboration et transformation de matières nucléaires;Hommes
2016;2451Z;Fonderie de fonte;Femmes
2016;2451Z;Fonderie de fonte;Hommes
2016;2452Z;Fonderie d'acier;Femmes
2016;2452Z;Fonderie d'acier;Hommes
2016;2453Z;Fonderie de métaux légers;Femmes
2016;2453Z;Fonderie de métaux légers;Hommes
2016;2454Z;Fonderie d'autres métaux non ferreux;Femmes
2016;2454Z;Fonderie d'autres métaux non ferreux;Hommes
2016;2511Z;Fabrication de structures métalliques et de parties de structures;Femmes
2016;2511Z;Fabrication de structures métalliques et de parties de structures;Hommes
2016;2512Z;Fabrication de portes et fenêtres en métal;Femmes
2016;2512Z;Fabrication de portes et fenêtres en métal;Hommes
2016;2521Z;Fabrication de radiateurs et de chaudières pour le chauffage central;Femmes
2016;2521Z;Fabrication de radiateurs et de chaudières pour le chauffage central;Hommes
2016;2529Z;Fabrication d'autres réservoirs, citernes et conteneurs métalliques;Femmes
2016;2529Z;Fabrication d'autres réservoirs, citernes et conteneurs métalliques;Hommes
2016;2530Z;Fabrication de générateurs de vapeur, à l'exception des chaudières pour le chauffage central;Femmes
2016;2530Z;Fabrication de générateurs de vapeur, à l'exception des chaudières pour le chauffage central;Hommes
2016;2540Z;Fabrication d'armes et de munitions;Femmes
2016;2540Z;Fabrication d'armes et de munitions;Hommes
2016;2550A;"Forge, estampage, matriçage ; métallurgie des poudres";Femmes
2016;2550A;"Forge, estampage, matriçage ; métallurgie des poudres";Hommes
2016;2550B;Découpage, emboutissage;Femmes
2016;2550B;Découpage, emboutissage;Hommes
2016;2561Z;Traitement et revêtement des métaux;Femmes
2016;2561Z;Traitement et revêtement des métaux;Hommes
2016;2562A;Décolletage;Femmes
2016;2562A;Décolletage;Hommes
2016;2562B;Mécanique industrielle;Femmes
2016;2562B;Mécanique industrielle;Hommes
2016;2571Z;Fabrication de coutellerie;Femmes
2016;2571Z;Fabrication de coutellerie;Hommes
2016;2572Z;Fabrication de serrures et de ferrures;Femmes
2016;2572Z;Fabrication de serrures et de ferrures;Hommes
2016;2573A;Fabrication de moules et modèles;Femmes
2016;2573A;Fabrication de moules et modèles;Hommes
2016;2573B;Fabrication d'autres outillages;Femmes
2016;2573B;Fabrication d'autres outillages;Hommes
2016;2591Z;Fabrication de fûts et emballages métalliques similaires;Femmes
2016;2591Z;Fabrication de fûts et emballages métalliques similaires;Hommes
2016;2592Z;Fabrication d'emballages métalliques légers;Femmes
2016;2592Z;Fabrication d'emballages métalliques légers;Hommes
2016;2593Z;Fabrication d'articles en fils métalliques, de chaînes et de ressorts;Femmes
2016;2593Z;Fabrication d'articles en fils métalliques, de chaînes et de ressorts;Hommes
2016;2594Z;Fabrication de vis et de boulons;Femmes
2016;2594Z;Fabrication de vis et de boulons;Hommes
2016;2599A;Fabrication d'articles métalliques ménagers;Femmes
2016;2599A;Fabrication d'articles métalliques ménagers;Hommes
2016;2599B;Fabrication d'autres articles métalliques;Femmes
2016;2599B;Fabrication d'autres articles métalliques;Hommes
2016;2611Z;Fabrication de composants électroniques;Femmes
2016;2611Z;Fabrication de composants électroniques;Hommes
2016;2612Z;Fabrication de cartes électroniques assemblées;Femmes
2016;2612Z;Fabrication de cartes électroniques assemblées;Hommes
2016;2620Z;Fabrication d'ordinateurs et d'équipements périphériques;Femmes
2016;2620Z;Fabrication d'ordinateurs et d'équipements périphériques;Hommes
2016;2630Z;Fabrication d'équipements de communication;Femmes
2016;2630Z;Fabrication d'équipements de communication;Hommes
2016;2640Z;Fabrication de produits électroniques grand public;Femmes
2016;2640Z;Fabrication de produits électroniques grand public;Hommes
2016;2651A;Fabrication d'équipements d'aide à la navigation;Femmes
2016;2651A;Fabrication d'équipements d'aide à la navigation;Hommes
2016;2651B;Fabrication d'instrumentation scientifique et technique;Femmes
2016;2651B;Fabrication d'instrumentation scientifique et technique;Hommes
2016;2652Z;Horlogerie;Femmes
2016;2652Z;Horlogerie;Hommes
2016;2660Z;Fabrication d'équipements d'irradiation médicale, d'équipements électromédicaux et électrothérapeutiques;Femmes
2016;2660Z;Fabrication d'équipements d'irradiation médicale, d'équipements électromédicaux et électrothérapeutiques;Hommes
2016;2670Z;Fabrication de matériels optique et photographique;Femmes
2016;2670Z;Fabrication de matériels optique et photographique;Hommes
2016;2680Z;Fabrication de supports magnétiques et optiques;Femmes
2016;2680Z;Fabrication de supports magnétiques et optiques;Hommes
2016;2711Z;Fabrication de moteurs, génératrices et transformateurs électriques;Femmes
2016;2711Z;Fabrication de moteurs, génératrices et transformateurs électriques;Hommes
2016;2712Z;Fabrication de matériel de distribution et de commande électrique;Femmes
2016;2712Z;Fabrication de matériel de distribution et de commande électrique;Hommes
2016;2720Z;Fabrication de piles et d'accumulateurs électriques;Femmes
2016;2720Z;Fabrication de piles et d'accumulateurs électriques;Hommes
2016;2731Z;Fabrication de câbles de fibres optiques;Femmes
2016;2731Z;Fabrication de câbles de fibres optiques;Hommes
2016;2732Z;Fabrication d'autres fils et câbles électroniques ou électriques;Femmes
2016;2732Z;Fabrication d'autres fils et câbles électroniques ou électriques;Hommes
2016;2733Z;Fabrication de matériel d'installation électrique;Femmes
2016;2733Z;Fabrication de matériel d'installation électrique;Hommes
2016;2740Z;Fabrication d'appareils d'éclairage électrique;Femmes
2016;2740Z;Fabrication d'appareils d'éclairage électrique;Hommes
2016;2751Z;Fabrication d'appareils électroménagers;Femmes
2016;2751Z;Fabrication d'appareils électroménagers;Hommes
2016;2752Z;Fabrication d'appareils ménagers non électriques;Femmes
2016;2752Z;Fabrication d'appareils ménagers non électriques;Hommes
2016;2790Z;Fabrication d'autres matériels électriques;Femmes
2016;2790Z;Fabrication d'autres matériels électriques;Hommes
2016;2811Z;Fabrication de moteurs et turbines, à l'exception des moteurs d'avions et de véhicules;Femmes
2016;2811Z;Fabrication de moteurs et turbines, à l'exception des moteurs d'avions et de véhicules;Hommes
2016;2812Z;Fabrication d'équipements hydrauliques et pneumatiques;Femmes
2016;2812Z;Fabrication d'équipements hydrauliques et pneumatiques;Hommes
2016;2813Z;Fabrication d'autres pompes et compresseurs;Femmes
2016;2813Z;Fabrication d'autres pompes et compresseurs;Hommes
2016;2814Z;Fabrication d'autres articles de robinetterie;Femmes
2016;2814Z;Fabrication d'autres articles de robinetterie;Hommes
2016;2815Z;Fabrication d'engrenages et d'organes mécaniques de transmission;Femmes
2016;2815Z;Fabrication d'engrenages et d'organes mécaniques de transmission;Hommes
2016;2821Z;Fabrication de fours et brûleurs;Femmes
2016;2821Z;Fabrication de fours et brûleurs;Hommes
2016;2822Z;Fabrication de matériel de levage et de manutention;Femmes
2016;2822Z;Fabrication de matériel de levage et de manutention;Hommes
2016;2823Z;Fabrication de machines et d'équipements de bureau (à l'exception des ordinateurs et équipements périphériques);Femmes
2016;2823Z;Fabrication de machines et d'équipements de bureau (à l'exception des ordinateurs et équipements périphériques);Hommes
2016;2824Z;Fabrication d'outillage portatif à moteur incorporé;Femmes
2016;2824Z;Fabrication d'outillage portatif à moteur incorporé;Hommes
2016;2825Z;Fabrication d'équipements aérauliques et frigorifiques industriels;Femmes
2016;2825Z;Fabrication d'équipements aérauliques et frigorifiques industriels;Hommes
2016;2829A;Fabrication d'équipements d'emballage, de conditionnement et de pesage;Femmes
2016;2829A;Fabrication d'équipements d'emballage, de conditionnement et de pesage;Hommes
2016;2829B;Fabrication d'autres machines d'usage général;Femmes
2016;2829B;Fabrication d'autres machines d'usage général;Hommes
2016;2830Z;Fabrication de machines agricoles et forestières;Femmes
2016;2830Z;Fabrication de machines agricoles et forestières;Hommes
2016;2841Z;Fabrication de machines-outils pour le travail des métaux;Femmes
2016;2841Z;Fabrication de machines-outils pour le travail des métaux;Hommes
2016;2849Z;Fabrication d'autres machines-outils;Femmes
2016;2849Z;Fabrication d'autres machines-outils;Hommes
2016;2891Z;Fabrication de machines pour la métallurgie;Femmes
2016;2891Z;Fabrication de machines pour la métallurgie;Hommes
2016;2892Z;Fabrication de machines pour l'extraction ou la construction;Femmes
2016;2892Z;Fabrication de machines pour l'extraction ou la construction;Hommes
2016;2893Z;Fabrication de machines pour l'industrie agro-alimentaire;Femmes
2016;2893Z;Fabrication de machines pour l'industrie agro-alimentaire;Hommes
2016;2894Z;Fabrication de machines pour les industries textiles;Femmes
2016;2894Z;Fabrication de machines pour les industries textiles;Hommes
2016;2895Z;Fabrication de machines pour les industries du papier et du carton;Femmes
2016;2895Z;Fabrication de machines pour les industries du papier et du carton;Hommes
2016;2896Z;Fabrication de machines pour le travail du caoutchouc ou des plastiques;Femmes
2016;2896Z;Fabrication de machines pour le travail du caoutchouc ou des plastiques;Hommes
2016;2899A;Fabrication de machines d'imprimerie;Femmes
2016;2899A;Fabrication de machines d'imprimerie;Hommes
2016;2899B;Fabrication d'autres machines spécialisées;Femmes
2016;2899B;Fabrication d'autres machines spécialisées;Hommes
2016;2910Z;Construction de véhicules automobiles;Femmes
2016;2910Z;Construction de véhicules automobiles;Hommes
2016;2920Z;Fabrication de carrosseries et remorques;Femmes
2016;2920Z;Fabrication de carrosseries et remorques;Hommes
2016;2931Z;Fabrication d'équipements électriques et électroniques automobiles;Femmes
2016;2931Z;Fabrication d'équipements électriques et électroniques automobiles;Hommes
2016;2932Z;Fabrication d'autres équipements automobiles;Femmes
2016;2932Z;Fabrication d'autres équipements automobiles;Hommes
2016;3011Z;Construction de navires et de structures flottantes;Femmes
2016;3011Z;Construction de navires et de structures flottantes;Hommes
2016;3012Z;Construction de bateaux de plaisance;Femmes
2016;3012Z;Construction de bateaux de plaisance;Hommes
2016;3020Z;Construction de locomotives et d'autre matériel ferroviaire roulant;Femmes
2016;3020Z;Construction de locomotives et d'autre matériel ferroviaire roulant;Hommes
2016;3030Z;Construction aéronautique et spatiale;Femmes
2016;3030Z;Construction aéronautique et spatiale;Hommes
2016;3040Z;Construction de véhicules militaires de combat;Femmes
2016;3040Z;Construction de véhicules militaires de combat;Hommes
2016;3091Z;Fabrication de motocycles;Femmes
2016;3091Z;Fabrication de motocycles;Hommes
2016;3092Z;Fabrication de bicyclettes et de véhicules pour invalides;Femmes
2016;3092Z;Fabrication de bicyclettes et de véhicules pour invalides;Hommes
2016;3099Z;Fabrication d'autres équipements de transport n.c.a.;Femmes
2016;3099Z;Fabrication d'autres équipements de transport n.c.a.;Hommes
2016;3101Z;Fabrication de meubles de bureau et de magasin;Femmes
2016;3101Z;Fabrication de meubles de bureau et de magasin;Hommes
2016;3102Z;Fabrication de meubles de cuisine;Femmes
2016;3102Z;Fabrication de meubles de cuisine;Hommes
2016;3103Z;Fabrication de matelas;Femmes
2016;3103Z;Fabrication de matelas;Hommes
2016;3109A;Fabrication de sièges d'ameublement d'intérieur;Femmes
2016;3109A;Fabrication de sièges d'ameublement d'intérieur;Hommes
2016;3109B;Fabrication d'autres meubles et industries connexes de l'ameublement;Femmes
2016;3109B;Fabrication d'autres meubles et industries connexes de l'ameublement;Hommes
2016;3211Z;Frappe de monnaie;Femmes
2016;3211Z;Frappe de monnaie;Hommes
2016;3212Z;Fabrication d'articles de joaillerie et bijouterie;Femmes
2016;3212Z;Fabrication d'articles de joaillerie et bijouterie;Hommes
2016;3213Z;Fabrication d'articles de bijouterie fantaisie et articles similaires;Femmes
2016;3213Z;Fabrication d'articles de bijouterie fantaisie et articles similaires;Hommes
2016;3220Z;Fabrication d'instruments de musique;Femmes
2016;3220Z;Fabrication d'instruments de musique;Hommes
2016;3230Z;Fabrication d'articles de sport;Femmes
2016;3230Z;Fabrication d'articles de sport;Hommes
2016;3240Z;Fabrication de jeux et jouets;Femmes
2016;3240Z;Fabrication de jeux et jouets;Hommes
2016;3250A;Fabrication de matériel médico-chirurgical et dentaire;Femmes
2016;3250A;Fabrication de matériel médico-chirurgical et dentaire;Hommes
2016;3250B;Fabrication de lunettes;Femmes
2016;3250B;Fabrication de lunettes;Hommes
2016;3291Z;Fabrication d'articles de brosserie;Femmes
2016;3291Z;Fabrication d'articles de brosserie;Hommes
2016;3299Z;Autres activités manufacturières n.c.a.;Femmes
2016;3299Z;Autres activités manufacturières n.c.a.;Hommes
2016;3311Z;Réparation d'ouvrages en métaux;Femmes
2016;3311Z;Réparation d'ouvrages en métaux;Hommes
2016;3312Z;Réparation de machines et équipements mécaniques;Femmes
2016;3312Z;Réparation de machines et équipements mécaniques;Hommes
2016;3313Z;Réparation de matériels électroniques et optiques;Femmes
2016;3313Z;Réparation de matériels électroniques et optiques;Hommes
2016;3314Z;Réparation d'équipements électriques;Femmes
2016;3314Z;Réparation d'équipements électriques;Hommes
2016;3315Z;Réparation et maintenance navale;Femmes
2016;3315Z;Réparation et maintenance navale;Hommes
2016;3316Z;Réparation et maintenance d'aéronefs et d'engins spatiaux;Femmes
2016;3316Z;Réparation et maintenance d'aéronefs et d'engins spatiaux;Hommes
2016;3317Z;Réparation et maintenance d'autres équipements de transport;Femmes
2016;3317Z;Réparation et maintenance d'autres équipements de transport;Hommes
2016;3319Z;Réparation d'autres équipements;Femmes
2016;3319Z;Réparation d'autres équipements;Hommes
2016;3320A;Installation de structures métalliques, chaudronnées et de tuyauterie;Femmes
2016;3320A;Installation de structures métalliques, chaudronnées et de tuyauterie;Hommes
2016;3320B;Installation de machines et équipements mécaniques;Femmes
2016;3320B;Installation de machines et équipements mécaniques;Hommes
2016;3320C;Conception d'ensemble et assemblage sur site industriel d'équipements de contrôle des processus industriels;Femmes
2016;3320C;Conception d'ensemble et assemblage sur site industriel d'équipements de contrôle des processus industriels;Hommes
2016;3320D;Installation d'équipements électriques, de matériels électroniques et optiques ou d'autres matériels;Femmes
2016;3320D;Installation d'équipements électriques, de matériels électroniques et optiques ou d'autres matériels;Hommes
2016;3511Z;Production d'électricité;Femmes
2016;3511Z;Production d'électricité;Hommes
2016;3512Z;Transport d'électricité;Femmes
2016;3512Z;Transport d'électricité;Hommes
2016;3513Z;Distribution d'électricité;Femmes
2016;3513Z;Distribution d'électricité;Hommes
2016;3514Z;Commerce d'électricité;Femmes
2016;3514Z;Commerce d'électricité;Hommes
2016;3521Z;Production de combustibles gazeux;Femmes
2016;3521Z;Production de combustibles gazeux;Hommes
2016;3522Z;Distribution de combustibles gazeux par conduites;Femmes
2016;3522Z;Distribution de combustibles gazeux par conduites;Hommes
2016;3523Z;Commerce de combustibles gazeux par conduites;Femmes
2016;3523Z;Commerce de combustibles gazeux par conduites;Hommes
2016;3530Z;Production et distribution de vapeur et d'air conditionné;Femmes
2016;3530Z;Production et distribution de vapeur et d'air conditionné;Hommes
2016;3600Z;Captage, traitement et distribution d'eau;Femmes
2016;3600Z;Captage, traitement et distribution d'eau;Hommes
2016;3700Z;Collecte et traitement des eaux usées;Femmes
2016;3700Z;Collecte et traitement des eaux usées;Hommes
2016;3811Z;Collecte des déchets non dangereux;Femmes
2016;3811Z;Collecte des déchets non dangereux;Hommes
2016;3812Z;Collecte des déchets dangereux;Femmes
2016;3812Z;Collecte des déchets dangereux;Hommes
2016;3821Z;Traitement et élimination des déchets non dangereux;Femmes
2016;3821Z;Traitement et élimination des déchets non dangereux;Hommes
2016;3822Z;Traitement et élimination des déchets dangereux;Femmes
2016;3822Z;Traitement et élimination des déchets dangereux;Hommes
2016;3831Z;Démantèlement d'épaves;Femmes
2016;3831Z;Démantèlement d'épaves;Hommes
2016;3832Z;Récupération de déchets triés;Femmes
2016;3832Z;Récupération de déchets triés;Hommes
2016;3900Z;Dépollution et autres services de gestion des déchets;Femmes
2016;3900Z;Dépollution et autres services de gestion des déchets;Hommes
2016;4110A;Promotion immobilière de logements;Femmes
2016;4110A;Promotion immobilière de logements;Hommes
2016;4110B;Promotion immobilière de bureaux;Femmes
2016;4110B;Promotion immobilière de bureaux;Hommes
2016;4110C;Promotion immobilière d'autres bâtiments;Femmes
2016;4110C;Promotion immobilière d'autres bâtiments;Hommes
2016;4110D;Supports juridiques de programmes;Femmes
2016;4110D;Supports juridiques de programmes;Hommes
2016;4120A;Construction de maisons individuelles;Femmes
2016;4120A;Construction de maisons individuelles;Hommes
2016;4120B;Construction d'autres bâtiments;Femmes
2016;4120B;Construction d'autres bâtiments;Hommes
2016;4211Z;Construction de routes et autoroutes;Femmes
2016;4211Z;Construction de routes et autoroutes;Hommes
2016;4212Z;Construction de voies ferrées de surface et souterraines;Femmes
2016;4212Z;Construction de voies ferrées de surface et souterraines;Hommes
2016;4213A;Construction d'ouvrages d'art;Femmes
2016;4213A;Construction d'ouvrages d'art;Hommes
2016;4213B;Construction et entretien de tunnels;Femmes
2016;4213B;Construction et entretien de tunnels;Hommes
2016;4221Z;Construction de réseaux pour fluides;Femmes
2016;4221Z;Construction de réseaux pour fluides;Hommes
2016;4222Z;Construction de réseaux électriques et de télécommunications;Femmes
2016;4222Z;Construction de réseaux électriques et de télécommunications;Hommes
2016;4291Z;Construction d'ouvrages maritimes et fluviaux;Femmes
2016;4291Z;Construction d'ouvrages maritimes et fluviaux;Hommes
2016;4299Z;Construction d'autres ouvrages de génie civil n.c.a.;Femmes
2016;4299Z;Construction d'autres ouvrages de génie civil n.c.a.;Hommes
2016;4311Z;Travaux de démolition;Femmes
2016;4311Z;Travaux de démolition;Hommes
2016;4312A;Travaux de terrassement courants et travaux préparatoires;Femmes
2016;4312A;Travaux de terrassement courants et travaux préparatoires;Hommes
2016;4312B;Travaux de terrassement spécialisés ou de grande masse;Femmes
2016;4312B;Travaux de terrassement spécialisés ou de grande masse;Hommes
2016;4313Z;Forages et sondages;Femmes
2016;4313Z;Forages et sondages;Hommes
2016;4321A;Travaux d'installation électrique dans tous locaux;Femmes
2016;4321A;Travaux d'installation électrique dans tous locaux;Hommes
2016;4321B;Travaux d'installation électrique sur la voie publique;Femmes
2016;4321B;Travaux d'installation électrique sur la voie publique;Hommes
2016;4322A;Travaux d'installation d'eau et de gaz en tous locaux;Femmes
2016;4322A;Travaux d'installation d'eau et de gaz en tous locaux;Hommes
2016;4322B;Travaux d'installation d'équipements thermiques et de climatisation;Femmes
2016;4322B;Travaux d'installation d'équipements thermiques et de climatisation;Hommes
2016;4329A;Travaux d'isolation;Femmes
2016;4329A;Travaux d'isolation;Hommes
2016;4329B;Autres travaux d'installation n.c.a.;Femmes
2016;4329B;Autres travaux d'installation n.c.a.;Hommes
2016;4331Z;Travaux de plâtrerie;Femmes
2016;4331Z;Travaux de plâtrerie;Hommes
2016;4332A;Travaux de menuiserie bois et PVC;Femmes
2016;4332A;Travaux de menuiserie bois et PVC;Hommes
2016;4332B;Travaux de menuiserie métallique et serrurerie;Femmes
2016;4332B;Travaux de menuiserie métallique et serrurerie;Hommes
2016;4332C;Agencement de lieux de vente;Femmes
2016;4332C;Agencement de lieux de vente;Hommes
2016;4333Z;Travaux de revêtement des sols et des murs;Femmes
2016;4333Z;Travaux de revêtement des sols et des murs;Hommes
2016;4334Z;Travaux de peinture et vitrerie;Femmes
2016;4334Z;Travaux de peinture et vitrerie;Hommes
2016;4339Z;Autres travaux de finition;Femmes
2016;4339Z;Autres travaux de finition;Hommes
2016;4391A;Travaux de charpente;Femmes
2016;4391A;Travaux de charpente;Hommes
2016;4391B;Travaux de couverture par éléments;Femmes
2016;4391B;Travaux de couverture par éléments;Hommes
2016;4399A;Travaux d'étanchéification;Femmes
2016;4399A;Travaux d'étanchéification;Hommes
2016;4399B;Travaux de montage de structures métalliques;Femmes
2016;4399B;Travaux de montage de structures métalliques;Hommes
2016;4399C;Travaux de maçonnerie générale et gros œuvre de bâtiment;Femmes
2016;4399C;Travaux de maçonnerie générale et gros œuvre de bâtiment;Hommes
2016;4399D;Autres travaux spécialisés de construction;Femmes
2016;4399D;Autres travaux spécialisés de construction;Hommes
2016;4399E;Location avec opérateur de matériel de construction;Femmes
2016;4399E;Location avec opérateur de matériel de construction;Hommes
2016;4511Z;Commerce de voitures et de véhicules automobiles légers;Femmes
2016;4511Z;Commerce de voitures et de véhicules automobiles légers;Hommes
2016;4519Z;Commerce d'autres véhicules automobiles;Femmes
2016;4519Z;Commerce d'autres véhicules automobiles;Hommes
2016;4520A;Entretien et réparation de véhicules automobiles légers;Femmes
2016;4520A;Entretien et réparation de véhicules automobiles légers;Hommes
2016;4520B;Entretien et réparation d'autres véhicules automobiles;Femmes
2016;4520B;Entretien et réparation d'autres véhicules automobiles;Hommes
2016;4531Z;Commerce de gros d'équipements automobiles;Femmes
2016;4531Z;Commerce de gros d'équipements automobiles;Hommes
2016;4532Z;Commerce de détail d'équipements automobiles;Femmes
2016;4532Z;Commerce de détail d'équipements automobiles;Hommes
2016;4540Z;Commerce et réparation de motocycles;Femmes
2016;4540Z;Commerce et réparation de motocycles;Hommes
2016;4611Z;Intermédiaires du commerce en matières premières agricoles, animaux vivants, matières premières textiles et produits semi-finis;Femmes
2016;4611Z;Intermédiaires du commerce en matières premières agricoles, animaux vivants, matières premières textiles et produits semi-finis;Hommes
2016;4612A;Centrales d'achat de carburant;Femmes
2016;4612A;Centrales d'achat de carburant;Hommes
2016;4612B;Autres intermédiaires du commerce en combustibles, métaux, minéraux et produits chimiques;Femmes
2016;4612B;Autres intermédiaires du commerce en combustibles, métaux, minéraux et produits chimiques;Hommes
2016;4613Z;Intermédiaires du commerce en bois et matériaux de construction;Femmes
2016;4613Z;Intermédiaires du commerce en bois et matériaux de construction;Hommes
2016;4614Z;Intermédiaires du commerce en machines, équipements industriels, navires et avions;Femmes
2016;4614Z;Intermédiaires du commerce en machines, équipements industriels, navires et avions;Hommes
2016;4615Z;Intermédiaires du commerce en meubles, articles de ménage et quincaillerie;Femmes
2016;4615Z;Intermédiaires du commerce en meubles, articles de ménage et quincaillerie;Hommes
2016;4616Z;Intermédiaires du commerce en textiles, habillement, fourrures, chaussures et articles en cuir;Femmes
2016;4616Z;Intermédiaires du commerce en textiles, habillement, fourrures, chaussures et articles en cuir;Hommes
2016;4617A;Centrales d'achat alimentaires;Femmes
2016;4617A;Centrales d'achat alimentaires;Hommes
2016;4617B;Autres intermédiaires du commerce en denrées, boissons et tabac;Femmes
2016;4617B;Autres intermédiaires du commerce en denrées, boissons et tabac;Hommes
2016;4618Z;Intermédiaires spécialisés dans le commerce d'autres produits spécifiques;Femmes
2016;4618Z;Intermédiaires spécialisés dans le commerce d'autres produits spécifiques;Hommes
2016;4619A;Centrales d'achat non alimentaires;Femmes
2016;4619A;Centrales d'achat non alimentaires;Hommes
2016;4619B;Autres intermédiaires du commerce en produits divers;Femmes
2016;4619B;Autres intermédiaires du commerce en produits divers;Hommes
2016;4621Z;Commerce de gros (commerce interentreprises) de céréales, de tabac non manufacturé, de semences et d'aliments pour le bétail;Femmes
2016;4621Z;Commerce de gros (commerce interentreprises) de céréales, de tabac non manufacturé, de semences et d'aliments pour le bétail;Hommes
2016;4622Z;Commerce de gros (commerce interentreprises) de fleurs et plantes;Femmes
2016;4622Z;Commerce de gros (commerce interentreprises) de fleurs et plantes;Hommes
2016;4623Z;Commerce de gros (commerce interentreprises) d'animaux vivants;Femmes
2016;4623Z;Commerce de gros (commerce interentreprises) d'animaux vivants;Hommes
2016;4624Z;Commerce de gros (commerce interentreprises) de cuirs et peaux;Femmes
2016;4624Z;Commerce de gros (commerce interentreprises) de cuirs et peaux;Hommes
2016;4631Z;Commerce de gros (commerce interentreprises) de fruits et légumes;Femmes
2016;4631Z;Commerce de gros (commerce interentreprises) de fruits et légumes;Hommes
2016;4632A;Commerce de gros (commerce interentreprises) de viandes de boucherie;Femmes
2016;4632A;Commerce de gros (commerce interentreprises) de viandes de boucherie;Hommes
2016;4632B;Commerce de gros (commerce interentreprises) de produits à base de viande;Femmes
2016;4632B;Commerce de gros (commerce interentreprises) de produits à base de viande;Hommes
2016;4632C;Commerce de gros (commerce interentreprises) de volailles et gibier;Femmes
2016;4632C;Commerce de gros (commerce interentreprises) de volailles et gibier;Hommes
2016;4633Z;Commerce de gros (commerce interentreprises) de produits laitiers, œufs, huiles et matières grasses comestibles;Femmes
2016;4633Z;Commerce de gros (commerce interentreprises) de produits laitiers, œufs, huiles et matières grasses comestibles;Hommes
2016;4634Z;Commerce de gros (commerce interentreprises) de boissons;Femmes
2016;4634Z;Commerce de gros (commerce interentreprises) de boissons;Hommes
2016;4635Z;Commerce de gros (commerce interentreprises) de produits à base de tabac;Femmes
2016;4635Z;Commerce de gros (commerce interentreprises) de produits à base de tabac;Hommes
2016;4636Z;Commerce de gros (commerce interentreprises) de sucre, chocolat et confiserie;Femmes
2016;4636Z;Commerce de gros (commerce interentreprises) de sucre, chocolat et confiserie;Hommes
2016;4637Z;Commerce de gros (commerce interentreprises) de café, thé, cacao et épices;Femmes
2016;4637Z;Commerce de gros (commerce interentreprises) de café, thé, cacao et épices;Hommes
2016;4638A;Commerce de gros (commerce interentreprises) de poissons, crustacés et mollusques;Femmes
2016;4638A;Commerce de gros (commerce interentreprises) de poissons, crustacés et mollusques;Hommes
2016;4638B;Commerce de gros (commerce interentreprises) alimentaire spécialisé divers;Femmes
2016;4638B;Commerce de gros (commerce interentreprises) alimentaire spécialisé divers;Hommes
2016;4639A;Commerce de gros (commerce interentreprises) de produits surgelés;Femmes
2016;4639A;Commerce de gros (commerce interentreprises) de produits surgelés;Hommes
2016;4639B;Commerce de gros (commerce interentreprises) alimentaire non spécialisé;Femmes
2016;4639B;Commerce de gros (commerce interentreprises) alimentaire non spécialisé;Hommes
2016;4641Z;Commerce de gros (commerce interentreprises) de textiles;Femmes
2016;4641Z;Commerce de gros (commerce interentreprises) de textiles;Hommes
2016;4642Z;Commerce de gros (commerce interentreprises) d'habillement et de chaussures;Femmes
2016;4642Z;Commerce de gros (commerce interentreprises) d'habillement et de chaussures;Hommes
2016;4643Z;Commerce de gros (commerce interentreprises) d'appareils électroménagers;Femmes
2016;4643Z;Commerce de gros (commerce interentreprises) d'appareils électroménagers;Hommes
2016;4644Z;Commerce de gros (commerce interentreprises) de vaisselle, verrerie et produits d'entretien;Femmes
2016;4644Z;Commerce de gros (commerce interentreprises) de vaisselle, verrerie et produits d'entretien;Hommes
2016;4645Z;Commerce de gros (commerce interentreprises) de parfumerie et de produits de beauté;Femmes
2016;4645Z;Commerce de gros (commerce interentreprises) de parfumerie et de produits de beauté;Hommes
2016;4646Z;Commerce de gros (commerce interentreprises) de produits pharmaceutiques;Femmes
2016;4646Z;Commerce de gros (commerce interentreprises) de produits pharmaceutiques;Hommes
2016;4647Z;Commerce de gros (commerce interentreprises) de meubles, de tapis et d'appareils d'éclairage;Femmes
2016;4647Z;Commerce de gros (commerce interentreprises) de meubles, de tapis et d'appareils d'éclairage;Hommes
2016;4648Z;Commerce de gros (commerce interentreprises) d'articles d'horlogerie et de bijouterie;Femmes
2016;4648Z;Commerce de gros (commerce interentreprises) d'articles d'horlogerie et de bijouterie;Hommes
2016;4649Z;Commerce de gros (commerce interentreprises) d'autres biens domestiques;Femmes
2016;4649Z;Commerce de gros (commerce interentreprises) d'autres biens domestiques;Hommes
2016;4651Z;Commerce de gros (commerce interentreprises) d'ordinateurs, d'équipements informatiques périphériques et de logiciels;Femmes
2016;4651Z;Commerce de gros (commerce interentreprises) d'ordinateurs, d'équipements informatiques périphériques et de logiciels;Hommes
2016;4652Z;Commerce de gros (commerce interentreprises) de composants et d'équipements électroniques et de télécommunication;Femmes
2016;4652Z;Commerce de gros (commerce interentreprises) de composants et d'équipements électroniques et de télécommunication;Hommes
2016;4661Z;Commerce de gros (commerce interentreprises) de matériel agricole;Femmes
2016;4661Z;Commerce de gros (commerce interentreprises) de matériel agricole;Hommes
2016;4662Z;Commerce de gros (commerce interentreprises) de machines-outils;Femmes
2016;4662Z;Commerce de gros (commerce interentreprises) de machines-outils;Hommes
2016;4663Z;Commerce de gros (commerce interentreprises) de machines pour l'extraction, la construction et le génie civil;Femmes
2016;4663Z;Commerce de gros (commerce interentreprises) de machines pour l'extraction, la construction et le génie civil;Hommes
2016;4664Z;Commerce de gros (commerce interentreprises) de machines pour l'industrie textile et l'habillement;Femmes
2016;4664Z;Commerce de gros (commerce interentreprises) de machines pour l'industrie textile et l'habillement;Hommes
2016;4665Z;Commerce de gros (commerce interentreprises) de mobilier de bureau;Femmes
2016;4665Z;Commerce de gros (commerce interentreprises) de mobilier de bureau;Hommes
2016;4666Z;Commerce de gros (commerce interentreprises) d'autres machines et équipements de bureau;Femmes
2016;4666Z;Commerce de gros (commerce interentreprises) d'autres machines et équipements de bureau;Hommes
2016;4669A;Commerce de gros (commerce interentreprises) de matériel électrique;Femmes
2016;4669A;Commerce de gros (commerce interentreprises) de matériel électrique;Hommes
2016;4669B;Commerce de gros (commerce interentreprises) de fournitures et équipements industriels divers;Femmes
2016;4669B;Commerce de gros (commerce interentreprises) de fournitures et équipements industriels divers;Hommes
2016;4669C;Commerce de gros (commerce interentreprises) de fournitures et équipements divers pour le commerce et les services;Femmes
2016;4669C;Commerce de gros (commerce interentreprises) de fournitures et équipements divers pour le commerce et les services;Hommes
2016;4671Z;Commerce de gros (commerce interentreprises) de combustibles et de produits annexes;Femmes
2016;4671Z;Commerce de gros (commerce interentreprises) de combustibles et de produits annexes;Hommes
2016;4672Z;Commerce de gros (commerce interentreprises) de minerais et métaux;Femmes
2016;4672Z;Commerce de gros (commerce interentreprises) de minerais et métaux;Hommes
2016;4673A;Commerce de gros (commerce interentreprises) de bois et de matériaux de construction;Femmes
2016;4673A;Commerce de gros (commerce interentreprises) de bois et de matériaux de construction;Hommes
2016;4673B;Commerce de gros (commerce interentreprises) d'appareils sanitaires et de produits de décoration;Femmes
2016;4673B;Commerce de gros (commerce interentreprises) d'appareils sanitaires et de produits de décoration;Hommes
2016;4674A;Commerce de gros (commerce interentreprises) de quincaillerie;Femmes
2016;4674A;Commerce de gros (commerce interentreprises) de quincaillerie;Hommes
2016;4674B;Commerce de gros (commerce interentreprises) de fournitures pour la plomberie et le chauffage;Femmes
2016;4674B;Commerce de gros (commerce interentreprises) de fournitures pour la plomberie et le chauffage;Hommes
2016;4675Z;Commerce de gros (commerce interentreprises) de produits chimiques;Femmes
2016;4675Z;Commerce de gros (commerce interentreprises) de produits chimiques;Hommes
2016;4676Z;Commerce de gros (commerce interentreprises) d'autres produits intermédiaires;Femmes
2016;4676Z;Commerce de gros (commerce interentreprises) d'autres produits intermédiaires;Hommes
2016;4677Z;Commerce de gros (commerce interentreprises) de déchets et débris;Femmes
2016;4677Z;Commerce de gros (commerce interentreprises) de déchets et débris;Hommes
2016;4690Z;Commerce de gros (commerce interentreprises) non spécialisé;Femmes
2016;4690Z;Commerce de gros (commerce interentreprises) non spécialisé;Hommes
2016;4711A;Commerce de détail de produits surgelés;Femmes
2016;4711A;Commerce de détail de produits surgelés;Hommes
2016;4711B;Commerce d'alimentation générale;Femmes
2016;4711B;Commerce d'alimentation générale;Hommes
2016;4711C;Supérettes;Femmes
2016;4711C;Supérettes;Hommes
2016;4711D;Supermarchés;Femmes
2016;4711D;Supermarchés;Hommes
2016;4711E;Magasins multi-commerces;Femmes
2016;4711E;Magasins multi-commerces;Hommes
2016;4711F;Hypermarchés;Femmes
2016;4711F;Hypermarchés;Hommes
2016;4719A;Grands magasins;Femmes
2016;4719A;Grands magasins;Hommes
2016;4719B;Autres commerces de détail en magasin non spécialisé;Femmes
2016;4719B;Autres commerces de détail en magasin non spécialisé;Hommes
2016;4721Z;Commerce de détail de fruits et légumes en magasin spécialisé;Femmes
2016;4721Z;Commerce de détail de fruits et légumes en magasin spécialisé;Hommes
2016;4722Z;Commerce de détail de viandes et de produits à base de viande en magasin spécialisé;Femmes
2016;4722Z;Commerce de détail de viandes et de produits à base de viande en magasin spécialisé;Hommes
2016;4723Z;Commerce de détail de poissons, crustacés et mollusques en magasin spécialisé;Femmes
2016;4723Z;Commerce de détail de poissons, crustacés et mollusques en magasin spécialisé;Hommes
2016;4724Z;Commerce de détail de pain, pâtisserie et confiserie en magasin spécialisé;Femmes
2016;4724Z;Commerce de détail de pain, pâtisserie et confiserie en magasin spécialisé;Hommes
2016;4725Z;Commerce de détail de boissons en magasin spécialisé;Femmes
2016;4725Z;Commerce de détail de boissons en magasin spécialisé;Hommes
2016;4726Z;Commerce de détail de produits à base de tabac en magasin spécialisé;Femmes
2016;4726Z;Commerce de détail de produits à base de tabac en magasin spécialisé;Hommes
2016;4729Z;Autres commerces de détail alimentaires en magasin spécialisé;Femmes
2016;4729Z;Autres commerces de détail alimentaires en magasin spécialisé;Hommes
2016;4730Z;Commerce de détail de carburants en magasin spécialisé;Femmes
2016;4730Z;Commerce de détail de carburants en magasin spécialisé;Hommes
2016;4741Z;Commerce de détail d'ordinateurs, d'unités périphériques et de logiciels en magasin spécialisé;Femmes
2016;4741Z;Commerce de détail d'ordinateurs, d'unités périphériques et de logiciels en magasin spécialisé;Hommes
2016;4742Z;Commerce de détail de matériels de télécommunication en magasin spécialisé;Femmes
2016;4742Z;Commerce de détail de matériels de télécommunication en magasin spécialisé;Hommes
2016;4743Z;Commerce de détail de matériels audio et vidéo en magasin spécialisé;Femmes
2016;4743Z;Commerce de détail de matériels audio et vidéo en magasin spécialisé;Hommes
2016;4751Z;Commerce de détail de textiles en magasin spécialisé;Femmes
2016;4751Z;Commerce de détail de textiles en magasin spécialisé;Hommes
2016;4752A;Commerce de détail de quincaillerie, peintures et verres en petites surfaces (moins de 400 m²);Femmes
2016;4752A;Commerce de détail de quincaillerie, peintures et verres en petites surfaces (moins de 400 m²);Hommes
2016;4752B;Commerce de détail de quincaillerie, peintures et verres en grandes surfaces (400 m² et plus);Femmes
2016;4752B;Commerce de détail de quincaillerie, peintures et verres en grandes surfaces (400 m² et plus);Hommes
2016;4753Z;Commerce de détail de tapis, moquettes et revêtements de murs et de sols en magasin spécialisé;Femmes
2016;4753Z;Commerce de détail de tapis, moquettes et revêtements de murs et de sols en magasin spécialisé;Hommes
2016;4754Z;Commerce de détail d'appareils électroménagers en magasin spécialisé;Femmes
2016;4754Z;Commerce de détail d'appareils électroménagers en magasin spécialisé;Hommes
2016;4759A;Commerce de détail de meubles;Femmes
2016;4759A;Commerce de détail de meubles;Hommes
2016;4759B;Commerce de détail d'autres équipements du foyer;Femmes
2016;4759B;Commerce de détail d'autres équipements du foyer;Hommes
2016;4761Z;Commerce de détail de livres en magasin spécialisé;Femmes
2016;4761Z;Commerce de détail de livres en magasin spécialisé;Hommes
2016;4762Z;Commerce de détail de journaux et papeterie en magasin spécialisé;Femmes
2016;4762Z;Commerce de détail de journaux et papeterie en magasin spécialisé;Hommes
2016;4763Z;Commerce de détail d'enregistrements musicaux et vidéo en magasin spécialisé;Femmes
2016;4763Z;Commerce de détail d'enregistrements musicaux et vidéo en magasin spécialisé;Hommes
2016;4764Z;Commerce de détail d'articles de sport en magasin spécialisé;Femmes
2016;4764Z;Commerce de détail d'articles de sport en magasin spécialisé;Hommes
2016;4765Z;Commerce de détail de jeux et jouets en magasin spécialisé;Femmes
2016;4765Z;Commerce de détail de jeux et jouets en magasin spécialisé;Hommes
2016;4771Z;Commerce de détail d'habillement en magasin spécialisé;Femmes
2016;4771Z;Commerce de détail d'habillement en magasin spécialisé;Hommes
2016;4772A;Commerce de détail de la chaussure;Femmes
2016;4772A;Commerce de détail de la chaussure;Hommes
2016;4772B;Commerce de détail de maroquinerie et d'articles de voyage;Femmes
2016;4772B;Commerce de détail de maroquinerie et d'articles de voyage;Hommes
2016;4773Z;Commerce de détail de produits pharmaceutiques en magasin spécialisé;Femmes
2016;4773Z;Commerce de détail de produits pharmaceutiques en magasin spécialisé;Hommes
2016;4774Z;Commerce de détail d'articles médicaux et orthopédiques en magasin spécialisé;Femmes
2016;4774Z;Commerce de détail d'articles médicaux et orthopédiques en magasin spécialisé;Hommes
2016;4775Z;Commerce de détail de parfumerie et de produits de beauté en magasin spécialisé;Femmes
2016;4775Z;Commerce de détail de parfumerie et de produits de beauté en magasin spécialisé;Hommes
2016;4776Z;Commerce de détail de fleurs, plantes, graines, engrais, animaux de compagnie et aliments pour ces animaux en magasin spécialisé;Femmes
2016;4776Z;Commerce de détail de fleurs, plantes, graines, engrais, animaux de compagnie et aliments pour ces animaux en magasin spécialisé;Hommes
2016;4777Z;Commerce de détail d'articles d'horlogerie et de bijouterie en magasin spécialisé;Femmes
2016;4777Z;Commerce de détail d'articles d'horlogerie et de bijouterie en magasin spécialisé;Hommes
2016;4778A;Commerces de détail d'optique;Femmes
2016;4778A;Commerces de détail d'optique;Hommes
2016;4778B;Commerces de détail de charbons et combustibles;Femmes
2016;4778B;Commerces de détail de charbons et combustibles;Hommes
2016;4778C;Autres commerces de détail spécialisés divers;Femmes
2016;4778C;Autres commerces de détail spécialisés divers;Hommes
2016;4779Z;Commerce de détail de biens d'occasion en magasin;Femmes
2016;4779Z;Commerce de détail de biens d'occasion en magasin;Hommes
2016;4781Z;Commerce de détail alimentaire sur éventaires et marchés;Femmes
2016;4781Z;Commerce de détail alimentaire sur éventaires et marchés;Hommes
2016;4782Z;Commerce de détail de textiles, d'habillement et de chaussures sur éventaires et marchés;Femmes
2016;4782Z;Commerce de détail de textiles, d'habillement et de chaussures sur éventaires et marchés;Hommes
2016;4789Z;Autres commerces de détail sur éventaires et marchés;Femmes
2016;4789Z;Autres commerces de détail sur éventaires et marchés;Hommes
2016;4791A;Vente à distance sur catalogue général;Femmes
2016;4791A;Vente à distance sur catalogue général;Hommes
2016;4791B;Vente à distance sur catalogue spécialisé;Femmes
2016;4791B;Vente à distance sur catalogue spécialisé;Hommes
2016;4799A;Vente à domicile;Femmes
2016;4799A;Vente à domicile;Hommes
2016;4799B;Vente par automates et autres commerces de détail hors magasin, éventaires ou marchés n.c.a.;Femmes
2016;4799B;Vente par automates et autres commerces de détail hors magasin, éventaires ou marchés n.c.a.;Hommes
2016;4910Z;Transport ferroviaire interurbain de voyageurs;Femmes
2016;4910Z;Transport ferroviaire interurbain de voyageurs;Hommes
2016;4920Z;Transports ferroviaires de fret;Femmes
2016;4920Z;Transports ferroviaires de fret;Hommes
2016;4931Z;Transports urbains et suburbains de voyageurs;Femmes
2016;4931Z;Transports urbains et suburbains de voyageurs;Hommes
2016;4932Z;Transports de voyageurs par taxis;Femmes
2016;4932Z;Transports de voyageurs par taxis;Hommes
2016;4939A;Transports routiers réguliers de voyageurs;Femmes
2016;4939A;Transports routiers réguliers de voyageurs;Hommes
2016;4939B;Autres transports routiers de voyageurs;Femmes
2016;4939B;Autres transports routiers de voyageurs;Hommes
2016;4939C;Téléphériques et remontées mécaniques;Femmes
2016;4939C;Téléphériques et remontées mécaniques;Hommes
2016;4941A;Transports routiers de fret interurbains;Femmes
2016;4941A;Transports routiers de fret interurbains;Hommes
2016;4941B;Transports routiers de fret de proximité;Femmes
2016;4941B;Transports routiers de fret de proximité;Hommes
2016;4941C;Location de camions avec chauffeur;Femmes
2016;4941C;Location de camions avec chauffeur;Hommes
2016;4942Z;Services de déménagement;Femmes
2016;4942Z;Services de déménagement;Hommes
2016;4950Z;Transports par conduites;Femmes
2016;4950Z;Transports par conduites;Hommes
2016;5010Z;Transports maritimes et côtiers de passagers;Femmes
2016;5010Z;Transports maritimes et côtiers de passagers;Hommes
2016;5020Z;Transports maritimes et côtiers de fret;Femmes
2016;5020Z;Transports maritimes et côtiers de fret;Hommes
2016;5030Z;Transports fluviaux de passagers;Femmes
2016;5030Z;Transports fluviaux de passagers;Hommes
2016;5040Z;Transports fluviaux de fret;Femmes
2016;5040Z;Transports fluviaux de fret;Hommes
2016;5110Z;Transports aériens de passagers;Femmes
2016;5110Z;Transports aériens de passagers;Hommes
2016;5121Z;Transports aériens de fret;Femmes
2016;5121Z;Transports aériens de fret;Hommes
2016;5122Z;Transports spatiaux;Femmes
2016;5122Z;Transports spatiaux;Hommes
2016;5210A;Entreposage et stockage frigorifique;Femmes
2016;5210A;Entreposage et stockage frigorifique;Hommes
2016;5210B;Entreposage et stockage non frigorifique;Femmes
2016;5210B;Entreposage et stockage non frigorifique;Hommes
2016;5221Z;Services auxiliaires des transports terrestres;Femmes
2016;5221Z;Services auxiliaires des transports terrestres;Hommes
2016;5222Z;Services auxiliaires des transports par eau;Femmes
2016;5222Z;Services auxiliaires des transports par eau;Hommes
2016;5223Z;Services auxiliaires des transports aériens;Femmes
2016;5223Z;Services auxiliaires des transports aériens;Hommes
2016;5224A;Manutention portuaire;Femmes
2016;5224A;Manutention portuaire;Hommes
2016;5224B;Manutention non portuaire;Femmes
2016;5224B;Manutention non portuaire;Hommes
2016;5229A;Messagerie, fret express;Femmes
2016;5229A;Messagerie, fret express;Hommes
2016;5229B;Affrètement et organisation des transports;Femmes
2016;5229B;Affrètement et organisation des transports;Hommes
2016;5310Z;Activités de poste dans le cadre d'une obligation de service universel;Femmes
2016;5310Z;Activités de poste dans le cadre d'une obligation de service universel;Hommes
2016;5320Z;Autres activités de poste et de courrier;Femmes
2016;5320Z;Autres activités de poste et de courrier;Hommes
2016;5510Z;Hôtels et hébergement similaire;Femmes
2016;5510Z;Hôtels et hébergement similaire;Hommes
2016;5520Z;Hébergement touristique et autre hébergement de courte durée;Femmes
2016;5520Z;Hébergement touristique et autre hébergement de courte durée;Hommes
2016;5530Z;Terrains de camping et parcs pour caravanes ou véhicules de loisirs;Femmes
2016;5530Z;Terrains de camping et parcs pour caravanes ou véhicules de loisirs;Hommes
2016;5590Z;Autres hébergements;Femmes
2016;5590Z;Autres hébergements;Hommes
2016;5610A;Restauration traditionnelle;Femmes
2016;5610A;Restauration traditionnelle;Hommes
2016;5610B;Cafétérias et autres libres-services;Femmes
2016;5610B;Cafétérias et autres libres-services;Hommes
2016;5610C;Restauration de type rapide;Femmes
2016;5610C;Restauration de type rapide;Hommes
2016;5621Z;Services des traiteurs;Femmes
2016;5621Z;Services des traiteurs;Hommes
2016;5629A;Restauration collective sous contrat;Femmes
2016;5629A;Restauration collective sous contrat;Hommes
2016;5629B;Autres services de restauration n.c.a.;Femmes
2016;5629B;Autres services de restauration n.c.a.;Hommes
2016;5630Z;Débits de boissons;Femmes
2016;5630Z;Débits de boissons;Hommes
2016;5811Z;Édition de livres;Femmes
2016;5811Z;Édition de livres;Hommes
2016;5812Z;Édition de répertoires et de fichiers d'adresses;Femmes
2016;5812Z;Édition de répertoires et de fichiers d'adresses;Hommes
2016;5813Z;Édition de journaux;Femmes
2016;5813Z;Édition de journaux;Hommes
2016;5814Z;Édition de revues et périodiques;Femmes
2016;5814Z;Édition de revues et périodiques;Hommes
2016;5819Z;Autres activités d'édition;Femmes
2016;5819Z;Autres activités d'édition;Hommes
2016;5821Z;Édition de jeux électroniques;Femmes
2016;5821Z;Édition de jeux électroniques;Hommes
2016;5829A;Édition de logiciels système et de réseau;Femmes
2016;5829A;Édition de logiciels système et de réseau;Hommes
2016;5829B;Édition de logiciels outils de développement et de langages;Femmes
2016;5829B;Édition de logiciels outils de développement et de langages;Hommes
2016;5829C;Édition de logiciels applicatifs;Femmes
2016;5829C;Édition de logiciels applicatifs;Hommes
2016;5911A;Production de films et de programmes pour la télévision;Femmes
2016;5911A;Production de films et de programmes pour la télévision;Hommes
2016;5911B;Production de films institutionnels et publicitaires;Femmes
2016;5911B;Production de films institutionnels et publicitaires;Hommes
2016;5911C;Production de films pour le cinéma;Femmes
2016;5911C;Production de films pour le cinéma;Hommes
2016;5912Z;Post-production de films cinématographiques, de vidéo et de programmes de télévision;Femmes
2016;5912Z;Post-production de films cinématographiques, de vidéo et de programmes de télévision;Hommes
2016;5913A;Distribution de films cinématographiques;Femmes
2016;5913A;Distribution de films cinématographiques;Hommes
2016;5913B;Édition et distribution vidéo;Femmes
2016;5913B;Édition et distribution vidéo;Hommes
2016;5914Z;Projection de films cinématographiques;Femmes
2016;5914Z;Projection de films cinématographiques;Hommes
2016;5920Z;Enregistrement sonore et édition musicale;Femmes
2016;5920Z;Enregistrement sonore et édition musicale;Hommes
2016;6010Z;Édition et diffusion de programmes radio;Femmes
2016;6010Z;Édition et diffusion de programmes radio;Hommes
2016;6020A;Édition de chaînes généralistes;Femmes
2016;6020A;Édition de chaînes généralistes;Hommes
2016;6020B;Édition de chaînes thématiques;Femmes
2016;6020B;Édition de chaînes thématiques;Hommes
2016;6110Z;Télécommunications filaires;Femmes
2016;6110Z;Télécommunications filaires;Hommes
2016;6120Z;Télécommunications sans fil;Femmes
2016;6120Z;Télécommunications sans fil;Hommes
2016;6130Z;Télécommunications par satellite;Femmes
2016;6130Z;Télécommunications par satellite;Hommes
2016;6190Z;Autres activités de télécommunication;Femmes
2016;6190Z;Autres activités de télécommunication;Hommes
2016;6201Z;Programmation informatique;Femmes
2016;6201Z;Programmation informatique;Hommes
2016;6202A;Conseil en systèmes et logiciels informatiques;Femmes
2016;6202A;Conseil en systèmes et logiciels informatiques;Hommes
2016;6202B;Tierce maintenance de systèmes et d'applications informatiques;Femmes
2016;6202B;Tierce maintenance de systèmes et d'applications informatiques;Hommes
2016;6203Z;Gestion d'installations informatiques;Femmes
2016;6203Z;Gestion d'installations informatiques;Hommes
2016;6209Z;Autres activités informatiques;Femmes
2016;6209Z;Autres activités informatiques;Hommes
2016;6311Z;Traitement de données, hébergement et activités connexes;Femmes
2016;6311Z;Traitement de données, hébergement et activités connexes;Hommes
2016;6312Z;Portails Internet;Femmes
2016;6312Z;Portails Internet;Hommes
2016;6391Z;Activités des agences de presse;Femmes
2016;6391Z;Activités des agences de presse;Hommes
2016;6399Z;Autres services d'information n.c.a.;Femmes
2016;6399Z;Autres services d'information n.c.a.;Hommes
2016;6411Z;Activités de banque centrale;Femmes
2016;6411Z;Activités de banque centrale;Hommes
2016;6419Z;Autres intermédiations monétaires;Femmes
2016;6419Z;Autres intermédiations monétaires;Hommes
2016;6420Z;Activités des sociétés holding;Femmes
2016;6420Z;Activités des sociétés holding;Hommes
2016;6430Z;Fonds de placement et entités financières similaires;Femmes
2016;6430Z;Fonds de placement et entités financières similaires;Hommes
2016;6491Z;Crédit-bail;Femmes
2016;6491Z;Crédit-bail;Hommes
2016;6492Z;Autre distribution de crédit;Femmes
2016;6492Z;Autre distribution de crédit;Hommes
2016;6499Z;Autres activités des services financiers, hors assurance et caisses de retraite, n.c.a.;Femmes
2016;6499Z;Autres activités des services financiers, hors assurance et caisses de retraite, n.c.a.;Hommes
2016;6511Z;Assurance vie;Femmes
2016;6511Z;Assurance vie;Hommes
2016;6512Z;Autres assurances;Femmes
2016;6512Z;Autres assurances;Hommes
2016;6520Z;Réassurance;Femmes
2016;6520Z;Réassurance;Hommes
2016;6530Z;Caisses de retraite;Femmes
2016;6530Z;Caisses de retraite;Hommes
2016;6611Z;Administration de marchés financiers;Femmes
2016;6611Z;Administration de marchés financiers;Hommes
2016;6612Z;Courtage de valeurs mobilières et de marchandises;Femmes
2016;6612Z;Courtage de valeurs mobilières et de marchandises;Hommes
2016;6619A;Supports juridiques de gestion de patrimoine mobilier;Femmes
2016;6619A;Supports juridiques de gestion de patrimoine mobilier;Hommes
2016;6619B;Autres activités auxiliaires de services financiers, hors assurance et caisses de retraite, n.c.a.;Femmes
2016;6619B;Autres activités auxiliaires de services financiers, hors assurance et caisses de retraite, n.c.a.;Hommes
2016;6621Z;Évaluation des risques et dommages;Femmes
2016;6621Z;Évaluation des risques et dommages;Hommes
2016;6622Z;Activités des agents et courtiers d'assurances;Femmes
2016;6622Z;Activités des agents et courtiers d'assurances;Hommes
2016;6629Z;Autres activités auxiliaires d'assurance et de caisses de retraite;Femmes
2016;6629Z;Autres activités auxiliaires d'assurance et de caisses de retraite;Hommes
2016;6630Z;Gestion de fonds;Femmes
2016;6630Z;Gestion de fonds;Hommes
2016;6810Z;Activités des marchands de biens immobiliers;Femmes
2016;6810Z;Activités des marchands de biens immobiliers;Hommes
2016;6820A;Location de logements;Femmes
2016;6820A;Location de logements;Hommes
2016;6820B;Location de terrains et d'autres biens immobiliers;Femmes
2016;6820B;Location de terrains et d'autres biens immobiliers;Hommes
2016;6831Z;Agences immobilières;Femmes
2016;6831Z;Agences immobilières;Hommes
2016;6832A;Administration d'immeubles et autres biens immobiliers;Femmes
2016;6832A;Administration d'immeubles et autres biens immobiliers;Hommes
2016;6832B;Supports juridiques de gestion de patrimoine immobilier;Femmes
2016;6832B;Supports juridiques de gestion de patrimoine immobilier;Hommes
2016;6910Z;Activités juridiques;Femmes
2016;6910Z;Activités juridiques;Hommes
2016;6920Z;Activités comptables;Femmes
2016;6920Z;Activités comptables;Hommes
2016;7010Z;Activités des sièges sociaux;Femmes
2016;7010Z;Activités des sièges sociaux;Hommes
2016;7021Z;Conseil en relations publiques et communication;Femmes
2016;7021Z;Conseil en relations publiques et communication;Hommes
2016;7022Z;Conseil pour les affaires et autres conseils de gestion;Femmes
2016;7022Z;Conseil pour les affaires et autres conseils de gestion;Hommes
2016;7111Z;Activités d'architecture;Femmes
2016;7111Z;Activités d'architecture;Hommes
2016;7112A;Activité des géomètres;Femmes
2016;7112A;Activité des géomètres;Hommes
2016;7112B;Ingénierie, études techniques;Femmes
2016;7112B;Ingénierie, études techniques;Hommes
2016;7120A;Contrôle technique automobile;Femmes
2016;7120A;Contrôle technique automobile;Hommes
2016;7120B;Analyses, essais et inspections techniques;Femmes
2016;7120B;Analyses, essais et inspections techniques;Hommes
2016;7211Z;Recherche-développement en biotechnologie;Femmes
2016;7211Z;Recherche-développement en biotechnologie;Hommes
2016;7219Z;Recherche-développement en autres sciences physiques et naturelles;Femmes
2016;7219Z;Recherche-développement en autres sciences physiques et naturelles;Hommes
2016;7220Z;Recherche-développement en sciences humaines et sociales;Femmes
2016;7220Z;Recherche-développement en sciences humaines et sociales;Hommes
2016;7311Z;Activités des agences de publicité;Femmes
2016;7311Z;Activités des agences de publicité;Hommes
2016;7312Z;Régie publicitaire de médias;Femmes
2016;7312Z;Régie publicitaire de médias;Hommes
2016;7320Z;Études de marché et sondages;Femmes
2016;7320Z;Études de marché et sondages;Hommes
2016;7410Z;Activités spécialisées de design;Femmes
2016;7410Z;Activités spécialisées de design;Hommes
2016;7420Z;Activités photographiques;Femmes
2016;7420Z;Activités photographiques;Hommes
2016;7430Z;Traduction et interprétation;Femmes
2016;7430Z;Traduction et interprétation;Hommes
2016;7490A;Activité des économistes de la construction;Femmes
2016;7490A;Activité des économistes de la construction;Hommes
2016;7490B;Activités spécialisées, scientifiques et techniques diverses;Femmes
2016;7490B;Activités spécialisées, scientifiques et techniques diverses;Hommes
2016;7500Z;Activités vétérinaires;Femmes
2016;7500Z;Activités vétérinaires;Hommes
2016;7711A;Location de courte durée de voitures et de véhicules automobiles légers;Femmes
2016;7711A;Location de courte durée de voitures et de véhicules automobiles légers;Hommes
2016;7711B;Location de longue durée de voitures et de véhicules automobiles légers;Femmes
2016;7711B;Location de longue durée de voitures et de véhicules automobiles légers;Hommes
2016;7712Z;Location et location-bail de camions;Femmes
2016;7712Z;Location et location-bail de camions;Hommes
2016;7721Z;Location et location-bail d'articles de loisirs et de sport;Femmes
2016;7721Z;Location et location-bail d'articles de loisirs et de sport;Hommes
2016;7722Z;Location de vidéocassettes et disques vidéo;Femmes
2016;7722Z;Location de vidéocassettes et disques vidéo;Hommes
2016;7729Z;Location et location-bail d'autres biens personnels et domestiques;Femmes
2016;7729Z;Location et location-bail d'autres biens personnels et domestiques;Hommes
2016;7731Z;Location et location-bail de machines et équipements agricoles;Femmes
2016;7731Z;Location et location-bail de machines et équipements agricoles;Hommes
2016;7732Z;Location et location-bail de machines et équipements pour la construction;Femmes
2016;7732Z;Location et location-bail de machines et équipements pour la construction;Hommes
2016;7733Z;Location et location-bail de machines de bureau et de matériel informatique;Femmes
2016;7733Z;Location et location-bail de machines de bureau et de matériel informatique;Hommes
2016;7734Z;Location et location-bail de matériels de transport par eau;Femmes
2016;7734Z;Location et location-bail de matériels de transport par eau;Hommes
2016;7735Z;Location et location-bail de matériels de transport aérien;Femmes
2016;7735Z;Location et location-bail de matériels de transport aérien;Hommes
2016;7739Z;Location et location-bail d'autres machines, équipements et biens matériels n.c.a.;Femmes
2016;7739Z;Location et location-bail d'autres machines, équipements et biens matériels n.c.a.;Hommes
2016;7740Z;Location-bail de propriété intellectuelle et de produits similaires, à l'exception des œuvres soumises à copyright;Femmes
2016;7740Z;Location-bail de propriété intellectuelle et de produits similaires, à l'exception des œuvres soumises à copyright;Hommes
2016;7810Z;Activités des agences de placement de main-d'œuvre;Femmes
2016;7810Z;Activités des agences de placement de main-d'œuvre;Hommes
2016;7820Z;Activités des agences de travail temporaire;Femmes
2016;7820Z;Activités des agences de travail temporaire;Hommes
2016;7830Z;Autre mise à disposition de ressources humaines;Femmes
2016;7830Z;Autre mise à disposition de ressources humaines;Hommes
2016;7911Z;Activités des agences de voyage;Femmes
2016;7911Z;Activités des agences de voyage;Hommes
2016;7912Z;Activités des voyagistes;Femmes
2016;7912Z;Activités des voyagistes;Hommes
2016;7990Z;Autres services de réservation et activités connexes;Femmes
2016;7990Z;Autres services de réservation et activités connexes;Hommes
2016;8010Z;Activités de sécurité privée;Femmes
2016;8010Z;Activités de sécurité privée;Hommes
2016;8020Z;Activités liées aux systèmes de sécurité;Femmes
2016;8020Z;Activités liées aux systèmes de sécurité;Hommes
2016;8030Z;Activités d'enquête;Femmes
2016;8030Z;Activités d'enquête;Hommes
2016;8110Z;Activités combinées de soutien lié aux bâtiments;Femmes
2016;8110Z;Activités combinées de soutien lié aux bâtiments;Hommes
2016;8121Z;Nettoyage courant des bâtiments;Femmes
2016;8121Z;Nettoyage courant des bâtiments;Hommes
2016;8122Z;Autres activités de nettoyage des bâtiments et nettoyage industriel;Femmes
2016;8122Z;Autres activités de nettoyage des bâtiments et nettoyage industriel;Hommes
2016;8129A;Désinfection, désinsectisation, dératisation;Femmes
2016;8129A;Désinfection, désinsectisation, dératisation;Hommes
2016;8129B;Autres activités de nettoyage n.c.a.;Femmes
2016;8129B;Autres activités de nettoyage n.c.a.;Hommes
2016;8130Z;Services d'aménagement paysager;Femmes
2016;8130Z;Services d'aménagement paysager;Hommes
2016;8211Z;Services administratifs combinés de bureau;Femmes
2016;8211Z;Services administratifs combinés de bureau;Hommes
2016;8219Z;Photocopie, préparation de documents et autres activités spécialisées de soutien de bureau;Femmes
2016;8219Z;Photocopie, préparation de documents et autres activités spécialisées de soutien de bureau;Hommes
2016;8220Z;Activités de centres d'appels;Femmes
2016;8220Z;Activités de centres d'appels;Hommes
2016;8230Z;Organisation de foires, salons professionnels et congrès;Femmes
2016;8230Z;Organisation de foires, salons professionnels et congrès;Hommes
2016;8291Z;Activités des agences de recouvrement de factures et des sociétés d'information financière sur la clientèle;Femmes
2016;8291Z;Activités des agences de recouvrement de factures et des sociétés d'information financière sur la clientèle;Hommes
2016;8292Z;Activités de conditionnement;Femmes
2016;8292Z;Activités de conditionnement;Hommes
2016;8299Z;Autres activités de soutien aux entreprises n.c.a.;Femmes
2016;8299Z;Autres activités de soutien aux entreprises n.c.a.;Hommes
2016;8411Z;Administration publique générale;Femmes
2016;8411Z;Administration publique générale;Hommes
2016;8412Z;Administration publique (tutelle) de la santé, de la formation, de la culture et des services sociaux, autre que sécurité sociale;Femmes
2016;8412Z;Administration publique (tutelle) de la santé, de la formation, de la culture et des services sociaux, autre que sécurité sociale;Hommes
2016;8413Z;Administration publique (tutelle) des activités économiques;Femmes
2016;8413Z;Administration publique (tutelle) des activités économiques;Hommes
2016;8421Z;Affaires étrangères;Femmes
2016;8421Z;Affaires étrangères;Hommes
2016;8422Z;Défense;Femmes
2016;8422Z;Défense;Hommes
2016;8423Z;Justice;Femmes
2016;8423Z;Justice;Hommes
2016;8424Z;Activités d'ordre public et de sécurité;Femmes
2016;8424Z;Activités d'ordre public et de sécurité;Hommes
2016;8425Z;Services du feu et de secours;Femmes
2016;8425Z;Services du feu et de secours;Hommes
2016;8430A;Activités générales de sécurité sociale;Femmes
2016;8430A;Activités générales de sécurité sociale;Hommes
2016;8430B;Gestion des retraites complémentaires;Femmes
2016;8430B;Gestion des retraites complémentaires;Hommes
2016;8430C;Distribution sociale de revenus;Femmes
2016;8430C;Distribution sociale de revenus;Hommes
2016;8510Z;Enseignement pré-primaire;Femmes
2016;8510Z;Enseignement pré-primaire;Hommes
2016;8520Z;Enseignement primaire;Femmes
2016;8520Z;Enseignement primaire;Hommes
2016;8531Z;Enseignement secondaire général;Femmes
2016;8531Z;Enseignement secondaire général;Hommes
2016;8532Z;Enseignement secondaire technique ou professionnel;Femmes
2016;8532Z;Enseignement secondaire technique ou professionnel;Hommes
2016;8541Z;Enseignement post-secondaire non supérieur;Femmes
2016;8541Z;Enseignement post-secondaire non supérieur;Hommes
2016;8542Z;Enseignement supérieur;Femmes
2016;8542Z;Enseignement supérieur;Hommes
2016;8551Z;Enseignement de disciplines sportives et d'activités de loisirs;Femmes
2016;8551Z;Enseignement de disciplines sportives et d'activités de loisirs;Hommes
2016;8552Z;Enseignement culturel;Femmes
2016;8552Z;Enseignement culturel;Hommes
2016;8553Z;Enseignement de la conduite;Femmes
2016;8553Z;Enseignement de la conduite;Hommes
2016;8559A;Formation continue d'adultes;Femmes
2016;8559A;Formation continue d'adultes;Hommes
2016;8559B;Autres enseignements;Femmes
2016;8559B;Autres enseignements;Hommes
2016;8560Z;Activités de soutien à l'enseignement;Femmes
2016;8560Z;Activités de soutien à l'enseignement;Hommes
2016;8610Z;Activités hospitalières;Femmes
2016;8610Z;Activités hospitalières;Hommes
2016;8621Z;Activité des médecins généralistes;Femmes
2016;8621Z;Activité des médecins généralistes;Hommes
2016;8622A;Activités de radiodiagnostic et de radiothérapie;Femmes
2016;8622A;Activités de radiodiagnostic et de radiothérapie;Hommes
2016;8622B;Activités chirurgicales;Femmes
2016;8622B;Activités chirurgicales;Hommes
2016;8622C;Autres activités des médecins spécialistes;Femmes
2016;8622C;Autres activités des médecins spécialistes;Hommes
2016;8623Z;Pratique dentaire;Femmes
2016;8623Z;Pratique dentaire;Hommes
2016;8690A;Ambulances;Femmes
2016;8690A;Ambulances;Hommes
2016;8690B;Laboratoires d'analyses médicales;Femmes
2016;8690B;Laboratoires d'analyses médicales;Hommes
2016;8690C;Centres de collecte et banques d'organes;Femmes
2016;8690C;Centres de collecte et banques d'organes;Hommes
2016;8690D;Activités des infirmiers et des sages-femmes;Femmes
2016;8690D;Activités des infirmiers et des sages-femmes;Hommes
2016;8690E;Activités des professionnels de la rééducation, de l'appareillage et des pédicures-podologues;Femmes
2016;8690E;Activités des professionnels de la rééducation, de l'appareillage et des pédicures-podologues;Hommes
2016;8690F;Activités de santé humaine non classées ailleurs;Femmes
2016;8690F;Activités de santé humaine non classées ailleurs;Hommes
2016;8710A;Hébergement médicalisé pour personnes âgées;Femmes
2016;8710A;Hébergement médicalisé pour personnes âgées;Hommes
2016;8710B;Hébergement médicalisé pour enfants handicapés;Femmes
2016;8710B;Hébergement médicalisé pour enfants handicapés;Hommes
2016;8710C;Hébergement médicalisé pour adultes handicapés et autre hébergement médicalisé;Femmes
2016;8710C;Hébergement médicalisé pour adultes handicapés et autre hébergement médicalisé;Hommes
2016;8720A;Hébergement social pour handicapés mentaux et malades mentaux;Femmes
2016;8720A;Hébergement social pour handicapés mentaux et malades mentaux;Hommes
2016;8720B;Hébergement social pour toxicomanes;Femmes
2016;8720B;Hébergement social pour toxicomanes;Hommes
2016;8730A;Hébergement social pour personnes âgées;Femmes
2016;8730A;Hébergement social pour personnes âgées;Hommes
2016;8730B;Hébergement social pour handicapés physiques;Femmes
2016;8730B;Hébergement social pour handicapés physiques;Hommes
2016;8790A;Hébergement social pour enfants en difficultés;Femmes
2016;8790A;Hébergement social pour enfants en difficultés;Hommes
2016;8790B;Hébergement social pour adultes et familles en difficultés et autre hébergement social;Femmes
2016;8790B;Hébergement social pour adultes et familles en difficultés et autre hébergement social;Hommes
2016;8810A;Aide à domicile;Femmes
2016;8810A;Aide à domicile;Hommes
2016;8810B;Accueil ou accompagnement sans hébergement d'adultes handicapés ou de personnes âgées;Femmes
2016;8810B;Accueil ou accompagnement sans hébergement d'adultes handicapés ou de personnes âgées;Hommes
2016;8810C;Aide par le travail;Femmes
2016;8810C;Aide par le travail;Hommes
2016;8891A;Accueil de jeunes enfants;Femmes
2016;8891A;Accueil de jeunes enfants;Hommes
2016;8891B;Accueil ou accompagnement sans hébergement d'enfants handicapés;Femmes
2016;8891B;Accueil ou accompagnement sans hébergement d'enfants handicapés;Hommes
2016;8899A;Autre accueil ou accompagnement sans hébergement d'enfants et d'adolescents;Femmes
2016;8899A;Autre accueil ou accompagnement sans hébergement d'enfants et d'adolescents;Hommes
2016;8899B;Action sociale sans hébergement n.c.a.;Femmes
2016;8899B;Action sociale sans hébergement n.c.a.;Hommes
2016;9001Z;Arts du spectacle vivant;Femmes
2016;9001Z;Arts du spectacle vivant;Hommes
2016;9002Z;Activités de soutien au spectacle vivant;Femmes
2016;9002Z;Activités de soutien au spectacle vivant;Hommes
2016;9003A;Création artistique relevant des arts plastiques;Femmes
2016;9003A;Création artistique relevant des arts plastiques;Hommes
2016;9003B;Autre création artistique;Femmes
2016;9003B;Autre création artistique;Hommes
2016;9004Z;Gestion de salles de spectacles;Femmes
2016;9004Z;Gestion de salles de spectacles;Hommes
2016;9101Z;Gestion des bibliothèques et des archives;Femmes
2016;9101Z;Gestion des bibliothèques et des archives;Hommes
2016;9102Z;Gestion des musées;Femmes
2016;9102Z;Gestion des musées;Hommes
2016;9103Z;Gestion des sites et monuments historiques et des attractions touristiques similaires;Femmes
2016;9103Z;Gestion des sites et monuments historiques et des attractions touristiques similaires;Hommes
2016;9104Z;Gestion des jardins botaniques et zoologiques et des réserves naturelles;Femmes
2016;9104Z;Gestion des jardins botaniques et zoologiques et des réserves naturelles;Hommes
2016;9200Z;Organisation de jeux de hasard et d'argent;Femmes
2016;9200Z;Organisation de jeux de hasard et d'argent;Hommes
2016;9311Z;Gestion d'installations sportives;Femmes
2016;9311Z;Gestion d'installations sportives;Hommes
2016;9312Z;Activités de clubs de sports;Femmes
2016;9312Z;Activités de clubs de sports;Hommes
2016;9313Z;Activités des centres de culture physique;Femmes
2016;9313Z;Activités des centres de culture physique;Hommes
2016;9319Z;Autres activités liées au sport;Femmes
2016;9319Z;Autres activités liées au sport;Hommes
2016;9321Z;Activités des parcs d'attractions et parcs à thèmes;Femmes
2016;9321Z;Activités des parcs d'attractions et parcs à thèmes;Hommes
2016;9329Z;Autres activités récréatives et de loisirs;Femmes
2016;9329Z;Autres activités récréatives et de loisirs;Hommes
2016;9411Z;Activités des organisations patronales et consulaires;Femmes
2016;9411Z;Activités des organisations patronales et consulaires;Hommes
2016;9412Z;Activités des organisations professionnelles;Femmes
2016;9412Z;Activités des organisations professionnelles;Hommes
2016;9420Z;Activités des syndicats de salariés;Femmes
2016;9420Z;Activités des syndicats de salariés;Hommes
2016;9491Z;Activités des organisations religieuses;Femmes
2016;9491Z;Activités des organisations religieuses;Hommes
2016;9492Z;Activités des organisations politiques;Femmes
2016;9492Z;Activités des organisations politiques;Hommes
2016;9499Z;Autres organisations fonctionnant par adhésion volontaire;Femmes
2016;9499Z;Autres organisations fonctionnant par adhésion volontaire;Hommes
2016;9511Z;Réparation d'ordinateurs et d'équipements périphériques;Femmes
2016;9511Z;Réparation d'ordinateurs et d'équipements périphériques;Hommes
2016;9512Z;Réparation d'équipements de communication;Femmes
2016;9512Z;Réparation d'équipements de communication;Hommes
2016;9521Z;Réparation de produits électroniques grand public;Femmes
2016;9521Z;Réparation de produits électroniques grand public;Hommes
2016;9522Z;Réparation d'appareils électroménagers et d'équipements pour la maison et le jardin;Femmes
2016;9522Z;Réparation d'appareils électroménagers et d'équipements pour la maison et le jardin;Hommes
2016;9523Z;Réparation de chaussures et d'articles en cuir;Femmes
2016;9523Z;Réparation de chaussures et d'articles en cuir;Hommes
2016;9524Z;Réparation de meubles et d'équipements du foyer;Femmes
2016;9524Z;Réparation de meubles et d'équipements du foyer;Hommes
2016;9525Z;Réparation d'articles d'horlogerie et de bijouterie;Femmes
2016;9525Z;Réparation d'articles d'horlogerie et de bijouterie;Hommes
2016;9529Z;Réparation d'autres biens personnels et domestiques;Femmes
2016;9529Z;Réparation d'autres biens personnels et domestiques;Hommes
2016;9601A;Blanchisserie-teinturerie de gros;Femmes
2016;9601A;Blanchisserie-teinturerie de gros;Hommes
2016;9601B;Blanchisserie-teinturerie de détail;Femmes
2016;9601B;Blanchisserie-teinturerie de détail;Hommes
2016;9602A;Coiffure;Femmes
2016;9602A;Coiffure;Hommes
2016;9602B;Soins de beauté;Femmes
2016;9602B;Soins de beauté;Hommes
2016;9603Z;Services funéraires;Femmes
2016;9603Z;Services funéraires;Hommes
2016;9604Z;Entretien corporel;Femmes
2016;9604Z;Entretien corporel;Hommes
2016;9609Z;Autres services personnels n.c.a.;Femmes
2016;9609Z;Autres services personnels n.c.a.;Hommes
2016;9700Z;Activités des ménages en tant qu'employeurs de personnel domestique;Femmes
2016;9700Z;Activités des ménages en tant qu'employeurs de personnel domestique;Hommes
2016;9810Z;Activités indifférenciées des ménages en tant que producteurs de biens pour usage propre;Femmes
2016;9810Z;Activités indifférenciées des ménages en tant que producteurs de biens pour usage propre;Hommes
2016;9820Z;Activités indifférenciées des ménages en tant que producteurs de services pour usage propre;Femmes
2016;9820Z;Activités indifférenciées des ménages en tant que producteurs de services pour usage propre;Hommes
2016;9900Z;Activités des organisations et organismes extraterritoriaux;Femmes
2016;9900Z;Activités des organisations et organismes extraterritoriaux;Hommes
2017;0111Z;Culture de céréales (à l'exception du riz), de légumineuses et de graines oléagineuses;Femmes
2017;0111Z;Culture de céréales (à l'exception du riz), de légumineuses et de graines oléagineuses;Hommes
2017;0112Z;Culture du riz;Femmes
2017;0112Z;Culture du riz;Hommes
2017;0113Z;Culture de légumes, de melons, de racines et de tubercules;Femmes
2017;0113Z;Culture de légumes, de melons, de racines et de tubercules;Hommes
2017;0114Z;Culture de la canne à sucre;Femmes
2017;0114Z;Culture de la canne à sucre;Hommes
2017;0115Z;Culture du tabac;Femmes
2017;0115Z;Culture du tabac;Hommes
2017;0116Z;Culture de plantes à fibres;Femmes
2017;0116Z;Culture de plantes à fibres;Hommes
2017;0119Z;Autres cultures non permanentes;Femmes
2017;0119Z;Autres cultures non permanentes;Hommes
2017;0121Z;Culture de la vigne;Femmes
2017;0121Z;Culture de la vigne;Hommes
2017;0122Z;Culture de fruits tropicaux et subtropicaux;Femmes
2017;0122Z;Culture de fruits tropicaux et subtropicaux;Hommes
2017;0123Z;Culture d'agrumes;Femmes
2017;0123Z;Culture d'agrumes;Hommes
2017;0124Z;Culture de fruits à pépins et à noyau;Femmes
2017;0124Z;Culture de fruits à pépins et à noyau;Hommes
2017;0125Z;Culture d'autres fruits d'arbres ou d'arbustes et de fruits à coque;Femmes
2017;0125Z;Culture d'autres fruits d'arbres ou d'arbustes et de fruits à coque;Hommes
2017;0126Z;Culture de fruits oléagineux;Femmes
2017;0126Z;Culture de fruits oléagineux;Hommes
2017;0127Z;Culture de plantes à boissons;Femmes
2017;0127Z;Culture de plantes à boissons;Hommes
2017;0128Z;Culture de plantes à épices, aromatiques, médicinales et pharmaceutiques;Femmes
2017;0128Z;Culture de plantes à épices, aromatiques, médicinales et pharmaceutiques;Hommes
2017;0129Z;Autres cultures permanentes;Femmes
2017;0129Z;Autres cultures permanentes;Hommes
2017;0130Z;Reproduction de plantes;Femmes
2017;0130Z;Reproduction de plantes;Hommes
2017;0141Z;Élevage de vaches laitières;Femmes
2017;0141Z;Élevage de vaches laitières;Hommes
2017;0142Z;Élevage d'autres bovins et de buffles;Femmes
2017;0142Z;Élevage d'autres bovins et de buffles;Hommes
2017;0143Z;Élevage de chevaux et d'autres équidés;Femmes
2017;0143Z;Élevage de chevaux et d'autres équidés;Hommes
2017;0144Z;Élevage de chameaux et d'autres camélidés;Femmes
2017;0144Z;Élevage de chameaux et d'autres camélidés;Hommes
2017;0145Z;Élevage d'ovins et de caprins;Femmes
2017;0145Z;Élevage d'ovins et de caprins;Hommes
2017;0146Z;Élevage de porcins;Femmes
2017;0146Z;Élevage de porcins;Hommes
2017;0147Z;Élevage de volailles;Femmes
2017;0147Z;Élevage de volailles;Hommes
2017;0149Z;Élevage d'autres animaux;Femmes
2017;0149Z;Élevage d'autres animaux;Hommes
2017;0150Z;Culture et élevage associés;Femmes
2017;0150Z;Culture et élevage associés;Hommes
2017;0161Z;Activités de soutien aux cultures;Femmes
2017;0161Z;Activités de soutien aux cultures;Hommes
2017;0162Z;Activités de soutien à la production animale;Femmes
2017;0162Z;Activités de soutien à la production animale;Hommes
2017;0163Z;Traitement primaire des récoltes;Femmes
2017;0163Z;Traitement primaire des récoltes;Hommes
2017;0164Z;Traitement des semences;Femmes
2017;0164Z;Traitement des semences;Hommes
2017;0170Z;Chasse, piégeage et services annexes;Femmes
2017;0170Z;Chasse, piégeage et services annexes;Hommes
2017;0210Z;Sylviculture et autres activités forestières;Femmes
2017;0210Z;Sylviculture et autres activités forestières;Hommes
2017;0220Z;Exploitation forestière;Femmes
2017;0220Z;Exploitation forestière;Hommes
2017;0230Z;Récolte de produits forestiers non ligneux poussant à l'état sauvage;Femmes
2017;0230Z;Récolte de produits forestiers non ligneux poussant à l'état sauvage;Hommes
2017;0240Z;Services de soutien à l'exploitation forestière;Femmes
2017;0240Z;Services de soutien à l'exploitation forestière;Hommes
2017;0311Z;Pêche en mer;Femmes
2017;0311Z;Pêche en mer;Hommes
2017;0312Z;Pêche en eau douce;Femmes
2017;0312Z;Pêche en eau douce;Hommes
2017;0321Z;Aquaculture en mer;Femmes
2017;0321Z;Aquaculture en mer;Hommes
2017;0322Z;Aquaculture en eau douce;Femmes
2017;0322Z;Aquaculture en eau douce;Hommes
2017;0510Z;Extraction de houille;Femmes
2017;0510Z;Extraction de houille;Hommes
2017;0520Z;Extraction de lignite;Femmes
2017;0520Z;Extraction de lignite;Hommes
2017;0610Z;Extraction de pétrole brut;Femmes
2017;0610Z;Extraction de pétrole brut;Hommes
2017;0620Z;Extraction de gaz naturel;Femmes
2017;0620Z;Extraction de gaz naturel;Hommes
2017;0710Z;Extraction de minerais de fer;Femmes
2017;0710Z;Extraction de minerais de fer;Hommes
2017;0721Z;Extraction de minerais d'uranium et de thorium;Femmes
2017;0721Z;Extraction de minerais d'uranium et de thorium;Hommes
2017;0729Z;Extraction d'autres minerais de métaux non ferreux;Femmes
2017;0729Z;Extraction d'autres minerais de métaux non ferreux;Hommes
2017;0811Z;Extraction de pierres ornementales et de construction, de calcaire industriel, de gypse, de craie et d'ardoise;Femmes
2017;0811Z;Extraction de pierres ornementales et de construction, de calcaire industriel, de gypse, de craie et d'ardoise;Hommes
2017;0812Z;Exploitation de gravières et sablières, extraction d'argiles et de kaolin;Femmes
2017;0812Z;Exploitation de gravières et sablières, extraction d'argiles et de kaolin;Hommes
2017;0891Z;Extraction des minéraux chimiques et d'engrais minéraux;Femmes
2017;0891Z;Extraction des minéraux chimiques et d'engrais minéraux;Hommes
2017;0892Z;Extraction de tourbe;Femmes
2017;0892Z;Extraction de tourbe;Hommes
2017;0893Z;Production de sel;Femmes
2017;0893Z;Production de sel;Hommes
2017;0899Z;Autres activités extractives n.c.a.;Femmes
2017;0899Z;Autres activités extractives n.c.a.;Hommes
2017;0910Z;Activités de soutien à l'extraction d'hydrocarbures;Femmes
2017;0910Z;Activités de soutien à l'extraction d'hydrocarbures;Hommes
2017;0990Z;Activités de soutien aux autres industries extractives;Femmes
2017;0990Z;Activités de soutien aux autres industries extractives;Hommes
2017;1011Z;Transformation et conservation de la viande de boucherie;Femmes
2017;1011Z;Transformation et conservation de la viande de boucherie;Hommes
2017;1012Z;Transformation et conservation de la viande de volaille;Femmes
2017;1012Z;Transformation et conservation de la viande de volaille;Hommes
2017;1013A;Préparation industrielle de produits à base de viande;Femmes
2017;1013A;Préparation industrielle de produits à base de viande;Hommes
2017;1013B;Charcuterie;Femmes
2017;1013B;Charcuterie;Hommes
2017;1020Z;Transformation et conservation de poisson, de crustacés et de mollusques;Femmes
2017;1020Z;Transformation et conservation de poisson, de crustacés et de mollusques;Hommes
2017;1031Z;Transformation et conservation de pommes de terre;Femmes
2017;1031Z;Transformation et conservation de pommes de terre;Hommes
2017;1032Z;Préparation de jus de fruits et légumes;Femmes
2017;1032Z;Préparation de jus de fruits et légumes;Hommes
2017;1039A;Autre transformation et conservation de légumes;Femmes
2017;1039A;Autre transformation et conservation de légumes;Hommes
2017;1039B;Transformation et conservation de fruits;Femmes
2017;1039B;Transformation et conservation de fruits;Hommes
2017;1041A;Fabrication d'huiles et graisses brutes;Femmes
2017;1041A;Fabrication d'huiles et graisses brutes;Hommes
2017;1041B;Fabrication d'huiles et graisses raffinées;Femmes
2017;1041B;Fabrication d'huiles et graisses raffinées;Hommes
2017;1042Z;Fabrication de margarine et graisses comestibles similaires;Femmes
2017;1042Z;Fabrication de margarine et graisses comestibles similaires;Hommes
2017;1051A;Fabrication de lait liquide et de produits frais;Femmes
2017;1051A;Fabrication de lait liquide et de produits frais;Hommes
2017;1051B;Fabrication de beurre;Femmes
2017;1051B;Fabrication de beurre;Hommes
2017;1051C;Fabrication de fromage;Femmes
2017;1051C;Fabrication de fromage;Hommes
2017;1051D;Fabrication d'autres produits laitiers;Femmes
2017;1051D;Fabrication d'autres produits laitiers;Hommes
2017;1052Z;Fabrication de glaces et sorbets;Femmes
2017;1052Z;Fabrication de glaces et sorbets;Hommes
2017;1061A;Meunerie;Femmes
2017;1061A;Meunerie;Hommes
2017;1061B;Autres activités du travail des grains;Femmes
2017;1061B;Autres activités du travail des grains;Hommes
2017;1062Z;Fabrication de produits amylacés;Femmes
2017;1062Z;Fabrication de produits amylacés;Hommes
2017;1071A;Fabrication industrielle de pain et de pâtisserie fraîche;Femmes
2017;1071A;Fabrication industrielle de pain et de pâtisserie fraîche;Hommes
2017;1071B;Cuisson de produits de boulangerie;Femmes
2017;1071B;Cuisson de produits de boulangerie;Hommes
2017;1071C;Boulangerie et boulangerie-pâtisserie;Femmes
2017;1071C;Boulangerie et boulangerie-pâtisserie;Hommes
2017;1071D;Pâtisserie;Femmes
2017;1071D;Pâtisserie;Hommes
2017;1072Z;Fabrication de biscuits, biscottes et pâtisseries de conservation;Femmes
2017;1072Z;Fabrication de biscuits, biscottes et pâtisseries de conservation;Hommes
2017;1073Z;Fabrication de pâtes alimentaires;Femmes
2017;1073Z;Fabrication de pâtes alimentaires;Hommes
2017;1081Z;Fabrication de sucre;Femmes
2017;1081Z;Fabrication de sucre;Hommes
2017;1082Z;Fabrication de cacao, chocolat et de produits de confiserie;Femmes
2017;1082Z;Fabrication de cacao, chocolat et de produits de confiserie;Hommes
2017;1083Z;Transformation du thé et du café;Femmes
2017;1083Z;Transformation du thé et du café;Hommes
2017;1084Z;Fabrication de condiments et assaisonnements;Femmes
2017;1084Z;Fabrication de condiments et assaisonnements;Hommes
2017;1085Z;Fabrication de plats préparés;Femmes
2017;1085Z;Fabrication de plats préparés;Hommes
2017;1086Z;Fabrication d'aliments homogénéisés et diététiques;Femmes
2017;1086Z;Fabrication d'aliments homogénéisés et diététiques;Hommes
2017;1089Z;Fabrication d'autres produits alimentaires n.c.a.;Femmes
2017;1089Z;Fabrication d'autres produits alimentaires n.c.a.;Hommes
2017;1091Z;Fabrication d'aliments pour animaux de ferme;Femmes
2017;1091Z;Fabrication d'aliments pour animaux de ferme;Hommes
2017;1092Z;Fabrication d'aliments pour animaux de compagnie;Femmes
2017;1092Z;Fabrication d'aliments pour animaux de compagnie;Hommes
2017;1101Z;Production de boissons alcooliques distillées;Femmes
2017;1101Z;Production de boissons alcooliques distillées;Hommes
2017;1102A;Fabrication de vins effervescents;Femmes
2017;1102A;Fabrication de vins effervescents;Hommes
2017;1102B;Vinification;Femmes
2017;1102B;Vinification;Hommes
2017;1103Z;Fabrication de cidre et de vins de fruits;Femmes
2017;1103Z;Fabrication de cidre et de vins de fruits;Hommes
2017;1104Z;Production d'autres boissons fermentées non distillées;Femmes
2017;1104Z;Production d'autres boissons fermentées non distillées;Hommes
2017;1105Z;Fabrication de bière;Femmes
2017;1105Z;Fabrication de bière;Hommes
2017;1106Z;Fabrication de malt;Femmes
2017;1106Z;Fabrication de malt;Hommes
2017;1107A;Industrie des eaux de table;Femmes
2017;1107A;Industrie des eaux de table;Hommes
2017;1107B;Production de boissons rafraîchissantes;Femmes
2017;1107B;Production de boissons rafraîchissantes;Hommes
2017;1200Z;Fabrication de produits à base de tabac;Femmes
2017;1200Z;Fabrication de produits à base de tabac;Hommes
2017;1310Z;Préparation de fibres textiles et filature;Femmes
2017;1310Z;Préparation de fibres textiles et filature;Hommes
2017;1320Z;Tissage;Femmes
2017;1320Z;Tissage;Hommes
2017;1330Z;Ennoblissement textile;Femmes
2017;1330Z;Ennoblissement textile;Hommes
2017;1391Z;Fabrication d'étoffes à mailles;Femmes
2017;1391Z;Fabrication d'étoffes à mailles;Hommes
2017;1392Z;Fabrication d'articles textiles, sauf habillement;Femmes
2017;1392Z;Fabrication d'articles textiles, sauf habillement;Hommes
2017;1393Z;Fabrication de tapis et moquettes;Femmes
2017;1393Z;Fabrication de tapis et moquettes;Hommes
2017;1394Z;Fabrication de ficelles, cordes et filets;Femmes
2017;1394Z;Fabrication de ficelles, cordes et filets;Hommes
2017;1395Z;Fabrication de non-tissés, sauf habillement;Femmes
2017;1395Z;Fabrication de non-tissés, sauf habillement;Hommes
2017;1396Z;Fabrication d'autres textiles techniques et industriels;Femmes
2017;1396Z;Fabrication d'autres textiles techniques et industriels;Hommes
2017;1399Z;Fabrication d'autres textiles n.c.a.;Femmes
2017;1399Z;Fabrication d'autres textiles n.c.a.;Hommes
2017;1411Z;Fabrication de vêtements en cuir;Femmes
2017;1411Z;Fabrication de vêtements en cuir;Hommes
2017;1412Z;Fabrication de vêtements de travail;Femmes
2017;1412Z;Fabrication de vêtements de travail;Hommes
2017;1413Z;Fabrication de vêtements de dessus;Femmes
2017;1413Z;Fabrication de vêtements de dessus;Hommes
2017;1414Z;Fabrication de vêtements de dessous;Femmes
2017;1414Z;Fabrication de vêtements de dessous;Hommes
2017;1419Z;Fabrication d'autres vêtements et accessoires;Femmes
2017;1419Z;Fabrication d'autres vêtements et accessoires;Hommes
2017;1420Z;Fabrication d'articles en fourrure;Femmes
2017;1420Z;Fabrication d'articles en fourrure;Hommes
2017;1431Z;Fabrication d'articles chaussants à mailles;Femmes
2017;1431Z;Fabrication d'articles chaussants à mailles;Hommes
2017;1439Z;Fabrication d'autres articles à mailles;Femmes
2017;1439Z;Fabrication d'autres articles à mailles;Hommes
2017;1511Z;"Apprêt et tannage des cuirs ; préparation et teinture des fourrures";Femmes
2017;1511Z;"Apprêt et tannage des cuirs ; préparation et teinture des fourrures";Hommes
2017;1512Z;Fabrication d'articles de voyage, de maroquinerie et de sellerie;Femmes
2017;1512Z;Fabrication d'articles de voyage, de maroquinerie et de sellerie;Hommes
2017;1520Z;Fabrication de chaussures;Femmes
2017;1520Z;Fabrication de chaussures;Hommes
2017;1610A;Sciage et rabotage du bois, hors imprégnation;Femmes
2017;1610A;Sciage et rabotage du bois, hors imprégnation;Hommes
2017;1610B;Imprégnation du bois;Femmes
2017;1610B;Imprégnation du bois;Hommes
2017;1621Z;Fabrication de placage et de panneaux de bois;Femmes
2017;1621Z;Fabrication de placage et de panneaux de bois;Hommes
2017;1622Z;Fabrication de parquets assemblés;Femmes
2017;1622Z;Fabrication de parquets assemblés;Hommes
2017;1623Z;Fabrication de charpentes et d'autres menuiseries;Femmes
2017;1623Z;Fabrication de charpentes et d'autres menuiseries;Hommes
2017;1624Z;Fabrication d'emballages en bois;Femmes
2017;1624Z;Fabrication d'emballages en bois;Hommes
2017;1629Z;"Fabrication d'objets divers en bois ; fabrication d'objets en liège, vannerie et sparterie";Femmes
2017;1629Z;"Fabrication d'objets divers en bois ; fabrication d'objets en liège, vannerie et sparterie";Hommes
2017;1711Z;Fabrication de pâte à papier;Femmes
2017;1711Z;Fabrication de pâte à papier;Hommes
2017;1712Z;Fabrication de papier et de carton;Femmes
2017;1712Z;Fabrication de papier et de carton;Hommes
2017;1721A;Fabrication de carton ondulé;Femmes
2017;1721A;Fabrication de carton ondulé;Hommes
2017;1721B;Fabrication de cartonnages;Femmes
2017;1721B;Fabrication de cartonnages;Hommes
2017;1721C;Fabrication d'emballages en papier;Femmes
2017;1721C;Fabrication d'emballages en papier;Hommes
2017;1722Z;Fabrication d'articles en papier à usage sanitaire ou domestique;Femmes
2017;1722Z;Fabrication d'articles en papier à usage sanitaire ou domestique;Hommes
2017;1723Z;Fabrication d'articles de papeterie;Femmes
2017;1723Z;Fabrication d'articles de papeterie;Hommes
2017;1724Z;Fabrication de papiers peints;Femmes
2017;1724Z;Fabrication de papiers peints;Hommes
2017;1729Z;Fabrication d'autres articles en papier ou en carton;Femmes
2017;1729Z;Fabrication d'autres articles en papier ou en carton;Hommes
2017;1811Z;Imprimerie de journaux;Femmes
2017;1811Z;Imprimerie de journaux;Hommes
2017;1812Z;Autre imprimerie (labeur);Femmes
2017;1812Z;Autre imprimerie (labeur);Hommes
2017;1813Z;Activités de pré-presse;Femmes
2017;1813Z;Activités de pré-presse;Hommes
2017;1814Z;Reliure et activités connexes;Femmes
2017;1814Z;Reliure et activités connexes;Hommes
2017;1820Z;Reproduction d'enregistrements;Femmes
2017;1820Z;Reproduction d'enregistrements;Hommes
2017;1910Z;Cokéfaction;Femmes
2017;1910Z;Cokéfaction;Hommes
2017;1920Z;Raffinage du pétrole;Femmes
2017;1920Z;Raffinage du pétrole;Hommes
2017;2011Z;Fabrication de gaz industriels;Femmes
2017;2011Z;Fabrication de gaz industriels;Hommes
2017;2012Z;Fabrication de colorants et de pigments;Femmes
2017;2012Z;Fabrication de colorants et de pigments;Hommes
2017;2013A;Enrichissement et retraitement de matières nucléaires;Femmes
2017;2013A;Enrichissement et retraitement de matières nucléaires;Hommes
2017;2013B;Fabrication d'autres produits chimiques inorganiques de base n.c.a.;Femmes
2017;2013B;Fabrication d'autres produits chimiques inorganiques de base n.c.a.;Hommes
2017;2014Z;Fabrication d'autres produits chimiques organiques de base;Femmes
2017;2014Z;Fabrication d'autres produits chimiques organiques de base;Hommes
2017;2015Z;Fabrication de produits azotés et d'engrais;Femmes
2017;2015Z;Fabrication de produits azotés et d'engrais;Hommes
2017;2016Z;Fabrication de matières plastiques de base;Femmes
2017;2016Z;Fabrication de matières plastiques de base;Hommes
2017;2017Z;Fabrication de caoutchouc synthétique;Femmes
2017;2017Z;Fabrication de caoutchouc synthétique;Hommes
2017;2020Z;Fabrication de pesticides et d'autres produits agrochimiques;Femmes
2017;2020Z;Fabrication de pesticides et d'autres produits agrochimiques;Hommes
2017;2030Z;Fabrication de peintures, vernis, encres et mastics;Femmes
2017;2030Z;Fabrication de peintures, vernis, encres et mastics;Hommes
2017;2041Z;Fabrication de savons, détergents et produits d'entretien;Femmes
2017;2041Z;Fabrication de savons, détergents et produits d'entretien;Hommes
2017;2042Z;Fabrication de parfums et de produits pour la toilette;Femmes
2017;2042Z;Fabrication de parfums et de produits pour la toilette;Hommes
2017;2051Z;Fabrication de produits explosifs;Femmes
2017;2051Z;Fabrication de produits explosifs;Hommes
2017;2052Z;Fabrication de colles;Femmes
2017;2052Z;Fabrication de colles;Hommes
2017;2053Z;Fabrication d'huiles essentielles;Femmes
2017;2053Z;Fabrication d'huiles essentielles;Hommes
2017;2059Z;Fabrication d'autres produits chimiques n.c.a.;Femmes
2017;2059Z;Fabrication d'autres produits chimiques n.c.a.;Hommes
2017;2060Z;Fabrication de fibres artificielles ou synthétiques;Femmes
2017;2060Z;Fabrication de fibres artificielles ou synthétiques;Hommes
2017;2110Z;Fabrication de produits pharmaceutiques de base;Femmes
2017;2110Z;Fabrication de produits pharmaceutiques de base;Hommes
2017;2120Z;Fabrication de préparations pharmaceutiques;Femmes
2017;2120Z;Fabrication de préparations pharmaceutiques;Hommes
2017;2211Z;Fabrication et rechapage de pneumatiques;Femmes
2017;2211Z;Fabrication et rechapage de pneumatiques;Hommes
2017;2219Z;Fabrication d'autres articles en caoutchouc;Femmes
2017;2219Z;Fabrication d'autres articles en caoutchouc;Hommes
2017;2221Z;Fabrication de plaques, feuilles, tubes et profilés en matières plastiques;Femmes
2017;2221Z;Fabrication de plaques, feuilles, tubes et profilés en matières plastiques;Hommes
2017;2222Z;Fabrication d'emballages en matières plastiques;Femmes
2017;2222Z;Fabrication d'emballages en matières plastiques;Hommes
2017;2223Z;Fabrication d'éléments en matières plastiques pour la construction;Femmes
2017;2223Z;Fabrication d'éléments en matières plastiques pour la construction;Hommes
2017;2229A;Fabrication de pièces techniques à base de matières plastiques;Femmes
2017;2229A;Fabrication de pièces techniques à base de matières plastiques;Hommes
2017;2229B;Fabrication de produits de consommation courante en matières plastiques;Femmes
2017;2229B;Fabrication de produits de consommation courante en matières plastiques;Hommes
2017;2311Z;Fabrication de verre plat;Femmes
2017;2311Z;Fabrication de verre plat;Hommes
2017;2312Z;Façonnage et transformation du verre plat;Femmes
2017;2312Z;Façonnage et transformation du verre plat;Hommes
2017;2313Z;Fabrication de verre creux;Femmes
2017;2313Z;Fabrication de verre creux;Hommes
2017;2314Z;Fabrication de fibres de verre;Femmes
2017;2314Z;Fabrication de fibres de verre;Hommes
2017;2319Z;Fabrication et façonnage d'autres articles en verre, y compris verre technique;Femmes
2017;2319Z;Fabrication et façonnage d'autres articles en verre, y compris verre technique;Hommes
2017;2320Z;Fabrication de produits réfractaires;Femmes
2017;2320Z;Fabrication de produits réfractaires;Hommes
2017;2331Z;Fabrication de carreaux en céramique;Femmes
2017;2331Z;Fabrication de carreaux en céramique;Hommes
2017;2332Z;Fabrication de briques, tuiles et produits de construction, en terre cuite;Femmes
2017;2332Z;Fabrication de briques, tuiles et produits de construction, en terre cuite;Hommes
2017;2341Z;Fabrication d'articles céramiques à usage domestique ou ornemental;Femmes
2017;2341Z;Fabrication d'articles céramiques à usage domestique ou ornemental;Hommes
2017;2342Z;Fabrication d'appareils sanitaires en céramique;Femmes
2017;2342Z;Fabrication d'appareils sanitaires en céramique;Hommes
2017;2343Z;Fabrication d'isolateurs et pièces isolantes en céramique;Femmes
2017;2343Z;Fabrication d'isolateurs et pièces isolantes en céramique;Hommes
2017;2344Z;Fabrication d'autres produits céramiques à usage technique;Femmes
2017;2344Z;Fabrication d'autres produits céramiques à usage technique;Hommes
2017;2349Z;Fabrication d'autres produits céramiques;Femmes
2017;2349Z;Fabrication d'autres produits céramiques;Hommes
2017;2351Z;Fabrication de ciment;Femmes
2017;2351Z;Fabrication de ciment;Hommes
2017;2352Z;Fabrication de chaux et plâtre;Femmes
2017;2352Z;Fabrication de chaux et plâtre;Hommes
2017;2361Z;Fabrication d'éléments en béton pour la construction;Femmes
2017;2361Z;Fabrication d'éléments en béton pour la construction;Hommes
2017;2362Z;Fabrication d'éléments en plâtre pour la construction;Femmes
2017;2362Z;Fabrication d'éléments en plâtre pour la construction;Hommes
2017;2363Z;Fabrication de béton prêt à l'emploi;Femmes
2017;2363Z;Fabrication de béton prêt à l'emploi;Hommes
2017;2364Z;Fabrication de mortiers et bétons secs;Femmes
2017;2364Z;Fabrication de mortiers et bétons secs;Hommes
2017;2365Z;Fabrication d'ouvrages en fibre-ciment;Femmes
2017;2365Z;Fabrication d'ouvrages en fibre-ciment;Hommes
2017;2369Z;Fabrication d'autres ouvrages en béton, en ciment ou en plâtre;Femmes
2017;2369Z;Fabrication d'autres ouvrages en béton, en ciment ou en plâtre;Hommes
2017;2370Z;Taille, façonnage et finissage de pierres;Femmes
2017;2370Z;Taille, façonnage et finissage de pierres;Hommes
2017;2391Z;Fabrication de produits abrasifs;Femmes
2017;2391Z;Fabrication de produits abrasifs;Hommes
2017;2399Z;Fabrication d'autres produits minéraux non métalliques n.c.a.;Femmes
2017;2399Z;Fabrication d'autres produits minéraux non métalliques n.c.a.;Hommes
2017;2410Z;Sidérurgie;Femmes
2017;2410Z;Sidérurgie;Hommes
2017;2420Z;Fabrication de tubes, tuyaux, profilés creux et accessoires correspondants en acier;Femmes
2017;2420Z;Fabrication de tubes, tuyaux, profilés creux et accessoires correspondants en acier;Hommes
2017;2431Z;Étirage à froid de barres;Femmes
2017;2431Z;Étirage à froid de barres;Hommes
2017;2432Z;Laminage à froid de feuillards;Femmes
2017;2432Z;Laminage à froid de feuillards;Hommes
2017;2433Z;Profilage à froid par formage ou pliage;Femmes
2017;2433Z;Profilage à froid par formage ou pliage;Hommes
2017;2434Z;Tréfilage à froid;Femmes
2017;2434Z;Tréfilage à froid;Hommes
2017;2441Z;Production de métaux précieux;Femmes
2017;2441Z;Production de métaux précieux;Hommes
2017;2442Z;Métallurgie de l'aluminium;Femmes
2017;2442Z;Métallurgie de l'aluminium;Hommes
2017;2443Z;Métallurgie du plomb, du zinc ou de l'étain;Femmes
2017;2443Z;Métallurgie du plomb, du zinc ou de l'étain;Hommes
2017;2444Z;Métallurgie du cuivre;Femmes
2017;2444Z;Métallurgie du cuivre;Hommes
2017;2445Z;Métallurgie des autres métaux non ferreux;Femmes
2017;2445Z;Métallurgie des autres métaux non ferreux;Hommes
2017;2446Z;Élaboration et transformation de matières nucléaires;Femmes
2017;2446Z;Élaboration et transformation de matières nucléaires;Hommes
2017;2451Z;Fonderie de fonte;Femmes
2017;2451Z;Fonderie de fonte;Hommes
2017;2452Z;Fonderie d'acier;Femmes
2017;2452Z;Fonderie d'acier;Hommes
2017;2453Z;Fonderie de métaux légers;Femmes
2017;2453Z;Fonderie de métaux légers;Hommes
2017;2454Z;Fonderie d'autres métaux non ferreux;Femmes
2017;2454Z;Fonderie d'autres métaux non ferreux;Hommes
2017;2511Z;Fabrication de structures métalliques et de parties de structures;Femmes
2017;2511Z;Fabrication de structures métalliques et de parties de structures;Hommes
2017;2512Z;Fabrication de portes et fenêtres en métal;Femmes
2017;2512Z;Fabrication de portes et fenêtres en métal;Hommes
2017;2521Z;Fabrication de radiateurs et de chaudières pour le chauffage central;Femmes
2017;2521Z;Fabrication de radiateurs et de chaudières pour le chauffage central;Hommes
2017;2529Z;Fabrication d'autres réservoirs, citernes et conteneurs métalliques;Femmes
2017;2529Z;Fabrication d'autres réservoirs, citernes et conteneurs métalliques;Hommes
2017;2530Z;Fabrication de générateurs de vapeur, à l'exception des chaudières pour le chauffage central;Femmes
2017;2530Z;Fabrication de générateurs de vapeur, à l'exception des chaudières pour le chauffage central;Hommes
2017;2540Z;Fabrication d'armes et de munitions;Femmes
2017;2540Z;Fabrication d'armes et de munitions;Hommes
2017;2550A;"Forge, estampage, matriçage ; métallurgie des poudres";Femmes
2017;2550A;"Forge, estampage, matriçage ; métallurgie des poudres";Hommes
2017;2550B;Découpage, emboutissage;Femmes
2017;2550B;Découpage, emboutissage;Hommes
2017;2561Z;Traitement et revêtement des métaux;Femmes
2017;2561Z;Traitement et revêtement des métaux;Hommes
2017;2562A;Décolletage;Femmes
2017;2562A;Décolletage;Hommes
2017;2562B;Mécanique industrielle;Femmes
2017;2562B;Mécanique industrielle;Hommes
2017;2571Z;Fabrication de coutellerie;Femmes
2017;2571Z;Fabrication de coutellerie;Hommes
2017;2572Z;Fabrication de serrures et de ferrures;Femmes
2017;2572Z;Fabrication de serrures et de ferrures;Hommes
2017;2573A;Fabrication de moules et modèles;Femmes
2017;2573A;Fabrication de moules et modèles;Hommes
2017;2573B;Fabrication d'autres outillages;Femmes
2017;2573B;Fabrication d'autres outillages;Hommes
2017;2591Z;Fabrication de fûts et emballages métalliques similaires;Femmes
2017;2591Z;Fabrication de fûts et emballages métalliques similaires;Hommes
2017;2592Z;Fabrication d'emballages métalliques légers;Femmes
2017;2592Z;Fabrication d'emballages métalliques légers;Hommes
2017;2593Z;Fabrication d'articles en fils métalliques, de chaînes et de ressorts;Femmes
2017;2593Z;Fabrication d'articles en fils métalliques, de chaînes et de ressorts;Hommes
2017;2594Z;Fabrication de vis et de boulons;Femmes
2017;2594Z;Fabrication de vis et de boulons;Hommes
2017;2599A;Fabrication d'articles métalliques ménagers;Femmes
2017;2599A;Fabrication d'articles métalliques ménagers;Hommes
2017;2599B;Fabrication d'autres articles métalliques;Femmes
2017;2599B;Fabrication d'autres articles métalliques;Hommes
2017;2611Z;Fabrication de composants électroniques;Femmes
2017;2611Z;Fabrication de composants électroniques;Hommes
2017;2612Z;Fabrication de cartes électroniques assemblées;Femmes
2017;2612Z;Fabrication de cartes électroniques assemblées;Hommes
2017;2620Z;Fabrication d'ordinateurs et d'équipements périphériques;Femmes
2017;2620Z;Fabrication d'ordinateurs et d'équipements périphériques;Hommes
2017;2630Z;Fabrication d'équipements de communication;Femmes
2017;2630Z;Fabrication d'équipements de communication;Hommes
2017;2640Z;Fabrication de produits électroniques grand public;Femmes
2017;2640Z;Fabrication de produits électroniques grand public;Hommes
2017;2651A;Fabrication d'équipements d'aide à la navigation;Femmes
2017;2651A;Fabrication d'équipements d'aide à la navigation;Hommes
2017;2651B;Fabrication d'instrumentation scientifique et technique;Femmes
2017;2651B;Fabrication d'instrumentation scientifique et technique;Hommes
2017;2652Z;Horlogerie;Femmes
2017;2652Z;Horlogerie;Hommes
2017;2660Z;Fabrication d'équipements d'irradiation médicale, d'équipements électromédicaux et électrothérapeutiques;Femmes
2017;2660Z;Fabrication d'équipements d'irradiation médicale, d'équipements électromédicaux et électrothérapeutiques;Hommes
2017;2670Z;Fabrication de matériels optique et photographique;Femmes
2017;2670Z;Fabrication de matériels optique et photographique;Hommes
2017;2680Z;Fabrication de supports magnétiques et optiques;Femmes
2017;2680Z;Fabrication de supports magnétiques et optiques;Hommes
2017;2711Z;Fabrication de moteurs, génératrices et transformateurs électriques;Femmes
2017;2711Z;Fabrication de moteurs, génératrices et transformateurs électriques;Hommes
2017;2712Z;Fabrication de matériel de distribution et de commande électrique;Femmes
2017;2712Z;Fabrication de matériel de distribution et de commande électrique;Hommes
2017;2720Z;Fabrication de piles et d'accumulateurs électriques;Femmes
2017;2720Z;Fabrication de piles et d'accumulateurs électriques;Hommes
2017;2731Z;Fabrication de câbles de fibres optiques;Femmes
2017;2731Z;Fabrication de câbles de fibres optiques;Hommes
2017;2732Z;Fabrication d'autres fils et câbles électroniques ou électriques;Femmes
2017;2732Z;Fabrication d'autres fils et câbles électroniques ou électriques;Hommes
2017;2733Z;Fabrication de matériel d'installation électrique;Femmes
2017;2733Z;Fabrication de matériel d'installation électrique;Hommes
2017;2740Z;Fabrication d'appareils d'éclairage électrique;Femmes
2017;2740Z;Fabrication d'appareils d'éclairage électrique;Hommes
2017;2751Z;Fabrication d'appareils électroménagers;Femmes
2017;2751Z;Fabrication d'appareils électroménagers;Hommes
2017;2752Z;Fabrication d'appareils ménagers non électriques;Femmes
2017;2752Z;Fabrication d'appareils ménagers non électriques;Hommes
2017;2790Z;Fabrication d'autres matériels électriques;Femmes
2017;2790Z;Fabrication d'autres matériels électriques;Hommes
2017;2811Z;Fabrication de moteurs et turbines, à l'exception des moteurs d'avions et de véhicules;Femmes
2017;2811Z;Fabrication de moteurs et turbines, à l'exception des moteurs d'avions et de véhicules;Hommes
2017;2812Z;Fabrication d'équipements hydrauliques et pneumatiques;Femmes
2017;2812Z;Fabrication d'équipements hydrauliques et pneumatiques;Hommes
2017;2813Z;Fabrication d'autres pompes et compresseurs;Femmes
2017;2813Z;Fabrication d'autres pompes et compresseurs;Hommes
2017;2814Z;Fabrication d'autres articles de robinetterie;Femmes
2017;2814Z;Fabrication d'autres articles de robinetterie;Hommes
2017;2815Z;Fabrication d'engrenages et d'organes mécaniques de transmission;Femmes
2017;2815Z;Fabrication d'engrenages et d'organes mécaniques de transmission;Hommes
2017;2821Z;Fabrication de fours et brûleurs;Femmes
2017;2821Z;Fabrication de fours et brûleurs;Hommes
2017;2822Z;Fabrication de matériel de levage et de manutention;Femmes
2017;2822Z;Fabrication de matériel de levage et de manutention;Hommes
2017;2823Z;Fabrication de machines et d'équipements de bureau (à l'exception des ordinateurs et équipements périphériques);Femmes
2017;2823Z;Fabrication de machines et d'équipements de bureau (à l'exception des ordinateurs et équipements périphériques);Hommes
2017;2824Z;Fabrication d'outillage portatif à moteur incorporé;Femmes
2017;2824Z;Fabrication d'outillage portatif à moteur incorporé;Hommes
2017;2825Z;Fabrication d'équipements aérauliques et frigorifiques industriels;Femmes
2017;2825Z;Fabrication d'équipements aérauliques et frigorifiques industriels;Hommes
2017;2829A;Fabrication d'équipements d'emballage, de conditionnement et de pesage;Femmes
2017;2829A;Fabrication d'équipements d'emballage, de conditionnement et de pesage;Hommes
2017;2829B;Fabrication d'autres machines d'usage général;Femmes
2017;2829B;Fabrication d'autres machines d'usage général;Hommes
2017;2830Z;Fabrication de machines agricoles et forestières;Femmes
2017;2830Z;Fabrication de machines agricoles et forestières;Hommes
2017;2841Z;Fabrication de machines-outils pour le travail des métaux;Femmes
2017;2841Z;Fabrication de machines-outils pour le travail des métaux;Hommes
2017;2849Z;Fabrication d'autres machines-outils;Femmes
2017;2849Z;Fabrication d'autres machines-outils;Hommes
2017;2891Z;Fabrication de machines pour la métallurgie;Femmes
2017;2891Z;Fabrication de machines pour la métallurgie;Hommes
2017;2892Z;Fabrication de machines pour l'extraction ou la construction;Femmes
2017;2892Z;Fabrication de machines pour l'extraction ou la construction;Hommes
2017;2893Z;Fabrication de machines pour l'industrie agro-alimentaire;Femmes
2017;2893Z;Fabrication de machines pour l'industrie agro-alimentaire;Hommes
2017;2894Z;Fabrication de machines pour les industries textiles;Femmes
2017;2894Z;Fabrication de machines pour les industries textiles;Hommes
2017;2895Z;Fabrication de machines pour les industries du papier et du carton;Femmes
2017;2895Z;Fabrication de machines pour les industries du papier et du carton;Hommes
2017;2896Z;Fabrication de machines pour le travail du caoutchouc ou des plastiques;Femmes
2017;2896Z;Fabrication de machines pour le travail du caoutchouc ou des plastiques;Hommes
2017;2899A;Fabrication de machines d'imprimerie;Femmes
2017;2899A;Fabrication de machines d'imprimerie;Hommes
2017;2899B;Fabrication d'autres machines spécialisées;Femmes
2017;2899B;Fabrication d'autres machines spécialisées;Hommes
2017;2910Z;Construction de véhicules automobiles;Femmes
2017;2910Z;Construction de véhicules automobiles;Hommes
2017;2920Z;Fabrication de carrosseries et remorques;Femmes
2017;2920Z;Fabrication de carrosseries et remorques;Hommes
2017;2931Z;Fabrication d'équipements électriques et électroniques automobiles;Femmes
2017;2931Z;Fabrication d'équipements électriques et électroniques automobiles;Hommes
2017;2932Z;Fabrication d'autres équipements automobiles;Femmes
2017;2932Z;Fabrication d'autres équipements automobiles;Hommes
2017;3011Z;Construction de navires et de structures flottantes;Femmes
2017;3011Z;Construction de navires et de structures flottantes;Hommes
2017;3012Z;Construction de bateaux de plaisance;Femmes
2017;3012Z;Construction de bateaux de plaisance;Hommes
2017;3020Z;Construction de locomotives et d'autre matériel ferroviaire roulant;Femmes
2017;3020Z;Construction de locomotives et d'autre matériel ferroviaire roulant;Hommes
2017;3030Z;Construction aéronautique et spatiale;Femmes
2017;3030Z;Construction aéronautique et spatiale;Hommes
2017;3040Z;Construction de véhicules militaires de combat;Femmes
2017;3040Z;Construction de véhicules militaires de combat;Hommes
2017;3091Z;Fabrication de motocycles;Femmes
2017;3091Z;Fabrication de motocycles;Hommes
2017;3092Z;Fabrication de bicyclettes et de véhicules pour invalides;Femmes
2017;3092Z;Fabrication de bicyclettes et de véhicules pour invalides;Hommes
2017;3099Z;Fabrication d'autres équipements de transport n.c.a.;Femmes
2017;3099Z;Fabrication d'autres équipements de transport n.c.a.;Hommes
2017;3101Z;Fabrication de meubles de bureau et de magasin;Femmes
2017;3101Z;Fabrication de meubles de bureau et de magasin;Hommes
2017;3102Z;Fabrication de meubles de cuisine;Femmes
2017;3102Z;Fabrication de meubles de cuisine;Hommes
2017;3103Z;Fabrication de matelas;Femmes
2017;3103Z;Fabrication de matelas;Hommes
2017;3109A;Fabrication de sièges d'ameublement d'intérieur;Femmes
2017;3109A;Fabrication de sièges d'ameublement d'intérieur;Hommes
2017;3109B;Fabrication d'autres meubles et industries connexes de l'ameublement;Femmes
2017;3109B;Fabrication d'autres meubles et industries connexes de l'ameublement;Hommes
2017;3211Z;Frappe de monnaie;Femmes
2017;3211Z;Frappe de monnaie;Hommes
2017;3212Z;Fabrication d'articles de joaillerie et bijouterie;Femmes
2017;3212Z;Fabrication d'articles de joaillerie et bijouterie;Hommes
2017;3213Z;Fabrication d'articles de bijouterie fantaisie et articles similaires;Femmes
2017;3213Z;Fabrication d'articles de bijouterie fantaisie et articles similaires;Hommes
2017;3220Z;Fabrication d'instruments de musique;Femmes
2017;3220Z;Fabrication d'instruments de musique;Hommes
2017;3230Z;Fabrication d'articles de sport;Femmes
2017;3230Z;Fabrication d'articles de sport;Hommes
2017;3240Z;Fabrication de jeux et jouets;Femmes
2017;3240Z;Fabrication de jeux et jouets;Hommes
2017;3250A;Fabrication de matériel médico-chirurgical et dentaire;Femmes
2017;3250A;Fabrication de matériel médico-chirurgical et dentaire;Hommes
2017;3250B;Fabrication de lunettes;Femmes
2017;3250B;Fabrication de lunettes;Hommes
2017;3291Z;Fabrication d'articles de brosserie;Femmes
2017;3291Z;Fabrication d'articles de brosserie;Hommes
2017;3299Z;Autres activités manufacturières n.c.a.;Femmes
2017;3299Z;Autres activités manufacturières n.c.a.;Hommes
2017;3311Z;Réparation d'ouvrages en métaux;Femmes
2017;3311Z;Réparation d'ouvrages en métaux;Hommes
2017;3312Z;Réparation de machines et équipements mécaniques;Femmes
2017;3312Z;Réparation de machines et équipements mécaniques;Hommes
2017;3313Z;Réparation de matériels électroniques et optiques;Femmes
2017;3313Z;Réparation de matériels électroniques et optiques;Hommes
2017;3314Z;Réparation d'équipements électriques;Femmes
2017;3314Z;Réparation d'équipements électriques;Hommes
2017;3315Z;Réparation et maintenance navale;Femmes
2017;3315Z;Réparation et maintenance navale;Hommes
2017;3316Z;Réparation et maintenance d'aéronefs et d'engins spatiaux;Femmes
2017;3316Z;Réparation et maintenance d'aéronefs et d'engins spatiaux;Hommes
2017;3317Z;Réparation et maintenance d'autres équipements de transport;Femmes
2017;3317Z;Réparation et maintenance d'autres équipements de transport;Hommes
2017;3319Z;Réparation d'autres équipements;Femmes
2017;3319Z;Réparation d'autres équipements;Hommes
2017;3320A;Installation de structures métalliques, chaudronnées et de tuyauterie;Femmes
2017;3320A;Installation de structures métalliques, chaudronnées et de tuyauterie;Hommes
2017;3320B;Installation de machines et équipements mécaniques;Femmes
2017;3320B;Installation de machines et équipements mécaniques;Hommes
2017;3320C;Conception d'ensemble et assemblage sur site industriel d'équipements de contrôle des processus industriels;Femmes
2017;3320C;Conception d'ensemble et assemblage sur site industriel d'équipements de contrôle des processus industriels;Hommes
2017;3320D;Installation d'équipements électriques, de matériels électroniques et optiques ou d'autres matériels;Femmes
2017;3320D;Installation d'équipements électriques, de matériels électroniques et optiques ou d'autres matériels;Hommes
2017;3511Z;Production d'électricité;Femmes
2017;3511Z;Production d'électricité;Hommes
2017;3512Z;Transport d'électricité;Femmes
2017;3512Z;Transport d'électricité;Hommes
2017;3513Z;Distribution d'électricité;Femmes
2017;3513Z;Distribution d'électricité;Hommes
2017;3514Z;Commerce d'électricité;Femmes
2017;3514Z;Commerce d'électricité;Hommes
2017;3521Z;Production de combustibles gazeux;Femmes
2017;3521Z;Production de combustibles gazeux;Hommes
2017;3522Z;Distribution de combustibles gazeux par conduites;Femmes
2017;3522Z;Distribution de combustibles gazeux par conduites;Hommes
2017;3523Z;Commerce de combustibles gazeux par conduites;Femmes
2017;3523Z;Commerce de combustibles gazeux par conduites;Hommes
2017;3530Z;Production et distribution de vapeur et d'air conditionné;Femmes
2017;3530Z;Production et distribution de vapeur et d'air conditionné;Hommes
2017;3600Z;Captage, traitement et distribution d'eau;Femmes
2017;3600Z;Captage, traitement et distribution d'eau;Hommes
2017;3700Z;Collecte et traitement des eaux usées;Femmes
2017;3700Z;Collecte et traitement des eaux usées;Hommes
2017;3811Z;Collecte des déchets non dangereux;Femmes
2017;3811Z;Collecte des déchets non dangereux;Hommes
2017;3812Z;Collecte des déchets dangereux;Femmes
2017;3812Z;Collecte des déchets dangereux;Hommes
2017;3821Z;Traitement et élimination des déchets non dangereux;Femmes
2017;3821Z;Traitement et élimination des déchets non dangereux;Hommes
2017;3822Z;Traitement et élimination des déchets dangereux;Femmes
2017;3822Z;Traitement et élimination des déchets dangereux;Hommes
2017;3831Z;Démantèlement d'épaves;Femmes
2017;3831Z;Démantèlement d'épaves;Hommes
2017;3832Z;Récupération de déchets triés;Femmes
2017;3832Z;Récupération de déchets triés;Hommes
2017;3900Z;Dépollution et autres services de gestion des déchets;Femmes
2017;3900Z;Dépollution et autres services de gestion des déchets;Hommes
2017;4110A;Promotion immobilière de logements;Femmes
2017;4110A;Promotion immobilière de logements;Hommes
2017;4110B;Promotion immobilière de bureaux;Femmes
2017;4110B;Promotion immobilière de bureaux;Hommes
2017;4110C;Promotion immobilière d'autres bâtiments;Femmes
2017;4110C;Promotion immobilière d'autres bâtiments;Hommes
2017;4110D;Supports juridiques de programmes;Femmes
2017;4110D;Supports juridiques de programmes;Hommes
2017;4120A;Construction de maisons individuelles;Femmes
2017;4120A;Construction de maisons individuelles;Hommes
2017;4120B;Construction d'autres bâtiments;Femmes
2017;4120B;Construction d'autres bâtiments;Hommes
2017;4211Z;Construction de routes et autoroutes;Femmes
2017;4211Z;Construction de routes et autoroutes;Hommes
2017;4212Z;Construction de voies ferrées de surface et souterraines;Femmes
2017;4212Z;Construction de voies ferrées de surface et souterraines;Hommes
2017;4213A;Construction d'ouvrages d'art;Femmes
2017;4213A;Construction d'ouvrages d'art;Hommes
2017;4213B;Construction et entretien de tunnels;Femmes
2017;4213B;Construction et entretien de tunnels;Hommes
2017;4221Z;Construction de réseaux pour fluides;Femmes
2017;4221Z;Construction de réseaux pour fluides;Hommes
2017;4222Z;Construction de réseaux électriques et de télécommunications;Femmes
2017;4222Z;Construction de réseaux électriques et de télécommunications;Hommes
2017;4291Z;Construction d'ouvrages maritimes et fluviaux;Femmes
2017;4291Z;Construction d'ouvrages maritimes et fluviaux;Hommes
2017;4299Z;Construction d'autres ouvrages de génie civil n.c.a.;Femmes
2017;4299Z;Construction d'autres ouvrages de génie civil n.c.a.;Hommes
2017;4311Z;Travaux de démolition;Femmes
2017;4311Z;Travaux de démolition;Hommes
2017;4312A;Travaux de terrassement courants et travaux préparatoires;Femmes
2017;4312A;Travaux de terrassement courants et travaux préparatoires;Hommes
2017;4312B;Travaux de terrassement spécialisés ou de grande masse;Femmes
2017;4312B;Travaux de terrassement spécialisés ou de grande masse;Hommes
2017;4313Z;Forages et sondages;Femmes
2017;4313Z;Forages et sondages;Hommes
2017;4321A;Travaux d'installation électrique dans tous locaux;Femmes
2017;4321A;Travaux d'installation électrique dans tous locaux;Hommes
2017;4321B;Travaux d'installation électrique sur la voie publique;Femmes
2017;4321B;Travaux d'installation électrique sur la voie publique;Hommes
2017;4322A;Travaux d'installation d'eau et de gaz en tous locaux;Femmes
2017;4322A;Travaux d'installation d'eau et de gaz en tous locaux;Hommes
2017;4322B;Travaux d'installation d'équipements thermiques et de climatisation;Femmes
2017;4322B;Travaux d'installation d'équipements thermiques et de climatisation;Hommes
2017;4329A;Travaux d'isolation;Femmes
2017;4329A;Travaux d'isolation;Hommes
2017;4329B;Autres travaux d'installation n.c.a.;Femmes
2017;4329B;Autres travaux d'installation n.c.a.;Hommes
2017;4331Z;Travaux de plâtrerie;Femmes
2017;4331Z;Travaux de plâtrerie;Hommes
2017;4332A;Travaux de menuiserie bois et PVC;Femmes
2017;4332A;Travaux de menuiserie bois et PVC;Hommes
2017;4332B;Travaux de menuiserie métallique et serrurerie;Femmes
2017;4332B;Travaux de menuiserie métallique et serrurerie;Hommes
2017;4332C;Agencement de lieux de vente;Femmes
2017;4332C;Agencement de lieux de vente;Hommes
2017;4333Z;Travaux de revêtement des sols et des murs;Femmes
2017;4333Z;Travaux de revêtement des sols et des murs;Hommes
2017;4334Z;Travaux de peinture et vitrerie;Femmes
2017;4334Z;Travaux de peinture et vitrerie;Hommes
2017;4339Z;Autres travaux de finition;Femmes
2017;4339Z;Autres travaux de finition;Hommes
2017;4391A;Travaux de charpente;Femmes
2017;4391A;Travaux de charpente;Hommes
2017;4391B;Travaux de couverture par éléments;Femmes
2017;4391B;Travaux de couverture par éléments;Hommes
2017;4399A;Travaux d'étanchéification;Femmes
2017;4399A;Travaux d'étanchéification;Hommes
2017;4399B;Travaux de montage de structures métalliques;Femmes
2017;4399B;Travaux de montage de structures métalliques;Hommes
2017;4399C;Travaux de maçonnerie générale et gros œuvre de bâtiment;Femmes
2017;4399C;Travaux de maçonnerie générale et gros œuvre de bâtiment;Hommes
2017;4399D;Autres travaux spécialisés de construction;Femmes
2017;4399D;Autres travaux spécialisés de construction;Hommes
2017;4399E;Location avec opérateur de matériel de construction;Femmes
2017;4399E;Location avec opérateur de matériel de construction;Hommes
2017;4511Z;Commerce de voitures et de véhicules automobiles légers;Femmes
2017;4511Z;Commerce de voitures et de véhicules automobiles légers;Hommes
2017;4519Z;Commerce d'autres véhicules automobiles;Femmes
2017;4519Z;Commerce d'autres véhicules automobiles;Hommes
2017;4520A;Entretien et réparation de véhicules automobiles légers;Femmes
2017;4520A;Entretien et réparation de véhicules automobiles légers;Hommes
2017;4520B;Entretien et réparation d'autres véhicules automobiles;Femmes
2017;4520B;Entretien et réparation d'autres véhicules automobiles;Hommes
2017;4531Z;Commerce de gros d'équipements automobiles;Femmes
2017;4531Z;Commerce de gros d'équipements automobiles;Hommes
2017;4532Z;Commerce de détail d'équipements automobiles;Femmes
2017;4532Z;Commerce de détail d'équipements automobiles;Hommes
2017;4540Z;Commerce et réparation de motocycles;Femmes
2017;4540Z;Commerce et réparation de motocycles;Hommes
2017;4611Z;Intermédiaires du commerce en matières premières agricoles, animaux vivants, matières premières textiles et produits semi-finis;Femmes
2017;4611Z;Intermédiaires du commerce en matières premières agricoles, animaux vivants, matières premières textiles et produits semi-finis;Hommes
2017;4612A;Centrales d'achat de carburant;Femmes
2017;4612A;Centrales d'achat de carburant;Hommes
2017;4612B;Autres intermédiaires du commerce en combustibles, métaux, minéraux et produits chimiques;Femmes
2017;4612B;Autres intermédiaires du commerce en combustibles, métaux, minéraux et produits chimiques;Hommes
2017;4613Z;Intermédiaires du commerce en bois et matériaux de construction;Femmes
2017;4613Z;Intermédiaires du commerce en bois et matériaux de construction;Hommes
2017;4614Z;Intermédiaires du commerce en machines, équipements industriels, navires et avions;Femmes
2017;4614Z;Intermédiaires du commerce en machines, équipements industriels, navires et avions;Hommes
2017;4615Z;Intermédiaires du commerce en meubles, articles de ménage et quincaillerie;Femmes
2017;4615Z;Intermédiaires du commerce en meubles, articles de ménage et quincaillerie;Hommes
2017;4616Z;Intermédiaires du commerce en textiles, habillement, fourrures, chaussures et articles en cuir;Femmes
2017;4616Z;Intermédiaires du commerce en textiles, habillement, fourrures, chaussures et articles en cuir;Hommes
2017;4617A;Centrales d'achat alimentaires;Femmes
2017;4617A;Centrales d'achat alimentaires;Hommes
2017;4617B;Autres intermédiaires du commerce en denrées, boissons et tabac;Femmes
2017;4617B;Autres intermédiaires du commerce en denrées, boissons et tabac;Hommes
2017;4618Z;Intermédiaires spécialisés dans le commerce d'autres produits spécifiques;Femmes
2017;4618Z;Intermédiaires spécialisés dans le commerce d'autres produits spécifiques;Hommes
2017;4619A;Centrales d'achat non alimentaires;Femmes
2017;4619A;Centrales d'achat non alimentaires;Hommes
2017;4619B;Autres intermédiaires du commerce en produits divers;Femmes
2017;4619B;Autres intermédiaires du commerce en produits divers;Hommes
2017;4621Z;Commerce de gros (commerce interentreprises) de céréales, de tabac non manufacturé, de semences et d'aliments pour le bétail;Femmes
2017;4621Z;Commerce de gros (commerce interentreprises) de céréales, de tabac non manufacturé, de semences et d'aliments pour le bétail;Hommes
2017;4622Z;Commerce de gros (commerce interentreprises) de fleurs et plantes;Femmes
2017;4622Z;Commerce de gros (commerce interentreprises) de fleurs et plantes;Hommes
2017;4623Z;Commerce de gros (commerce interentreprises) d'animaux vivants;Femmes
2017;4623Z;Commerce de gros (commerce interentreprises) d'animaux vivants;Hommes
2017;4624Z;Commerce de gros (commerce interentreprises) de cuirs et peaux;Femmes
2017;4624Z;Commerce de gros (commerce interentreprises) de cuirs et peaux;Hommes
2017;4631Z;Commerce de gros (commerce interentreprises) de fruits et légumes;Femmes
2017;4631Z;Commerce de gros (commerce interentreprises) de fruits et légumes;Hommes
2017;4632A;Commerce de gros (commerce interentreprises) de viandes de boucherie;Femmes
2017;4632A;Commerce de gros (commerce interentreprises) de viandes de boucherie;Hommes
2017;4632B;Commerce de gros (commerce interentreprises) de produits à base de viande;Femmes
2017;4632B;Commerce de gros (commerce interentreprises) de produits à base de viande;Hommes
2017;4632C;Commerce de gros (commerce interentreprises) de volailles et gibier;Femmes
2017;4632C;Commerce de gros (commerce interentreprises) de volailles et gibier;Hommes
2017;4633Z;Commerce de gros (commerce interentreprises) de produits laitiers, œufs, huiles et matières grasses comestibles;Femmes
2017;4633Z;Commerce de gros (commerce interentreprises) de produits laitiers, œufs, huiles et matières grasses comestibles;Hommes
2017;4634Z;Commerce de gros (commerce interentreprises) de boissons;Femmes
2017;4634Z;Commerce de gros (commerce interentreprises) de boissons;Hommes
2017;4635Z;Commerce de gros (commerce interentreprises) de produits à base de tabac;Femmes
2017;4635Z;Commerce de gros (commerce interentreprises) de produits à base de tabac;Hommes
2017;4636Z;Commerce de gros (commerce interentreprises) de sucre, chocolat et confiserie;Femmes
2017;4636Z;Commerce de gros (commerce interentreprises) de sucre, chocolat et confiserie;Hommes
2017;4637Z;Commerce de gros (commerce interentreprises) de café, thé, cacao et épices;Femmes
2017;4637Z;Commerce de gros (commerce interentreprises) de café, thé, cacao et épices;Hommes
2017;4638A;Commerce de gros (commerce interentreprises) de poissons, crustacés et mollusques;Femmes
2017;4638A;Commerce de gros (commerce interentreprises) de poissons, crustacés et mollusques;Hommes
2017;4638B;Commerce de gros (commerce interentreprises) alimentaire spécialisé divers;Femmes
2017;4638B;Commerce de gros (commerce interentreprises) alimentaire spécialisé divers;Hommes
2017;4639A;Commerce de gros (commerce interentreprises) de produits surgelés;Femmes
2017;4639A;Commerce de gros (commerce interentreprises) de produits surgelés;Hommes
2017;4639B;Commerce de gros (commerce interentreprises) alimentaire non spécialisé;Femmes
2017;4639B;Commerce de gros (commerce interentreprises) alimentaire non spécialisé;Hommes
2017;4641Z;Commerce de gros (commerce interentreprises) de textiles;Femmes
2017;4641Z;Commerce de gros (commerce interentreprises) de textiles;Hommes
2017;4642Z;Commerce de gros (commerce interentreprises) d'habillement et de chaussures;Femmes
2017;4642Z;Commerce de gros (commerce interentreprises) d'habillement et de chaussures;Hommes
2017;4643Z;Commerce de gros (commerce interentreprises) d'appareils électroménagers;Femmes
2017;4643Z;Commerce de gros (commerce interentreprises) d'appareils électroménagers;Hommes
2017;4644Z;Commerce de gros (commerce interentreprises) de vaisselle, verrerie et produits d'entretien;Femmes
2017;4644Z;Commerce de gros (commerce interentreprises) de vaisselle, verrerie et produits d'entretien;Hommes
2017;4645Z;Commerce de gros (commerce interentreprises) de parfumerie et de produits de beauté;Femmes
2017;4645Z;Commerce de gros (commerce interentreprises) de parfumerie et de produits de beauté;Hommes
2017;4646Z;Commerce de gros (commerce interentreprises) de produits pharmaceutiques;Femmes
2017;4646Z;Commerce de gros (commerce interentreprises) de produits pharmaceutiques;Hommes
2017;4647Z;Commerce de gros (commerce interentreprises) de meubles, de tapis et d'appareils d'éclairage;Femmes
2017;4647Z;Commerce de gros (commerce interentreprises) de meubles, de tapis et d'appareils d'éclairage;Hommes
2017;4648Z;Commerce de gros (commerce interentreprises) d'articles d'horlogerie et de bijouterie;Femmes
2017;4648Z;Commerce de gros (commerce interentreprises) d'articles d'horlogerie et de bijouterie;Hommes
2017;4649Z;Commerce de gros (commerce interentreprises) d'autres biens domestiques;Femmes
2017;4649Z;Commerce de gros (commerce interentreprises) d'autres biens domestiques;Hommes
2017;4651Z;Commerce de gros (commerce interentreprises) d'ordinateurs, d'équipements informatiques périphériques et de logiciels;Femmes
2017;4651Z;Commerce de gros (commerce interentreprises) d'ordinateurs, d'équipements informatiques périphériques et de logiciels;Hommes
2017;4652Z;Commerce de gros (commerce interentreprises) de composants et d'équipements électroniques et de télécommunication;Femmes
2017;4652Z;Commerce de gros (commerce interentreprises) de composants et d'équipements électroniques et de télécommunication;Hommes
2017;4661Z;Commerce de gros (commerce interentreprises) de matériel agricole;Femmes
2017;4661Z;Commerce de gros (commerce interentreprises) de matériel agricole;Hommes
2017;4662Z;Commerce de gros (commerce interentreprises) de machines-outils;Femmes
2017;4662Z;Commerce de gros (commerce interentreprises) de machines-outils;Hommes
2017;4663Z;Commerce de gros (commerce interentreprises) de machines pour l'extraction, la construction et le génie civil;Femmes
2017;4663Z;Commerce de gros (commerce interentreprises) de machines pour l'extraction, la construction et le génie civil;Hommes
2017;4664Z;Commerce de gros (commerce interentreprises) de machines pour l'industrie textile et l'habillement;Femmes
2017;4664Z;Commerce de gros (commerce interentreprises) de machines pour l'industrie textile et l'habillement;Hommes
2017;4665Z;Commerce de gros (commerce interentreprises) de mobilier de bureau;Femmes
2017;4665Z;Commerce de gros (commerce interentreprises) de mobilier de bureau;Hommes
2017;4666Z;Commerce de gros (commerce interentreprises) d'autres machines et équipements de bureau;Femmes
2017;4666Z;Commerce de gros (commerce interentreprises) d'autres machines et équipements de bureau;Hommes
2017;4669A;Commerce de gros (commerce interentreprises) de matériel électrique;Femmes
2017;4669A;Commerce de gros (commerce interentreprises) de matériel électrique;Hommes
2017;4669B;Commerce de gros (commerce interentreprises) de fournitures et équipements industriels divers;Femmes
2017;4669B;Commerce de gros (commerce interentreprises) de fournitures et équipements industriels divers;Hommes
2017;4669C;Commerce de gros (commerce interentreprises) de fournitures et équipements divers pour le commerce et les services;Femmes
2017;4669C;Commerce de gros (commerce interentreprises) de fournitures et équipements divers pour le commerce et les services;Hommes
2017;4671Z;Commerce de gros (commerce interentreprises) de combustibles et de produits annexes;Femmes
2017;4671Z;Commerce de gros (commerce interentreprises) de combustibles et de produits annexes;Hommes
2017;4672Z;Commerce de gros (commerce interentreprises) de minerais et métaux;Femmes
2017;4672Z;Commerce de gros (commerce interentreprises) de minerais et métaux;Hommes
2017;4673A;Commerce de gros (commerce interentreprises) de bois et de matériaux de construction;Femmes
2017;4673A;Commerce de gros (commerce interentreprises) de bois et de matériaux de construction;Hommes
2017;4673B;Commerce de gros (commerce interentreprises) d'appareils sanitaires et de produits de décoration;Femmes
2017;4673B;Commerce de gros (commerce interentreprises) d'appareils sanitaires et de produits de décoration;Hommes
2017;4674A;Commerce de gros (commerce interentreprises) de quincaillerie;Femmes
2017;4674A;Commerce de gros (commerce interentreprises) de quincaillerie;Hommes
2017;4674B;Commerce de gros (commerce interentreprises) de fournitures pour la plomberie et le chauffage;Femmes
2017;4674B;Commerce de gros (commerce interentreprises) de fournitures pour la plomberie et le chauffage;Hommes
2017;4675Z;Commerce de gros (commerce interentreprises) de produits chimiques;Femmes
2017;4675Z;Commerce de gros (commerce interentreprises) de produits chimiques;Hommes
2017;4676Z;Commerce de gros (commerce interentreprises) d'autres produits intermédiaires;Femmes
2017;4676Z;Commerce de gros (commerce interentreprises) d'autres produits intermédiaires;Hommes
2017;4677Z;Commerce de gros (commerce interentreprises) de déchets et débris;Femmes
2017;4677Z;Commerce de gros (commerce interentreprises) de déchets et débris;Hommes
2017;4690Z;Commerce de gros (commerce interentreprises) non spécialisé;Femmes
2017;4690Z;Commerce de gros (commerce interentreprises) non spécialisé;Hommes
2017;4711A;Commerce de détail de produits surgelés;Femmes
2017;4711A;Commerce de détail de produits surgelés;Hommes
2017;4711B;Commerce d'alimentation générale;Femmes
2017;4711B;Commerce d'alimentation générale;Hommes
2017;4711C;Supérettes;Femmes
2017;4711C;Supérettes;Hommes
2017;4711D;Supermarchés;Femmes
2017;4711D;Supermarchés;Hommes
2017;4711E;Magasins multi-commerces;Femmes
2017;4711E;Magasins multi-commerces;Hommes
2017;4711F;Hypermarchés;Femmes
2017;4711F;Hypermarchés;Hommes
2017;4719A;Grands magasins;Femmes
2017;4719A;Grands magasins;Hommes
2017;4719B;Autres commerces de détail en magasin non spécialisé;Femmes
2017;4719B;Autres commerces de détail en magasin non spécialisé;Hommes
2017;4721Z;Commerce de détail de fruits et légumes en magasin spécialisé;Femmes
2017;4721Z;Commerce de détail de fruits et légumes en magasin spécialisé;Hommes
2017;4722Z;Commerce de détail de viandes et de produits à base de viande en magasin spécialisé;Femmes
2017;4722Z;Commerce de détail de viandes et de produits à base de viande en magasin spécialisé;Hommes
2017;4723Z;Commerce de détail de poissons, crustacés et mollusques en magasin spécialisé;Femmes
2017;4723Z;Commerce de détail de poissons, crustacés et mollusques en magasin spécialisé;Hommes
2017;4724Z;Commerce de détail de pain, pâtisserie et confiserie en magasin spécialisé;Femmes
2017;4724Z;Commerce de détail de pain, pâtisserie et confiserie en magasin spécialisé;Hommes
2017;4725Z;Commerce de détail de boissons en magasin spécialisé;Femmes
2017;4725Z;Commerce de détail de boissons en magasin spécialisé;Hommes
2017;4726Z;Commerce de détail de produits à base de tabac en magasin spécialisé;Femmes
2017;4726Z;Commerce de détail de produits à base de tabac en magasin spécialisé;Hommes
2017;4729Z;Autres commerces de détail alimentaires en magasin spécialisé;Femmes
2017;4729Z;Autres commerces de détail alimentaires en magasin spécialisé;Hommes
2017;4730Z;Commerce de détail de carburants en magasin spécialisé;Femmes
2017;4730Z;Commerce de détail de carburants en magasin spécialisé;Hommes
2017;4741Z;Commerce de détail d'ordinateurs, d'unités périphériques et de logiciels en magasin spécialisé;Femmes
2017;4741Z;Commerce de détail d'ordinateurs, d'unités périphériques et de logiciels en magasin spécialisé;Hommes
2017;4742Z;Commerce de détail de matériels de télécommunication en magasin spécialisé;Femmes
2017;4742Z;Commerce de détail de matériels de télécommunication en magasin spécialisé;Hommes
2017;4743Z;Commerce de détail de matériels audio et vidéo en magasin spécialisé;Femmes
2017;4743Z;Commerce de détail de matériels audio et vidéo en magasin spécialisé;Hommes
2017;4751Z;Commerce de détail de textiles en magasin spécialisé;Femmes
2017;4751Z;Commerce de détail de textiles en magasin spécialisé;Hommes
2017;4752A;Commerce de détail de quincaillerie, peintures et verres en petites surfaces (moins de 400 m²);Femmes
2017;4752A;Commerce de détail de quincaillerie, peintures et verres en petites surfaces (moins de 400 m²);Hommes
2017;4752B;Commerce de détail de quincaillerie, peintures et verres en grandes surfaces (400 m² et plus);Femmes
2017;4752B;Commerce de détail de quincaillerie, peintures et verres en grandes surfaces (400 m² et plus);Hommes
2017;4753Z;Commerce de détail de tapis, moquettes et revêtements de murs et de sols en magasin spécialisé;Femmes
2017;4753Z;Commerce de détail de tapis, moquettes et revêtements de murs et de sols en magasin spécialisé;Hommes
2017;4754Z;Commerce de détail d'appareils électroménagers en magasin spécialisé;Femmes
2017;4754Z;Commerce de détail d'appareils électroménagers en magasin spécialisé;Hommes
2017;4759A;Commerce de détail de meubles;Femmes
2017;4759A;Commerce de détail de meubles;Hommes
2017;4759B;Commerce de détail d'autres équipements du foyer;Femmes
2017;4759B;Commerce de détail d'autres équipements du foyer;Hommes
2017;4761Z;Commerce de détail de livres en magasin spécialisé;Femmes
2017;4761Z;Commerce de détail de livres en magasin spécialisé;Hommes
2017;4762Z;Commerce de détail de journaux et papeterie en magasin spécialisé;Femmes
2017;4762Z;Commerce de détail de journaux et papeterie en magasin spécialisé;Hommes
2017;4763Z;Commerce de détail d'enregistrements musicaux et vidéo en magasin spécialisé;Femmes
2017;4763Z;Commerce de détail d'enregistrements musicaux et vidéo en magasin spécialisé;Hommes
2017;4764Z;Commerce de détail d'articles de sport en magasin spécialisé;Femmes
2017;4764Z;Commerce de détail d'articles de sport en magasin spécialisé;Hommes
2017;4765Z;Commerce de détail de jeux et jouets en magasin spécialisé;Femmes
2017;4765Z;Commerce de détail de jeux et jouets en magasin spécialisé;Hommes
2017;4771Z;Commerce de détail d'habillement en magasin spécialisé;Femmes
2017;4771Z;Commerce de détail d'habillement en magasin spécialisé;Hommes
2017;4772A;Commerce de détail de la chaussure;Femmes
2017;4772A;Commerce de détail de la chaussure;Hommes
2017;4772B;Commerce de détail de maroquinerie et d'articles de voyage;Femmes
2017;4772B;Commerce de détail de maroquinerie et d'articles de voyage;Hommes
2017;4773Z;Commerce de détail de produits pharmaceutiques en magasin spécialisé;Femmes
2017;4773Z;Commerce de détail de produits pharmaceutiques en magasin spécialisé;Hommes
2017;4774Z;Commerce de détail d'articles médicaux et orthopédiques en magasin spécialisé;Femmes
2017;4774Z;Commerce de détail d'articles médicaux et orthopédiques en magasin spécialisé;Hommes
2017;4775Z;Commerce de détail de parfumerie et de produits de beauté en magasin spécialisé;Femmes
2017;4775Z;Commerce de détail de parfumerie et de produits de beauté en magasin spécialisé;Hommes
2017;4776Z;Commerce de détail de fleurs, plantes, graines, engrais, animaux de compagnie et aliments pour ces animaux en magasin spécialisé;Femmes
2017;4776Z;Commerce de détail de fleurs, plantes, graines, engrais, animaux de compagnie et aliments pour ces animaux en magasin spécialisé;Hommes
2017;4777Z;Commerce de détail d'articles d'horlogerie et de bijouterie en magasin spécialisé;Femmes
2017;4777Z;Commerce de détail d'articles d'horlogerie et de bijouterie en magasin spécialisé;Hommes
2017;4778A;Commerces de détail d'optique;Femmes
2017;4778A;Commerces de détail d'optique;Hommes
2017;4778B;Commerces de détail de charbons et combustibles;Femmes
2017;4778B;Commerces de détail de charbons et combustibles;Hommes
2017;4778C;Autres commerces de détail spécialisés divers;Femmes
2017;4778C;Autres commerces de détail spécialisés divers;Hommes
2017;4779Z;Commerce de détail de biens d'occasion en magasin;Femmes
2017;4779Z;Commerce de détail de biens d'occasion en magasin;Hommes
2017;4781Z;Commerce de détail alimentaire sur éventaires et marchés;Femmes
2017;4781Z;Commerce de détail alimentaire sur éventaires et marchés;Hommes
2017;4782Z;Commerce de détail de textiles, d'habillement et de chaussures sur éventaires et marchés;Femmes
2017;4782Z;Commerce de détail de textiles, d'habillement et de chaussures sur éventaires et marchés;Hommes
2017;4789Z;Autres commerces de détail sur éventaires et marchés;Femmes
2017;4789Z;Autres commerces de détail sur éventaires et marchés;Hommes
2017;4791A;Vente à distance sur catalogue général;Femmes
2017;4791A;Vente à distance sur catalogue général;Hommes
2017;4791B;Vente à distance sur catalogue spécialisé;Femmes
2017;4791B;Vente à distance sur catalogue spécialisé;Hommes
2017;4799A;Vente à domicile;Femmes
2017;4799A;Vente à domicile;Hommes
2017;4799B;Vente par automates et autres commerces de détail hors magasin, éventaires ou marchés n.c.a.;Femmes
2017;4799B;Vente par automates et autres commerces de détail hors magasin, éventaires ou marchés n.c.a.;Hommes
2017;4910Z;Transport ferroviaire interurbain de voyageurs;Femmes
2017;4910Z;Transport ferroviaire interurbain de voyageurs;Hommes
2017;4920Z;Transports ferroviaires de fret;Femmes
2017;4920Z;Transports ferroviaires de fret;Hommes
2017;4931Z;Transports urbains et suburbains de voyageurs;Femmes
2017;4931Z;Transports urbains et suburbains de voyageurs;Hommes
2017;4932Z;Transports de voyageurs par taxis;Femmes
2017;4932Z;Transports de voyageurs par taxis;Hommes
2017;4939A;Transports routiers réguliers de voyageurs;Femmes
2017;4939A;Transports routiers réguliers de voyageurs;Hommes
2017;4939B;Autres transports routiers de voyageurs;Femmes
2017;4939B;Autres transports routiers de voyageurs;Hommes
2017;4939C;Téléphériques et remontées mécaniques;Femmes
2017;4939C;Téléphériques et remontées mécaniques;Hommes
2017;4941A;Transports routiers de fret interurbains;Femmes
2017;4941A;Transports routiers de fret interurbains;Hommes
2017;4941B;Transports routiers de fret de proximité;Femmes
2017;4941B;Transports routiers de fret de proximité;Hommes
2017;4941C;Location de camions avec chauffeur;Femmes
2017;4941C;Location de camions avec chauffeur;Hommes
2017;4942Z;Services de déménagement;Femmes
2017;4942Z;Services de déménagement;Hommes
2017;4950Z;Transports par conduites;Femmes
2017;4950Z;Transports par conduites;Hommes
2017;5010Z;Transports maritimes et côtiers de passagers;Femmes
2017;5010Z;Transports maritimes et côtiers de passagers;Hommes
2017;5020Z;Transports maritimes et côtiers de fret;Femmes
2017;5020Z;Transports maritimes et côtiers de fret;Hommes
2017;5030Z;Transports fluviaux de passagers;Femmes
2017;5030Z;Transports fluviaux de passagers;Hommes
2017;5040Z;Transports fluviaux de fret;Femmes
2017;5040Z;Transports fluviaux de fret;Hommes
2017;5110Z;Transports aériens de passagers;Femmes
2017;5110Z;Transports aériens de passagers;Hommes
2017;5121Z;Transports aériens de fret;Femmes
2017;5121Z;Transports aériens de fret;Hommes
2017;5122Z;Transports spatiaux;Femmes
2017;5122Z;Transports spatiaux;Hommes
2017;5210A;Entreposage et stockage frigorifique;Femmes
2017;5210A;Entreposage et stockage frigorifique;Hommes
2017;5210B;Entreposage et stockage non frigorifique;Femmes
2017;5210B;Entreposage et stockage non frigorifique;Hommes
2017;5221Z;Services auxiliaires des transports terrestres;Femmes
2017;5221Z;Services auxiliaires des transports terrestres;Hommes
2017;5222Z;Services auxiliaires des transports par eau;Femmes
2017;5222Z;Services auxiliaires des transports par eau;Hommes
2017;5223Z;Services auxiliaires des transports aériens;Femmes
2017;5223Z;Services auxiliaires des transports aériens;Hommes
2017;5224A;Manutention portuaire;Femmes
2017;5224A;Manutention portuaire;Hommes
2017;5224B;Manutention non portuaire;Femmes
2017;5224B;Manutention non portuaire;Hommes
2017;5229A;Messagerie, fret express;Femmes
2017;5229A;Messagerie, fret express;Hommes
2017;5229B;Affrètement et organisation des transports;Femmes
2017;5229B;Affrètement et organisation des transports;Hommes
2017;5310Z;Activités de poste dans le cadre d'une obligation de service universel;Femmes
2017;5310Z;Activités de poste dans le cadre d'une obligation de service universel;Hommes
2017;5320Z;Autres activités de poste et de courrier;Femmes
2017;5320Z;Autres activités de poste et de courrier;Hommes
2017;5510Z;Hôtels et hébergement similaire;Femmes
2017;5510Z;Hôtels et hébergement similaire;Hommes
2017;5520Z;Hébergement touristique et autre hébergement de courte durée;Femmes
2017;5520Z;Hébergement touristique et autre hébergement de courte durée;Hommes
2017;5530Z;Terrains de camping et parcs pour caravanes ou véhicules de loisirs;Femmes
2017;5530Z;Terrains de camping et parcs pour caravanes ou véhicules de loisirs;Hommes
2017;5590Z;Autres hébergements;Femmes
2017;5590Z;Autres hébergements;Hommes
2017;5610A;Restauration traditionnelle;Femmes
2017;5610A;Restauration traditionnelle;Hommes
2017;5610B;Cafétérias et autres libres-services;Femmes
2017;5610B;Cafétérias et autres libres-services;Hommes
2017;5610C;Restauration de type rapide;Femmes
2017;5610C;Restauration de type rapide;Hommes
2017;5621Z;Services des traiteurs;Femmes
2017;5621Z;Services des traiteurs;Hommes
2017;5629A;Restauration collective sous contrat;Femmes
2017;5629A;Restauration collective sous contrat;Hommes
2017;5629B;Autres services de restauration n.c.a.;Femmes
2017;5629B;Autres services de restauration n.c.a.;Hommes
2017;5630Z;Débits de boissons;Femmes
2017;5630Z;Débits de boissons;Hommes
2017;5811Z;Édition de livres;Femmes
2017;5811Z;Édition de livres;Hommes
2017;5812Z;Édition de répertoires et de fichiers d'adresses;Femmes
2017;5812Z;Édition de répertoires et de fichiers d'adresses;Hommes
2017;5813Z;Édition de journaux;Femmes
2017;5813Z;Édition de journaux;Hommes
2017;5814Z;Édition de revues et périodiques;Femmes
2017;5814Z;Édition de revues et périodiques;Hommes
2017;5819Z;Autres activités d'édition;Femmes
2017;5819Z;Autres activités d'édition;Hommes
2017;5821Z;Édition de jeux électroniques;Femmes
2017;5821Z;Édition de jeux électroniques;Hommes
2017;5829A;Édition de logiciels système et de réseau;Femmes
2017;5829A;Édition de logiciels système et de réseau;Hommes
2017;5829B;Édition de logiciels outils de développement et de langages;Femmes
2017;5829B;Édition de logiciels outils de développement et de langages;Hommes
2017;5829C;Édition de logiciels applicatifs;Femmes
2017;5829C;Édition de logiciels applicatifs;Hommes
2017;5911A;Production de films et de programmes pour la télévision;Femmes
2017;5911A;Production de films et de programmes pour la télévision;Hommes
2017;5911B;Production de films institutionnels et publicitaires;Femmes
2017;5911B;Production de films institutionnels et publicitaires;Hommes
2017;5911C;Production de films pour le cinéma;Femmes
2017;5911C;Production de films pour le cinéma;Hommes
2017;5912Z;Post-production de films cinématographiques, de vidéo et de programmes de télévision;Femmes
2017;5912Z;Post-production de films cinématographiques, de vidéo et de programmes de télévision;Hommes
2017;5913A;Distribution de films cinématographiques;Femmes
2017;5913A;Distribution de films cinématographiques;Hommes
2017;5913B;Édition et distribution vidéo;Femmes
2017;5913B;Édition et distribution vidéo;Hommes
2017;5914Z;Projection de films cinématographiques;Femmes
2017;5914Z;Projection de films cinématographiques;Hommes
2017;5920Z;Enregistrement sonore et édition musicale;Femmes
2017;5920Z;Enregistrement sonore et édition musicale;Hommes
2017;6010Z;Édition et diffusion de programmes radio;Femmes
2017;6010Z;Édition et diffusion de programmes radio;Hommes
2017;6020A;Édition de chaînes généralistes;Femmes
2017;6020A;Édition de chaînes généralistes;Hommes
2017;6020B;Édition de chaînes thématiques;Femmes
2017;6020B;Édition de chaînes thématiques;Hommes
2017;6110Z;Télécommunications filaires;Femmes
2017;6110Z;Télécommunications filaires;Hommes
2017;6120Z;Télécommunications sans fil;Femmes
2017;6120Z;Télécommunications sans fil;Hommes
2017;6130Z;Télécommunications par satellite;Femmes
2017;6130Z;Télécommunications par satellite;Hommes
2017;6190Z;Autres activités de télécommunication;Femmes
2017;6190Z;Autres activités de télécommunication;Hommes
2017;6201Z;Programmation informatique;Femmes
2017;6201Z;Programmation informatique;Hommes
2017;6202A;Conseil en systèmes et logiciels informatiques;Femmes
2017;6202A;Conseil en systèmes et logiciels informatiques;Hommes
2017;6202B;Tierce maintenance de systèmes et d'applications informatiques;Femmes
2017;6202B;Tierce maintenance de systèmes et d'applications informatiques;Hommes
2017;6203Z;Gestion d'installations informatiques;Femmes
2017;6203Z;Gestion d'installations informatiques;Hommes
2017;6209Z;Autres activités informatiques;Femmes
2017;6209Z;Autres activités informatiques;Hommes
2017;6311Z;Traitement de données, hébergement et activités connexes;Femmes
2017;6311Z;Traitement de données, hébergement et activités connexes;Hommes
2017;6312Z;Portails Internet;Femmes
2017;6312Z;Portails Internet;Hommes
2017;6391Z;Activités des agences de presse;Femmes
2017;6391Z;Activités des agences de presse;Hommes
2017;6399Z;Autres services d'information n.c.a.;Femmes
2017;6399Z;Autres services d'information n.c.a.;Hommes
2017;6411Z;Activités de banque centrale;Femmes
2017;6411Z;Activités de banque centrale;Hommes
2017;6419Z;Autres intermédiations monétaires;Femmes
2017;6419Z;Autres intermédiations monétaires;Hommes
2017;6420Z;Activités des sociétés holding;Femmes
2017;6420Z;Activités des sociétés holding;Hommes
2017;6430Z;Fonds de placement et entités financières similaires;Femmes
2017;6430Z;Fonds de placement et entités financières similaires;Hommes
2017;6491Z;Crédit-bail;Femmes
2017;6491Z;Crédit-bail;Hommes
2017;6492Z;Autre distribution de crédit;Femmes
2017;6492Z;Autre distribution de crédit;Hommes
2017;6499Z;Autres activités des services financiers, hors assurance et caisses de retraite, n.c.a.;Femmes
2017;6499Z;Autres activités des services financiers, hors assurance et caisses de retraite, n.c.a.;Hommes
2017;6511Z;Assurance vie;Femmes
2017;6511Z;Assurance vie;Hommes
2017;6512Z;Autres assurances;Femmes
2017;6512Z;Autres assurances;Hommes
2017;6520Z;Réassurance;Femmes
2017;6520Z;Réassurance;Hommes
2017;6530Z;Caisses de retraite;Femmes
2017;6530Z;Caisses de retraite;Hommes
2017;6611Z;Administration de marchés financiers;Femmes
2017;6611Z;Administration de marchés financiers;Hommes
2017;6612Z;Courtage de valeurs mobilières et de marchandises;Femmes
2017;6612Z;Courtage de valeurs mobilières et de marchandises;Hommes
2017;6619A;Supports juridiques de gestion de patrimoine mobilier;Femmes
2017;6619A;Supports juridiques de gestion de patrimoine mobilier;Hommes
2017;6619B;Autres activités auxiliaires de services financiers, hors assurance et caisses de retraite, n.c.a.;Femmes
2017;6619B;Autres activités auxiliaires de services financiers, hors assurance et caisses de retraite, n.c.a.;Hommes
2017;6621Z;Évaluation des risques et dommages;Femmes
2017;6621Z;Évaluation des risques et dommages;Hommes
2017;6622Z;Activités des agents et courtiers d'assurances;Femmes
2017;6622Z;Activités des agents et courtiers d'assurances;Hommes
2017;6629Z;Autres activités auxiliaires d'assurance et de caisses de retraite;Femmes
2017;6629Z;Autres activités auxiliaires d'assurance et de caisses de retraite;Hommes
2017;6630Z;Gestion de fonds;Femmes
2017;6630Z;Gestion de fonds;Hommes
2017;6810Z;Activités des marchands de biens immobiliers;Femmes
2017;6810Z;Activités des marchands de biens immobiliers;Hommes
2017;6820A;Location de logements;Femmes
2017;6820A;Location de logements;Hommes
2017;6820B;Location de terrains et d'autres biens immobiliers;Femmes
2017;6820B;Location de terrains et d'autres biens immobiliers;Hommes
2017;6831Z;Agences immobilières;Femmes
2017;6831Z;Agences immobilières;Hommes
2017;6832A;Administration d'immeubles et autres biens immobiliers;Femmes
2017;6832A;Administration d'immeubles et autres biens immobiliers;Hommes
2017;6832B;Supports juridiques de gestion de patrimoine immobilier;Femmes
2017;6832B;Supports juridiques de gestion de patrimoine immobilier;Hommes
2017;6910Z;Activités juridiques;Femmes
2017;6910Z;Activités juridiques;Hommes
2017;6920Z;Activités comptables;Femmes
2017;6920Z;Activités comptables;Hommes
2017;7010Z;Activités des sièges sociaux;Femmes
2017;7010Z;Activités des sièges sociaux;Hommes
2017;7021Z;Conseil en relations publiques et communication;Femmes
2017;7021Z;Conseil en relations publiques et communication;Hommes
2017;7022Z;Conseil pour les affaires et autres conseils de gestion;Femmes
2017;7022Z;Conseil pour les affaires et autres conseils de gestion;Hommes
2017;7111Z;Activités d'architecture;Femmes
2017;7111Z;Activités d'architecture;Hommes
2017;7112A;Activité des géomètres;Femmes
2017;7112A;Activité des géomètres;Hommes
2017;7112B;Ingénierie, études techniques;Femmes
2017;7112B;Ingénierie, études techniques;Hommes
2017;7120A;Contrôle technique automobile;Femmes
2017;7120A;Contrôle technique automobile;Hommes
2017;7120B;Analyses, essais et inspections techniques;Femmes
2017;7120B;Analyses, essais et inspections techniques;Hommes
2017;7211Z;Recherche-développement en biotechnologie;Femmes
2017;7211Z;Recherche-développement en biotechnologie;Hommes
2017;7219Z;Recherche-développement en autres sciences physiques et naturelles;Femmes
2017;7219Z;Recherche-développement en autres sciences physiques et naturelles;Hommes
2017;7220Z;Recherche-développement en sciences humaines et sociales;Femmes
2017;7220Z;Recherche-développement en sciences humaines et sociales;Hommes
2017;7311Z;Activités des agences de publicité;Femmes
2017;7311Z;Activités des agences de publicité;Hommes
2017;7312Z;Régie publicitaire de médias;Femmes
2017;7312Z;Régie publicitaire de médias;Hommes
2017;7320Z;Études de marché et sondages;Femmes
2017;7320Z;Études de marché et sondages;Hommes
2017;7410Z;Activités spécialisées de design;Femmes
2017;7410Z;Activités spécialisées de design;Hommes
2017;7420Z;Activités photographiques;Femmes
2017;7420Z;Activités photographiques;Hommes
2017;7430Z;Traduction et interprétation;Femmes
2017;7430Z;Traduction et interprétation;Hommes
2017;7490A;Activité des économistes de la construction;Femmes
2017;7490A;Activité des économistes de la construction;Hommes
2017;7490B;Activités spécialisées, scientifiques et techniques diverses;Femmes
2017;7490B;Activités spécialisées, scientifiques et techniques diverses;Hommes
2017;7500Z;Activités vétérinaires;Femmes
2017;7500Z;Activités vétérinaires;Hommes
2017;7711A;Location de courte durée de voitures et de véhicules automobiles légers;Femmes
2017;7711A;Location de courte durée de voitures et de véhicules automobiles légers;Hommes
2017;7711B;Location de longue durée de voitures et de véhicules automobiles légers;Femmes
2017;7711B;Location de longue durée de voitures et de véhicules automobiles légers;Hommes
2017;7712Z;Location et location-bail de camions;Femmes
2017;7712Z;Location et location-bail de camions;Hommes
2017;7721Z;Location et location-bail d'articles de loisirs et de sport;Femmes
2017;7721Z;Location et location-bail d'articles de loisirs et de sport;Hommes
2017;7722Z;Location de vidéocassettes et disques vidéo;Femmes
2017;7722Z;Location de vidéocassettes et disques vidéo;Hommes
2017;7729Z;Location et location-bail d'autres biens personnels et domestiques;Femmes
2017;7729Z;Location et location-bail d'autres biens personnels et domestiques;Hommes
2017;7731Z;Location et location-bail de machines et équipements agricoles;Femmes
2017;7731Z;Location et location-bail de machines et équipements agricoles;Hommes
2017;7732Z;Location et location-bail de machines et équipements pour la construction;Femmes
2017;7732Z;Location et location-bail de machines et équipements pour la construction;Hommes
2017;7733Z;Location et location-bail de machines de bureau et de matériel informatique;Femmes
2017;7733Z;Location et location-bail de machines de bureau et de matériel informatique;Hommes
2017;7734Z;Location et location-bail de matériels de transport par eau;Femmes
2017;7734Z;Location et location-bail de matériels de transport par eau;Hommes
2017;7735Z;Location et location-bail de matériels de transport aérien;Femmes
2017;7735Z;Location et location-bail de matériels de transport aérien;Hommes
2017;7739Z;Location et location-bail d'autres machines, équipements et biens matériels n.c.a.;Femmes
2017;7739Z;Location et location-bail d'autres machines, équipements et biens matériels n.c.a.;Hommes
2017;7740Z;Location-bail de propriété intellectuelle et de produits similaires, à l'exception des œuvres soumises à copyright;Femmes
2017;7740Z;Location-bail de propriété intellectuelle et de produits similaires, à l'exception des œuvres soumises à copyright;Hommes
2017;7810Z;Activités des agences de placement de main-d'œuvre;Femmes
2017;7810Z;Activités des agences de placement de main-d'œuvre;Hommes
2017;7820Z;Activités des agences de travail temporaire;Femmes
2017;7820Z;Activités des agences de travail temporaire;Hommes
2017;7830Z;Autre mise à disposition de ressources humaines;Femmes
2017;7830Z;Autre mise à disposition de ressources humaines;Hommes
2017;7911Z;Activités des agences de voyage;Femmes
2017;7911Z;Activités des agences de voyage;Hommes
2017;7912Z;Activités des voyagistes;Femmes
2017;7912Z;Activités des voyagistes;Hommes
2017;7990Z;Autres services de réservation et activités connexes;Femmes
2017;7990Z;Autres services de réservation et activités connexes;Hommes
2017;8010Z;Activités de sécurité privée;Femmes
2017;8010Z;Activités de sécurité privée;Hommes
2017;8020Z;Activités liées aux systèmes de sécurité;Femmes
2017;8020Z;Activités liées aux systèmes de sécurité;Hommes
2017;8030Z;Activités d'enquête;Femmes
2017;8030Z;Activités d'enquête;Hommes
2017;8110Z;Activités combinées de soutien lié aux bâtiments;Femmes
2017;8110Z;Activités combinées de soutien lié aux bâtiments;Hommes
2017;8121Z;Nettoyage courant des bâtiments;Femmes
2017;8121Z;Nettoyage courant des bâtiments;Hommes
2017;8122Z;Autres activités de nettoyage des bâtiments et nettoyage industriel;Femmes
2017;8122Z;Autres activités de nettoyage des bâtiments et nettoyage industriel;Hommes
2017;8129A;Désinfection, désinsectisation, dératisation;Femmes
2017;8129A;Désinfection, désinsectisation, dératisation;Hommes
2017;8129B;Autres activités de nettoyage n.c.a.;Femmes
2017;8129B;Autres activités de nettoyage n.c.a.;Hommes
2017;8130Z;Services d'aménagement paysager;Femmes
2017;8130Z;Services d'aménagement paysager;Hommes
2017;8211Z;Services administratifs combinés de bureau;Femmes
2017;8211Z;Services administratifs combinés de bureau;Hommes
2017;8219Z;Photocopie, préparation de documents et autres activités spécialisées de soutien de bureau;Femmes
2017;8219Z;Photocopie, préparation de documents et autres activités spécialisées de soutien de bureau;Hommes
2017;8220Z;Activités de centres d'appels;Femmes
2017;8220Z;Activités de centres d'appels;Hommes
2017;8230Z;Organisation de foires, salons professionnels et congrès;Femmes
2017;8230Z;Organisation de foires, salons professionnels et congrès;Hommes
2017;8291Z;Activités des agences de recouvrement de factures et des sociétés d'information financière sur la clientèle;Femmes
2017;8291Z;Activités des agences de recouvrement de factures et des sociétés d'information financière sur la clientèle;Hommes
2017;8292Z;Activités de conditionnement;Femmes
2017;8292Z;Activités de conditionnement;Hommes
2017;8299Z;Autres activités de soutien aux entreprises n.c.a.;Femmes
2017;8299Z;Autres activités de soutien aux entreprises n.c.a.;Hommes
2017;8411Z;Administration publique générale;Femmes
2017;8411Z;Administration publique générale;Hommes
2017;8412Z;Administration publique (tutelle) de la santé, de la formation, de la culture et des services sociaux, autre que sécurité sociale;Femmes
2017;8412Z;Administration publique (tutelle) de la santé, de la formation, de la culture et des services sociaux, autre que sécurité sociale;Hommes
2017;8413Z;Administration publique (tutelle) des activités économiques;Femmes
2017;8413Z;Administration publique (tutelle) des activités économiques;Hommes
2017;8421Z;Affaires étrangères;Femmes
2017;8421Z;Affaires étrangères;Hommes
2017;8422Z;Défense;Femmes
2017;8422Z;Défense;Hommes
2017;8423Z;Justice;Femmes
2017;8423Z;Justice;Hommes
2017;8424Z;Activités d'ordre public et de sécurité;Femmes
2017;8424Z;Activités d'ordre public et de sécurité;Hommes
2017;8425Z;Services du feu et de secours;Femmes
2017;8425Z;Services du feu et de secours;Hommes
2017;8430A;Activités générales de sécurité sociale;Femmes
2017;8430A;Activités générales de sécurité sociale;Hommes
2017;8430B;Gestion des retraites complémentaires;Femmes
2017;8430B;Gestion des retraites complémentaires;Hommes
2017;8430C;Distribution sociale de revenus;Femmes
2017;8430C;Distribution sociale de revenus;Hommes
2017;8510Z;Enseignement pré-primaire;Femmes
2017;8510Z;Enseignement pré-primaire;Hommes
2017;8520Z;Enseignement primaire;Femmes
2017;8520Z;Enseignement primaire;Hommes
2017;8531Z;Enseignement secondaire général;Femmes
2017;8531Z;Enseignement secondaire général;Hommes
2017;8532Z;Enseignement secondaire technique ou professionnel;Femmes
2017;8532Z;Enseignement secondaire technique ou professionnel;Hommes
2017;8541Z;Enseignement post-secondaire non supérieur;Femmes
2017;8541Z;Enseignement post-secondaire non supérieur;Hommes
2017;8542Z;Enseignement supérieur;Femmes
2017;8542Z;Enseignement supérieur;Hommes
2017;8551Z;Enseignement de disciplines sportives et d'activités de loisirs;Femmes
2017;8551Z;Enseignement de disciplines sportives et d'activités de loisirs;Hommes
2017;8552Z;Enseignement culturel;Femmes
2017;8552Z;Enseignement culturel;Hommes
2017;8553Z;Enseignement de la conduite;Femmes
2017;8553Z;Enseignement de la conduite;Hommes
2017;8559A;Formation continue d'adultes;Femmes
2017;8559A;Formation continue d'adultes;Hommes
2017;8559B;Autres enseignements;Femmes
2017;8559B;Autres enseignements;Hommes
2017;8560Z;Activités de soutien à l'enseignement;Femmes
2017;8560Z;Activités de soutien à l'enseignement;Hommes
2017;8610Z;Activités hospitalières;Femmes
2017;8610Z;Activités hospitalières;Hommes
2017;8621Z;Activité des médecins généralistes;Femmes
2017;8621Z;Activité des médecins généralistes;Hommes
2017;8622A;Activités de radiodiagnostic et de radiothérapie;Femmes
2017;8622A;Activités de radiodiagnostic et de radiothérapie;Hommes
2017;8622B;Activités chirurgicales;Femmes
2017;8622B;Activités chirurgicales;Hommes
2017;8622C;Autres activités des médecins spécialistes;Femmes
2017;8622C;Autres activités des médecins spécialistes;Hommes
2017;8623Z;Pratique dentaire;Femmes
2017;8623Z;Pratique dentaire;Hommes
2017;8690A;Ambulances;Femmes
2017;8690A;Ambulances;Hommes
2017;8690B;Laboratoires d'analyses médicales;Femmes
2017;8690B;Laboratoires d'analyses médicales;Hommes
2017;8690C;Centres de collecte et banques d'organes;Femmes
2017;8690C;Centres de collecte et banques d'organes;Hommes
2017;8690D;Activités des infirmiers et des sages-femmes;Femmes
2017;8690D;Activités des infirmiers et des sages-femmes;Hommes
2017;8690E;Activités des professionnels de la rééducation, de l'appareillage et des pédicures-podologues;Femmes
2017;8690E;Activités des professionnels de la rééducation, de l'appareillage et des pédicures-podologues;Hommes
2017;8690F;Activités de santé humaine non classées ailleurs;Femmes
2017;8690F;Activités de santé humaine non classées ailleurs;Hommes
2017;8710A;Hébergement médicalisé pour personnes âgées;Femmes
2017;8710A;Hébergement médicalisé pour personnes âgées;Hommes
2017;8710B;Hébergement médicalisé pour enfants handicapés;Femmes
2017;8710B;Hébergement médicalisé pour enfants handicapés;Hommes
2017;8710C;Hébergement médicalisé pour adultes handicapés et autre hébergement médicalisé;Femmes
2017;8710C;Hébergement médicalisé pour adultes handicapés et autre hébergement médicalisé;Hommes
2017;8720A;Hébergement social pour handicapés mentaux et malades mentaux;Femmes
2017;8720A;Hébergement social pour handicapés mentaux et malades mentaux;Hommes
2017;8720B;Hébergement social pour toxicomanes;Femmes
2017;8720B;Hébergement social pour toxicomanes;Hommes
2017;8730A;Hébergement social pour personnes âgées;Femmes
2017;8730A;Hébergement social pour personnes âgées;Hommes
2017;8730B;Hébergement social pour handicapés physiques;Femmes
2017;8730B;Hébergement social pour handicapés physiques;Hommes
2017;8790A;Hébergement social pour enfants en difficultés;Femmes
2017;8790A;Hébergement social pour enfants en difficultés;Hommes
2017;8790B;Hébergement social pour adultes et familles en difficultés et autre hébergement social;Femmes
2017;8790B;Hébergement social pour adultes et familles en difficultés et autre hébergement social;Hommes
2017;8810A;Aide à domicile;Femmes
2017;8810A;Aide à domicile;Hommes
2017;8810B;Accueil ou accompagnement sans hébergement d'adultes handicapés ou de personnes âgées;Femmes
2017;8810B;Accueil ou accompagnement sans hébergement d'adultes handicapés ou de personnes âgées;Hommes
2017;8810C;Aide par le travail;Femmes
2017;8810C;Aide par le travail;Hommes
2017;8891A;Accueil de jeunes enfants;Femmes
2017;8891A;Accueil de jeunes enfants;Hommes
2017;8891B;Accueil ou accompagnement sans hébergement d'enfants handicapés;Femmes
2017;8891B;Accueil ou accompagnement sans hébergement d'enfants handicapés;Hommes
2017;8899A;Autre accueil ou accompagnement sans hébergement d'enfants et d'adolescents;Femmes
2017;8899A;Autre accueil ou accompagnement sans hébergement d'enfants et d'adolescents;Hommes
2017;8899B;Action sociale sans hébergement n.c.a.;Femmes
2017;8899B;Action sociale sans hébergement n.c.a.;Hommes
2017;9001Z;Arts du spectacle vivant;Femmes
2017;9001Z;Arts du spectacle vivant;Hommes
2017;9002Z;Activités de soutien au spectacle vivant;Femmes
2017;9002Z;Activités de soutien au spectacle vivant;Hommes
2017;9003A;Création artistique relevant des arts plastiques;Femmes
2017;9003A;Création artistique relevant des arts plastiques;Hommes
2017;9003B;Autre création artistique;Femmes
2017;9003B;Autre création artistique;Hommes
2017;9004Z;Gestion de salles de spectacles;Femmes
2017;9004Z;Gestion de salles de spectacles;Hommes
2017;9101Z;Gestion des bibliothèques et des archives;Femmes
2017;9101Z;Gestion des bibliothèques et des archives;Hommes
2017;9102Z;Gestion des musées;Femmes
2017;9102Z;Gestion des musées;Hommes
2017;9103Z;Gestion des sites et monuments historiques et des attractions touristiques similaires;Femmes
2017;9103Z;Gestion des sites et monuments historiques et des attractions touristiques similaires;Hommes
2017;9104Z;Gestion des jardins botaniques et zoologiques et des réserves naturelles;Femmes
2017;9104Z;Gestion des jardins botaniques et zoologiques et des réserves naturelles;Hommes
2017;9200Z;Organisation de jeux de hasard et d'argent;Femmes
2017;9200Z;Organisation de jeux de hasard et d'argent;Hommes
2017;9311Z;Gestion d'installations sportives;Femmes
2017;9311Z;Gestion d'installations sportives;Hommes
2017;9312Z;Activités de clubs de sports;Femmes
2017;9312Z;Activités de clubs de sports;Hommes
2017;9313Z;Activités des centres de culture physique;Femmes
2017;9313Z;Activités des centres de culture physique;Hommes
2017;9319Z;Autres activités liées au sport;Femmes
2017;9319Z;Autres activités liées au sport;Hommes
2017;9321Z;Activités des parcs d'attractions et parcs à thèmes;Femmes
2017;9321Z;Activités des parcs d'attractions et parcs à thèmes;Hommes
2017;9329Z;Autres activités récréatives et de loisirs;Femmes
2017;9329Z;Autres activités récréatives et de loisirs;Hommes
2017;9411Z;Activités des organisations patronales et consulaires;Femmes
2017;9411Z;Activités des organisations patronales et consulaires;Hommes
2017;9412Z;Activités des organisations professionnelles;Femmes
2017;9412Z;Activités des organisations professionnelles;Hommes
2017;9420Z;Activités des syndicats de salariés;Femmes
2017;9420Z;Activités des syndicats de salariés;Hommes
2017;9491Z;Activités des organisations religieuses;Femmes
2017;9491Z;Activités des organisations religieuses;Hommes
2017;9492Z;Activités des organisations politiques;Femmes
2017;9492Z;Activités des organisations politiques;Hommes
2017;9499Z;Autres organisations fonctionnant par adhésion volontaire;Femmes
2017;9499Z;Autres organisations fonctionnant par adhésion volontaire;Hommes
2017;9511Z;Réparation d'ordinateurs et d'équipements périphériques;Femmes
2017;9511Z;Réparation d'ordinateurs et d'équipements périphériques;Hommes
2017;9512Z;Réparation d'équipements de communication;Femmes
2017;9512Z;Réparation d'équipements de communication;Hommes
2017;9521Z;Réparation de produits électroniques grand public;Femmes
2017;9521Z;Réparation de produits électroniques grand public;Hommes
2017;9522Z;Réparation d'appareils électroménagers et d'équipements pour la maison et le jardin;Femmes
2017;9522Z;Réparation d'appareils électroménagers et d'équipements pour la maison et le jardin;Hommes
2017;9523Z;Réparation de chaussures et d'articles en cuir;Femmes
2017;9523Z;Réparation de chaussures et d'articles en cuir;Hommes
2017;9524Z;Réparation de meubles et d'équipements du foyer;Femmes
2017;9524Z;Réparation de meubles et d'équipements du foyer;Hommes
2017;9525Z;Réparation d'articles d'horlogerie et de bijouterie;Femmes
2017;9525Z;Réparation d'articles d'horlogerie et de bijouterie;Hommes
2017;9529Z;Réparation d'autres biens personnels et domestiques;Femmes
2017;9529Z;Réparation d'autres biens personnels et domestiques;Hommes
2017;9601A;Blanchisserie-teinturerie de gros;Femmes
2017;9601A;Blanchisserie-teinturerie de gros;Hommes
2017;9601B;Blanchisserie-teinturerie de détail;Femmes
2017;9601B;Blanchisserie-teinturerie de détail;Hommes
2017;9602A;Coiffure;Femmes
2017;9602A;Coiffure;Hommes
2017;9602B;Soins de beauté;Femmes
2017;9602B;Soins de beauté;Hommes
2017;9603Z;Services funéraires;Femmes
2017;9603Z;Services funéraires;Hommes
2017;9604Z;Entretien corporel;Femmes
2017;9604Z;Entretien corporel;Hommes
2017;9609Z;Autres services personnels n.c.a.;Femmes
2017;9609Z;Autres services personnels n.c.a.;Hommes
2017;9700Z;Activités des ménages en tant qu'employeurs de personnel domestique;Femmes
2017;9700Z;Activités des ménages en tant qu'employeurs de personnel domestique;Hommes
2017;9810Z;Activités indifférenciées des ménages en tant que producteurs de biens pour usage propre;Femmes
2017;9810Z;Activités indifférenciées des ménages en tant que producteurs de biens pour usage propre;Hommes
2017;9820Z;Activités indifférenciées des ménages en tant que producteurs de services pour usage propre;Femmes
2017;9820Z;Activités indifférenciées des ménages en tant que producteurs de services pour usage propre;Hommes
2017;9900Z;Activités des organisations et organismes extraterritoriaux;Femmes
2017;9900Z;Activités des organisations et organismes extraterritoriaux;Hommes
2018;0111Z;Culture de céréales (à l'exception du riz), de légumineuses et de graines oléagineuses;Femmes
2018;0111Z;Culture de céréales (à l'exception du riz), de légumineuses et de graines oléagineuses;Hommes
2018;0112Z;Culture du riz;Femmes
2018;0112Z;Culture du riz;Hommes
2018;0113Z;Culture de légumes, de melons, de racines et de tubercules;Femmes
2018;0113Z;Culture de légumes, de melons, de racines et de tubercules;Hommes
2018;0114Z;Culture de la canne à sucre;Femmes
2018;0114Z;Culture de la canne à sucre;Hommes
2018;0115Z;Culture du tabac;Femmes
2018;0115Z;Culture du tabac;Hommes
2018;0116Z;Culture de plantes à fibres;Femmes
2018;0116Z;Culture de plantes à fibres;Hommes
2018;0119Z;Autres cultures non permanentes;Femmes
2018;0119Z;Autres cultures non permanentes;Hommes
2018;0121Z;Culture de la vigne;Femmes
2018;0121Z;Culture de la vigne;Hommes
2018;0122Z;Culture de fruits tropicaux et subtropicaux;Femmes
2018;0122Z;Culture de fruits tropicaux et subtropicaux;Hommes
2018;0123Z;Culture d'agrumes;Femmes
2018;0123Z;Culture d'agrumes;Hommes
2018;0124Z;Culture de fruits à pépins et à noyau;Femmes
2018;0124Z;Culture de fruits à pépins et à noyau;Hommes
2018;0125Z;Culture d'autres fruits d'arbres ou d'arbustes et de fruits à coque;Femmes
2018;0125Z;Culture d'autres fruits d'arbres ou d'arbustes et de fruits à coque;Hommes
2018;0126Z;Culture de fruits oléagineux;Femmes
2018;0126Z;Culture de fruits oléagineux;Hommes
2018;0127Z;Culture de plantes à boissons;Femmes
2018;0127Z;Culture de plantes à boissons;Hommes
2018;0128Z;Culture de plantes à épices, aromatiques, médicinales et pharmaceutiques;Femmes
2018;0128Z;Culture de plantes à épices, aromatiques, médicinales et pharmaceutiques;Hommes
2018;0129Z;Autres cultures permanentes;Femmes
2018;0129Z;Autres cultures permanentes;Hommes
2018;0130Z;Reproduction de plantes;Femmes
2018;0130Z;Reproduction de plantes;Hommes
2018;0141Z;Élevage de vaches laitières;Femmes
2018;0141Z;Élevage de vaches laitières;Hommes
2018;0142Z;Élevage d'autres bovins et de buffles;Femmes
2018;0142Z;Élevage d'autres bovins et de buffles;Hommes
2018;0143Z;Élevage de chevaux et d'autres équidés;Femmes
2018;0143Z;Élevage de chevaux et d'autres équidés;Hommes
2018;0144Z;Élevage de chameaux et d'autres camélidés;Femmes
2018;0144Z;Élevage de chameaux et d'autres camélidés;Hommes
2018;0145Z;Élevage d'ovins et de caprins;Femmes
2018;0145Z;Élevage d'ovins et de caprins;Hommes
2018;0146Z;Élevage de porcins;Femmes
2018;0146Z;Élevage de porcins;Hommes
2018;0147Z;Élevage de volailles;Femmes
2018;0147Z;Élevage de volailles;Hommes
2018;0149Z;Élevage d'autres animaux;Femmes
2018;0149Z;Élevage d'autres animaux;Hommes
2018;0150Z;Culture et élevage associés;Femmes
2018;0150Z;Culture et élevage associés;Hommes
2018;0161Z;Activités de soutien aux cultures;Femmes
2018;0161Z;Activités de soutien aux cultures;Hommes
2018;0162Z;Activités de soutien à la production animale;Femmes
2018;0162Z;Activités de soutien à la production animale;Hommes
2018;0163Z;Traitement primaire des récoltes;Femmes
2018;0163Z;Traitement primaire des récoltes;Hommes
2018;0164Z;Traitement des semences;Femmes
2018;0164Z;Traitement des semences;Hommes
2018;0170Z;Chasse, piégeage et services annexes;Femmes
2018;0170Z;Chasse, piégeage et services annexes;Hommes
2018;0210Z;Sylviculture et autres activités forestières;Femmes
2018;0210Z;Sylviculture et autres activités forestières;Hommes
2018;0220Z;Exploitation forestière;Femmes
2018;0220Z;Exploitation forestière;Hommes
2018;0230Z;Récolte de produits forestiers non ligneux poussant à l'état sauvage;Femmes
2018;0230Z;Récolte de produits forestiers non ligneux poussant à l'état sauvage;Hommes
2018;0240Z;Services de soutien à l'exploitation forestière;Femmes
2018;0240Z;Services de soutien à l'exploitation forestière;Hommes
2018;0311Z;Pêche en mer;Femmes
2018;0311Z;Pêche en mer;Hommes
2018;0312Z;Pêche en eau douce;Femmes
2018;0312Z;Pêche en eau douce;Hommes
2018;0321Z;Aquaculture en mer;Femmes
2018;0321Z;Aquaculture en mer;Hommes
2018;0322Z;Aquaculture en eau douce;Femmes
2018;0322Z;Aquaculture en eau douce;Hommes
2018;0510Z;Extraction de houille;Femmes
2018;0510Z;Extraction de houille;Hommes
2018;0520Z;Extraction de lignite;Femmes
2018;0520Z;Extraction de lignite;Hommes
2018;0610Z;Extraction de pétrole brut;Femmes
2018;0610Z;Extraction de pétrole brut;Hommes
2018;0620Z;Extraction de gaz naturel;Femmes
2018;0620Z;Extraction de gaz naturel;Hommes
2018;0710Z;Extraction de minerais de fer;Femmes
2018;0710Z;Extraction de minerais de fer;Hommes
2018;0721Z;Extraction de minerais d'uranium et de thorium;Femmes
2018;0721Z;Extraction de minerais d'uranium et de thorium;Hommes
2018;0729Z;Extraction d'autres minerais de métaux non ferreux;Femmes
2018;0729Z;Extraction d'autres minerais de métaux non ferreux;Hommes
2018;0811Z;Extraction de pierres ornementales et de construction, de calcaire industriel, de gypse, de craie et d'ardoise;Femmes
2018;0811Z;Extraction de pierres ornementales et de construction, de calcaire industriel, de gypse, de craie et d'ardoise;Hommes
2018;0812Z;Exploitation de gravières et sablières, extraction d'argiles et de kaolin;Femmes
2018;0812Z;Exploitation de gravières et sablières, extraction d'argiles et de kaolin;Hommes
2018;0891Z;Extraction des minéraux chimiques et d'engrais minéraux;Femmes
2018;0891Z;Extraction des minéraux chimiques et d'engrais minéraux;Hommes
2018;0892Z;Extraction de tourbe;Femmes
2018;0892Z;Extraction de tourbe;Hommes
2018;0893Z;Production de sel;Femmes
2018;0893Z;Production de sel;Hommes
2018;0899Z;Autres activités extractives n.c.a.;Femmes
2018;0899Z;Autres activités extractives n.c.a.;Hommes
2018;0910Z;Activités de soutien à l'extraction d'hydrocarbures;Femmes
2018;0910Z;Activités de soutien à l'extraction d'hydrocarbures;Hommes
2018;0990Z;Activités de soutien aux autres industries extractives;Femmes
2018;0990Z;Activités de soutien aux autres industries extractives;Hommes
2018;1011Z;Transformation et conservation de la viande de boucherie;Femmes
2018;1011Z;Transformation et conservation de la viande de boucherie;Hommes
2018;1012Z;Transformation et conservation de la viande de volaille;Femmes
2018;1012Z;Transformation et conservation de la viande de volaille;Hommes
2018;1013A;Préparation industrielle de produits à base de viande;Femmes
2018;1013A;Préparation industrielle de produits à base de viande;Hommes
2018;1013B;Charcuterie;Femmes
2018;1013B;Charcuterie;Hommes
2018;1020Z;Transformation et conservation de poisson, de crustacés et de mollusques;Femmes
2018;1020Z;Transformation et conservation de poisson, de crustacés et de mollusques;Hommes
2018;1031Z;Transformation et conservation de pommes de terre;Femmes
2018;1031Z;Transformation et conservation de pommes de terre;Hommes
2018;1032Z;Préparation de jus de fruits et légumes;Femmes
2018;1032Z;Préparation de jus de fruits et légumes;Hommes
2018;1039A;Autre transformation et conservation de légumes;Femmes
2018;1039A;Autre transformation et conservation de légumes;Hommes
2018;1039B;Transformation et conservation de fruits;Femmes
2018;1039B;Transformation et conservation de fruits;Hommes
2018;1041A;Fabrication d'huiles et graisses brutes;Femmes
2018;1041A;Fabrication d'huiles et graisses brutes;Hommes
2018;1041B;Fabrication d'huiles et graisses raffinées;Femmes
2018;1041B;Fabrication d'huiles et graisses raffinées;Hommes
2018;1042Z;Fabrication de margarine et graisses comestibles similaires;Femmes
2018;1042Z;Fabrication de margarine et graisses comestibles similaires;Hommes
2018;1051A;Fabrication de lait liquide et de produits frais;Femmes
2018;1051A;Fabrication de lait liquide et de produits frais;Hommes
2018;1051B;Fabrication de beurre;Femmes
2018;1051B;Fabrication de beurre;Hommes
2018;1051C;Fabrication de fromage;Femmes
2018;1051C;Fabrication de fromage;Hommes
2018;1051D;Fabrication d'autres produits laitiers;Femmes
2018;1051D;Fabrication d'autres produits laitiers;Hommes
2018;1052Z;Fabrication de glaces et sorbets;Femmes
2018;1052Z;Fabrication de glaces et sorbets;Hommes
2018;1061A;Meunerie;Femmes
2018;1061A;Meunerie;Hommes
2018;1061B;Autres activités du travail des grains;Femmes
2018;1061B;Autres activités du travail des grains;Hommes
2018;1062Z;Fabrication de produits amylacés;Femmes
2018;1062Z;Fabrication de produits amylacés;Hommes
2018;1071A;Fabrication industrielle de pain et de pâtisserie fraîche;Femmes
2018;1071A;Fabrication industrielle de pain et de pâtisserie fraîche;Hommes
2018;1071B;Cuisson de produits de boulangerie;Femmes
2018;1071B;Cuisson de produits de boulangerie;Hommes
2018;1071C;Boulangerie et boulangerie-pâtisserie;Femmes
2018;1071C;Boulangerie et boulangerie-pâtisserie;Hommes
2018;1071D;Pâtisserie;Femmes
2018;1071D;Pâtisserie;Hommes
2018;1072Z;Fabrication de biscuits, biscottes et pâtisseries de conservation;Femmes
2018;1072Z;Fabrication de biscuits, biscottes et pâtisseries de conservation;Hommes
2018;1073Z;Fabrication de pâtes alimentaires;Femmes
2018;1073Z;Fabrication de pâtes alimentaires;Hommes
2018;1081Z;Fabrication de sucre;Femmes
2018;1081Z;Fabrication de sucre;Hommes
2018;1082Z;Fabrication de cacao, chocolat et de produits de confiserie;Femmes
2018;1082Z;Fabrication de cacao, chocolat et de produits de confiserie;Hommes
2018;1083Z;Transformation du thé et du café;Femmes
2018;1083Z;Transformation du thé et du café;Hommes
2018;1084Z;Fabrication de condiments et assaisonnements;Femmes
2018;1084Z;Fabrication de condiments et assaisonnements;Hommes
2018;1085Z;Fabrication de plats préparés;Femmes
2018;1085Z;Fabrication de plats préparés;Hommes
2018;1086Z;Fabrication d'aliments homogénéisés et diététiques;Femmes
2018;1086Z;Fabrication d'aliments homogénéisés et diététiques;Hommes
2018;1089Z;Fabrication d'autres produits alimentaires n.c.a.;Femmes
2018;1089Z;Fabrication d'autres produits alimentaires n.c.a.;Hommes
2018;1091Z;Fabrication d'aliments pour animaux de ferme;Femmes
2018;1091Z;Fabrication d'aliments pour animaux de ferme;Hommes
2018;1092Z;Fabrication d'aliments pour animaux de compagnie;Femmes
2018;1092Z;Fabrication d'aliments pour animaux de compagnie;Hommes
2018;1101Z;Production de boissons alcooliques distillées;Femmes
2018;1101Z;Production de boissons alcooliques distillées;Hommes
2018;1102A;Fabrication de vins effervescents;Femmes
2018;1102A;Fabrication de vins effervescents;Hommes
2018;1102B;Vinification;Femmes
2018;1102B;Vinification;Hommes
2018;1103Z;Fabrication de cidre et de vins de fruits;Femmes
2018;1103Z;Fabrication de cidre et de vins de fruits;Hommes
2018;1104Z;Production d'autres boissons fermentées non distillées;Femmes
2018;1104Z;Production d'autres boissons fermentées non distillées;Hommes
2018;1105Z;Fabrication de bière;Femmes
2018;1105Z;Fabrication de bière;Hommes
2018;1106Z;Fabrication de malt;Femmes
2018;1106Z;Fabrication de malt;Hommes
2018;1107A;Industrie des eaux de table;Femmes
2018;1107A;Industrie des eaux de table;Hommes
2018;1107B;Production de boissons rafraîchissantes;Femmes
2018;1107B;Production de boissons rafraîchissantes;Hommes
2018;1200Z;Fabrication de produits à base de tabac;Femmes
2018;1200Z;Fabrication de produits à base de tabac;Hommes
2018;1310Z;Préparation de fibres textiles et filature;Femmes
2018;1310Z;Préparation de fibres textiles et filature;Hommes
2018;1320Z;Tissage;Femmes
2018;1320Z;Tissage;Hommes
2018;1330Z;Ennoblissement textile;Femmes
2018;1330Z;Ennoblissement textile;Hommes
2018;1391Z;Fabrication d'étoffes à mailles;Femmes
2018;1391Z;Fabrication d'étoffes à mailles;Hommes
2018;1392Z;Fabrication d'articles textiles, sauf habillement;Femmes
2018;1392Z;Fabrication d'articles textiles, sauf habillement;Hommes
2018;1393Z;Fabrication de tapis et moquettes;Femmes
2018;1393Z;Fabrication de tapis et moquettes;Hommes
2018;1394Z;Fabrication de ficelles, cordes et filets;Femmes
2018;1394Z;Fabrication de ficelles, cordes et filets;Hommes
2018;1395Z;Fabrication de non-tissés, sauf habillement;Femmes
2018;1395Z;Fabrication de non-tissés, sauf habillement;Hommes
2018;1396Z;Fabrication d'autres textiles techniques et industriels;Femmes
2018;1396Z;Fabrication d'autres textiles techniques et industriels;Hommes
2018;1399Z;Fabrication d'autres textiles n.c.a.;Femmes
2018;1399Z;Fabrication d'autres textiles n.c.a.;Hommes
2018;1411Z;Fabrication de vêtements en cuir;Femmes
2018;1411Z;Fabrication de vêtements en cuir;Hommes
2018;1412Z;Fabrication de vêtements de travail;Femmes
2018;1412Z;Fabrication de vêtements de travail;Hommes
2018;1413Z;Fabrication de vêtements de dessus;Femmes
2018;1413Z;Fabrication de vêtements de dessus;Hommes
2018;1414Z;Fabrication de vêtements de dessous;Femmes
2018;1414Z;Fabrication de vêtements de dessous;Hommes
2018;1419Z;Fabrication d'autres vêtements et accessoires;Femmes
2018;1419Z;Fabrication d'autres vêtements et accessoires;Hommes
2018;1420Z;Fabrication d'articles en fourrure;Femmes
2018;1420Z;Fabrication d'articles en fourrure;Hommes
2018;1431Z;Fabrication d'articles chaussants à mailles;Femmes
2018;1431Z;Fabrication d'articles chaussants à mailles;Hommes
2018;1439Z;Fabrication d'autres articles à mailles;Femmes
2018;1439Z;Fabrication d'autres articles à mailles;Hommes
2018;1511Z;"Apprêt et tannage des cuirs ; préparation et teinture des fourrures";Femmes
2018;1511Z;"Apprêt et tannage des cuirs ; préparation et teinture des fourrures";Hommes
2018;1512Z;Fabrication d'articles de voyage, de maroquinerie et de sellerie;Femmes
2018;1512Z;Fabrication d'articles de voyage, de maroquinerie et de sellerie;Hommes
2018;1520Z;Fabrication de chaussures;Femmes
2018;1520Z;Fabrication de chaussures;Hommes
2018;1610A;Sciage et rabotage du bois, hors imprégnation;Femmes
2018;1610A;Sciage et rabotage du bois, hors imprégnation;Hommes
2018;1610B;Imprégnation du bois;Femmes
2018;1610B;Imprégnation du bois;Hommes
2018;1621Z;Fabrication de placage et de panneaux de bois;Femmes
2018;1621Z;Fabrication de placage et de panneaux de bois;Hommes
2018;1622Z;Fabrication de parquets assemblés;Femmes
2018;1622Z;Fabrication de parquets assemblés;Hommes
2018;1623Z;Fabrication de charpentes et d'autres menuiseries;Femmes
2018;1623Z;Fabrication de charpentes et d'autres menuiseries;Hommes
2018;1624Z;Fabrication d'emballages en bois;Femmes
2018;1624Z;Fabrication d'emballages en bois;Hommes
2018;1629Z;"Fabrication d'objets divers en bois ; fabrication d'objets en liège, vannerie et sparterie";Femmes
2018;1629Z;"Fabrication d'objets divers en bois ; fabrication d'objets en liège, vannerie et sparterie";Hommes
2018;1711Z;Fabrication de pâte à papier;Femmes
2018;1711Z;Fabrication de pâte à papier;Hommes
2018;1712Z;Fabrication de papier et de carton;Femmes
2018;1712Z;Fabrication de papier et de carton;Hommes
2018;1721A;Fabrication de carton ondulé;Femmes
2018;1721A;Fabrication de carton ondulé;Hommes
2018;1721B;Fabrication de cartonnages;Femmes
2018;1721B;Fabrication de cartonnages;Hommes
2018;1721C;Fabrication d'emballages en papier;Femmes
2018;1721C;Fabrication d'emballages en papier;Hommes
2018;1722Z;Fabrication d'articles en papier à usage sanitaire ou domestique;Femmes
2018;1722Z;Fabrication d'articles en papier à usage sanitaire ou domestique;Hommes
2018;1723Z;Fabrication d'articles de papeterie;Femmes
2018;1723Z;Fabrication d'articles de papeterie;Hommes
2018;1724Z;Fabrication de papiers peints;Femmes
2018;1724Z;Fabrication de papiers peints;Hommes
2018;1729Z;Fabrication d'autres articles en papier ou en carton;Femmes
2018;1729Z;Fabrication d'autres articles en papier ou en carton;Hommes
2018;1811Z;Imprimerie de journaux;Femmes
2018;1811Z;Imprimerie de journaux;Hommes
2018;1812Z;Autre imprimerie (labeur);Femmes
2018;1812Z;Autre imprimerie (labeur);Hommes
2018;1813Z;Activités de pré-presse;Femmes
2018;1813Z;Activités de pré-presse;Hommes
2018;1814Z;Reliure et activités connexes;Femmes
2018;1814Z;Reliure et activités connexes;Hommes
2018;1820Z;Reproduction d'enregistrements;Femmes
2018;1820Z;Reproduction d'enregistrements;Hommes
2018;1910Z;Cokéfaction;Femmes
2018;1910Z;Cokéfaction;Hommes
2018;1920Z;Raffinage du pétrole;Femmes
2018;1920Z;Raffinage du pétrole;Hommes
2018;2011Z;Fabrication de gaz industriels;Femmes
2018;2011Z;Fabrication de gaz industriels;Hommes
2018;2012Z;Fabrication de colorants et de pigments;Femmes
2018;2012Z;Fabrication de colorants et de pigments;Hommes
2018;2013A;Enrichissement et retraitement de matières nucléaires;Femmes
2018;2013A;Enrichissement et retraitement de matières nucléaires;Hommes
2018;2013B;Fabrication d'autres produits chimiques inorganiques de base n.c.a.;Femmes
2018;2013B;Fabrication d'autres produits chimiques inorganiques de base n.c.a.;Hommes
2018;2014Z;Fabrication d'autres produits chimiques organiques de base;Femmes
2018;2014Z;Fabrication d'autres produits chimiques organiques de base;Hommes
2018;2015Z;Fabrication de produits azotés et d'engrais;Femmes
2018;2015Z;Fabrication de produits azotés et d'engrais;Hommes
2018;2016Z;Fabrication de matières plastiques de base;Femmes
2018;2016Z;Fabrication de matières plastiques de base;Hommes
2018;2017Z;Fabrication de caoutchouc synthétique;Femmes
2018;2017Z;Fabrication de caoutchouc synthétique;Hommes
2018;2020Z;Fabrication de pesticides et d'autres produits agrochimiques;Femmes
2018;2020Z;Fabrication de pesticides et d'autres produits agrochimiques;Hommes
2018;2030Z;Fabrication de peintures, vernis, encres et mastics;Femmes
2018;2030Z;Fabrication de peintures, vernis, encres et mastics;Hommes
2018;2041Z;Fabrication de savons, détergents et produits d'entretien;Femmes
2018;2041Z;Fabrication de savons, détergents et produits d'entretien;Hommes
2018;2042Z;Fabrication de parfums et de produits pour la toilette;Femmes
2018;2042Z;Fabrication de parfums et de produits pour la toilette;Hommes
2018;2051Z;Fabrication de produits explosifs;Femmes
2018;2051Z;Fabrication de produits explosifs;Hommes
2018;2052Z;Fabrication de colles;Femmes
2018;2052Z;Fabrication de colles;Hommes
2018;2053Z;Fabrication d'huiles essentielles;Femmes
2018;2053Z;Fabrication d'huiles essentielles;Hommes
2018;2059Z;Fabrication d'autres produits chimiques n.c.a.;Femmes
2018;2059Z;Fabrication d'autres produits chimiques n.c.a.;Hommes
2018;2060Z;Fabrication de fibres artificielles ou synthétiques;Femmes
2018;2060Z;Fabrication de fibres artificielles ou synthétiques;Hommes
2018;2110Z;Fabrication de produits pharmaceutiques de base;Femmes
2018;2110Z;Fabrication de produits pharmaceutiques de base;Hommes
2018;2120Z;Fabrication de préparations pharmaceutiques;Femmes
2018;2120Z;Fabrication de préparations pharmaceutiques;Hommes
2018;2211Z;Fabrication et rechapage de pneumatiques;Femmes
2018;2211Z;Fabrication et rechapage de pneumatiques;Hommes
2018;2219Z;Fabrication d'autres articles en caoutchouc;Femmes
2018;2219Z;Fabrication d'autres articles en caoutchouc;Hommes
2018;2221Z;Fabrication de plaques, feuilles, tubes et profilés en matières plastiques;Femmes
2018;2221Z;Fabrication de plaques, feuilles, tubes et profilés en matières plastiques;Hommes
2018;2222Z;Fabrication d'emballages en matières plastiques;Femmes
2018;2222Z;Fabrication d'emballages en matières plastiques;Hommes
2018;2223Z;Fabrication d'éléments en matières plastiques pour la construction;Femmes
2018;2223Z;Fabrication d'éléments en matières plastiques pour la construction;Hommes
2018;2229A;Fabrication de pièces techniques à base de matières plastiques;Femmes
2018;2229A;Fabrication de pièces techniques à base de matières plastiques;Hommes
2018;2229B;Fabrication de produits de consommation courante en matières plastiques;Femmes
2018;2229B;Fabrication de produits de consommation courante en matières plastiques;Hommes
2018;2311Z;Fabrication de verre plat;Femmes
2018;2311Z;Fabrication de verre plat;Hommes
2018;2312Z;Façonnage et transformation du verre plat;Femmes
2018;2312Z;Façonnage et transformation du verre plat;Hommes
2018;2313Z;Fabrication de verre creux;Femmes
2018;2313Z;Fabrication de verre creux;Hommes
2018;2314Z;Fabrication de fibres de verre;Femmes
2018;2314Z;Fabrication de fibres de verre;Hommes
2018;2319Z;Fabrication et façonnage d'autres articles en verre, y compris verre technique;Femmes
2018;2319Z;Fabrication et façonnage d'autres articles en verre, y compris verre technique;Hommes
2018;2320Z;Fabrication de produits réfractaires;Femmes
2018;2320Z;Fabrication de produits réfractaires;Hommes
2018;2331Z;Fabrication de carreaux en céramique;Femmes
2018;2331Z;Fabrication de carreaux en céramique;Hommes
2018;2332Z;Fabrication de briques, tuiles et produits de construction, en terre cuite;Femmes
2018;2332Z;Fabrication de briques, tuiles et produits de construction, en terre cuite;Hommes
2018;2341Z;Fabrication d'articles céramiques à usage domestique ou ornemental;Femmes
2018;2341Z;Fabrication d'articles céramiques à usage domestique ou ornemental;Hommes
2018;2342Z;Fabrication d'appareils sanitaires en céramique;Femmes
2018;2342Z;Fabrication d'appareils sanitaires en céramique;Hommes
2018;2343Z;Fabrication d'isolateurs et pièces isolantes en céramique;Femmes
2018;2343Z;Fabrication d'isolateurs et pièces isolantes en céramique;Hommes
2018;2344Z;Fabrication d'autres produits céramiques à usage technique;Femmes
2018;2344Z;Fabrication d'autres produits céramiques à usage technique;Hommes
2018;2349Z;Fabrication d'autres produits céramiques;Femmes
2018;2349Z;Fabrication d'autres produits céramiques;Hommes
2018;2351Z;Fabrication de ciment;Femmes
2018;2351Z;Fabrication de ciment;Hommes
2018;2352Z;Fabrication de chaux et plâtre;Femmes
2018;2352Z;Fabrication de chaux et plâtre;Hommes
2018;2361Z;Fabrication d'éléments en béton pour la construction;Femmes
2018;2361Z;Fabrication d'éléments en béton pour la construction;Hommes
2018;2362Z;Fabrication d'éléments en plâtre pour la construction;Femmes
2018;2362Z;Fabrication d'éléments en plâtre pour la construction;Hommes
2018;2363Z;Fabrication de béton prêt à l'emploi;Femmes
2018;2363Z;Fabrication de béton prêt à l'emploi;Hommes
2018;2364Z;Fabrication de mortiers et bétons secs;Femmes
2018;2364Z;Fabrication de mortiers et bétons secs;Hommes
2018;2365Z;Fabrication d'ouvrages en fibre-ciment;Femmes
2018;2365Z;Fabrication d'ouvrages en fibre-ciment;Hommes
2018;2369Z;Fabrication d'autres ouvrages en béton, en ciment ou en plâtre;Femmes
2018;2369Z;Fabrication d'autres ouvrages en béton, en ciment ou en plâtre;Hommes
2018;2370Z;Taille, façonnage et finissage de pierres;Femmes
2018;2370Z;Taille, façonnage et finissage de pierres;Hommes
2018;2391Z;Fabrication de produits abrasifs;Femmes
2018;2391Z;Fabrication de produits abrasifs;Hommes
2018;2399Z;Fabrication d'autres produits minéraux non métalliques n.c.a.;Femmes
2018;2399Z;Fabrication d'autres produits minéraux non métalliques n.c.a.;Hommes
2018;2410Z;Sidérurgie;Femmes
2018;2410Z;Sidérurgie;Hommes
2018;2420Z;Fabrication de tubes, tuyaux, profilés creux et accessoires correspondants en acier;Femmes
2018;2420Z;Fabrication de tubes, tuyaux, profilés creux et accessoires correspondants en acier;Hommes
2018;2431Z;Étirage à froid de barres;Femmes
2018;2431Z;Étirage à froid de barres;Hommes
2018;2432Z;Laminage à froid de feuillards;Femmes
2018;2432Z;Laminage à froid de feuillards;Hommes
2018;2433Z;Profilage à froid par formage ou pliage;Femmes
2018;2433Z;Profilage à froid par formage ou pliage;Hommes
2018;2434Z;Tréfilage à froid;Femmes
2018;2434Z;Tréfilage à froid;Hommes
2018;2441Z;Production de métaux précieux;Femmes
2018;2441Z;Production de métaux précieux;Hommes
2018;2442Z;Métallurgie de l'aluminium;Femmes
2018;2442Z;Métallurgie de l'aluminium;Hommes
2018;2443Z;Métallurgie du plomb, du zinc ou de l'étain;Femmes
2018;2443Z;Métallurgie du plomb, du zinc ou de l'étain;Hommes
2018;2444Z;Métallurgie du cuivre;Femmes
2018;2444Z;Métallurgie du cuivre;Hommes
2018;2445Z;Métallurgie des autres métaux non ferreux;Femmes
2018;2445Z;Métallurgie des autres métaux non ferreux;Hommes
2018;2446Z;Élaboration et transformation de matières nucléaires;Femmes
2018;2446Z;Élaboration et transformation de matières nucléaires;Hommes
2018;2451Z;Fonderie de fonte;Femmes
2018;2451Z;Fonderie de fonte;Hommes
2018;2452Z;Fonderie d'acier;Femmes
2018;2452Z;Fonderie d'acier;Hommes
2018;2453Z;Fonderie de métaux légers;Femmes
2018;2453Z;Fonderie de métaux légers;Hommes
2018;2454Z;Fonderie d'autres métaux non ferreux;Femmes
2018;2454Z;Fonderie d'autres métaux non ferreux;Hommes
2018;2511Z;Fabrication de structures métalliques et de parties de structures;Femmes
2018;2511Z;Fabrication de structures métalliques et de parties de structures;Hommes
2018;2512Z;Fabrication de portes et fenêtres en métal;Femmes
2018;2512Z;Fabrication de portes et fenêtres en métal;Hommes
2018;2521Z;Fabrication de radiateurs et de chaudières pour le chauffage central;Femmes
2018;2521Z;Fabrication de radiateurs et de chaudières pour le chauffage central;Hommes
2018;2529Z;Fabrication d'autres réservoirs, citernes et conteneurs métalliques;Femmes
2018;2529Z;Fabrication d'autres réservoirs, citernes et conteneurs métalliques;Hommes
2018;2530Z;Fabrication de générateurs de vapeur, à l'exception des chaudières pour le chauffage central;Femmes
2018;2530Z;Fabrication de générateurs de vapeur, à l'exception des chaudières pour le chauffage central;Hommes
2018;2540Z;Fabrication d'armes et de munitions;Femmes
2018;2540Z;Fabrication d'armes et de munitions;Hommes
2018;2550A;"Forge, estampage, matriçage ; métallurgie des poudres";Femmes
2018;2550A;"Forge, estampage, matriçage ; métallurgie des poudres";Hommes
2018;2550B;Découpage, emboutissage;Femmes
2018;2550B;Découpage, emboutissage;Hommes
2018;2561Z;Traitement et revêtement des métaux;Femmes
2018;2561Z;Traitement et revêtement des métaux;Hommes
2018;2562A;Décolletage;Femmes
2018;2562A;Décolletage;Hommes
2018;2562B;Mécanique industrielle;Femmes
2018;2562B;Mécanique industrielle;Hommes
2018;2571Z;Fabrication de coutellerie;Femmes
2018;2571Z;Fabrication de coutellerie;Hommes
2018;2572Z;Fabrication de serrures et de ferrures;Femmes
2018;2572Z;Fabrication de serrures et de ferrures;Hommes
2018;2573A;Fabrication de moules et modèles;Femmes
2018;2573A;Fabrication de moules et modèles;Hommes
2018;2573B;Fabrication d'autres outillages;Femmes
2018;2573B;Fabrication d'autres outillages;Hommes
2018;2591Z;Fabrication de fûts et emballages métalliques similaires;Femmes
2018;2591Z;Fabrication de fûts et emballages métalliques similaires;Hommes
2018;2592Z;Fabrication d'emballages métalliques légers;Femmes
2018;2592Z;Fabrication d'emballages métalliques légers;Hommes
2018;2593Z;Fabrication d'articles en fils métalliques, de chaînes et de ressorts;Femmes
2018;2593Z;Fabrication d'articles en fils métalliques, de chaînes et de ressorts;Hommes
2018;2594Z;Fabrication de vis et de boulons;Femmes
2018;2594Z;Fabrication de vis et de boulons;Hommes
2018;2599A;Fabrication d'articles métalliques ménagers;Femmes
2018;2599A;Fabrication d'articles métalliques ménagers;Hommes
2018;2599B;Fabrication d'autres articles métalliques;Femmes
2018;2599B;Fabrication d'autres articles métalliques;Hommes
2018;2611Z;Fabrication de composants électroniques;Femmes
2018;2611Z;Fabrication de composants électroniques;Hommes
2018;2612Z;Fabrication de cartes électroniques assemblées;Femmes
2018;2612Z;Fabrication de cartes électroniques assemblées;Hommes
2018;2620Z;Fabrication d'ordinateurs et d'équipements périphériques;Femmes
2018;2620Z;Fabrication d'ordinateurs et d'équipements périphériques;Hommes
2018;2630Z;Fabrication d'équipements de communication;Femmes
2018;2630Z;Fabrication d'équipements de communication;Hommes
2018;2640Z;Fabrication de produits électroniques grand public;Femmes
2018;2640Z;Fabrication de produits électroniques grand public;Hommes
2018;2651A;Fabrication d'équipements d'aide à la navigation;Femmes
2018;2651A;Fabrication d'équipements d'aide à la navigation;Hommes
2018;2651B;Fabrication d'instrumentation scientifique et technique;Femmes
2018;2651B;Fabrication d'instrumentation scientifique et technique;Hommes
2018;2652Z;Horlogerie;Femmes
2018;2652Z;Horlogerie;Hommes
2018;2660Z;Fabrication d'équipements d'irradiation médicale, d'équipements électromédicaux et électrothérapeutiques;Femmes
2018;2660Z;Fabrication d'équipements d'irradiation médicale, d'équipements électromédicaux et électrothérapeutiques;Hommes
2018;2670Z;Fabrication de matériels optique et photographique;Femmes
2018;2670Z;Fabrication de matériels optique et photographique;Hommes
2018;2680Z;Fabrication de supports magnétiques et optiques;Femmes
2018;2680Z;Fabrication de supports magnétiques et optiques;Hommes
2018;2711Z;Fabrication de moteurs, génératrices et transformateurs électriques;Femmes
2018;2711Z;Fabrication de moteurs, génératrices et transformateurs électriques;Hommes
2018;2712Z;Fabrication de matériel de distribution et de commande électrique;Femmes
2018;2712Z;Fabrication de matériel de distribution et de commande électrique;Hommes
2018;2720Z;Fabrication de piles et d'accumulateurs électriques;Femmes
2018;2720Z;Fabrication de piles et d'accumulateurs électriques;Hommes
2018;2731Z;Fabrication de câbles de fibres optiques;Femmes
2018;2731Z;Fabrication de câbles de fibres optiques;Hommes
2018;2732Z;Fabrication d'autres fils et câbles électroniques ou électriques;Femmes
2018;2732Z;Fabrication d'autres fils et câbles électroniques ou électriques;Hommes
2018;2733Z;Fabrication de matériel d'installation électrique;Femmes
2018;2733Z;Fabrication de matériel d'installation électrique;Hommes
2018;2740Z;Fabrication d'appareils d'éclairage électrique;Femmes
2018;2740Z;Fabrication d'appareils d'éclairage électrique;Hommes
2018;2751Z;Fabrication d'appareils électroménagers;Femmes
2018;2751Z;Fabrication d'appareils électroménagers;Hommes
2018;2752Z;Fabrication d'appareils ménagers non électriques;Femmes
2018;2752Z;Fabrication d'appareils ménagers non électriques;Hommes
2018;2790Z;Fabrication d'autres matériels électriques;Femmes
2018;2790Z;Fabrication d'autres matériels électriques;Hommes
2018;2811Z;Fabrication de moteurs et turbines, à l'exception des moteurs d'avions et de véhicules;Femmes
2018;2811Z;Fabrication de moteurs et turbines, à l'exception des moteurs d'avions et de véhicules;Hommes
2018;2812Z;Fabrication d'équipements hydrauliques et pneumatiques;Femmes
2018;2812Z;Fabrication d'équipements hydrauliques et pneumatiques;Hommes
2018;2813Z;Fabrication d'autres pompes et compresseurs;Femmes
2018;2813Z;Fabrication d'autres pompes et compresseurs;Hommes
2018;2814Z;Fabrication d'autres articles de robinetterie;Femmes
2018;2814Z;Fabrication d'autres articles de robinetterie;Hommes
2018;2815Z;Fabrication d'engrenages et d'organes mécaniques de transmission;Femmes
2018;2815Z;Fabrication d'engrenages et d'organes mécaniques de transmission;Hommes
2018;2821Z;Fabrication de fours et brûleurs;Femmes
2018;2821Z;Fabrication de fours et brûleurs;Hommes
2018;2822Z;Fabrication de matériel de levage et de manutention;Femmes
2018;2822Z;Fabrication de matériel de levage et de manutention;Hommes
2018;2823Z;Fabrication de machines et d'équipements de bureau (à l'exception des ordinateurs et équipements périphériques);Femmes
2018;2823Z;Fabrication de machines et d'équipements de bureau (à l'exception des ordinateurs et équipements périphériques);Hommes
2018;2824Z;Fabrication d'outillage portatif à moteur incorporé;Femmes
2018;2824Z;Fabrication d'outillage portatif à moteur incorporé;Hommes
2018;2825Z;Fabrication d'équipements aérauliques et frigorifiques industriels;Femmes
2018;2825Z;Fabrication d'équipements aérauliques et frigorifiques industriels;Hommes
2018;2829A;Fabrication d'équipements d'emballage, de conditionnement et de pesage;Femmes
2018;2829A;Fabrication d'équipements d'emballage, de conditionnement et de pesage;Hommes
2018;2829B;Fabrication d'autres machines d'usage général;Femmes
2018;2829B;Fabrication d'autres machines d'usage général;Hommes
2018;2830Z;Fabrication de machines agricoles et forestières;Femmes
2018;2830Z;Fabrication de machines agricoles et forestières;Hommes
2018;2841Z;Fabrication de machines-outils pour le travail des métaux;Femmes
2018;2841Z;Fabrication de machines-outils pour le travail des métaux;Hommes
2018;2849Z;Fabrication d'autres machines-outils;Femmes
2018;2849Z;Fabrication d'autres machines-outils;Hommes
2018;2891Z;Fabrication de machines pour la métallurgie;Femmes
2018;2891Z;Fabrication de machines pour la métallurgie;Hommes
2018;2892Z;Fabrication de machines pour l'extraction ou la construction;Femmes
2018;2892Z;Fabrication de machines pour l'extraction ou la construction;Hommes
2018;2893Z;Fabrication de machines pour l'industrie agro-alimentaire;Femmes
2018;2893Z;Fabrication de machines pour l'industrie agro-alimentaire;Hommes
2018;2894Z;Fabrication de machines pour les industries textiles;Femmes
2018;2894Z;Fabrication de machines pour les industries textiles;Hommes
2018;2895Z;Fabrication de machines pour les industries du papier et du carton;Femmes
2018;2895Z;Fabrication de machines pour les industries du papier et du carton;Hommes
2018;2896Z;Fabrication de machines pour le travail du caoutchouc ou des plastiques;Femmes
2018;2896Z;Fabrication de machines pour le travail du caoutchouc ou des plastiques;Hommes
2018;2899A;Fabrication de machines d'imprimerie;Femmes
2018;2899A;Fabrication de machines d'imprimerie;Hommes
2018;2899B;Fabrication d'autres machines spécialisées;Femmes
2018;2899B;Fabrication d'autres machines spécialisées;Hommes
2018;2910Z;Construction de véhicules automobiles;Femmes
2018;2910Z;Construction de véhicules automobiles;Hommes
2018;2920Z;Fabrication de carrosseries et remorques;Femmes
2018;2920Z;Fabrication de carrosseries et remorques;Hommes
2018;2931Z;Fabrication d'équipements électriques et électroniques automobiles;Femmes
2018;2931Z;Fabrication d'équipements électriques et électroniques automobiles;Hommes
2018;2932Z;Fabrication d'autres équipements automobiles;Femmes
2018;2932Z;Fabrication d'autres équipements automobiles;Hommes
2018;3011Z;Construction de navires et de structures flottantes;Femmes
2018;3011Z;Construction de navires et de structures flottantes;Hommes
2018;3012Z;Construction de bateaux de plaisance;Femmes
2018;3012Z;Construction de bateaux de plaisance;Hommes
2018;3020Z;Construction de locomotives et d'autre matériel ferroviaire roulant;Femmes
2018;3020Z;Construction de locomotives et d'autre matériel ferroviaire roulant;Hommes
2018;3030Z;Construction aéronautique et spatiale;Femmes
2018;3030Z;Construction aéronautique et spatiale;Hommes
2018;3040Z;Construction de véhicules militaires de combat;Femmes
2018;3040Z;Construction de véhicules militaires de combat;Hommes
2018;3091Z;Fabrication de motocycles;Femmes
2018;3091Z;Fabrication de motocycles;Hommes
2018;3092Z;Fabrication de bicyclettes et de véhicules pour invalides;Femmes
2018;3092Z;Fabrication de bicyclettes et de véhicules pour invalides;Hommes
2018;3099Z;Fabrication d'autres équipements de transport n.c.a.;Femmes
2018;3099Z;Fabrication d'autres équipements de transport n.c.a.;Hommes
2018;3101Z;Fabrication de meubles de bureau et de magasin;Femmes
2018;3101Z;Fabrication de meubles de bureau et de magasin;Hommes
2018;3102Z;Fabrication de meubles de cuisine;Femmes
2018;3102Z;Fabrication de meubles de cuisine;Hommes
2018;3103Z;Fabrication de matelas;Femmes
2018;3103Z;Fabrication de matelas;Hommes
2018;3109A;Fabrication de sièges d'ameublement d'intérieur;Femmes
2018;3109A;Fabrication de sièges d'ameublement d'intérieur;Hommes
2018;3109B;Fabrication d'autres meubles et industries connexes de l'ameublement;Femmes
2018;3109B;Fabrication d'autres meubles et industries connexes de l'ameublement;Hommes
2018;3211Z;Frappe de monnaie;Femmes
2018;3211Z;Frappe de monnaie;Hommes
2018;3212Z;Fabrication d'articles de joaillerie et bijouterie;Femmes
2018;3212Z;Fabrication d'articles de joaillerie et bijouterie;Hommes
2018;3213Z;Fabrication d'articles de bijouterie fantaisie et articles similaires;Femmes
2018;3213Z;Fabrication d'articles de bijouterie fantaisie et articles similaires;Hommes
2018;3220Z;Fabrication d'instruments de musique;Femmes
2018;3220Z;Fabrication d'instruments de musique;Hommes
2018;3230Z;Fabrication d'articles de sport;Femmes
2018;3230Z;Fabrication d'articles de sport;Hommes
2018;3240Z;Fabrication de jeux et jouets;Femmes
2018;3240Z;Fabrication de jeux et jouets;Hommes
2018;3250A;Fabrication de matériel médico-chirurgical et dentaire;Femmes
2018;3250A;Fabrication de matériel médico-chirurgical et dentaire;Hommes
2018;3250B;Fabrication de lunettes;Femmes
2018;3250B;Fabrication de lunettes;Hommes
2018;3291Z;Fabrication d'articles de brosserie;Femmes
2018;3291Z;Fabrication d'articles de brosserie;Hommes
2018;3299Z;Autres activités manufacturières n.c.a.;Femmes
2018;3299Z;Autres activités manufacturières n.c.a.;Hommes
2018;3311Z;Réparation d'ouvrages en métaux;Femmes
2018;3311Z;Réparation d'ouvrages en métaux;Hommes
2018;3312Z;Réparation de machines et équipements mécaniques;Femmes
2018;3312Z;Réparation de machines et équipements mécaniques;Hommes
2018;3313Z;Réparation de matériels électroniques et optiques;Femmes
2018;3313Z;Réparation de matériels électroniques et optiques;Hommes
2018;3314Z;Réparation d'équipements électriques;Femmes
2018;3314Z;Réparation d'équipements électriques;Hommes
2018;3315Z;Réparation et maintenance navale;Femmes
2018;3315Z;Réparation et maintenance navale;Hommes
2018;3316Z;Réparation et maintenance d'aéronefs et d'engins spatiaux;Femmes
2018;3316Z;Réparation et maintenance d'aéronefs et d'engins spatiaux;Hommes
2018;3317Z;Réparation et maintenance d'autres équipements de transport;Femmes
2018;3317Z;Réparation et maintenance d'autres équipements de transport;Hommes
2018;3319Z;Réparation d'autres équipements;Femmes
2018;3319Z;Réparation d'autres équipements;Hommes
2018;3320A;Installation de structures métalliques, chaudronnées et de tuyauterie;Femmes
2018;3320A;Installation de structures métalliques, chaudronnées et de tuyauterie;Hommes
2018;3320B;Installation de machines et équipements mécaniques;Femmes
2018;3320B;Installation de machines et équipements mécaniques;Hommes
2018;3320C;Conception d'ensemble et assemblage sur site industriel d'équipements de contrôle des processus industriels;Femmes
2018;3320C;Conception d'ensemble et assemblage sur site industriel d'équipements de contrôle des processus industriels;Hommes
2018;3320D;Installation d'équipements électriques, de matériels électroniques et optiques ou d'autres matériels;Femmes
2018;3320D;Installation d'équipements électriques, de matériels électroniques et optiques ou d'autres matériels;Hommes
2018;3511Z;Production d'électricité;Femmes
2018;3511Z;Production d'électricité;Hommes
2018;3512Z;Transport d'électricité;Femmes
2018;3512Z;Transport d'électricité;Hommes
2018;3513Z;Distribution d'électricité;Femmes
2018;3513Z;Distribution d'électricité;Hommes
2018;3514Z;Commerce d'électricité;Femmes
2018;3514Z;Commerce d'électricité;Hommes
2018;3521Z;Production de combustibles gazeux;Femmes
2018;3521Z;Production de combustibles gazeux;Hommes
2018;3522Z;Distribution de combustibles gazeux par conduites;Femmes
2018;3522Z;Distribution de combustibles gazeux par conduites;Hommes
2018;3523Z;Commerce de combustibles gazeux par conduites;Femmes
2018;3523Z;Commerce de combustibles gazeux par conduites;Hommes
2018;3530Z;Production et distribution de vapeur et d'air conditionné;Femmes
2018;3530Z;Production et distribution de vapeur et d'air conditionné;Hommes
2018;3600Z;Captage, traitement et distribution d'eau;Femmes
2018;3600Z;Captage, traitement et distribution d'eau;Hommes
2018;3700Z;Collecte et traitement des eaux usées;Femmes
2018;3700Z;Collecte et traitement des eaux usées;Hommes
2018;3811Z;Collecte des déchets non dangereux;Femmes
2018;3811Z;Collecte des déchets non dangereux;Hommes
2018;3812Z;Collecte des déchets dangereux;Femmes
2018;3812Z;Collecte des déchets dangereux;Hommes
2018;3821Z;Traitement et élimination des déchets non dangereux;Femmes
2018;3821Z;Traitement et élimination des déchets non dangereux;Hommes
2018;3822Z;Traitement et élimination des déchets dangereux;Femmes
2018;3822Z;Traitement et élimination des déchets dangereux;Hommes
2018;3831Z;Démantèlement d'épaves;Femmes
2018;3831Z;Démantèlement d'épaves;Hommes
2018;3832Z;Récupération de déchets triés;Femmes
2018;3832Z;Récupération de déchets triés;Hommes
2018;3900Z;Dépollution et autres services de gestion des déchets;Femmes
2018;3900Z;Dépollution et autres services de gestion des déchets;Hommes
2018;4110A;Promotion immobilière de logements;Femmes
2018;4110A;Promotion immobilière de logements;Hommes
2018;4110B;Promotion immobilière de bureaux;Femmes
2018;4110B;Promotion immobilière de bureaux;Hommes
2018;4110C;Promotion immobilière d'autres bâtiments;Femmes
2018;4110C;Promotion immobilière d'autres bâtiments;Hommes
2018;4110D;Supports juridiques de programmes;Femmes
2018;4110D;Supports juridiques de programmes;Hommes
2018;4120A;Construction de maisons individuelles;Femmes
2018;4120A;Construction de maisons individuelles;Hommes
2018;4120B;Construction d'autres bâtiments;Femmes
2018;4120B;Construction d'autres bâtiments;Hommes
2018;4211Z;Construction de routes et autoroutes;Femmes
2018;4211Z;Construction de routes et autoroutes;Hommes
2018;4212Z;Construction de voies ferrées de surface et souterraines;Femmes
2018;4212Z;Construction de voies ferrées de surface et souterraines;Hommes
2018;4213A;Construction d'ouvrages d'art;Femmes
2018;4213A;Construction d'ouvrages d'art;Hommes
2018;4213B;Construction et entretien de tunnels;Femmes
2018;4213B;Construction et entretien de tunnels;Hommes
2018;4221Z;Construction de réseaux pour fluides;Femmes
2018;4221Z;Construction de réseaux pour fluides;Hommes
2018;4222Z;Construction de réseaux électriques et de télécommunications;Femmes
2018;4222Z;Construction de réseaux électriques et de télécommunications;Hommes
2018;4291Z;Construction d'ouvrages maritimes et fluviaux;Femmes
2018;4291Z;Construction d'ouvrages maritimes et fluviaux;Hommes
2018;4299Z;Construction d'autres ouvrages de génie civil n.c.a.;Femmes
2018;4299Z;Construction d'autres ouvrages de génie civil n.c.a.;Hommes
2018;4311Z;Travaux de démolition;Femmes
2018;4311Z;Travaux de démolition;Hommes
2018;4312A;Travaux de terrassement courants et travaux préparatoires;Femmes
2018;4312A;Travaux de terrassement courants et travaux préparatoires;Hommes
2018;4312B;Travaux de terrassement spécialisés ou de grande masse;Femmes
2018;4312B;Travaux de terrassement spécialisés ou de grande masse;Hommes
2018;4313Z;Forages et sondages;Femmes
2018;4313Z;Forages et sondages;Hommes
2018;4321A;Travaux d'installation électrique dans tous locaux;Femmes
2018;4321A;Travaux d'installation électrique dans tous locaux;Hommes
2018;4321B;Travaux d'installation électrique sur la voie publique;Femmes
2018;4321B;Travaux d'installation électrique sur la voie publique;Hommes
2018;4322A;Travaux d'installation d'eau et de gaz en tous locaux;Femmes
2018;4322A;Travaux d'installation d'eau et de gaz en tous locaux;Hommes
2018;4322B;Travaux d'installation d'équipements thermiques et de climatisation;Femmes
2018;4322B;Travaux d'installation d'équipements thermiques et de climatisation;Hommes
2018;4329A;Travaux d'isolation;Femmes
2018;4329A;Travaux d'isolation;Hommes
2018;4329B;Autres travaux d'installation n.c.a.;Femmes
2018;4329B;Autres travaux d'installation n.c.a.;Hommes
2018;4331Z;Travaux de plâtrerie;Femmes
2018;4331Z;Travaux de plâtrerie;Hommes
2018;4332A;Travaux de menuiserie bois et PVC;Femmes
2018;4332A;Travaux de menuiserie bois et PVC;Hommes
2018;4332B;Travaux de menuiserie métallique et serrurerie;Femmes
2018;4332B;Travaux de menuiserie métallique et serrurerie;Hommes
2018;4332C;Agencement de lieux de vente;Femmes
2018;4332C;Agencement de lieux de vente;Hommes
2018;4333Z;Travaux de revêtement des sols et des murs;Femmes
2018;4333Z;Travaux de revêtement des sols et des murs;Hommes
2018;4334Z;Travaux de peinture et vitrerie;Femmes
2018;4334Z;Travaux de peinture et vitrerie;Hommes
2018;4339Z;Autres travaux de finition;Femmes
2018;4339Z;Autres travaux de finition;Hommes
2018;4391A;Travaux de charpente;Femmes
2018;4391A;Travaux de charpente;Hommes
2018;4391B;Travaux de couverture par éléments;Femmes
2018;4391B;Travaux de couverture par éléments;Hommes
2018;4399A;Travaux d'étanchéification;Femmes
2018;4399A;Travaux d'étanchéification;Hommes
2018;4399B;Travaux de montage de structures métalliques;Femmes
2018;4399B;Travaux de montage de structures métalliques;Hommes
2018;4399C;Travaux de maçonnerie générale et gros œuvre de bâtiment;Femmes
2018;4399C;Travaux de maçonnerie générale et gros œuvre de bâtiment;Hommes
2018;4399D;Autres travaux spécialisés de construction;Femmes
2018;4399D;Autres travaux spécialisés de construction;Hommes
2018;4399E;Location avec opérateur de matériel de construction;Femmes
2018;4399E;Location avec opérateur de matériel de construction;Hommes
2018;4511Z;Commerce de voitures et de véhicules automobiles légers;Femmes
2018;4511Z;Commerce de voitures et de véhicules automobiles légers;Hommes
2018;4519Z;Commerce d'autres véhicules automobiles;Femmes
2018;4519Z;Commerce d'autres véhicules automobiles;Hommes
2018;4520A;Entretien et réparation de véhicules automobiles légers;Femmes
2018;4520A;Entretien et réparation de véhicules automobiles légers;Hommes
2018;4520B;Entretien et réparation d'autres véhicules automobiles;Femmes
2018;4520B;Entretien et réparation d'autres véhicules automobiles;Hommes
2018;4531Z;Commerce de gros d'équipements automobiles;Femmes
2018;4531Z;Commerce de gros d'équipements automobiles;Hommes
2018;4532Z;Commerce de détail d'équipements automobiles;Femmes
2018;4532Z;Commerce de détail d'équipements automobiles;Hommes
2018;4540Z;Commerce et réparation de motocycles;Femmes
2018;4540Z;Commerce et réparation de motocycles;Hommes
2018;4611Z;Intermédiaires du commerce en matières premières agricoles, animaux vivants, matières premières textiles et produits semi-finis;Femmes
2018;4611Z;Intermédiaires du commerce en matières premières agricoles, animaux vivants, matières premières textiles et produits semi-finis;Hommes
2018;4612A;Centrales d'achat de carburant;Femmes
2018;4612A;Centrales d'achat de carburant;Hommes
2018;4612B;Autres intermédiaires du commerce en combustibles, métaux, minéraux et produits chimiques;Femmes
2018;4612B;Autres intermédiaires du commerce en combustibles, métaux, minéraux et produits chimiques;Hommes
2018;4613Z;Intermédiaires du commerce en bois et matériaux de construction;Femmes
2018;4613Z;Intermédiaires du commerce en bois et matériaux de construction;Hommes
2018;4614Z;Intermédiaires du commerce en machines, équipements industriels, navires et avions;Femmes
2018;4614Z;Intermédiaires du commerce en machines, équipements industriels, navires et avions;Hommes
2018;4615Z;Intermédiaires du commerce en meubles, articles de ménage et quincaillerie;Femmes
2018;4615Z;Intermédiaires du commerce en meubles, articles de ménage et quincaillerie;Hommes
2018;4616Z;Intermédiaires du commerce en textiles, habillement, fourrures, chaussures et articles en cuir;Femmes
2018;4616Z;Intermédiaires du commerce en textiles, habillement, fourrures, chaussures et articles en cuir;Hommes
2018;4617A;Centrales d'achat alimentaires;Femmes
2018;4617A;Centrales d'achat alimentaires;Hommes
2018;4617B;Autres intermédiaires du commerce en denrées, boissons et tabac;Femmes
2018;4617B;Autres intermédiaires du commerce en denrées, boissons et tabac;Hommes
2018;4618Z;Intermédiaires spécialisés dans le commerce d'autres produits spécifiques;Femmes
2018;4618Z;Intermédiaires spécialisés dans le commerce d'autres produits spécifiques;Hommes
2018;4619A;Centrales d'achat non alimentaires;Femmes
2018;4619A;Centrales d'achat non alimentaires;Hommes
2018;4619B;Autres intermédiaires du commerce en produits divers;Femmes
2018;4619B;Autres intermédiaires du commerce en produits divers;Hommes
2018;4621Z;Commerce de gros (commerce interentreprises) de céréales, de tabac non manufacturé, de semences et d'aliments pour le bétail;Femmes
2018;4621Z;Commerce de gros (commerce interentreprises) de céréales, de tabac non manufacturé, de semences et d'aliments pour le bétail;Hommes
2018;4622Z;Commerce de gros (commerce interentreprises) de fleurs et plantes;Femmes
2018;4622Z;Commerce de gros (commerce interentreprises) de fleurs et plantes;Hommes
2018;4623Z;Commerce de gros (commerce interentreprises) d'animaux vivants;Femmes
2018;4623Z;Commerce de gros (commerce interentreprises) d'animaux vivants;Hommes
2018;4624Z;Commerce de gros (commerce interentreprises) de cuirs et peaux;Femmes
2018;4624Z;Commerce de gros (commerce interentreprises) de cuirs et peaux;Hommes
2018;4631Z;Commerce de gros (commerce interentreprises) de fruits et légumes;Femmes
2018;4631Z;Commerce de gros (commerce interentreprises) de fruits et légumes;Hommes
2018;4632A;Commerce de gros (commerce interentreprises) de viandes de boucherie;Femmes
2018;4632A;Commerce de gros (commerce interentreprises) de viandes de boucherie;Hommes
2018;4632B;Commerce de gros (commerce interentreprises) de produits à base de viande;Femmes
2018;4632B;Commerce de gros (commerce interentreprises) de produits à base de viande;Hommes
2018;4632C;Commerce de gros (commerce interentreprises) de volailles et gibier;Femmes
2018;4632C;Commerce de gros (commerce interentreprises) de volailles et gibier;Hommes
2018;4633Z;Commerce de gros (commerce interentreprises) de produits laitiers, œufs, huiles et matières grasses comestibles;Femmes
2018;4633Z;Commerce de gros (commerce interentreprises) de produits laitiers, œufs, huiles et matières grasses comestibles;Hommes
2018;4634Z;Commerce de gros (commerce interentreprises) de boissons;Femmes
2018;4634Z;Commerce de gros (commerce interentreprises) de boissons;Hommes
2018;4635Z;Commerce de gros (commerce interentreprises) de produits à base de tabac;Femmes
2018;4635Z;Commerce de gros (commerce interentreprises) de produits à base de tabac;Hommes
2018;4636Z;Commerce de gros (commerce interentreprises) de sucre, chocolat et confiserie;Femmes
2018;4636Z;Commerce de gros (commerce interentreprises) de sucre, chocolat et confiserie;Hommes
2018;4637Z;Commerce de gros (commerce interentreprises) de café, thé, cacao et épices;Femmes
2018;4637Z;Commerce de gros (commerce interentreprises) de café, thé, cacao et épices;Hommes
2018;4638A;Commerce de gros (commerce interentreprises) de poissons, crustacés et mollusques;Femmes
2018;4638A;Commerce de gros (commerce interentreprises) de poissons, crustacés et mollusques;Hommes
2018;4638B;Commerce de gros (commerce interentreprises) alimentaire spécialisé divers;Femmes
2018;4638B;Commerce de gros (commerce interentreprises) alimentaire spécialisé divers;Hommes
2018;4639A;Commerce de gros (commerce interentreprises) de produits surgelés;Femmes
2018;4639A;Commerce de gros (commerce interentreprises) de produits surgelés;Hommes
2018;4639B;Commerce de gros (commerce interentreprises) alimentaire non spécialisé;Femmes
2018;4639B;Commerce de gros (commerce interentreprises) alimentaire non spécialisé;Hommes
2018;4641Z;Commerce de gros (commerce interentreprises) de textiles;Femmes
2018;4641Z;Commerce de gros (commerce interentreprises) de textiles;Hommes
2018;4642Z;Commerce de gros (commerce interentreprises) d'habillement et de chaussures;Femmes
2018;4642Z;Commerce de gros (commerce interentreprises) d'habillement et de chaussures;Hommes
2018;4643Z;Commerce de gros (commerce interentreprises) d'appareils électroménagers;Femmes
2018;4643Z;Commerce de gros (commerce interentreprises) d'appareils électroménagers;Hommes
2018;4644Z;Commerce de gros (commerce interentreprises) de vaisselle, verrerie et produits d'entretien;Femmes
2018;4644Z;Commerce de gros (commerce interentreprises) de vaisselle, verrerie et produits d'entretien;Hommes
2018;4645Z;Commerce de gros (commerce interentreprises) de parfumerie et de produits de beauté;Femmes
2018;4645Z;Commerce de gros (commerce interentreprises) de parfumerie et de produits de beauté;Hommes
2018;4646Z;Commerce de gros (commerce interentreprises) de produits pharmaceutiques;Femmes
2018;4646Z;Commerce de gros (commerce interentreprises) de produits pharmaceutiques;Hommes
2018;4647Z;Commerce de gros (commerce interentreprises) de meubles, de tapis et d'appareils d'éclairage;Femmes
2018;4647Z;Commerce de gros (commerce interentreprises) de meubles, de tapis et d'appareils d'éclairage;Hommes
2018;4648Z;Commerce de gros (commerce interentreprises) d'articles d'horlogerie et de bijouterie;Femmes
2018;4648Z;Commerce de gros (commerce interentreprises) d'articles d'horlogerie et de bijouterie;Hommes
2018;4649Z;Commerce de gros (commerce interentreprises) d'autres biens domestiques;Femmes
2018;4649Z;Commerce de gros (commerce interentreprises) d'autres biens domestiques;Hommes
2018;4651Z;Commerce de gros (commerce interentreprises) d'ordinateurs, d'équipements informatiques périphériques et de logiciels;Femmes
2018;4651Z;Commerce de gros (commerce interentreprises) d'ordinateurs, d'équipements informatiques périphériques et de logiciels;Hommes
2018;4652Z;Commerce de gros (commerce interentreprises) de composants et d'équipements électroniques et de télécommunication;Femmes
2018;4652Z;Commerce de gros (commerce interentreprises) de composants et d'équipements électroniques et de télécommunication;Hommes
2018;4661Z;Commerce de gros (commerce interentreprises) de matériel agricole;Femmes
2018;4661Z;Commerce de gros (commerce interentreprises) de matériel agricole;Hommes
2018;4662Z;Commerce de gros (commerce interentreprises) de machines-outils;Femmes
2018;4662Z;Commerce de gros (commerce interentreprises) de machines-outils;Hommes
2018;4663Z;Commerce de gros (commerce interentreprises) de machines pour l'extraction, la construction et le génie civil;Femmes
2018;4663Z;Commerce de gros (commerce interentreprises) de machines pour l'extraction, la construction et le génie civil;Hommes
2018;4664Z;Commerce de gros (commerce interentreprises) de machines pour l'industrie textile et l'habillement;Femmes
2018;4664Z;Commerce de gros (commerce interentreprises) de machines pour l'industrie textile et l'habillement;Hommes
2018;4665Z;Commerce de gros (commerce interentreprises) de mobilier de bureau;Femmes
2018;4665Z;Commerce de gros (commerce interentreprises) de mobilier de bureau;Hommes
2018;4666Z;Commerce de gros (commerce interentreprises) d'autres machines et équipements de bureau;Femmes
2018;4666Z;Commerce de gros (commerce interentreprises) d'autres machines et équipements de bureau;Hommes
2018;4669A;Commerce de gros (commerce interentreprises) de matériel électrique;Femmes
2018;4669A;Commerce de gros (commerce interentreprises) de matériel électrique;Hommes
2018;4669B;Commerce de gros (commerce interentreprises) de fournitures et équipements industriels divers;Femmes
2018;4669B;Commerce de gros (commerce interentreprises) de fournitures et équipements industriels divers;Hommes
2018;4669C;Commerce de gros (commerce interentreprises) de fournitures et équipements divers pour le commerce et les services;Femmes
2018;4669C;Commerce de gros (commerce interentreprises) de fournitures et équipements divers pour le commerce et les services;Hommes
2018;4671Z;Commerce de gros (commerce interentreprises) de combustibles et de produits annexes;Femmes
2018;4671Z;Commerce de gros (commerce interentreprises) de combustibles et de produits annexes;Hommes
2018;4672Z;Commerce de gros (commerce interentreprises) de minerais et métaux;Femmes
2018;4672Z;Commerce de gros (commerce interentreprises) de minerais et métaux;Hommes
2018;4673A;Commerce de gros (commerce interentreprises) de bois et de matériaux de construction;Femmes
2018;4673A;Commerce de gros (commerce interentreprises) de bois et de matériaux de construction;Hommes
2018;4673B;Commerce de gros (commerce interentreprises) d'appareils sanitaires et de produits de décoration;Femmes
2018;4673B;Commerce de gros (commerce interentreprises) d'appareils sanitaires et de produits de décoration;Hommes
2018;4674A;Commerce de gros (commerce interentreprises) de quincaillerie;Femmes
2018;4674A;Commerce de gros (commerce interentreprises) de quincaillerie;Hommes
2018;4674B;Commerce de gros (commerce interentreprises) de fournitures pour la plomberie et le chauffage;Femmes
2018;4674B;Commerce de gros (commerce interentreprises) de fournitures pour la plomberie et le chauffage;Hommes
2018;4675Z;Commerce de gros (commerce interentreprises) de produits chimiques;Femmes
2018;4675Z;Commerce de gros (commerce interentreprises) de produits chimiques;Hommes
2018;4676Z;Commerce de gros (commerce interentreprises) d'autres produits intermédiaires;Femmes
2018;4676Z;Commerce de gros (commerce interentreprises) d'autres produits intermédiaires;Hommes
2018;4677Z;Commerce de gros (commerce interentreprises) de déchets et débris;Femmes
2018;4677Z;Commerce de gros (commerce interentreprises) de déchets et débris;Hommes
2018;4690Z;Commerce de gros (commerce interentreprises) non spécialisé;Femmes
2018;4690Z;Commerce de gros (commerce interentreprises) non spécialisé;Hommes
2018;4711A;Commerce de détail de produits surgelés;Femmes
2018;4711A;Commerce de détail de produits surgelés;Hommes
2018;4711B;Commerce d'alimentation générale;Femmes
2018;4711B;Commerce d'alimentation générale;Hommes
2018;4711C;Supérettes;Femmes
2018;4711C;Supérettes;Hommes
2018;4711D;Supermarchés;Femmes
2018;4711D;Supermarchés;Hommes
2018;4711E;Magasins multi-commerces;Femmes
2018;4711E;Magasins multi-commerces;Hommes
2018;4711F;Hypermarchés;Femmes
2018;4711F;Hypermarchés;Hommes
2018;4719A;Grands magasins;Femmes
2018;4719A;Grands magasins;Hommes
2018;4719B;Autres commerces de détail en magasin non spécialisé;Femmes
2018;4719B;Autres commerces de détail en magasin non spécialisé;Hommes
2018;4721Z;Commerce de détail de fruits et légumes en magasin spécialisé;Femmes
2018;4721Z;Commerce de détail de fruits et légumes en magasin spécialisé;Hommes
2018;4722Z;Commerce de détail de viandes et de produits à base de viande en magasin spécialisé;Femmes
2018;4722Z;Commerce de détail de viandes et de produits à base de viande en magasin spécialisé;Hommes
2018;4723Z;Commerce de détail de poissons, crustacés et mollusques en magasin spécialisé;Femmes
2018;4723Z;Commerce de détail de poissons, crustacés et mollusques en magasin spécialisé;Hommes
2018;4724Z;Commerce de détail de pain, pâtisserie et confiserie en magasin spécialisé;Femmes
2018;4724Z;Commerce de détail de pain, pâtisserie et confiserie en magasin spécialisé;Hommes
2018;4725Z;Commerce de détail de boissons en magasin spécialisé;Femmes
2018;4725Z;Commerce de détail de boissons en magasin spécialisé;Hommes
2018;4726Z;Commerce de détail de produits à base de tabac en magasin spécialisé;Femmes
2018;4726Z;Commerce de détail de produits à base de tabac en magasin spécialisé;Hommes
2018;4729Z;Autres commerces de détail alimentaires en magasin spécialisé;Femmes
2018;4729Z;Autres commerces de détail alimentaires en magasin spécialisé;Hommes
2018;4730Z;Commerce de détail de carburants en magasin spécialisé;Femmes
2018;4730Z;Commerce de détail de carburants en magasin spécialisé;Hommes
2018;4741Z;Commerce de détail d'ordinateurs, d'unités périphériques et de logiciels en magasin spécialisé;Femmes
2018;4741Z;Commerce de détail d'ordinateurs, d'unités périphériques et de logiciels en magasin spécialisé;Hommes
2018;4742Z;Commerce de détail de matériels de télécommunication en magasin spécialisé;Femmes
2018;4742Z;Commerce de détail de matériels de télécommunication en magasin spécialisé;Hommes
2018;4743Z;Commerce de détail de matériels audio et vidéo en magasin spécialisé;Femmes
2018;4743Z;Commerce de détail de matériels audio et vidéo en magasin spécialisé;Hommes
2018;4751Z;Commerce de détail de textiles en magasin spécialisé;Femmes
2018;4751Z;Commerce de détail de textiles en magasin spécialisé;Hommes
2018;4752A;Commerce de détail de quincaillerie, peintures et verres en petites surfaces (moins de 400 m²);Femmes
2018;4752A;Commerce de détail de quincaillerie, peintures et verres en petites surfaces (moins de 400 m²);Hommes
2018;4752B;Commerce de détail de quincaillerie, peintures et verres en grandes surfaces (400 m² et plus);Femmes
2018;4752B;Commerce de détail de quincaillerie, peintures et verres en grandes surfaces (400 m² et plus);Hommes
2018;4753Z;Commerce de détail de tapis, moquettes et revêtements de murs et de sols en magasin spécialisé;Femmes
2018;4753Z;Commerce de détail de tapis, moquettes et revêtements de murs et de sols en magasin spécialisé;Hommes
2018;4754Z;Commerce de détail d'appareils électroménagers en magasin spécialisé;Femmes
2018;4754Z;Commerce de détail d'appareils électroménagers en magasin spécialisé;Hommes
2018;4759A;Commerce de détail de meubles;Femmes
2018;4759A;Commerce de détail de meubles;Hommes
2018;4759B;Commerce de détail d'autres équipements du foyer;Femmes
2018;4759B;Commerce de détail d'autres équipements du foyer;Hommes
2018;4761Z;Commerce de détail de livres en magasin spécialisé;Femmes
2018;4761Z;Commerce de détail de livres en magasin spécialisé;Hommes
2018;4762Z;Commerce de détail de journaux et papeterie en magasin spécialisé;Femmes
2018;4762Z;Commerce de détail de journaux et papeterie en magasin spécialisé;Hommes
2018;4763Z;Commerce de détail d'enregistrements musicaux et vidéo en magasin spécialisé;Femmes
2018;4763Z;Commerce de détail d'enregistrements musicaux et vidéo en magasin spécialisé;Hommes
2018;4764Z;Commerce de détail d'articles de sport en magasin spécialisé;Femmes
2018;4764Z;Commerce de détail d'articles de sport en magasin spécialisé;Hommes
2018;4765Z;Commerce de détail de jeux et jouets en magasin spécialisé;Femmes
2018;4765Z;Commerce de détail de jeux et jouets en magasin spécialisé;Hommes
2018;4771Z;Commerce de détail d'habillement en magasin spécialisé;Femmes
2018;4771Z;Commerce de détail d'habillement en magasin spécialisé;Hommes
2018;4772A;Commerce de détail de la chaussure;Femmes
2018;4772A;Commerce de détail de la chaussure;Hommes
2018;4772B;Commerce de détail de maroquinerie et d'articles de voyage;Femmes
2018;4772B;Commerce de détail de maroquinerie et d'articles de voyage;Hommes
2018;4773Z;Commerce de détail de produits pharmaceutiques en magasin spécialisé;Femmes
2018;4773Z;Commerce de détail de produits pharmaceutiques en magasin spécialisé;Hommes
2018;4774Z;Commerce de détail d'articles médicaux et orthopédiques en magasin spécialisé;Femmes
2018;4774Z;Commerce de détail d'articles médicaux et orthopédiques en magasin spécialisé;Hommes
2018;4775Z;Commerce de détail de parfumerie et de produits de beauté en magasin spécialisé;Femmes
2018;4775Z;Commerce de détail de parfumerie et de produits de beauté en magasin spécialisé;Hommes
2018;4776Z;Commerce de détail de fleurs, plantes, graines, engrais, animaux de compagnie et aliments pour ces animaux en magasin spécialisé;Femmes
2018;4776Z;Commerce de détail de fleurs, plantes, graines, engrais, animaux de compagnie et aliments pour ces animaux en magasin spécialisé;Hommes
2018;4777Z;Commerce de détail d'articles d'horlogerie et de bijouterie en magasin spécialisé;Femmes
2018;4777Z;Commerce de détail d'articles d'horlogerie et de bijouterie en magasin spécialisé;Hommes
2018;4778A;Commerces de détail d'optique;Femmes
2018;4778A;Commerces de détail d'optique;Hommes
2018;4778B;Commerces de détail de charbons et combustibles;Femmes
2018;4778B;Commerces de détail de charbons et combustibles;Hommes
2018;4778C;Autres commerces de détail spécialisés divers;Femmes
2018;4778C;Autres commerces de détail spécialisés divers;Hommes
2018;4779Z;Commerce de détail de biens d'occasion en magasin;Femmes
2018;4779Z;Commerce de détail de biens d'occasion en magasin;Hommes
2018;4781Z;Commerce de détail alimentaire sur éventaires et marchés;Femmes
2018;4781Z;Commerce de détail alimentaire sur éventaires et marchés;Hommes
2018;4782Z;Commerce de détail de textiles, d'habillement et de chaussures sur éventaires et marchés;Femmes
2018;4782Z;Commerce de détail de textiles, d'habillement et de chaussures sur éventaires et marchés;Hommes
2018;4789Z;Autres commerces de détail sur éventaires et marchés;Femmes
2018;4789Z;Autres commerces de détail sur éventaires et marchés;Hommes
2018;4791A;Vente à distance sur catalogue général;Femmes
2018;4791A;Vente à distance sur catalogue général;Hommes
2018;4791B;Vente à distance sur catalogue spécialisé;Femmes
2018;4791B;Vente à distance sur catalogue spécialisé;Hommes
2018;4799A;Vente à domicile;Femmes
2018;4799A;Vente à domicile;Hommes
2018;4799B;Vente par automates et autres commerces de détail hors magasin, éventaires ou marchés n.c.a.;Femmes
2018;4799B;Vente par automates et autres commerces de détail hors magasin, éventaires ou marchés n.c.a.;Hommes
2018;4910Z;Transport ferroviaire interurbain de voyageurs;Femmes
2018;4910Z;Transport ferroviaire interurbain de voyageurs;Hommes
2018;4920Z;Transports ferroviaires de fret;Femmes
2018;4920Z;Transports ferroviaires de fret;Hommes
2018;4931Z;Transports urbains et suburbains de voyageurs;Femmes
2018;4931Z;Transports urbains et suburbains de voyageurs;Hommes
2018;4932Z;Transports de voyageurs par taxis;Femmes
2018;4932Z;Transports de voyageurs par taxis;Hommes
2018;4939A;Transports routiers réguliers de voyageurs;Femmes
2018;4939A;Transports routiers réguliers de voyageurs;Hommes
2018;4939B;Autres transports routiers de voyageurs;Femmes
2018;4939B;Autres transports routiers de voyageurs;Hommes
2018;4939C;Téléphériques et remontées mécaniques;Femmes
2018;4939C;Téléphériques et remontées mécaniques;Hommes
2018;4941A;Transports routiers de fret interurbains;Femmes
2018;4941A;Transports routiers de fret interurbains;Hommes
2018;4941B;Transports routiers de fret de proximité;Femmes
2018;4941B;Transports routiers de fret de proximité;Hommes
2018;4941C;Location de camions avec chauffeur;Femmes
2018;4941C;Location de camions avec chauffeur;Hommes
2018;4942Z;Services de déménagement;Femmes
2018;4942Z;Services de déménagement;Hommes
2018;4950Z;Transports par conduites;Femmes
2018;4950Z;Transports par conduites;Hommes
2018;5010Z;Transports maritimes et côtiers de passagers;Femmes
2018;5010Z;Transports maritimes et côtiers de passagers;Hommes
2018;5020Z;Transports maritimes et côtiers de fret;Femmes
2018;5020Z;Transports maritimes et côtiers de fret;Hommes
2018;5030Z;Transports fluviaux de passagers;Femmes
2018;5030Z;Transports fluviaux de passagers;Hommes
2018;5040Z;Transports fluviaux de fret;Femmes
2018;5040Z;Transports fluviaux de fret;Hommes
2018;5110Z;Transports aériens de passagers;Femmes
2018;5110Z;Transports aériens de passagers;Hommes
2018;5121Z;Transports aériens de fret;Femmes
2018;5121Z;Transports aériens de fret;Hommes
2018;5122Z;Transports spatiaux;Femmes
2018;5122Z;Transports spatiaux;Hommes
2018;5210A;Entreposage et stockage frigorifique;Femmes
2018;5210A;Entreposage et stockage frigorifique;Hommes
2018;5210B;Entreposage et stockage non frigorifique;Femmes
2018;5210B;Entreposage et stockage non frigorifique;Hommes
2018;5221Z;Services auxiliaires des transports terrestres;Femmes
2018;5221Z;Services auxiliaires des transports terrestres;Hommes
2018;5222Z;Services auxiliaires des transports par eau;Femmes
2018;5222Z;Services auxiliaires des transports par eau;Hommes
2018;5223Z;Services auxiliaires des transports aériens;Femmes
2018;5223Z;Services auxiliaires des transports aériens;Hommes
2018;5224A;Manutention portuaire;Femmes
2018;5224A;Manutention portuaire;Hommes
2018;5224B;Manutention non portuaire;Femmes
2018;5224B;Manutention non portuaire;Hommes
2018;5229A;Messagerie, fret express;Femmes
2018;5229A;Messagerie, fret express;Hommes
2018;5229B;Affrètement et organisation des transports;Femmes
2018;5229B;Affrètement et organisation des transports;Hommes
2018;5310Z;Activités de poste dans le cadre d'une obligation de service universel;Femmes
2018;5310Z;Activités de poste dans le cadre d'une obligation de service universel;Hommes
2018;5320Z;Autres activités de poste et de courrier;Femmes
2018;5320Z;Autres activités de poste et de courrier;Hommes
2018;5510Z;Hôtels et hébergement similaire;Femmes
2018;5510Z;Hôtels et hébergement similaire;Hommes
2018;5520Z;Hébergement touristique et autre hébergement de courte durée;Femmes
2018;5520Z;Hébergement touristique et autre hébergement de courte durée;Hommes
2018;5530Z;Terrains de camping et parcs pour caravanes ou véhicules de loisirs;Femmes
2018;5530Z;Terrains de camping et parcs pour caravanes ou véhicules de loisirs;Hommes
2018;5590Z;Autres hébergements;Femmes
2018;5590Z;Autres hébergements;Hommes
2018;5610A;Restauration traditionnelle;Femmes
2018;5610A;Restauration traditionnelle;Hommes
2018;5610B;Cafétérias et autres libres-services;Femmes
2018;5610B;Cafétérias et autres libres-services;Hommes
2018;5610C;Restauration de type rapide;Femmes
2018;5610C;Restauration de type rapide;Hommes
2018;5621Z;Services des traiteurs;Femmes
2018;5621Z;Services des traiteurs;Hommes
2018;5629A;Restauration collective sous contrat;Femmes
2018;5629A;Restauration collective sous contrat;Hommes
2018;5629B;Autres services de restauration n.c.a.;Femmes
2018;5629B;Autres services de restauration n.c.a.;Hommes
2018;5630Z;Débits de boissons;Femmes
2018;5630Z;Débits de boissons;Hommes
2018;5811Z;Édition de livres;Femmes
2018;5811Z;Édition de livres;Hommes
2018;5812Z;Édition de répertoires et de fichiers d'adresses;Femmes
2018;5812Z;Édition de répertoires et de fichiers d'adresses;Hommes
2018;5813Z;Édition de journaux;Femmes
2018;5813Z;Édition de journaux;Hommes
2018;5814Z;Édition de revues et périodiques;Femmes
2018;5814Z;Édition de revues et périodiques;Hommes
2018;5819Z;Autres activités d'édition;Femmes
2018;5819Z;Autres activités d'édition;Hommes
2018;5821Z;Édition de jeux électroniques;Femmes
2018;5821Z;Édition de jeux électroniques;Hommes
2018;5829A;Édition de logiciels système et de réseau;Femmes
2018;5829A;Édition de logiciels système et de réseau;Hommes
2018;5829B;Édition de logiciels outils de développement et de langages;Femmes
2018;5829B;Édition de logiciels outils de développement et de langages;Hommes
2018;5829C;Édition de logiciels applicatifs;Femmes
2018;5829C;Édition de logiciels applicatifs;Hommes
2018;5911A;Production de films et de programmes pour la télévision;Femmes
2018;5911A;Production de films et de programmes pour la télévision;Hommes
2018;5911B;Production de films institutionnels et publicitaires;Femmes
2018;5911B;Production de films institutionnels et publicitaires;Hommes
2018;5911C;Production de films pour le cinéma;Femmes
2018;5911C;Production de films pour le cinéma;Hommes
2018;5912Z;Post-production de films cinématographiques, de vidéo et de programmes de télévision;Femmes
2018;5912Z;Post-production de films cinématographiques, de vidéo et de programmes de télévision;Hommes
2018;5913A;Distribution de films cinématographiques;Femmes
2018;5913A;Distribution de films cinématographiques;Hommes
2018;5913B;Édition et distribution vidéo;Femmes
2018;5913B;Édition et distribution vidéo;Hommes
2018;5914Z;Projection de films cinématographiques;Femmes
2018;5914Z;Projection de films cinématographiques;Hommes
2018;5920Z;Enregistrement sonore et édition musicale;Femmes
2018;5920Z;Enregistrement sonore et édition musicale;Hommes
2018;6010Z;Édition et diffusion de programmes radio;Femmes
2018;6010Z;Édition et diffusion de programmes radio;Hommes
2018;6020A;Édition de chaînes généralistes;Femmes
2018;6020A;Édition de chaînes généralistes;Hommes
2018;6020B;Édition de chaînes thématiques;Femmes
2018;6020B;Édition de chaînes thématiques;Hommes
2018;6110Z;Télécommunications filaires;Femmes
2018;6110Z;Télécommunications filaires;Hommes
2018;6120Z;Télécommunications sans fil;Femmes
2018;6120Z;Télécommunications sans fil;Hommes
2018;6130Z;Télécommunications par satellite;Femmes
2018;6130Z;Télécommunications par satellite;Hommes
2018;6190Z;Autres activités de télécommunication;Femmes
2018;6190Z;Autres activités de télécommunication;Hommes
2018;6201Z;Programmation informatique;Femmes
2018;6201Z;Programmation informatique;Hommes
2018;6202A;Conseil en systèmes et logiciels informatiques;Femmes
2018;6202A;Conseil en systèmes et logiciels informatiques;Hommes
2018;6202B;Tierce maintenance de systèmes et d'applications informatiques;Femmes
2018;6202B;Tierce maintenance de systèmes et d'applications informatiques;Hommes
2018;6203Z;Gestion d'installations informatiques;Femmes
2018;6203Z;Gestion d'installations informatiques;Hommes
2018;6209Z;Autres activités informatiques;Femmes
2018;6209Z;Autres activités informatiques;Hommes
2018;6311Z;Traitement de données, hébergement et activités connexes;Femmes
2018;6311Z;Traitement de données, hébergement et activités connexes;Hommes
2018;6312Z;Portails Internet;Femmes
2018;6312Z;Portails Internet;Hommes
2018;6391Z;Activités des agences de presse;Femmes
2018;6391Z;Activités des agences de presse;Hommes
2018;6399Z;Autres services d'information n.c.a.;Femmes
2018;6399Z;Autres services d'information n.c.a.;Hommes
2018;6411Z;Activités de banque centrale;Femmes
2018;6411Z;Activités de banque centrale;Hommes
2018;6419Z;Autres intermédiations monétaires;Femmes
2018;6419Z;Autres intermédiations monétaires;Hommes
2018;6420Z;Activités des sociétés holding;Femmes
2018;6420Z;Activités des sociétés holding;Hommes
2018;6430Z;Fonds de placement et entités financières similaires;Femmes
2018;6430Z;Fonds de placement et entités financières similaires;Hommes
2018;6491Z;Crédit-bail;Femmes
2018;6491Z;Crédit-bail;Hommes
2018;6492Z;Autre distribution de crédit;Femmes
2018;6492Z;Autre distribution de crédit;Hommes
2018;6499Z;Autres activités des services financiers, hors assurance et caisses de retraite, n.c.a.;Femmes
2018;6499Z;Autres activités des services financiers, hors assurance et caisses de retraite, n.c.a.;Hommes
2018;6511Z;Assurance vie;Femmes
2018;6511Z;Assurance vie;Hommes
2018;6512Z;Autres assurances;Femmes
2018;6512Z;Autres assurances;Hommes
2018;6520Z;Réassurance;Femmes
2018;6520Z;Réassurance;Hommes
2018;6530Z;Caisses de retraite;Femmes
2018;6530Z;Caisses de retraite;Hommes
2018;6611Z;Administration de marchés financiers;Femmes
2018;6611Z;Administration de marchés financiers;Hommes
2018;6612Z;Courtage de valeurs mobilières et de marchandises;Femmes
2018;6612Z;Courtage de valeurs mobilières et de marchandises;Hommes
2018;6619A;Supports juridiques de gestion de patrimoine mobilier;Femmes
2018;6619A;Supports juridiques de gestion de patrimoine mobilier;Hommes
2018;6619B;Autres activités auxiliaires de services financiers, hors assurance et caisses de retraite, n.c.a.;Femmes
2018;6619B;Autres activités auxiliaires de services financiers, hors assurance et caisses de retraite, n.c.a.;Hommes
2018;6621Z;Évaluation des risques et dommages;Femmes
2018;6621Z;Évaluation des risques et dommages;Hommes
2018;6622Z;Activités des agents et courtiers d'assurances;Femmes
2018;6622Z;Activités des agents et courtiers d'assurances;Hommes
2018;6629Z;Autres activités auxiliaires d'assurance et de caisses de retraite;Femmes
2018;6629Z;Autres activités auxiliaires d'assurance et de caisses de retraite;Hommes
2018;6630Z;Gestion de fonds;Femmes
2018;6630Z;Gestion de fonds;Hommes
2018;6810Z;Activités des marchands de biens immobiliers;Femmes
2018;6810Z;Activités des marchands de biens immobiliers;Hommes
2018;6820A;Location de logements;Femmes
2018;6820A;Location de logements;Hommes
2018;6820B;Location de terrains et d'autres biens immobiliers;Femmes
2018;6820B;Location de terrains et d'autres biens immobiliers;Hommes
2018;6831Z;Agences immobilières;Femmes
2018;6831Z;Agences immobilières;Hommes
2018;6832A;Administration d'immeubles et autres biens immobiliers;Femmes
2018;6832A;Administration d'immeubles et autres biens immobiliers;Hommes
2018;6832B;Supports juridiques de gestion de patrimoine immobilier;Femmes
2018;6832B;Supports juridiques de gestion de patrimoine immobilier;Hommes
2018;6910Z;Activités juridiques;Femmes
2018;6910Z;Activités juridiques;Hommes
2018;6920Z;Activités comptables;Femmes
2018;6920Z;Activités comptables;Hommes
2018;7010Z;Activités des sièges sociaux;Femmes
2018;7010Z;Activités des sièges sociaux;Hommes
2018;7021Z;Conseil en relations publiques et communication;Femmes
2018;7021Z;Conseil en relations publiques et communication;Hommes
2018;7022Z;Conseil pour les affaires et autres conseils de gestion;Femmes
2018;7022Z;Conseil pour les affaires et autres conseils de gestion;Hommes
2018;7111Z;Activités d'architecture;Femmes
2018;7111Z;Activités d'architecture;Hommes
2018;7112A;Activité des géomètres;Femmes
2018;7112A;Activité des géomètres;Hommes
2018;7112B;Ingénierie, études techniques;Femmes
2018;7112B;Ingénierie, études techniques;Hommes
2018;7120A;Contrôle technique automobile;Femmes
2018;7120A;Contrôle technique automobile;Hommes
2018;7120B;Analyses, essais et inspections techniques;Femmes
2018;7120B;Analyses, essais et inspections techniques;Hommes
2018;7211Z;Recherche-développement en biotechnologie;Femmes
2018;7211Z;Recherche-développement en biotechnologie;Hommes
2018;7219Z;Recherche-développement en autres sciences physiques et naturelles;Femmes
2018;7219Z;Recherche-développement en autres sciences physiques et naturelles;Hommes
2018;7220Z;Recherche-développement en sciences humaines et sociales;Femmes
2018;7220Z;Recherche-développement en sciences humaines et sociales;Hommes
2018;7311Z;Activités des agences de publicité;Femmes
2018;7311Z;Activités des agences de publicité;Hommes
2018;7312Z;Régie publicitaire de médias;Femmes
2018;7312Z;Régie publicitaire de médias;Hommes
2018;7320Z;Études de marché et sondages;Femmes
2018;7320Z;Études de marché et sondages;Hommes
2018;7410Z;Activités spécialisées de design;Femmes
2018;7410Z;Activités spécialisées de design;Hommes
2018;7420Z;Activités photographiques;Femmes
2018;7420Z;Activités photographiques;Hommes
2018;7430Z;Traduction et interprétation;Femmes
2018;7430Z;Traduction et interprétation;Hommes
2018;7490A;Activité des économistes de la construction;Femmes
2018;7490A;Activité des économistes de la construction;Hommes
2018;7490B;Activités spécialisées, scientifiques et techniques diverses;Femmes
2018;7490B;Activités spécialisées, scientifiques et techniques diverses;Hommes
2018;7500Z;Activités vétérinaires;Femmes
2018;7500Z;Activités vétérinaires;Hommes
2018;7711A;Location de courte durée de voitures et de véhicules automobiles légers;Femmes
2018;7711A;Location de courte durée de voitures et de véhicules automobiles légers;Hommes
2018;7711B;Location de longue durée de voitures et de véhicules automobiles légers;Femmes
2018;7711B;Location de longue durée de voitures et de véhicules automobiles légers;Hommes
2018;7712Z;Location et location-bail de camions;Femmes
2018;7712Z;Location et location-bail de camions;Hommes
2018;7721Z;Location et location-bail d'articles de loisirs et de sport;Femmes
2018;7721Z;Location et location-bail d'articles de loisirs et de sport;Hommes
2018;7722Z;Location de vidéocassettes et disques vidéo;Femmes
2018;7722Z;Location de vidéocassettes et disques vidéo;Hommes
2018;7729Z;Location et location-bail d'autres biens personnels et domestiques;Femmes
2018;7729Z;Location et location-bail d'autres biens personnels et domestiques;Hommes
2018;7731Z;Location et location-bail de machines et équipements agricoles;Femmes
2018;7731Z;Location et location-bail de machines et équipements agricoles;Hommes
2018;7732Z;Location et location-bail de machines et équipements pour la construction;Femmes
2018;7732Z;Location et location-bail de machines et équipements pour la construction;Hommes
2018;7733Z;Location et location-bail de machines de bureau et de matériel informatique;Femmes
2018;7733Z;Location et location-bail de machines de bureau et de matériel informatique;Hommes
2018;7734Z;Location et location-bail de matériels de transport par eau;Femmes
2018;7734Z;Location et location-bail de matériels de transport par eau;Hommes
2018;7735Z;Location et location-bail de matériels de transport aérien;Femmes
2018;7735Z;Location et location-bail de matériels de transport aérien;Hommes
2018;7739Z;Location et location-bail d'autres machines, équipements et biens matériels n.c.a.;Femmes
2018;7739Z;Location et location-bail d'autres machines, équipements et biens matériels n.c.a.;Hommes
2018;7740Z;Location-bail de propriété intellectuelle et de produits similaires, à l'exception des œuvres soumises à copyright;Femmes
2018;7740Z;Location-bail de propriété intellectuelle et de produits similaires, à l'exception des œuvres soumises à copyright;Hommes
2018;7810Z;Activités des agences de placement de main-d'œuvre;Femmes
2018;7810Z;Activités des agences de placement de main-d'œuvre;Hommes
2018;7820Z;Activités des agences de travail temporaire;Femmes
2018;7820Z;Activités des agences de travail temporaire;Hommes
2018;7830Z;Autre mise à disposition de ressources humaines;Femmes
2018;7830Z;Autre mise à disposition de ressources humaines;Hommes
2018;7911Z;Activités des agences de voyage;Femmes
2018;7911Z;Activités des agences de voyage;Hommes
2018;7912Z;Activités des voyagistes;Femmes
2018;7912Z;Activités des voyagistes;Hommes
2018;7990Z;Autres services de réservation et activités connexes;Femmes
2018;7990Z;Autres services de réservation et activités connexes;Hommes
2018;8010Z;Activités de sécurité privée;Femmes
2018;8010Z;Activités de sécurité privée;Hommes
2018;8020Z;Activités liées aux systèmes de sécurité;Femmes
2018;8020Z;Activités liées aux systèmes de sécurité;Hommes
2018;8030Z;Activités d'enquête;Femmes
2018;8030Z;Activités d'enquête;Hommes
2018;8110Z;Activités combinées de soutien lié aux bâtiments;Femmes
2018;8110Z;Activités combinées de soutien lié aux bâtiments;Hommes
2018;8121Z;Nettoyage courant des bâtiments;Femmes
2018;8121Z;Nettoyage courant des bâtiments;Hommes
2018;8122Z;Autres activités de nettoyage des bâtiments et nettoyage industriel;Femmes
2018;8122Z;Autres activités de nettoyage des bâtiments et nettoyage industriel;Hommes
2018;8129A;Désinfection, désinsectisation, dératisation;Femmes
2018;8129A;Désinfection, désinsectisation, dératisation;Hommes
2018;8129B;Autres activités de nettoyage n.c.a.;Femmes
2018;8129B;Autres activités de nettoyage n.c.a.;Hommes
2018;8130Z;Services d'aménagement paysager;Femmes
2018;8130Z;Services d'aménagement paysager;Hommes
2018;8211Z;Services administratifs combinés de bureau;Femmes
2018;8211Z;Services administratifs combinés de bureau;Hommes
2018;8219Z;Photocopie, préparation de documents et autres activités spécialisées de soutien de bureau;Femmes
2018;8219Z;Photocopie, préparation de documents et autres activités spécialisées de soutien de bureau;Hommes
2018;8220Z;Activités de centres d'appels;Femmes
2018;8220Z;Activités de centres d'appels;Hommes
2018;8230Z;Organisation de foires, salons professionnels et congrès;Femmes
2018;8230Z;Organisation de foires, salons professionnels et congrès;Hommes
2018;8291Z;Activités des agences de recouvrement de factures et des sociétés d'information financière sur la clientèle;Femmes
2018;8291Z;Activités des agences de recouvrement de factures et des sociétés d'information financière sur la clientèle;Hommes
2018;8292Z;Activités de conditionnement;Femmes
2018;8292Z;Activités de conditionnement;Hommes
2018;8299Z;Autres activités de soutien aux entreprises n.c.a.;Femmes
2018;8299Z;Autres activités de soutien aux entreprises n.c.a.;Hommes
2018;8411Z;Administration publique générale;Femmes
2018;8411Z;Administration publique générale;Hommes
2018;8412Z;Administration publique (tutelle) de la santé, de la formation, de la culture et des services sociaux, autre que sécurité sociale;Femmes
2018;8412Z;Administration publique (tutelle) de la santé, de la formation, de la culture et des services sociaux, autre que sécurité sociale;Hommes
2018;8413Z;Administration publique (tutelle) des activités économiques;Femmes
2018;8413Z;Administration publique (tutelle) des activités économiques;Hommes
2018;8421Z;Affaires étrangères;Femmes
2018;8421Z;Affaires étrangères;Hommes
2018;8422Z;Défense;Femmes
2018;8422Z;Défense;Hommes
2018;8423Z;Justice;Femmes
2018;8423Z;Justice;Hommes
2018;8424Z;Activités d'ordre public et de sécurité;Femmes
2018;8424Z;Activités d'ordre public et de sécurité;Hommes
2018;8425Z;Services du feu et de secours;Femmes
2018;8425Z;Services du feu et de secours;Hommes
2018;8430A;Activités générales de sécurité sociale;Femmes
2018;8430A;Activités générales de sécurité sociale;Hommes
2018;8430B;Gestion des retraites complémentaires;Femmes
2018;8430B;Gestion des retraites complémentaires;Hommes
2018;8430C;Distribution sociale de revenus;Femmes
2018;8430C;Distribution sociale de revenus;Hommes
2018;8510Z;Enseignement pré-primaire;Femmes
2018;8510Z;Enseignement pré-primaire;Hommes
2018;8520Z;Enseignement primaire;Femmes
2018;8520Z;Enseignement primaire;Hommes
2018;8531Z;Enseignement secondaire général;Femmes
2018;8531Z;Enseignement secondaire général;Hommes
2018;8532Z;Enseignement secondaire technique ou professionnel;Femmes
2018;8532Z;Enseignement secondaire technique ou professionnel;Hommes
2018;8541Z;Enseignement post-secondaire non supérieur;Femmes
2018;8541Z;Enseignement post-secondaire non supérieur;Hommes
2018;8542Z;Enseignement supérieur;Femmes
2018;8542Z;Enseignement supérieur;Hommes
2018;8551Z;Enseignement de disciplines sportives et d'activités de loisirs;Femmes
2018;8551Z;Enseignement de disciplines sportives et d'activités de loisirs;Hommes
2018;8552Z;Enseignement culturel;Femmes
2018;8552Z;Enseignement culturel;Hommes
2018;8553Z;Enseignement de la conduite;Femmes
2018;8553Z;Enseignement de la conduite;Hommes
2018;8559A;Formation continue d'adultes;Femmes
2018;8559A;Formation continue d'adultes;Hommes
2018;8559B;Autres enseignements;Femmes
2018;8559B;Autres enseignements;Hommes
2018;8560Z;Activités de soutien à l'enseignement;Femmes
2018;8560Z;Activités de soutien à l'enseignement;Hommes
2018;8610Z;Activités hospitalières;Femmes
2018;8610Z;Activités hospitalières;Hommes
2018;8621Z;Activité des médecins généralistes;Femmes
2018;8621Z;Activité des médecins généralistes;Hommes
2018;8622A;Activités de radiodiagnostic et de radiothérapie;Femmes
2018;8622A;Activités de radiodiagnostic et de radiothérapie;Hommes
2018;8622B;Activités chirurgicales;Femmes
2018;8622B;Activités chirurgicales;Hommes
2018;8622C;Autres activités des médecins spécialistes;Femmes
2018;8622C;Autres activités des médecins spécialistes;Hommes
2018;8623Z;Pratique dentaire;Femmes
2018;8623Z;Pratique dentaire;Hommes
2018;8690A;Ambulances;Femmes
2018;8690A;Ambulances;Hommes
2018;8690B;Laboratoires d'analyses médicales;Femmes
2018;8690B;Laboratoires d'analyses médicales;Hommes
2018;8690C;Centres de collecte et banques d'organes;Femmes
2018;8690C;Centres de collecte et banques d'organes;Hommes
2018;8690D;Activités des infirmiers et des sages-femmes;Femmes
2018;8690D;Activités des infirmiers et des sages-femmes;Hommes
2018;8690E;Activités des professionnels de la rééducation, de l'appareillage et des pédicures-podologues;Femmes
2018;8690E;Activités des professionnels de la rééducation, de l'appareillage et des pédicures-podologues;Hommes
2018;8690F;Activités de santé humaine non classées ailleurs;Femmes
2018;8690F;Activités de santé humaine non classées ailleurs;Hommes
2018;8710A;Hébergement médicalisé pour personnes âgées;Femmes
2018;8710A;Hébergement médicalisé pour personnes âgées;Hommes
2018;8710B;Hébergement médicalisé pour enfants handicapés;Femmes
2018;8710B;Hébergement médicalisé pour enfants handicapés;Hommes
2018;8710C;Hébergement médicalisé pour adultes handicapés et autre hébergement médicalisé;Femmes
2018;8710C;Hébergement médicalisé pour adultes handicapés et autre hébergement médicalisé;Hommes
2018;8720A;Hébergement social pour handicapés mentaux et malades mentaux;Femmes
2018;8720A;Hébergement social pour handicapés mentaux et malades mentaux;Hommes
2018;8720B;Hébergement social pour toxicomanes;Femmes
2018;8720B;Hébergement social pour toxicomanes;Hommes
2018;8730A;Hébergement social pour personnes âgées;Femmes
2018;8730A;Hébergement social pour personnes âgées;Hommes
2018;8730B;Hébergement social pour handicapés physiques;Femmes
2018;8730B;Hébergement social pour handicapés physiques;Hommes
2018;8790A;Hébergement social pour enfants en difficultés;Femmes
2018;8790A;Hébergement social pour enfants en difficultés;Hommes
2018;8790B;Hébergement social pour adultes et familles en difficultés et autre hébergement social;Femmes
2018;8790B;Hébergement social pour adultes et familles en difficultés et autre hébergement social;Hommes
2018;8810A;Aide à domicile;Femmes
2018;8810A;Aide à domicile;Hommes
2018;8810B;Accueil ou accompagnement sans hébergement d'adultes handicapés ou de personnes âgées;Femmes
2018;8810B;Accueil ou accompagnement sans hébergement d'adultes handicapés ou de personnes âgées;Hommes
2018;8810C;Aide par le travail;Femmes
2018;8810C;Aide par le travail;Hommes
2018;8891A;Accueil de jeunes enfants;Femmes
2018;8891A;Accueil de jeunes enfants;Hommes
2018;8891B;Accueil ou accompagnement sans hébergement d'enfants handicapés;Femmes
2018;8891B;Accueil ou accompagnement sans hébergement d'enfants handicapés;Hommes
2018;8899A;Autre accueil ou accompagnement sans hébergement d'enfants et d'adolescents;Femmes
2018;8899A;Autre accueil ou accompagnement sans hébergement d'enfants et d'adolescents;Hommes
2018;8899B;Action sociale sans hébergement n.c.a.;Femmes
2018;8899B;Action sociale sans hébergement n.c.a.;Hommes
2018;9001Z;Arts du spectacle vivant;Femmes
2018;9001Z;Arts du spectacle vivant;Hommes
2018;9002Z;Activités de soutien au spectacle vivant;Femmes
2018;9002Z;Activités de soutien au spectacle vivant;Hommes
2018;9003A;Création artistique relevant des arts plastiques;Femmes
2018;9003A;Création artistique relevant des arts plastiques;Hommes
2018;9003B;Autre création artistique;Femmes
2018;9003B;Autre création artistique;Hommes
2018;9004Z;Gestion de salles de spectacles;Femmes
2018;9004Z;Gestion de salles de spectacles;Hommes
2018;9101Z;Gestion des bibliothèques et des archives;Femmes
2018;9101Z;Gestion des bibliothèques et des archives;Hommes
2018;9102Z;Gestion des musées;Femmes
2018;9102Z;Gestion des musées;Hommes
2018;9103Z;Gestion des sites et monuments historiques et des attractions touristiques similaires;Femmes
2018;9103Z;Gestion des sites et monuments historiques et des attractions touristiques similaires;Hommes
2018;9104Z;Gestion des jardins botaniques et zoologiques et des réserves naturelles;Femmes
2018;9104Z;Gestion des jardins botaniques et zoologiques et des réserves naturelles;Hommes
2018;9200Z;Organisation de jeux de hasard et d'argent;Femmes
2018;9200Z;Organisation de jeux de hasard et d'argent;Hommes
2018;9311Z;Gestion d'installations sportives;Femmes
2018;9311Z;Gestion d'installations sportives;Hommes
2018;9312Z;Activités de clubs de sports;Femmes
2018;9312Z;Activités de clubs de sports;Hommes
2018;9313Z;Activités des centres de culture physique;Femmes
2018;9313Z;Activités des centres de culture physique;Hommes
2018;9319Z;Autres activités liées au sport;Femmes
2018;9319Z;Autres activités liées au sport;Hommes
2018;9321Z;Activités des parcs d'attractions et parcs à thèmes;Femmes
2018;9321Z;Activités des parcs d'attractions et parcs à thèmes;Hommes
2018;9329Z;Autres activités récréatives et de loisirs;Femmes
2018;9329Z;Autres activités récréatives et de loisirs;Hommes
2018;9411Z;Activités des organisations patronales et consulaires;Femmes
2018;9411Z;Activités des organisations patronales et consulaires;Hommes
2018;9412Z;Activités des organisations professionnelles;Femmes
2018;9412Z;Activités des organisations professionnelles;Hommes
2018;9420Z;Activités des syndicats de salariés;Femmes
2018;9420Z;Activités des syndicats de salariés;Hommes
2018;9491Z;Activités des organisations religieuses;Femmes
2018;9491Z;Activités des organisations religieuses;Hommes
2018;9492Z;Activités des organisations politiques;Femmes
2018;9492Z;Activités des organisations politiques;Hommes
2018;9499Z;Autres organisations fonctionnant par adhésion volontaire;Femmes
2018;9499Z;Autres organisations fonctionnant par adhésion volontaire;Hommes
2018;9511Z;Réparation d'ordinateurs et d'équipements périphériques;Femmes
2018;9511Z;Réparation d'ordinateurs et d'équipements périphériques;Hommes
2018;9512Z;Réparation d'équipements de communication;Femmes
2018;9512Z;Réparation d'équipements de communication;Hommes
2018;9521Z;Réparation de produits électroniques grand public;Femmes
2018;9521Z;Réparation de produits électroniques grand public;Hommes
2018;9522Z;Réparation d'appareils électroménagers et d'équipements pour la maison et le jardin;Femmes
2018;9522Z;Réparation d'appareils électroménagers et d'équipements pour la maison et le jardin;Hommes
2018;9523Z;Réparation de chaussures et d'articles en cuir;Femmes
2018;9523Z;Réparation de chaussures et d'articles en cuir;Hommes
2018;9524Z;Réparation de meubles et d'équipements du foyer;Femmes
2018;9524Z;Réparation de meubles et d'équipements du foyer;Hommes
2018;9525Z;Réparation d'articles d'horlogerie et de bijouterie;Femmes
2018;9525Z;Réparation d'articles d'horlogerie et de bijouterie;Hommes
2018;9529Z;Réparation d'autres biens personnels et domestiques;Femmes
2018;9529Z;Réparation d'autres biens personnels et domestiques;Hommes
2018;9601A;Blanchisserie-teinturerie de gros;Femmes
2018;9601A;Blanchisserie-teinturerie de gros;Hommes
2018;9601B;Blanchisserie-teinturerie de détail;Femmes
2018;9601B;Blanchisserie-teinturerie de détail;Hommes
2018;9602A;Coiffure;Femmes
2018;9602A;Coiffure;Hommes
2018;9602B;Soins de beauté;Femmes
2018;9602B;Soins de beauté;Hommes
2018;9603Z;Services funéraires;Femmes
2018;9603Z;Services funéraires;Hommes
2018;9604Z;Entretien corporel;Femmes
2018;9604Z;Entretien corporel;Hommes
2018;9609Z;Autres services personnels n.c.a.;Femmes
2018;9609Z;Autres services personnels n.c.a.;Hommes
2018;9700Z;Activités des ménages en tant qu'employeurs de personnel domestique;Femmes
2018;9700Z;Activités des ménages en tant qu'employeurs de personnel domestique;Hommes
2018;9810Z;Activités indifférenciées des ménages en tant que producteurs de biens pour usage propre;Femmes
2018;9810Z;Activités indifférenciées des ménages en tant que producteurs de biens pour usage propre;Hommes
2018;9820Z;Activités indifférenciées des ménages en tant que producteurs de services pour usage propre;Femmes
2018;9820Z;Activités indifférenciées des ménages en tant que producteurs de services pour usage propre;Hommes
2018;9900Z;Activités des organisations et organismes extraterritoriaux;Femmes
2018;9900Z;Activités des organisations et organismes extraterritoriaux;Hommes
2019;0111Z;Culture de céréales (à l'exception du riz), de légumineuses et de graines oléagineuses;Femmes
2019;0111Z;Culture de céréales (à l'exception du riz), de légumineuses et de graines oléagineuses;Hommes
2019;0112Z;Culture du riz;Femmes
2019;0112Z;Culture du riz;Hommes
2019;0113Z;Culture de légumes, de melons, de racines et de tubercules;Femmes
2019;0113Z;Culture de légumes, de melons, de racines et de tubercules;Hommes
2019;0114Z;Culture de la canne à sucre;Femmes
2019;0114Z;Culture de la canne à sucre;Hommes
2019;0115Z;Culture du tabac;Femmes
2019;0115Z;Culture du tabac;Hommes
2019;0116Z;Culture de plantes à fibres;Femmes
2019;0116Z;Culture de plantes à fibres;Hommes
2019;0119Z;Autres cultures non permanentes;Femmes
2019;0119Z;Autres cultures non permanentes;Hommes
2019;0121Z;Culture de la vigne;Femmes
2019;0121Z;Culture de la vigne;Hommes
2019;0122Z;Culture de fruits tropicaux et subtropicaux;Femmes
2019;0122Z;Culture de fruits tropicaux et subtropicaux;Hommes
2019;0123Z;Culture d'agrumes;Femmes
2019;0123Z;Culture d'agrumes;Hommes
2019;0124Z;Culture de fruits à pépins et à noyau;Femmes
2019;0124Z;Culture de fruits à pépins et à noyau;Hommes
2019;0125Z;Culture d'autres fruits d'arbres ou d'arbustes et de fruits à coque;Femmes
2019;0125Z;Culture d'autres fruits d'arbres ou d'arbustes et de fruits à coque;Hommes
2019;0126Z;Culture de fruits oléagineux;Femmes
2019;0126Z;Culture de fruits oléagineux;Hommes
2019;0127Z;Culture de plantes à boissons;Femmes
2019;0127Z;Culture de plantes à boissons;Hommes
2019;0128Z;Culture de plantes à épices, aromatiques, médicinales et pharmaceutiques;Femmes
2019;0128Z;Culture de plantes à épices, aromatiques, médicinales et pharmaceutiques;Hommes
2019;0129Z;Autres cultures permanentes;Femmes
2019;0129Z;Autres cultures permanentes;Hommes
2019;0130Z;Reproduction de plantes;Femmes
2019;0130Z;Reproduction de plantes;Hommes
2019;0141Z;Élevage de vaches laitières;Femmes
2019;0141Z;Élevage de vaches laitières;Hommes
2019;0142Z;Élevage d'autres bovins et de buffles;Femmes
2019;0142Z;Élevage d'autres bovins et de buffles;Hommes
2019;0143Z;Élevage de chevaux et d'autres équidés;Femmes
2019;0143Z;Élevage de chevaux et d'autres équidés;Hommes
2019;0144Z;Élevage de chameaux et d'autres camélidés;Femmes
2019;0144Z;Élevage de chameaux et d'autres camélidés;Hommes
2019;0145Z;Élevage d'ovins et de caprins;Femmes
2019;0145Z;Élevage d'ovins et de caprins;Hommes
2019;0146Z;Élevage de porcins;Femmes
2019;0146Z;Élevage de porcins;Hommes
2019;0147Z;Élevage de volailles;Femmes
2019;0147Z;Élevage de volailles;Hommes
2019;0149Z;Élevage d'autres animaux;Femmes
2019;0149Z;Élevage d'autres animaux;Hommes
2019;0150Z;Culture et élevage associés;Femmes
2019;0150Z;Culture et élevage associés;Hommes
2019;0161Z;Activités de soutien aux cultures;Femmes
2019;0161Z;Activités de soutien aux cultures;Hommes
2019;0162Z;Activités de soutien à la production animale;Femmes
2019;0162Z;Activités de soutien à la production animale;Hommes
2019;0163Z;Traitement primaire des récoltes;Femmes
2019;0163Z;Traitement primaire des récoltes;Hommes
2019;0164Z;Traitement des semences;Femmes
2019;0164Z;Traitement des semences;Hommes
2019;0170Z;Chasse, piégeage et services annexes;Femmes
2019;0170Z;Chasse, piégeage et services annexes;Hommes
2019;0210Z;Sylviculture et autres activités forestières;Femmes
2019;0210Z;Sylviculture et autres activités forestières;Hommes
2019;0220Z;Exploitation forestière;Femmes
2019;0220Z;Exploitation forestière;Hommes
2019;0230Z;Récolte de produits forestiers non ligneux poussant à l'état sauvage;Femmes
2019;0230Z;Récolte de produits forestiers non ligneux poussant à l'état sauvage;Hommes
2019;0240Z;Services de soutien à l'exploitation forestière;Femmes
2019;0240Z;Services de soutien à l'exploitation forestière;Hommes
2019;0311Z;Pêche en mer;Femmes
2019;0311Z;Pêche en mer;Hommes
2019;0312Z;Pêche en eau douce;Femmes
2019;0312Z;Pêche en eau douce;Hommes
2019;0321Z;Aquaculture en mer;Femmes
2019;0321Z;Aquaculture en mer;Hommes
2019;0322Z;Aquaculture en eau douce;Femmes
2019;0322Z;Aquaculture en eau douce;Hommes
2019;0510Z;Extraction de houille;Femmes
2019;0510Z;Extraction de houille;Hommes
2019;0520Z;Extraction de lignite;Femmes
2019;0520Z;Extraction de lignite;Hommes
2019;0610Z;Extraction de pétrole brut;Femmes
2019;0610Z;Extraction de pétrole brut;Hommes
2019;0620Z;Extraction de gaz naturel;Femmes
2019;0620Z;Extraction de gaz naturel;Hommes
2019;0710Z;Extraction de minerais de fer;Femmes
2019;0710Z;Extraction de minerais de fer;Hommes
2019;0721Z;Extraction de minerais d'uranium et de thorium;Femmes
2019;0721Z;Extraction de minerais d'uranium et de thorium;Hommes
2019;0729Z;Extraction d'autres minerais de métaux non ferreux;Femmes
2019;0729Z;Extraction d'autres minerais de métaux non ferreux;Hommes
2019;0811Z;Extraction de pierres ornementales et de construction, de calcaire industriel, de gypse, de craie et d'ardoise;Femmes
2019;0811Z;Extraction de pierres ornementales et de construction, de calcaire industriel, de gypse, de craie et d'ardoise;Hommes
2019;0812Z;Exploitation de gravières et sablières, extraction d'argiles et de kaolin;Femmes
2019;0812Z;Exploitation de gravières et sablières, extraction d'argiles et de kaolin;Hommes
2019;0891Z;Extraction des minéraux chimiques et d'engrais minéraux;Femmes
2019;0891Z;Extraction des minéraux chimiques et d'engrais minéraux;Hommes
2019;0892Z;Extraction de tourbe;Femmes
2019;0892Z;Extraction de tourbe;Hommes
2019;0893Z;Production de sel;Femmes
2019;0893Z;Production de sel;Hommes
2019;0899Z;Autres activités extractives n.c.a.;Femmes
2019;0899Z;Autres activités extractives n.c.a.;Hommes
2019;0910Z;Activités de soutien à l'extraction d'hydrocarbures;Femmes
2019;0910Z;Activités de soutien à l'extraction d'hydrocarbures;Hommes
2019;0990Z;Activités de soutien aux autres industries extractives;Femmes
2019;0990Z;Activités de soutien aux autres industries extractives;Hommes
2019;1011Z;Transformation et conservation de la viande de boucherie;Femmes
2019;1011Z;Transformation et conservation de la viande de boucherie;Hommes
2019;1012Z;Transformation et conservation de la viande de volaille;Femmes
2019;1012Z;Transformation et conservation de la viande de volaille;Hommes
2019;1013A;Préparation industrielle de produits à base de viande;Femmes
2019;1013A;Préparation industrielle de produits à base de viande;Hommes
2019;1013B;Charcuterie;Femmes
2019;1013B;Charcuterie;Hommes
2019;1020Z;Transformation et conservation de poisson, de crustacés et de mollusques;Femmes
2019;1020Z;Transformation et conservation de poisson, de crustacés et de mollusques;Hommes
2019;1031Z;Transformation et conservation de pommes de terre;Femmes
2019;1031Z;Transformation et conservation de pommes de terre;Hommes
2019;1032Z;Préparation de jus de fruits et légumes;Femmes
2019;1032Z;Préparation de jus de fruits et légumes;Hommes
2019;1039A;Autre transformation et conservation de légumes;Femmes
2019;1039A;Autre transformation et conservation de légumes;Hommes
2019;1039B;Transformation et conservation de fruits;Femmes
2019;1039B;Transformation et conservation de fruits;Hommes
2019;1041A;Fabrication d'huiles et graisses brutes;Femmes
2019;1041A;Fabrication d'huiles et graisses brutes;Hommes
2019;1041B;Fabrication d'huiles et graisses raffinées;Femmes
2019;1041B;Fabrication d'huiles et graisses raffinées;Hommes
2019;1042Z;Fabrication de margarine et graisses comestibles similaires;Femmes
2019;1042Z;Fabrication de margarine et graisses comestibles similaires;Hommes
2019;1051A;Fabrication de lait liquide et de produits frais;Femmes
2019;1051A;Fabrication de lait liquide et de produits frais;Hommes
2019;1051B;Fabrication de beurre;Femmes
2019;1051B;Fabrication de beurre;Hommes
2019;1051C;Fabrication de fromage;Femmes
2019;1051C;Fabrication de fromage;Hommes
2019;1051D;Fabrication d'autres produits laitiers;Femmes
2019;1051D;Fabrication d'autres produits laitiers;Hommes
2019;1052Z;Fabrication de glaces et sorbets;Femmes
2019;1052Z;Fabrication de glaces et sorbets;Hommes
2019;1061A;Meunerie;Femmes
2019;1061A;Meunerie;Hommes
2019;1061B;Autres activités du travail des grains;Femmes
2019;1061B;Autres activités du travail des grains;Hommes
2019;1062Z;Fabrication de produits amylacés;Femmes
2019;1062Z;Fabrication de produits amylacés;Hommes
2019;1071A;Fabrication industrielle de pain et de pâtisserie fraîche;Femmes
2019;1071A;Fabrication industrielle de pain et de pâtisserie fraîche;Hommes
2019;1071B;Cuisson de produits de boulangerie;Femmes
2019;1071B;Cuisson de produits de boulangerie;Hommes
2019;1071C;Boulangerie et boulangerie-pâtisserie;Femmes
2019;1071C;Boulangerie et boulangerie-pâtisserie;Hommes
2019;1071D;Pâtisserie;Femmes
2019;1071D;Pâtisserie;Hommes
2019;1072Z;Fabrication de biscuits, biscottes et pâtisseries de conservation;Femmes
2019;1072Z;Fabrication de biscuits, biscottes et pâtisseries de conservation;Hommes
2019;1073Z;Fabrication de pâtes alimentaires;Femmes
2019;1073Z;Fabrication de pâtes alimentaires;Hommes
2019;1081Z;Fabrication de sucre;Femmes
2019;1081Z;Fabrication de sucre;Hommes
2019;1082Z;Fabrication de cacao, chocolat et de produits de confiserie;Femmes
2019;1082Z;Fabrication de cacao, chocolat et de produits de confiserie;Hommes
2019;1083Z;Transformation du thé et du café;Femmes
2019;1083Z;Transformation du thé et du café;Hommes
2019;1084Z;Fabrication de condiments et assaisonnements;Femmes
2019;1084Z;Fabrication de condiments et assaisonnements;Hommes
2019;1085Z;Fabrication de plats préparés;Femmes
2019;1085Z;Fabrication de plats préparés;Hommes
2019;1086Z;Fabrication d'aliments homogénéisés et diététiques;Femmes
2019;1086Z;Fabrication d'aliments homogénéisés et diététiques;Hommes
2019;1089Z;Fabrication d'autres produits alimentaires n.c.a.;Femmes
2019;1089Z;Fabrication d'autres produits alimentaires n.c.a.;Hommes
2019;1091Z;Fabrication d'aliments pour animaux de ferme;Femmes
2019;1091Z;Fabrication d'aliments pour animaux de ferme;Hommes
2019;1092Z;Fabrication d'aliments pour animaux de compagnie;Femmes
2019;1092Z;Fabrication d'aliments pour animaux de compagnie;Hommes
2019;1101Z;Production de boissons alcooliques distillées;Femmes
2019;1101Z;Production de boissons alcooliques distillées;Hommes
2019;1102A;Fabrication de vins effervescents;Femmes
2019;1102A;Fabrication de vins effervescents;Hommes
2019;1102B;Vinification;Femmes
2019;1102B;Vinification;Hommes
2019;1103Z;Fabrication de cidre et de vins de fruits;Femmes
2019;1103Z;Fabrication de cidre et de vins de fruits;Hommes
2019;1104Z;Production d'autres boissons fermentées non distillées;Femmes
2019;1104Z;Production d'autres boissons fermentées non distillées;Hommes
2019;1105Z;Fabrication de bière;Femmes
2019;1105Z;Fabrication de bière;Hommes
2019;1106Z;Fabrication de malt;Femmes
2019;1106Z;Fabrication de malt;Hommes
2019;1107A;Industrie des eaux de table;Femmes
2019;1107A;Industrie des eaux de table;Hommes
2019;1107B;Production de boissons rafraîchissantes;Femmes
2019;1107B;Production de boissons rafraîchissantes;Hommes
2019;1200Z;Fabrication de produits à base de tabac;Femmes
2019;1200Z;Fabrication de produits à base de tabac;Hommes
2019;1310Z;Préparation de fibres textiles et filature;Femmes
2019;1310Z;Préparation de fibres textiles et filature;Hommes
2019;1320Z;Tissage;Femmes
2019;1320Z;Tissage;Hommes
2019;1330Z;Ennoblissement textile;Femmes
2019;1330Z;Ennoblissement textile;Hommes
2019;1391Z;Fabrication d'étoffes à mailles;Femmes
2019;1391Z;Fabrication d'étoffes à mailles;Hommes
2019;1392Z;Fabrication d'articles textiles, sauf habillement;Femmes
2019;1392Z;Fabrication d'articles textiles, sauf habillement;Hommes
2019;1393Z;Fabrication de tapis et moquettes;Femmes
2019;1393Z;Fabrication de tapis et moquettes;Hommes
2019;1394Z;Fabrication de ficelles, cordes et filets;Femmes
2019;1394Z;Fabrication de ficelles, cordes et filets;Hommes
2019;1395Z;Fabrication de non-tissés, sauf habillement;Femmes
2019;1395Z;Fabrication de non-tissés, sauf habillement;Hommes
2019;1396Z;Fabrication d'autres textiles techniques et industriels;Femmes
2019;1396Z;Fabrication d'autres textiles techniques et industriels;Hommes
2019;1399Z;Fabrication d'autres textiles n.c.a.;Femmes
2019;1399Z;Fabrication d'autres textiles n.c.a.;Hommes
2019;1411Z;Fabrication de vêtements en cuir;Femmes
2019;1411Z;Fabrication de vêtements en cuir;Hommes
2019;1412Z;Fabrication de vêtements de travail;Femmes
2019;1412Z;Fabrication de vêtements de travail;Hommes
2019;1413Z;Fabrication de vêtements de dessus;Femmes
2019;1413Z;Fabrication de vêtements de dessus;Hommes
2019;1414Z;Fabrication de vêtements de dessous;Femmes
2019;1414Z;Fabrication de vêtements de dessous;Hommes
2019;1419Z;Fabrication d'autres vêtements et accessoires;Femmes
2019;1419Z;Fabrication d'autres vêtements et accessoires;Hommes
2019;1420Z;Fabrication d'articles en fourrure;Femmes
2019;1420Z;Fabrication d'articles en fourrure;Hommes
2019;1431Z;Fabrication d'articles chaussants à mailles;Femmes
2019;1431Z;Fabrication d'articles chaussants à mailles;Hommes
2019;1439Z;Fabrication d'autres articles à mailles;Femmes
2019;1439Z;Fabrication d'autres articles à mailles;Hommes
2019;1511Z;"Apprêt et tannage des cuirs ; préparation et teinture des fourrures";Femmes
2019;1511Z;"Apprêt et tannage des cuirs ; préparation et teinture des fourrures";Hommes
2019;1512Z;Fabrication d'articles de voyage, de maroquinerie et de sellerie;Femmes
2019;1512Z;Fabrication d'articles de voyage, de maroquinerie et de sellerie;Hommes
2019;1520Z;Fabrication de chaussures;Femmes
2019;1520Z;Fabrication de chaussures;Hommes
2019;1610A;Sciage et rabotage du bois, hors imprégnation;Femmes
2019;1610A;Sciage et rabotage du bois, hors imprégnation;Hommes
2019;1610B;Imprégnation du bois;Femmes
2019;1610B;Imprégnation du bois;Hommes
2019;1621Z;Fabrication de placage et de panneaux de bois;Femmes
2019;1621Z;Fabrication de placage et de panneaux de bois;Hommes
2019;1622Z;Fabrication de parquets assemblés;Femmes
2019;1622Z;Fabrication de parquets assemblés;Hommes
2019;1623Z;Fabrication de charpentes et d'autres menuiseries;Femmes
2019;1623Z;Fabrication de charpentes et d'autres menuiseries;Hommes
2019;1624Z;Fabrication d'emballages en bois;Femmes
2019;1624Z;Fabrication d'emballages en bois;Hommes
2019;1629Z;"Fabrication d'objets divers en bois ; fabrication d'objets en liège, vannerie et sparterie";Femmes
2019;1629Z;"Fabrication d'objets divers en bois ; fabrication d'objets en liège, vannerie et sparterie";Hommes
2019;1711Z;Fabrication de pâte à papier;Femmes
2019;1711Z;Fabrication de pâte à papier;Hommes
2019;1712Z;Fabrication de papier et de carton;Femmes
2019;1712Z;Fabrication de papier et de carton;Hommes
2019;1721A;Fabrication de carton ondulé;Femmes
2019;1721A;Fabrication de carton ondulé;Hommes
2019;1721B;Fabrication de cartonnages;Femmes
2019;1721B;Fabrication de cartonnages;Hommes
2019;1721C;Fabrication d'emballages en papier;Femmes
2019;1721C;Fabrication d'emballages en papier;Hommes
2019;1722Z;Fabrication d'articles en papier à usage sanitaire ou domestique;Femmes
2019;1722Z;Fabrication d'articles en papier à usage sanitaire ou domestique;Hommes
2019;1723Z;Fabrication d'articles de papeterie;Femmes
2019;1723Z;Fabrication d'articles de papeterie;Hommes
2019;1724Z;Fabrication de papiers peints;Femmes
2019;1724Z;Fabrication de papiers peints;Hommes
2019;1729Z;Fabrication d'autres articles en papier ou en carton;Femmes
2019;1729Z;Fabrication d'autres articles en papier ou en carton;Hommes
2019;1811Z;Imprimerie de journaux;Femmes
2019;1811Z;Imprimerie de journaux;Hommes
2019;1812Z;Autre imprimerie (labeur);Femmes
2019;1812Z;Autre imprimerie (labeur);Hommes
2019;1813Z;Activités de pré-presse;Femmes
2019;1813Z;Activités de pré-presse;Hommes
2019;1814Z;Reliure et activités connexes;Femmes
2019;1814Z;Reliure et activités connexes;Hommes
2019;1820Z;Reproduction d'enregistrements;Femmes
2019;1820Z;Reproduction d'enregistrements;Hommes
2019;1910Z;Cokéfaction;Femmes
2019;1910Z;Cokéfaction;Hommes
2019;1920Z;Raffinage du pétrole;Femmes
2019;1920Z;Raffinage du pétrole;Hommes
2019;2011Z;Fabrication de gaz industriels;Femmes
2019;2011Z;Fabrication de gaz industriels;Hommes
2019;2012Z;Fabrication de colorants et de pigments;Femmes
2019;2012Z;Fabrication de colorants et de pigments;Hommes
2019;2013A;Enrichissement et retraitement de matières nucléaires;Femmes
2019;2013A;Enrichissement et retraitement de matières nucléaires;Hommes
2019;2013B;Fabrication d'autres produits chimiques inorganiques de base n.c.a.;Femmes
2019;2013B;Fabrication d'autres produits chimiques inorganiques de base n.c.a.;Hommes
2019;2014Z;Fabrication d'autres produits chimiques organiques de base;Femmes
2019;2014Z;Fabrication d'autres produits chimiques organiques de base;Hommes
2019;2015Z;Fabrication de produits azotés et d'engrais;Femmes
2019;2015Z;Fabrication de produits azotés et d'engrais;Hommes
2019;2016Z;Fabrication de matières plastiques de base;Femmes
2019;2016Z;Fabrication de matières plastiques de base;Hommes
2019;2017Z;Fabrication de caoutchouc synthétique;Femmes
2019;2017Z;Fabrication de caoutchouc synthétique;Hommes
2019;2020Z;Fabrication de pesticides et d'autres produits agrochimiques;Femmes
2019;2020Z;Fabrication de pesticides et d'autres produits agrochimiques;Hommes
2019;2030Z;Fabrication de peintures, vernis, encres et mastics;Femmes
2019;2030Z;Fabrication de peintures, vernis, encres et mastics;Hommes
2019;2041Z;Fabrication de savons, détergents et produits d'entretien;Femmes
2019;2041Z;Fabrication de savons, détergents et produits d'entretien;Hommes
2019;2042Z;Fabrication de parfums et de produits pour la toilette;Femmes
2019;2042Z;Fabrication de parfums et de produits pour la toilette;Hommes
2019;2051Z;Fabrication de produits explosifs;Femmes
2019;2051Z;Fabrication de produits explosifs;Hommes
2019;2052Z;Fabrication de colles;Femmes
2019;2052Z;Fabrication de colles;Hommes
2019;2053Z;Fabrication d'huiles essentielles;Femmes
2019;2053Z;Fabrication d'huiles essentielles;Hommes
2019;2059Z;Fabrication d'autres produits chimiques n.c.a.;Femmes
2019;2059Z;Fabrication d'autres produits chimiques n.c.a.;Hommes
2019;2060Z;Fabrication de fibres artificielles ou synthétiques;Femmes
2019;2060Z;Fabrication de fibres artificielles ou synthétiques;Hommes
2019;2110Z;Fabrication de produits pharmaceutiques de base;Femmes
2019;2110Z;Fabrication de produits pharmaceutiques de base;Hommes
2019;2120Z;Fabrication de préparations pharmaceutiques;Femmes
2019;2120Z;Fabrication de préparations pharmaceutiques;Hommes
2019;2211Z;Fabrication et rechapage de pneumatiques;Femmes
2019;2211Z;Fabrication et rechapage de pneumatiques;Hommes
2019;2219Z;Fabrication d'autres articles en caoutchouc;Femmes
2019;2219Z;Fabrication d'autres articles en caoutchouc;Hommes
2019;2221Z;Fabrication de plaques, feuilles, tubes et profilés en matières plastiques;Femmes
2019;2221Z;Fabrication de plaques, feuilles, tubes et profilés en matières plastiques;Hommes
2019;2222Z;Fabrication d'emballages en matières plastiques;Femmes
2019;2222Z;Fabrication d'emballages en matières plastiques;Hommes
2019;2223Z;Fabrication d'éléments en matières plastiques pour la construction;Femmes
2019;2223Z;Fabrication d'éléments en matières plastiques pour la construction;Hommes
2019;2229A;Fabrication de pièces techniques à base de matières plastiques;Femmes
2019;2229A;Fabrication de pièces techniques à base de matières plastiques;Hommes
2019;2229B;Fabrication de produits de consommation courante en matières plastiques;Femmes
2019;2229B;Fabrication de produits de consommation courante en matières plastiques;Hommes
2019;2311Z;Fabrication de verre plat;Femmes
2019;2311Z;Fabrication de verre plat;Hommes
2019;2312Z;Façonnage et transformation du verre plat;Femmes
2019;2312Z;Façonnage et transformation du verre plat;Hommes
2019;2313Z;Fabrication de verre creux;Femmes
2019;2313Z;Fabrication de verre creux;Hommes
2019;2314Z;Fabrication de fibres de verre;Femmes
2019;2314Z;Fabrication de fibres de verre;Hommes
2019;2319Z;Fabrication et façonnage d'autres articles en verre, y compris verre technique;Femmes
2019;2319Z;Fabrication et façonnage d'autres articles en verre, y compris verre technique;Hommes
2019;2320Z;Fabrication de produits réfractaires;Femmes
2019;2320Z;Fabrication de produits réfractaires;Hommes
2019;2331Z;Fabrication de carreaux en céramique;Femmes
2019;2331Z;Fabrication de carreaux en céramique;Hommes
2019;2332Z;Fabrication de briques, tuiles et produits de construction, en terre cuite;Femmes
2019;2332Z;Fabrication de briques, tuiles et produits de construction, en terre cuite;Hommes
2019;2341Z;Fabrication d'articles céramiques à usage domestique ou ornemental;Femmes
2019;2341Z;Fabrication d'articles céramiques à usage domestique ou ornemental;Hommes
2019;2342Z;Fabrication d'appareils sanitaires en céramique;Femmes
2019;2342Z;Fabrication d'appareils sanitaires en céramique;Hommes
2019;2343Z;Fabrication d'isolateurs et pièces isolantes en céramique;Femmes
2019;2343Z;Fabrication d'isolateurs et pièces isolantes en céramique;Hommes
2019;2344Z;Fabrication d'autres produits céramiques à usage technique;Femmes
2019;2344Z;Fabrication d'autres produits céramiques à usage technique;Hommes
2019;2349Z;Fabrication d'autres produits céramiques;Femmes
2019;2349Z;Fabrication d'autres produits céramiques;Hommes
2019;2351Z;Fabrication de ciment;Femmes
2019;2351Z;Fabrication de ciment;Hommes
2019;2352Z;Fabrication de chaux et plâtre;Femmes
2019;2352Z;Fabrication de chaux et plâtre;Hommes
2019;2361Z;Fabrication d'éléments en béton pour la construction;Femmes
2019;2361Z;Fabrication d'éléments en béton pour la construction;Hommes
2019;2362Z;Fabrication d'éléments en plâtre pour la construction;Femmes
2019;2362Z;Fabrication d'éléments en plâtre pour la construction;Hommes
2019;2363Z;Fabrication de béton prêt à l'emploi;Femmes
2019;2363Z;Fabrication de béton prêt à l'emploi;Hommes
2019;2364Z;Fabrication de mortiers et bétons secs;Femmes
2019;2364Z;Fabrication de mortiers et bétons secs;Hommes
2019;2365Z;Fabrication d'ouvrages en fibre-ciment;Femmes
2019;2365Z;Fabrication d'ouvrages en fibre-ciment;Hommes
2019;2369Z;Fabrication d'autres ouvrages en béton, en ciment ou en plâtre;Femmes
2019;2369Z;Fabrication d'autres ouvrages en béton, en ciment ou en plâtre;Hommes
2019;2370Z;Taille, façonnage et finissage de pierres;Femmes
2019;2370Z;Taille, façonnage et finissage de pierres;Hommes
2019;2391Z;Fabrication de produits abrasifs;Femmes
2019;2391Z;Fabrication de produits abrasifs;Hommes
2019;2399Z;Fabrication d'autres produits minéraux non métalliques n.c.a.;Femmes
2019;2399Z;Fabrication d'autres produits minéraux non métalliques n.c.a.;Hommes
2019;2410Z;Sidérurgie;Femmes
2019;2410Z;Sidérurgie;Hommes
2019;2420Z;Fabrication de tubes, tuyaux, profilés creux et accessoires correspondants en acier;Femmes
2019;2420Z;Fabrication de tubes, tuyaux, profilés creux et accessoires correspondants en acier;Hommes
2019;2431Z;Étirage à froid de barres;Femmes
2019;2431Z;Étirage à froid de barres;Hommes
2019;2432Z;Laminage à froid de feuillards;Femmes
2019;2432Z;Laminage à froid de feuillards;Hommes
2019;2433Z;Profilage à froid par formage ou pliage;Femmes
2019;2433Z;Profilage à froid par formage ou pliage;Hommes
2019;2434Z;Tréfilage à froid;Femmes
2019;2434Z;Tréfilage à froid;Hommes
2019;2441Z;Production de métaux précieux;Femmes
2019;2441Z;Production de métaux précieux;Hommes
2019;2442Z;Métallurgie de l'aluminium;Femmes
2019;2442Z;Métallurgie de l'aluminium;Hommes
2019;2443Z;Métallurgie du plomb, du zinc ou de l'étain;Femmes
2019;2443Z;Métallurgie du plomb, du zinc ou de l'étain;Hommes
2019;2444Z;Métallurgie du cuivre;Femmes
2019;2444Z;Métallurgie du cuivre;Hommes
2019;2445Z;Métallurgie des autres métaux non ferreux;Femmes
2019;2445Z;Métallurgie des autres métaux non ferreux;Hommes
2019;2446Z;Élaboration et transformation de matières nucléaires;Femmes
2019;2446Z;Élaboration et transformation de matières nucléaires;Hommes
2019;2451Z;Fonderie de fonte;Femmes
2019;2451Z;Fonderie de fonte;Hommes
2019;2452Z;Fonderie d'acier;Femmes
2019;2452Z;Fonderie d'acier;Hommes
2019;2453Z;Fonderie de métaux légers;Femmes
2019;2453Z;Fonderie de métaux légers;Hommes
2019;2454Z;Fonderie d'autres métaux non ferreux;Femmes
2019;2454Z;Fonderie d'autres métaux non ferreux;Hommes
2019;2511Z;Fabrication de structures métalliques et de parties de structures;Femmes
2019;2511Z;Fabrication de structures métalliques et de parties de structures;Hommes
2019;2512Z;Fabrication de portes et fenêtres en métal;Femmes
2019;2512Z;Fabrication de portes et fenêtres en métal;Hommes
2019;2521Z;Fabrication de radiateurs et de chaudières pour le chauffage central;Femmes
2019;2521Z;Fabrication de radiateurs et de chaudières pour le chauffage central;Hommes
2019;2529Z;Fabrication d'autres réservoirs, citernes et conteneurs métalliques;Femmes
2019;2529Z;Fabrication d'autres réservoirs, citernes et conteneurs métalliques;Hommes
2019;2530Z;Fabrication de générateurs de vapeur, à l'exception des chaudières pour le chauffage central;Femmes
2019;2530Z;Fabrication de générateurs de vapeur, à l'exception des chaudières pour le chauffage central;Hommes
2019;2540Z;Fabrication d'armes et de munitions;Femmes
2019;2540Z;Fabrication d'armes et de munitions;Hommes
2019;2550A;"Forge, estampage, matriçage ; métallurgie des poudres";Femmes
2019;2550A;"Forge, estampage, matriçage ; métallurgie des poudres";Hommes
2019;2550B;Découpage, emboutissage;Femmes
2019;2550B;Découpage, emboutissage;Hommes
2019;2561Z;Traitement et revêtement des métaux;Femmes
2019;2561Z;Traitement et revêtement des métaux;Hommes
2019;2562A;Décolletage;Femmes
2019;2562A;Décolletage;Hommes
2019;2562B;Mécanique industrielle;Femmes
2019;2562B;Mécanique industrielle;Hommes
2019;2571Z;Fabrication de coutellerie;Femmes
2019;2571Z;Fabrication de coutellerie;Hommes
2019;2572Z;Fabrication de serrures et de ferrures;Femmes
2019;2572Z;Fabrication de serrures et de ferrures;Hommes
2019;2573A;Fabrication de moules et modèles;Femmes
2019;2573A;Fabrication de moules et modèles;Hommes
2019;2573B;Fabrication d'autres outillages;Femmes
2019;2573B;Fabrication d'autres outillages;Hommes
2019;2591Z;Fabrication de fûts et emballages métalliques similaires;Femmes
2019;2591Z;Fabrication de fûts et emballages métalliques similaires;Hommes
2019;2592Z;Fabrication d'emballages métalliques légers;Femmes
2019;2592Z;Fabrication d'emballages métalliques légers;Hommes
2019;2593Z;Fabrication d'articles en fils métalliques, de chaînes et de ressorts;Femmes
2019;2593Z;Fabrication d'articles en fils métalliques, de chaînes et de ressorts;Hommes
2019;2594Z;Fabrication de vis et de boulons;Femmes
2019;2594Z;Fabrication de vis et de boulons;Hommes
2019;2599A;Fabrication d'articles métalliques ménagers;Femmes
2019;2599A;Fabrication d'articles métalliques ménagers;Hommes
2019;2599B;Fabrication d'autres articles métalliques;Femmes
2019;2599B;Fabrication d'autres articles métalliques;Hommes
2019;2611Z;Fabrication de composants électroniques;Femmes
2019;2611Z;Fabrication de composants électroniques;Hommes
2019;2612Z;Fabrication de cartes électroniques assemblées;Femmes
2019;2612Z;Fabrication de cartes électroniques assemblées;Hommes
2019;2620Z;Fabrication d'ordinateurs et d'équipements périphériques;Femmes
2019;2620Z;Fabrication d'ordinateurs et d'équipements périphériques;Hommes
2019;2630Z;Fabrication d'équipements de communication;Femmes
2019;2630Z;Fabrication d'équipements de communication;Hommes
2019;2640Z;Fabrication de produits électroniques grand public;Femmes
2019;2640Z;Fabrication de produits électroniques grand public;Hommes
2019;2651A;Fabrication d'équipements d'aide à la navigation;Femmes
2019;2651A;Fabrication d'équipements d'aide à la navigation;Hommes
2019;2651B;Fabrication d'instrumentation scientifique et technique;Femmes
2019;2651B;Fabrication d'instrumentation scientifique et technique;Hommes
2019;2652Z;Horlogerie;Femmes
2019;2652Z;Horlogerie;Hommes
2019;2660Z;Fabrication d'équipements d'irradiation médicale, d'équipements électromédicaux et électrothérapeutiques;Femmes
2019;2660Z;Fabrication d'équipements d'irradiation médicale, d'équipements électromédicaux et électrothérapeutiques;Hommes
2019;2670Z;Fabrication de matériels optique et photographique;Femmes
2019;2670Z;Fabrication de matériels optique et photographique;Hommes
2019;2680Z;Fabrication de supports magnétiques et optiques;Femmes
2019;2680Z;Fabrication de supports magnétiques et optiques;Hommes
2019;2711Z;Fabrication de moteurs, génératrices et transformateurs électriques;Femmes
2019;2711Z;Fabrication de moteurs, génératrices et transformateurs électriques;Hommes
2019;2712Z;Fabrication de matériel de distribution et de commande électrique;Femmes
2019;2712Z;Fabrication de matériel de distribution et de commande électrique;Hommes
2019;2720Z;Fabrication de piles et d'accumulateurs électriques;Femmes
2019;2720Z;Fabrication de piles et d'accumulateurs électriques;Hommes
2019;2731Z;Fabrication de câbles de fibres optiques;Femmes
2019;2731Z;Fabrication de câbles de fibres optiques;Hommes
2019;2732Z;Fabrication d'autres fils et câbles électroniques ou électriques;Femmes
2019;2732Z;Fabrication d'autres fils et câbles électroniques ou électriques;Hommes
2019;2733Z;Fabrication de matériel d'installation électrique;Femmes
2019;2733Z;Fabrication de matériel d'installation électrique;Hommes
2019;2740Z;Fabrication d'appareils d'éclairage électrique;Femmes
2019;2740Z;Fabrication d'appareils d'éclairage électrique;Hommes
2019;2751Z;Fabrication d'appareils électroménagers;Femmes
2019;2751Z;Fabrication d'appareils électroménagers;Hommes
2019;2752Z;Fabrication d'appareils ménagers non électriques;Femmes
2019;2752Z;Fabrication d'appareils ménagers non électriques;Hommes
2019;2790Z;Fabrication d'autres matériels électriques;Femmes
2019;2790Z;Fabrication d'autres matériels électriques;Hommes
2019;2811Z;Fabrication de moteurs et turbines, à l'exception des moteurs d'avions et de véhicules;Femmes
2019;2811Z;Fabrication de moteurs et turbines, à l'exception des moteurs d'avions et de véhicules;Hommes
2019;2812Z;Fabrication d'équipements hydrauliques et pneumatiques;Femmes
2019;2812Z;Fabrication d'équipements hydrauliques et pneumatiques;Hommes
2019;2813Z;Fabrication d'autres pompes et compresseurs;Femmes
2019;2813Z;Fabrication d'autres pompes et compresseurs;Hommes
2019;2814Z;Fabrication d'autres articles de robinetterie;Femmes
2019;2814Z;Fabrication d'autres articles de robinetterie;Hommes
2019;2815Z;Fabrication d'engrenages et d'organes mécaniques de transmission;Femmes
2019;2815Z;Fabrication d'engrenages et d'organes mécaniques de transmission;Hommes
2019;2821Z;Fabrication de fours et brûleurs;Femmes
2019;2821Z;Fabrication de fours et brûleurs;Hommes
2019;2822Z;Fabrication de matériel de levage et de manutention;Femmes
2019;2822Z;Fabrication de matériel de levage et de manutention;Hommes
2019;2823Z;Fabrication de machines et d'équipements de bureau (à l'exception des ordinateurs et équipements périphériques);Femmes
2019;2823Z;Fabrication de machines et d'équipements de bureau (à l'exception des ordinateurs et équipements périphériques);Hommes
2019;2824Z;Fabrication d'outillage portatif à moteur incorporé;Femmes
2019;2824Z;Fabrication d'outillage portatif à moteur incorporé;Hommes
2019;2825Z;Fabrication d'équipements aérauliques et frigorifiques industriels;Femmes
2019;2825Z;Fabrication d'équipements aérauliques et frigorifiques industriels;Hommes
2019;2829A;Fabrication d'équipements d'emballage, de conditionnement et de pesage;Femmes
2019;2829A;Fabrication d'équipements d'emballage, de conditionnement et de pesage;Hommes
2019;2829B;Fabrication d'autres machines d'usage général;Femmes
2019;2829B;Fabrication d'autres machines d'usage général;Hommes
2019;2830Z;Fabrication de machines agricoles et forestières;Femmes
2019;2830Z;Fabrication de machines agricoles et forestières;Hommes
2019;2841Z;Fabrication de machines-outils pour le travail des métaux;Femmes
2019;2841Z;Fabrication de machines-outils pour le travail des métaux;Hommes
2019;2849Z;Fabrication d'autres machines-outils;Femmes
2019;2849Z;Fabrication d'autres machines-outils;Hommes
2019;2891Z;Fabrication de machines pour la métallurgie;Femmes
2019;2891Z;Fabrication de machines pour la métallurgie;Hommes
2019;2892Z;Fabrication de machines pour l'extraction ou la construction;Femmes
2019;2892Z;Fabrication de machines pour l'extraction ou la construction;Hommes
2019;2893Z;Fabrication de machines pour l'industrie agro-alimentaire;Femmes
2019;2893Z;Fabrication de machines pour l'industrie agro-alimentaire;Hommes
2019;2894Z;Fabrication de machines pour les industries textiles;Femmes
2019;2894Z;Fabrication de machines pour les industries textiles;Hommes
2019;2895Z;Fabrication de machines pour les industries du papier et du carton;Femmes
2019;2895Z;Fabrication de machines pour les industries du papier et du carton;Hommes
2019;2896Z;Fabrication de machines pour le travail du caoutchouc ou des plastiques;Femmes
2019;2896Z;Fabrication de machines pour le travail du caoutchouc ou des plastiques;Hommes
2019;2899A;Fabrication de machines d'imprimerie;Femmes
2019;2899A;Fabrication de machines d'imprimerie;Hommes
2019;2899B;Fabrication d'autres machines spécialisées;Femmes
2019;2899B;Fabrication d'autres machines spécialisées;Hommes
2019;2910Z;Construction de véhicules automobiles;Femmes
2019;2910Z;Construction de véhicules automobiles;Hommes
2019;2920Z;Fabrication de carrosseries et remorques;Femmes
2019;2920Z;Fabrication de carrosseries et remorques;Hommes
2019;2931Z;Fabrication d'équipements électriques et électroniques automobiles;Femmes
2019;2931Z;Fabrication d'équipements électriques et électroniques automobiles;Hommes
2019;2932Z;Fabrication d'autres équipements automobiles;Femmes
2019;2932Z;Fabrication d'autres équipements automobiles;Hommes
2019;3011Z;Construction de navires et de structures flottantes;Femmes
2019;3011Z;Construction de navires et de structures flottantes;Hommes
2019;3012Z;Construction de bateaux de plaisance;Femmes
2019;3012Z;Construction de bateaux de plaisance;Hommes
2019;3020Z;Construction de locomotives et d'autre matériel ferroviaire roulant;Femmes
2019;3020Z;Construction de locomotives et d'autre matériel ferroviaire roulant;Hommes
2019;3030Z;Construction aéronautique et spatiale;Femmes
2019;3030Z;Construction aéronautique et spatiale;Hommes
2019;3040Z;Construction de véhicules militaires de combat;Femmes
2019;3040Z;Construction de véhicules militaires de combat;Hommes
2019;3091Z;Fabrication de motocycles;Femmes
2019;3091Z;Fabrication de motocycles;Hommes
2019;3092Z;Fabrication de bicyclettes et de véhicules pour invalides;Femmes
2019;3092Z;Fabrication de bicyclettes et de véhicules pour invalides;Hommes
2019;3099Z;Fabrication d'autres équipements de transport n.c.a.;Femmes
2019;3099Z;Fabrication d'autres équipements de transport n.c.a.;Hommes
2019;3101Z;Fabrication de meubles de bureau et de magasin;Femmes
2019;3101Z;Fabrication de meubles de bureau et de magasin;Hommes
2019;3102Z;Fabrication de meubles de cuisine;Femmes
2019;3102Z;Fabrication de meubles de cuisine;Hommes
2019;3103Z;Fabrication de matelas;Femmes
2019;3103Z;Fabrication de matelas;Hommes
2019;3109A;Fabrication de sièges d'ameublement d'intérieur;Femmes
2019;3109A;Fabrication de sièges d'ameublement d'intérieur;Hommes
2019;3109B;Fabrication d'autres meubles et industries connexes de l'ameublement;Femmes
2019;3109B;Fabrication d'autres meubles et industries connexes de l'ameublement;Hommes
2019;3211Z;Frappe de monnaie;Femmes
2019;3211Z;Frappe de monnaie;Hommes
2019;3212Z;Fabrication d'articles de joaillerie et bijouterie;Femmes
2019;3212Z;Fabrication d'articles de joaillerie et bijouterie;Hommes
2019;3213Z;Fabrication d'articles de bijouterie fantaisie et articles similaires;Femmes
2019;3213Z;Fabrication d'articles de bijouterie fantaisie et articles similaires;Hommes
2019;3220Z;Fabrication d'instruments de musique;Femmes
2019;3220Z;Fabrication d'instruments de musique;Hommes
2019;3230Z;Fabrication d'articles de sport;Femmes
2019;3230Z;Fabrication d'articles de sport;Hommes
2019;3240Z;Fabrication de jeux et jouets;Femmes
2019;3240Z;Fabrication de jeux et jouets;Hommes
2019;3250A;Fabrication de matériel médico-chirurgical et dentaire;Femmes
2019;3250A;Fabrication de matériel médico-chirurgical et dentaire;Hommes
2019;3250B;Fabrication de lunettes;Femmes
2019;3250B;Fabrication de lunettes;Hommes
2019;3291Z;Fabrication d'articles de brosserie;Femmes
2019;3291Z;Fabrication d'articles de brosserie;Hommes
2019;3299Z;Autres activités manufacturières n.c.a.;Femmes
2019;3299Z;Autres activités manufacturières n.c.a.;Hommes
2019;3311Z;Réparation d'ouvrages en métaux;Femmes
2019;3311Z;Réparation d'ouvrages en métaux;Hommes
2019;3312Z;Réparation de machines et équipements mécaniques;Femmes
2019;3312Z;Réparation de machines et équipements mécaniques;Hommes
2019;3313Z;Réparation de matériels électroniques et optiques;Femmes
2019;3313Z;Réparation de matériels électroniques et optiques;Hommes
2019;3314Z;Réparation d'équipements électriques;Femmes
2019;3314Z;Réparation d'équipements électriques;Hommes
2019;3315Z;Réparation et maintenance navale;Femmes
2019;3315Z;Réparation et maintenance navale;Hommes
2019;3316Z;Réparation et maintenance d'aéronefs et d'engins spatiaux;Femmes
2019;3316Z;Réparation et maintenance d'aéronefs et d'engins spatiaux;Hommes
2019;3317Z;Réparation et maintenance d'autres équipements de transport;Femmes
2019;3317Z;Réparation et maintenance d'autres équipements de transport;Hommes
2019;3319Z;Réparation d'autres équipements;Femmes
2019;3319Z;Réparation d'autres équipements;Hommes
2019;3320A;Installation de structures métalliques, chaudronnées et de tuyauterie;Femmes
2019;3320A;Installation de structures métalliques, chaudronnées et de tuyauterie;Hommes
2019;3320B;Installation de machines et équipements mécaniques;Femmes
2019;3320B;Installation de machines et équipements mécaniques;Hommes
2019;3320C;Conception d'ensemble et assemblage sur site industriel d'équipements de contrôle des processus industriels;Femmes
2019;3320C;Conception d'ensemble et assemblage sur site industriel d'équipements de contrôle des processus industriels;Hommes
2019;3320D;Installation d'équipements électriques, de matériels électroniques et optiques ou d'autres matériels;Femmes
2019;3320D;Installation d'équipements électriques, de matériels électroniques et optiques ou d'autres matériels;Hommes
2019;3511Z;Production d'électricité;Femmes
2019;3511Z;Production d'électricité;Hommes
2019;3512Z;Transport d'électricité;Femmes
2019;3512Z;Transport d'électricité;Hommes
2019;3513Z;Distribution d'électricité;Femmes
2019;3513Z;Distribution d'électricité;Hommes
2019;3514Z;Commerce d'électricité;Femmes
2019;3514Z;Commerce d'électricité;Hommes
2019;3521Z;Production de combustibles gazeux;Femmes
2019;3521Z;Production de combustibles gazeux;Hommes
2019;3522Z;Distribution de combustibles gazeux par conduites;Femmes
2019;3522Z;Distribution de combustibles gazeux par conduites;Hommes
2019;3523Z;Commerce de combustibles gazeux par conduites;Femmes
2019;3523Z;Commerce de combustibles gazeux par conduites;Hommes
2019;3530Z;Production et distribution de vapeur et d'air conditionné;Femmes
2019;3530Z;Production et distribution de vapeur et d'air conditionné;Hommes
2019;3600Z;Captage, traitement et distribution d'eau;Femmes
2019;3600Z;Captage, traitement et distribution d'eau;Hommes
2019;3700Z;Collecte et traitement des eaux usées;Femmes
2019;3700Z;Collecte et traitement des eaux usées;Hommes
2019;3811Z;Collecte des déchets non dangereux;Femmes
2019;3811Z;Collecte des déchets non dangereux;Hommes
2019;3812Z;Collecte des déchets dangereux;Femmes
2019;3812Z;Collecte des déchets dangereux;Hommes
2019;3821Z;Traitement et élimination des déchets non dangereux;Femmes
2019;3821Z;Traitement et élimination des déchets non dangereux;Hommes
2019;3822Z;Traitement et élimination des déchets dangereux;Femmes
2019;3822Z;Traitement et élimination des déchets dangereux;Hommes
2019;3831Z;Démantèlement d'épaves;Femmes
2019;3831Z;Démantèlement d'épaves;Hommes
2019;3832Z;Récupération de déchets triés;Femmes
2019;3832Z;Récupération de déchets triés;Hommes
2019;3900Z;Dépollution et autres services de gestion des déchets;Femmes
2019;3900Z;Dépollution et autres services de gestion des déchets;Hommes
2019;4110A;Promotion immobilière de logements;Femmes
2019;4110A;Promotion immobilière de logements;Hommes
2019;4110B;Promotion immobilière de bureaux;Femmes
2019;4110B;Promotion immobilière de bureaux;Hommes
2019;4110C;Promotion immobilière d'autres bâtiments;Femmes
2019;4110C;Promotion immobilière d'autres bâtiments;Hommes
2019;4110D;Supports juridiques de programmes;Femmes
2019;4110D;Supports juridiques de programmes;Hommes
2019;4120A;Construction de maisons individuelles;Femmes
2019;4120A;Construction de maisons individuelles;Hommes
2019;4120B;Construction d'autres bâtiments;Femmes
2019;4120B;Construction d'autres bâtiments;Hommes
2019;4211Z;Construction de routes et autoroutes;Femmes
2019;4211Z;Construction de routes et autoroutes;Hommes
2019;4212Z;Construction de voies ferrées de surface et souterraines;Femmes
2019;4212Z;Construction de voies ferrées de surface et souterraines;Hommes
2019;4213A;Construction d'ouvrages d'art;Femmes
2019;4213A;Construction d'ouvrages d'art;Hommes
2019;4213B;Construction et entretien de tunnels;Femmes
2019;4213B;Construction et entretien de tunnels;Hommes
2019;4221Z;Construction de réseaux pour fluides;Femmes
2019;4221Z;Construction de réseaux pour fluides;Hommes
2019;4222Z;Construction de réseaux électriques et de télécommunications;Femmes
2019;4222Z;Construction de réseaux électriques et de télécommunications;Hommes
2019;4291Z;Construction d'ouvrages maritimes et fluviaux;Femmes
2019;4291Z;Construction d'ouvrages maritimes et fluviaux;Hommes
2019;4299Z;Construction d'autres ouvrages de génie civil n.c.a.;Femmes
2019;4299Z;Construction d'autres ouvrages de génie civil n.c.a.;Hommes
2019;4311Z;Travaux de démolition;Femmes
2019;4311Z;Travaux de démolition;Hommes
2019;4312A;Travaux de terrassement courants et travaux préparatoires;Femmes
2019;4312A;Travaux de terrassement courants et travaux préparatoires;Hommes
2019;4312B;Travaux de terrassement spécialisés ou de grande masse;Femmes
2019;4312B;Travaux de terrassement spécialisés ou de grande masse;Hommes
2019;4313Z;Forages et sondages;Femmes
2019;4313Z;Forages et sondages;Hommes
2019;4321A;Travaux d'installation électrique dans tous locaux;Femmes
2019;4321A;Travaux d'installation électrique dans tous locaux;Hommes
2019;4321B;Travaux d'installation électrique sur la voie publique;Femmes
2019;4321B;Travaux d'installation électrique sur la voie publique;Hommes
2019;4322A;Travaux d'installation d'eau et de gaz en tous locaux;Femmes
2019;4322A;Travaux d'installation d'eau et de gaz en tous locaux;Hommes
2019;4322B;Travaux d'installation d'équipements thermiques et de climatisation;Femmes
2019;4322B;Travaux d'installation d'équipements thermiques et de climatisation;Hommes
2019;4329A;Travaux d'isolation;Femmes
2019;4329A;Travaux d'isolation;Hommes
2019;4329B;Autres travaux d'installation n.c.a.;Femmes
2019;4329B;Autres travaux d'installation n.c.a.;Hommes
2019;4331Z;Travaux de plâtrerie;Femmes
2019;4331Z;Travaux de plâtrerie;Hommes
2019;4332A;Travaux de menuiserie bois et PVC;Femmes
2019;4332A;Travaux de menuiserie bois et PVC;Hommes
2019;4332B;Travaux de menuiserie métallique et serrurerie;Femmes
2019;4332B;Travaux de menuiserie métallique et serrurerie;Hommes
2019;4332C;Agencement de lieux de vente;Femmes
2019;4332C;Agencement de lieux de vente;Hommes
2019;4333Z;Travaux de revêtement des sols et des murs;Femmes
2019;4333Z;Travaux de revêtement des sols et des murs;Hommes
2019;4334Z;Travaux de peinture et vitrerie;Femmes
2019;4334Z;Travaux de peinture et vitrerie;Hommes
2019;4339Z;Autres travaux de finition;Femmes
2019;4339Z;Autres travaux de finition;Hommes
2019;4391A;Travaux de charpente;Femmes
2019;4391A;Travaux de charpente;Hommes
2019;4391B;Travaux de couverture par éléments;Femmes
2019;4391B;Travaux de couverture par éléments;Hommes
2019;4399A;Travaux d'étanchéification;Femmes
2019;4399A;Travaux d'étanchéification;Hommes
2019;4399B;Travaux de montage de structures métalliques;Femmes
2019;4399B;Travaux de montage de structures métalliques;Hommes
2019;4399C;Travaux de maçonnerie générale et gros œuvre de bâtiment;Femmes
2019;4399C;Travaux de maçonnerie générale et gros œuvre de bâtiment;Hommes
2019;4399D;Autres travaux spécialisés de construction;Femmes
2019;4399D;Autres travaux spécialisés de construction;Hommes
2019;4399E;Location avec opérateur de matériel de construction;Femmes
2019;4399E;Location avec opérateur de matériel de construction;Hommes
2019;4511Z;Commerce de voitures et de véhicules automobiles légers;Femmes
2019;4511Z;Commerce de voitures et de véhicules automobiles légers;Hommes
2019;4519Z;Commerce d'autres véhicules automobiles;Femmes
2019;4519Z;Commerce d'autres véhicules automobiles;Hommes
2019;4520A;Entretien et réparation de véhicules automobiles légers;Femmes
2019;4520A;Entretien et réparation de véhicules automobiles légers;Hommes
2019;4520B;Entretien et réparation d'autres véhicules automobiles;Femmes
2019;4520B;Entretien et réparation d'autres véhicules automobiles;Hommes
2019;4531Z;Commerce de gros d'équipements automobiles;Femmes
2019;4531Z;Commerce de gros d'équipements automobiles;Hommes
2019;4532Z;Commerce de détail d'équipements automobiles;Femmes
2019;4532Z;Commerce de détail d'équipements automobiles;Hommes
2019;4540Z;Commerce et réparation de motocycles;Femmes
2019;4540Z;Commerce et réparation de motocycles;Hommes
2019;4611Z;Intermédiaires du commerce en matières premières agricoles, animaux vivants, matières premières textiles et produits semi-finis;Femmes
2019;4611Z;Intermédiaires du commerce en matières premières agricoles, animaux vivants, matières premières textiles et produits semi-finis;Hommes
2019;4612A;Centrales d'achat de carburant;Femmes
2019;4612A;Centrales d'achat de carburant;Hommes
2019;4612B;Autres intermédiaires du commerce en combustibles, métaux, minéraux et produits chimiques;Femmes
2019;4612B;Autres intermédiaires du commerce en combustibles, métaux, minéraux et produits chimiques;Hommes
2019;4613Z;Intermédiaires du commerce en bois et matériaux de construction;Femmes
2019;4613Z;Intermédiaires du commerce en bois et matériaux de construction;Hommes
2019;4614Z;Intermédiaires du commerce en machines, équipements industriels, navires et avions;Femmes
2019;4614Z;Intermédiaires du commerce en machines, équipements industriels, navires et avions;Hommes
2019;4615Z;Intermédiaires du commerce en meubles, articles de ménage et quincaillerie;Femmes
2019;4615Z;Intermédiaires du commerce en meubles, articles de ménage et quincaillerie;Hommes
2019;4616Z;Intermédiaires du commerce en textiles, habillement, fourrures, chaussures et articles en cuir;Femmes
2019;4616Z;Intermédiaires du commerce en textiles, habillement, fourrures, chaussures et articles en cuir;Hommes
2019;4617A;Centrales d'achat alimentaires;Femmes
2019;4617A;Centrales d'achat alimentaires;Hommes
2019;4617B;Autres intermédiaires du commerce en denrées, boissons et tabac;Femmes
2019;4617B;Autres intermédiaires du commerce en denrées, boissons et tabac;Hommes
2019;4618Z;Intermédiaires spécialisés dans le commerce d'autres produits spécifiques;Femmes
2019;4618Z;Intermédiaires spécialisés dans le commerce d'autres produits spécifiques;Hommes
2019;4619A;Centrales d'achat non alimentaires;Femmes
2019;4619A;Centrales d'achat non alimentaires;Hommes
2019;4619B;Autres intermédiaires du commerce en produits divers;Femmes
2019;4619B;Autres intermédiaires du commerce en produits divers;Hommes
2019;4621Z;Commerce de gros (commerce interentreprises) de céréales, de tabac non manufacturé, de semences et d'aliments pour le bétail;Femmes
2019;4621Z;Commerce de gros (commerce interentreprises) de céréales, de tabac non manufacturé, de semences et d'aliments pour le bétail;Hommes
2019;4622Z;Commerce de gros (commerce interentreprises) de fleurs et plantes;Femmes
2019;4622Z;Commerce de gros (commerce interentreprises) de fleurs et plantes;Hommes
2019;4623Z;Commerce de gros (commerce interentreprises) d'animaux vivants;Femmes
2019;4623Z;Commerce de gros (commerce interentreprises) d'animaux vivants;Hommes
2019;4624Z;Commerce de gros (commerce interentreprises) de cuirs et peaux;Femmes
2019;4624Z;Commerce de gros (commerce interentreprises) de cuirs et peaux;Hommes
2019;4631Z;Commerce de gros (commerce interentreprises) de fruits et légumes;Femmes
2019;4631Z;Commerce de gros (commerce interentreprises) de fruits et légumes;Hommes
2019;4632A;Commerce de gros (commerce interentreprises) de viandes de boucherie;Femmes
2019;4632A;Commerce de gros (commerce interentreprises) de viandes de boucherie;Hommes
2019;4632B;Commerce de gros (commerce interentreprises) de produits à base de viande;Femmes
2019;4632B;Commerce de gros (commerce interentreprises) de produits à base de viande;Hommes
2019;4632C;Commerce de gros (commerce interentreprises) de volailles et gibier;Femmes
2019;4632C;Commerce de gros (commerce interentreprises) de volailles et gibier;Hommes
2019;4633Z;Commerce de gros (commerce interentreprises) de produits laitiers, œufs, huiles et matières grasses comestibles;Femmes
2019;4633Z;Commerce de gros (commerce interentreprises) de produits laitiers, œufs, huiles et matières grasses comestibles;Hommes
2019;4634Z;Commerce de gros (commerce interentreprises) de boissons;Femmes
2019;4634Z;Commerce de gros (commerce interentreprises) de boissons;Hommes
2019;4635Z;Commerce de gros (commerce interentreprises) de produits à base de tabac;Femmes
2019;4635Z;Commerce de gros (commerce interentreprises) de produits à base de tabac;Hommes
2019;4636Z;Commerce de gros (commerce interentreprises) de sucre, chocolat et confiserie;Femmes
2019;4636Z;Commerce de gros (commerce interentreprises) de sucre, chocolat et confiserie;Hommes
2019;4637Z;Commerce de gros (commerce interentreprises) de café, thé, cacao et épices;Femmes
2019;4637Z;Commerce de gros (commerce interentreprises) de café, thé, cacao et épices;Hommes
2019;4638A;Commerce de gros (commerce interentreprises) de poissons, crustacés et mollusques;Femmes
2019;4638A;Commerce de gros (commerce interentreprises) de poissons, crustacés et mollusques;Hommes
2019;4638B;Commerce de gros (commerce interentreprises) alimentaire spécialisé divers;Femmes
2019;4638B;Commerce de gros (commerce interentreprises) alimentaire spécialisé divers;Hommes
2019;4639A;Commerce de gros (commerce interentreprises) de produits surgelés;Femmes
2019;4639A;Commerce de gros (commerce interentreprises) de produits surgelés;Hommes
2019;4639B;Commerce de gros (commerce interentreprises) alimentaire non spécialisé;Femmes
2019;4639B;Commerce de gros (commerce interentreprises) alimentaire non spécialisé;Hommes
2019;4641Z;Commerce de gros (commerce interentreprises) de textiles;Femmes
2019;4641Z;Commerce de gros (commerce interentreprises) de textiles;Hommes
2019;4642Z;Commerce de gros (commerce interentreprises) d'habillement et de chaussures;Femmes
2019;4642Z;Commerce de gros (commerce interentreprises) d'habillement et de chaussures;Hommes
2019;4643Z;Commerce de gros (commerce interentreprises) d'appareils électroménagers;Femmes
2019;4643Z;Commerce de gros (commerce interentreprises) d'appareils électroménagers;Hommes
2019;4644Z;Commerce de gros (commerce interentreprises) de vaisselle, verrerie et produits d'entretien;Femmes
2019;4644Z;Commerce de gros (commerce interentreprises) de vaisselle, verrerie et produits d'entretien;Hommes
2019;4645Z;Commerce de gros (commerce interentreprises) de parfumerie et de produits de beauté;Femmes
2019;4645Z;Commerce de gros (commerce interentreprises) de parfumerie et de produits de beauté;Hommes
2019;4646Z;Commerce de gros (commerce interentreprises) de produits pharmaceutiques;Femmes
2019;4646Z;Commerce de gros (commerce interentreprises) de produits pharmaceutiques;Hommes
2019;4647Z;Commerce de gros (commerce interentreprises) de meubles, de tapis et d'appareils d'éclairage;Femmes
2019;4647Z;Commerce de gros (commerce interentreprises) de meubles, de tapis et d'appareils d'éclairage;Hommes
2019;4648Z;Commerce de gros (commerce interentreprises) d'articles d'horlogerie et de bijouterie;Femmes
2019;4648Z;Commerce de gros (commerce interentreprises) d'articles d'horlogerie et de bijouterie;Hommes
2019;4649Z;Commerce de gros (commerce interentreprises) d'autres biens domestiques;Femmes
2019;4649Z;Commerce de gros (commerce interentreprises) d'autres biens domestiques;Hommes
2019;4651Z;Commerce de gros (commerce interentreprises) d'ordinateurs, d'équipements informatiques périphériques et de logiciels;Femmes
2019;4651Z;Commerce de gros (commerce interentreprises) d'ordinateurs, d'équipements informatiques périphériques et de logiciels;Hommes
2019;4652Z;Commerce de gros (commerce interentreprises) de composants et d'équipements électroniques et de télécommunication;Femmes
2019;4652Z;Commerce de gros (commerce interentreprises) de composants et d'équipements électroniques et de télécommunication;Hommes
2019;4661Z;Commerce de gros (commerce interentreprises) de matériel agricole;Femmes
2019;4661Z;Commerce de gros (commerce interentreprises) de matériel agricole;Hommes
2019;4662Z;Commerce de gros (commerce interentreprises) de machines-outils;Femmes
2019;4662Z;Commerce de gros (commerce interentreprises) de machines-outils;Hommes
2019;4663Z;Commerce de gros (commerce interentreprises) de machines pour l'extraction, la construction et le génie civil;Femmes
2019;4663Z;Commerce de gros (commerce interentreprises) de machines pour l'extraction, la construction et le génie civil;Hommes
2019;4664Z;Commerce de gros (commerce interentreprises) de machines pour l'industrie textile et l'habillement;Femmes
2019;4664Z;Commerce de gros (commerce interentreprises) de machines pour l'industrie textile et l'habillement;Hommes
2019;4665Z;Commerce de gros (commerce interentreprises) de mobilier de bureau;Femmes
2019;4665Z;Commerce de gros (commerce interentreprises) de mobilier de bureau;Hommes
2019;4666Z;Commerce de gros (commerce interentreprises) d'autres machines et équipements de bureau;Femmes
2019;4666Z;Commerce de gros (commerce interentreprises) d'autres machines et équipements de bureau;Hommes
2019;4669A;Commerce de gros (commerce interentreprises) de matériel électrique;Femmes
2019;4669A;Commerce de gros (commerce interentreprises) de matériel électrique;Hommes
2019;4669B;Commerce de gros (commerce interentreprises) de fournitures et équipements industriels divers;Femmes
2019;4669B;Commerce de gros (commerce interentreprises) de fournitures et équipements industriels divers;Hommes
2019;4669C;Commerce de gros (commerce interentreprises) de fournitures et équipements divers pour le commerce et les services;Femmes
2019;4669C;Commerce de gros (commerce interentreprises) de fournitures et équipements divers pour le commerce et les services;Hommes
2019;4671Z;Commerce de gros (commerce interentreprises) de combustibles et de produits annexes;Femmes
2019;4671Z;Commerce de gros (commerce interentreprises) de combustibles et de produits annexes;Hommes
2019;4672Z;Commerce de gros (commerce interentreprises) de minerais et métaux;Femmes
2019;4672Z;Commerce de gros (commerce interentreprises) de minerais et métaux;Hommes
2019;4673A;Commerce de gros (commerce interentreprises) de bois et de matériaux de construction;Femmes
2019;4673A;Commerce de gros (commerce interentreprises) de bois et de matériaux de construction;Hommes
2019;4673B;Commerce de gros (commerce interentreprises) d'appareils sanitaires et de produits de décoration;Femmes
2019;4673B;Commerce de gros (commerce interentreprises) d'appareils sanitaires et de produits de décoration;Hommes
2019;4674A;Commerce de gros (commerce interentreprises) de quincaillerie;Femmes
2019;4674A;Commerce de gros (commerce interentreprises) de quincaillerie;Hommes
2019;4674B;Commerce de gros (commerce interentreprises) de fournitures pour la plomberie et le chauffage;Femmes
2019;4674B;Commerce de gros (commerce interentreprises) de fournitures pour la plomberie et le chauffage;Hommes
2019;4675Z;Commerce de gros (commerce interentreprises) de produits chimiques;Femmes
2019;4675Z;Commerce de gros (commerce interentreprises) de produits chimiques;Hommes
2019;4676Z;Commerce de gros (commerce interentreprises) d'autres produits intermédiaires;Femmes
2019;4676Z;Commerce de gros (commerce interentreprises) d'autres produits intermédiaires;Hommes
2019;4677Z;Commerce de gros (commerce interentreprises) de déchets et débris;Femmes
2019;4677Z;Commerce de gros (commerce interentreprises) de déchets et débris;Hommes
2019;4690Z;Commerce de gros (commerce interentreprises) non spécialisé;Femmes
2019;4690Z;Commerce de gros (commerce interentreprises) non spécialisé;Hommes
2019;4711A;Commerce de détail de produits surgelés;Femmes
2019;4711A;Commerce de détail de produits surgelés;Hommes
2019;4711B;Commerce d'alimentation générale;Femmes
2019;4711B;Commerce d'alimentation générale;Hommes
2019;4711C;Supérettes;Femmes
2019;4711C;Supérettes;Hommes
2019;4711D;Supermarchés;Femmes
2019;4711D;Supermarchés;Hommes
2019;4711E;Magasins multi-commerces;Femmes
2019;4711E;Magasins multi-commerces;Hommes
2019;4711F;Hypermarchés;Femmes
2019;4711F;Hypermarchés;Hommes
2019;4719A;Grands magasins;Femmes
2019;4719A;Grands magasins;Hommes
2019;4719B;Autres commerces de détail en magasin non spécialisé;Femmes
2019;4719B;Autres commerces de détail en magasin non spécialisé;Hommes
2019;4721Z;Commerce de détail de fruits et légumes en magasin spécialisé;Femmes
2019;4721Z;Commerce de détail de fruits et légumes en magasin spécialisé;Hommes
2019;4722Z;Commerce de détail de viandes et de produits à base de viande en magasin spécialisé;Femmes
2019;4722Z;Commerce de détail de viandes et de produits à base de viande en magasin spécialisé;Hommes
2019;4723Z;Commerce de détail de poissons, crustacés et mollusques en magasin spécialisé;Femmes
2019;4723Z;Commerce de détail de poissons, crustacés et mollusques en magasin spécialisé;Hommes
2019;4724Z;Commerce de détail de pain, pâtisserie et confiserie en magasin spécialisé;Femmes
2019;4724Z;Commerce de détail de pain, pâtisserie et confiserie en magasin spécialisé;Hommes
2019;4725Z;Commerce de détail de boissons en magasin spécialisé;Femmes
2019;4725Z;Commerce de détail de boissons en magasin spécialisé;Hommes
2019;4726Z;Commerce de détail de produits à base de tabac en magasin spécialisé;Femmes
2019;4726Z;Commerce de détail de produits à base de tabac en magasin spécialisé;Hommes
2019;4729Z;Autres commerces de détail alimentaires en magasin spécialisé;Femmes
2019;4729Z;Autres commerces de détail alimentaires en magasin spécialisé;Hommes
2019;4730Z;Commerce de détail de carburants en magasin spécialisé;Femmes
2019;4730Z;Commerce de détail de carburants en magasin spécialisé;Hommes
2019;4741Z;Commerce de détail d'ordinateurs, d'unités périphériques et de logiciels en magasin spécialisé;Femmes
2019;4741Z;Commerce de détail d'ordinateurs, d'unités périphériques et de logiciels en magasin spécialisé;Hommes
2019;4742Z;Commerce de détail de matériels de télécommunication en magasin spécialisé;Femmes
2019;4742Z;Commerce de détail de matériels de télécommunication en magasin spécialisé;Hommes
2019;4743Z;Commerce de détail de matériels audio et vidéo en magasin spécialisé;Femmes
2019;4743Z;Commerce de détail de matériels audio et vidéo en magasin spécialisé;Hommes
2019;4751Z;Commerce de détail de textiles en magasin spécialisé;Femmes
2019;4751Z;Commerce de détail de textiles en magasin spécialisé;Hommes
2019;4752A;Commerce de détail de quincaillerie, peintures et verres en petites surfaces (moins de 400 m²);Femmes
2019;4752A;Commerce de détail de quincaillerie, peintures et verres en petites surfaces (moins de 400 m²);Hommes
2019;4752B;Commerce de détail de quincaillerie, peintures et verres en grandes surfaces (400 m² et plus);Femmes
2019;4752B;Commerce de détail de quincaillerie, peintures et verres en grandes surfaces (400 m² et plus);Hommes
2019;4753Z;Commerce de détail de tapis, moquettes et revêtements de murs et de sols en magasin spécialisé;Femmes
2019;4753Z;Commerce de détail de tapis, moquettes et revêtements de murs et de sols en magasin spécialisé;Hommes
2019;4754Z;Commerce de détail d'appareils électroménagers en magasin spécialisé;Femmes
2019;4754Z;Commerce de détail d'appareils électroménagers en magasin spécialisé;Hommes
2019;4759A;Commerce de détail de meubles;Femmes
2019;4759A;Commerce de détail de meubles;Hommes
2019;4759B;Commerce de détail d'autres équipements du foyer;Femmes
2019;4759B;Commerce de détail d'autres équipements du foyer;Hommes
2019;4761Z;Commerce de détail de livres en magasin spécialisé;Femmes
2019;4761Z;Commerce de détail de livres en magasin spécialisé;Hommes
2019;4762Z;Commerce de détail de journaux et papeterie en magasin spécialisé;Femmes
2019;4762Z;Commerce de détail de journaux et papeterie en magasin spécialisé;Hommes
2019;4763Z;Commerce de détail d'enregistrements musicaux et vidéo en magasin spécialisé;Femmes
2019;4763Z;Commerce de détail d'enregistrements musicaux et vidéo en magasin spécialisé;Hommes
2019;4764Z;Commerce de détail d'articles de sport en magasin spécialisé;Femmes
2019;4764Z;Commerce de détail d'articles de sport en magasin spécialisé;Hommes
2019;4765Z;Commerce de détail de jeux et jouets en magasin spécialisé;Femmes
2019;4765Z;Commerce de détail de jeux et jouets en magasin spécialisé;Hommes
2019;4771Z;Commerce de détail d'habillement en magasin spécialisé;Femmes
2019;4771Z;Commerce de détail d'habillement en magasin spécialisé;Hommes
2019;4772A;Commerce de détail de la chaussure;Femmes
2019;4772A;Commerce de détail de la chaussure;Hommes
2019;4772B;Commerce de détail de maroquinerie et d'articles de voyage;Femmes
2019;4772B;Commerce de détail de maroquinerie et d'articles de voyage;Hommes
2019;4773Z;Commerce de détail de produits pharmaceutiques en magasin spécialisé;Femmes
2019;4773Z;Commerce de détail de produits pharmaceutiques en magasin spécialisé;Hommes
2019;4774Z;Commerce de détail d'articles médicaux et orthopédiques en magasin spécialisé;Femmes
2019;4774Z;Commerce de détail d'articles médicaux et orthopédiques en magasin spécialisé;Hommes
2019;4775Z;Commerce de détail de parfumerie et de produits de beauté en magasin spécialisé;Femmes
2019;4775Z;Commerce de détail de parfumerie et de produits de beauté en magasin spécialisé;Hommes
2019;4776Z;Commerce de détail de fleurs, plantes, graines, engrais, animaux de compagnie et aliments pour ces animaux en magasin spécialisé;Femmes
2019;4776Z;Commerce de détail de fleurs, plantes, graines, engrais, animaux de compagnie et aliments pour ces animaux en magasin spécialisé;Hommes
2019;4777Z;Commerce de détail d'articles d'horlogerie et de bijouterie en magasin spécialisé;Femmes
2019;4777Z;Commerce de détail d'articles d'horlogerie et de bijouterie en magasin spécialisé;Hommes
2019;4778A;Commerces de détail d'optique;Femmes
2019;4778A;Commerces de détail d'optique;Hommes
2019;4778B;Commerces de détail de charbons et combustibles;Femmes
2019;4778B;Commerces de détail de charbons et combustibles;Hommes
2019;4778C;Autres commerces de détail spécialisés divers;Femmes
2019;4778C;Autres commerces de détail spécialisés divers;Hommes
2019;4779Z;Commerce de détail de biens d'occasion en magasin;Femmes
2019;4779Z;Commerce de détail de biens d'occasion en magasin;Hommes
2019;4781Z;Commerce de détail alimentaire sur éventaires et marchés;Femmes
2019;4781Z;Commerce de détail alimentaire sur éventaires et marchés;Hommes
2019;4782Z;Commerce de détail de textiles, d'habillement et de chaussures sur éventaires et marchés;Femmes
2019;4782Z;Commerce de détail de textiles, d'habillement et de chaussures sur éventaires et marchés;Hommes
2019;4789Z;Autres commerces de détail sur éventaires et marchés;Femmes
2019;4789Z;Autres commerces de détail sur éventaires et marchés;Hommes
2019;4791A;Vente à distance sur catalogue général;Femmes
2019;4791A;Vente à distance sur catalogue général;Hommes
2019;4791B;Vente à distance sur catalogue spécialisé;Femmes
2019;4791B;Vente à distance sur catalogue spécialisé;Hommes
2019;4799A;Vente à domicile;Femmes
2019;4799A;Vente à domicile;Hommes
2019;4799B;Vente par automates et autres commerces de détail hors magasin, éventaires ou marchés n.c.a.;Femmes
2019;4799B;Vente par automates et autres commerces de détail hors magasin, éventaires ou marchés n.c.a.;Hommes
2019;4910Z;Transport ferroviaire interurbain de voyageurs;Femmes
2019;4910Z;Transport ferroviaire interurbain de voyageurs;Hommes
2019;4920Z;Transports ferroviaires de fret;Femmes
2019;4920Z;Transports ferroviaires de fret;Hommes
2019;4931Z;Transports urbains et suburbains de voyageurs;Femmes
2019;4931Z;Transports urbains et suburbains de voyageurs;Hommes
2019;4932Z;Transports de voyageurs par taxis;Femmes
2019;4932Z;Transports de voyageurs par taxis;Hommes
2019;4939A;Transports routiers réguliers de voyageurs;Femmes
2019;4939A;Transports routiers réguliers de voyageurs;Hommes
2019;4939B;Autres transports routiers de voyageurs;Femmes
2019;4939B;Autres transports routiers de voyageurs;Hommes
2019;4939C;Téléphériques et remontées mécaniques;Femmes
2019;4939C;Téléphériques et remontées mécaniques;Hommes
2019;4941A;Transports routiers de fret interurbains;Femmes
2019;4941A;Transports routiers de fret interurbains;Hommes
2019;4941B;Transports routiers de fret de proximité;Femmes
2019;4941B;Transports routiers de fret de proximité;Hommes
2019;4941C;Location de camions avec chauffeur;Femmes
2019;4941C;Location de camions avec chauffeur;Hommes
2019;4942Z;Services de déménagement;Femmes
2019;4942Z;Services de déménagement;Hommes
2019;4950Z;Transports par conduites;Femmes
2019;4950Z;Transports par conduites;Hommes
2019;5010Z;Transports maritimes et côtiers de passagers;Femmes
2019;5010Z;Transports maritimes et côtiers de passagers;Hommes
2019;5020Z;Transports maritimes et côtiers de fret;Femmes
2019;5020Z;Transports maritimes et côtiers de fret;Hommes
2019;5030Z;Transports fluviaux de passagers;Femmes
2019;5030Z;Transports fluviaux de passagers;Hommes
2019;5040Z;Transports fluviaux de fret;Femmes
2019;5040Z;Transports fluviaux de fret;Hommes
2019;5110Z;Transports aériens de passagers;Femmes
2019;5110Z;Transports aériens de passagers;Hommes
2019;5121Z;Transports aériens de fret;Femmes
2019;5121Z;Transports aériens de fret;Hommes
2019;5122Z;Transports spatiaux;Femmes
2019;5122Z;Transports spatiaux;Hommes
2019;5210A;Entreposage et stockage frigorifique;Femmes
2019;5210A;Entreposage et stockage frigorifique;Hommes
2019;5210B;Entreposage et stockage non frigorifique;Femmes
2019;5210B;Entreposage et stockage non frigorifique;Hommes
2019;5221Z;Services auxiliaires des transports terrestres;Femmes
2019;5221Z;Services auxiliaires des transports terrestres;Hommes
2019;5222Z;Services auxiliaires des transports par eau;Femmes
2019;5222Z;Services auxiliaires des transports par eau;Hommes
2019;5223Z;Services auxiliaires des transports aériens;Femmes
2019;5223Z;Services auxiliaires des transports aériens;Hommes
2019;5224A;Manutention portuaire;Femmes
2019;5224A;Manutention portuaire;Hommes
2019;5224B;Manutention non portuaire;Femmes
2019;5224B;Manutention non portuaire;Hommes
2019;5229A;Messagerie, fret express;Femmes
2019;5229A;Messagerie, fret express;Hommes
2019;5229B;Affrètement et organisation des transports;Femmes
2019;5229B;Affrètement et organisation des transports;Hommes
2019;5310Z;Activités de poste dans le cadre d'une obligation de service universel;Femmes
2019;5310Z;Activités de poste dans le cadre d'une obligation de service universel;Hommes
2019;5320Z;Autres activités de poste et de courrier;Femmes
2019;5320Z;Autres activités de poste et de courrier;Hommes
2019;5510Z;Hôtels et hébergement similaire;Femmes
2019;5510Z;Hôtels et hébergement similaire;Hommes
2019;5520Z;Hébergement touristique et autre hébergement de courte durée;Femmes
2019;5520Z;Hébergement touristique et autre hébergement de courte durée;Hommes
2019;5530Z;Terrains de camping et parcs pour caravanes ou véhicules de loisirs;Femmes
2019;5530Z;Terrains de camping et parcs pour caravanes ou véhicules de loisirs;Hommes
2019;5590Z;Autres hébergements;Femmes
2019;5590Z;Autres hébergements;Hommes
2019;5610A;Restauration traditionnelle;Femmes
2019;5610A;Restauration traditionnelle;Hommes
2019;5610B;Cafétérias et autres libres-services;Femmes
2019;5610B;Cafétérias et autres libres-services;Hommes
2019;5610C;Restauration de type rapide;Femmes
2019;5610C;Restauration de type rapide;Hommes
2019;5621Z;Services des traiteurs;Femmes
2019;5621Z;Services des traiteurs;Hommes
2019;5629A;Restauration collective sous contrat;Femmes
2019;5629A;Restauration collective sous contrat;Hommes
2019;5629B;Autres services de restauration n.c.a.;Femmes
2019;5629B;Autres services de restauration n.c.a.;Hommes
2019;5630Z;Débits de boissons;Femmes
2019;5630Z;Débits de boissons;Hommes
2019;5811Z;Édition de livres;Femmes
2019;5811Z;Édition de livres;Hommes
2019;5812Z;Édition de répertoires et de fichiers d'adresses;Femmes
2019;5812Z;Édition de répertoires et de fichiers d'adresses;Hommes
2019;5813Z;Édition de journaux;Femmes
2019;5813Z;Édition de journaux;Hommes
2019;5814Z;Édition de revues et périodiques;Femmes
2019;5814Z;Édition de revues et périodiques;Hommes
2019;5819Z;Autres activités d'édition;Femmes
2019;5819Z;Autres activités d'édition;Hommes
2019;5821Z;Édition de jeux électroniques;Femmes
2019;5821Z;Édition de jeux électroniques;Hommes
2019;5829A;Édition de logiciels système et de réseau;Femmes
2019;5829A;Édition de logiciels système et de réseau;Hommes
2019;5829B;Édition de logiciels outils de développement et de langages;Femmes
2019;5829B;Édition de logiciels outils de développement et de langages;Hommes
2019;5829C;Édition de logiciels applicatifs;Femmes
2019;5829C;Édition de logiciels applicatifs;Hommes
2019;5911A;Production de films et de programmes pour la télévision;Femmes
2019;5911A;Production de films et de programmes pour la télévision;Hommes
2019;5911B;Production de films institutionnels et publicitaires;Femmes
2019;5911B;Production de films institutionnels et publicitaires;Hommes
2019;5911C;Production de films pour le cinéma;Femmes
2019;5911C;Production de films pour le cinéma;Hommes
2019;5912Z;Post-production de films cinématographiques, de vidéo et de programmes de télévision;Femmes
2019;5912Z;Post-production de films cinématographiques, de vidéo et de programmes de télévision;Hommes
2019;5913A;Distribution de films cinématographiques;Femmes
2019;5913A;Distribution de films cinématographiques;Hommes
2019;5913B;Édition et distribution vidéo;Femmes
2019;5913B;Édition et distribution vidéo;Hommes
2019;5914Z;Projection de films cinématographiques;Femmes
2019;5914Z;Projection de films cinématographiques;Hommes
2019;5920Z;Enregistrement sonore et édition musicale;Femmes
2019;5920Z;Enregistrement sonore et édition musicale;Hommes
2019;6010Z;Édition et diffusion de programmes radio;Femmes
2019;6010Z;Édition et diffusion de programmes radio;Hommes
2019;6020A;Édition de chaînes généralistes;Femmes
2019;6020A;Édition de chaînes généralistes;Hommes
2019;6020B;Édition de chaînes thématiques;Femmes
2019;6020B;Édition de chaînes thématiques;Hommes
2019;6110Z;Télécommunications filaires;Femmes
2019;6110Z;Télécommunications filaires;Hommes
2019;6120Z;Télécommunications sans fil;Femmes
2019;6120Z;Télécommunications sans fil;Hommes
2019;6130Z;Télécommunications par satellite;Femmes
2019;6130Z;Télécommunications par satellite;Hommes
2019;6190Z;Autres activités de télécommunication;Femmes
2019;6190Z;Autres activités de télécommunication;Hommes
2019;6201Z;Programmation informatique;Femmes
2019;6201Z;Programmation informatique;Hommes
2019;6202A;Conseil en systèmes et logiciels informatiques;Femmes
2019;6202A;Conseil en systèmes et logiciels informatiques;Hommes
2019;6202B;Tierce maintenance de systèmes et d'applications informatiques;Femmes
2019;6202B;Tierce maintenance de systèmes et d'applications informatiques;Hommes
2019;6203Z;Gestion d'installations informatiques;Femmes
2019;6203Z;Gestion d'installations informatiques;Hommes
2019;6209Z;Autres activités informatiques;Femmes
2019;6209Z;Autres activités informatiques;Hommes
2019;6311Z;Traitement de données, hébergement et activités connexes;Femmes
2019;6311Z;Traitement de données, hébergement et activités connexes;Hommes
2019;6312Z;Portails Internet;Femmes
2019;6312Z;Portails Internet;Hommes
2019;6391Z;Activités des agences de presse;Femmes
2019;6391Z;Activités des agences de presse;Hommes
2019;6399Z;Autres services d'information n.c.a.;Femmes
2019;6399Z;Autres services d'information n.c.a.;Hommes
2019;6411Z;Activités de banque centrale;Femmes
2019;6411Z;Activités de banque centrale;Hommes
2019;6419Z;Autres intermédiations monétaires;Femmes
2019;6419Z;Autres intermédiations monétaires;Hommes
2019;6420Z;Activités des sociétés holding;Femmes
2019;6420Z;Activités des sociétés holding;Hommes
2019;6430Z;Fonds de placement et entités financières similaires;Femmes
2019;6430Z;Fonds de placement et entités financières similaires;Hommes
2019;6491Z;Crédit-bail;Femmes
2019;6491Z;Crédit-bail;Hommes
2019;6492Z;Autre distribution de crédit;Femmes
2019;6492Z;Autre distribution de crédit;Hommes
2019;6499Z;Autres activités des services financiers, hors assurance et caisses de retraite, n.c.a.;Femmes
2019;6499Z;Autres activités des services financiers, hors assurance et caisses de retraite, n.c.a.;Hommes
2019;6511Z;Assurance vie;Femmes
2019;6511Z;Assurance vie;Hommes
2019;6512Z;Autres assurances;Femmes
2019;6512Z;Autres assurances;Hommes
2019;6520Z;Réassurance;Femmes
2019;6520Z;Réassurance;Hommes
2019;6530Z;Caisses de retraite;Femmes
2019;6530Z;Caisses de retraite;Hommes
2019;6611Z;Administration de marchés financiers;Femmes
2019;6611Z;Administration de marchés financiers;Hommes
2019;6612Z;Courtage de valeurs mobilières et de marchandises;Femmes
2019;6612Z;Courtage de valeurs mobilières et de marchandises;Hommes
2019;6619A;Supports juridiques de gestion de patrimoine mobilier;Femmes
2019;6619A;Supports juridiques de gestion de patrimoine mobilier;Hommes
2019;6619B;Autres activités auxiliaires de services financiers, hors assurance et caisses de retraite, n.c.a.;Femmes
2019;6619B;Autres activités auxiliaires de services financiers, hors assurance et caisses de retraite, n.c.a.;Hommes
2019;6621Z;Évaluation des risques et dommages;Femmes
2019;6621Z;Évaluation des risques et dommages;Hommes
2019;6622Z;Activités des agents et courtiers d'assurances;Femmes
2019;6622Z;Activités des agents et courtiers d'assurances;Hommes
2019;6629Z;Autres activités auxiliaires d'assurance et de caisses de retraite;Femmes
2019;6629Z;Autres activités auxiliaires d'assurance et de caisses de retraite;Hommes
2019;6630Z;Gestion de fonds;Femmes
2019;6630Z;Gestion de fonds;Hommes
2019;6810Z;Activités des marchands de biens immobiliers;Femmes
2019;6810Z;Activités des marchands de biens immobiliers;Hommes
2019;6820A;Location de logements;Femmes
2019;6820A;Location de logements;Hommes
2019;6820B;Location de terrains et d'autres biens immobiliers;Femmes
2019;6820B;Location de terrains et d'autres biens immobiliers;Hommes
2019;6831Z;Agences immobilières;Femmes
2019;6831Z;Agences immobilières;Hommes
2019;6832A;Administration d'immeubles et autres biens immobiliers;Femmes
2019;6832A;Administration d'immeubles et autres biens immobiliers;Hommes
2019;6832B;Supports juridiques de gestion de patrimoine immobilier;Femmes
2019;6832B;Supports juridiques de gestion de patrimoine immobilier;Hommes
2019;6910Z;Activités juridiques;Femmes
2019;6910Z;Activités juridiques;Hommes
2019;6920Z;Activités comptables;Femmes
2019;6920Z;Activités comptables;Hommes
2019;7010Z;Activités des sièges sociaux;Femmes
2019;7010Z;Activités des sièges sociaux;Hommes
2019;7021Z;Conseil en relations publiques et communication;Femmes
2019;7021Z;Conseil en relations publiques et communication;Hommes
2019;7022Z;Conseil pour les affaires et autres conseils de gestion;Femmes
2019;7022Z;Conseil pour les affaires et autres conseils de gestion;Hommes
2019;7111Z;Activités d'architecture;Femmes
2019;7111Z;Activités d'architecture;Hommes
2019;7112A;Activité des géomètres;Femmes
2019;7112A;Activité des géomètres;Hommes
2019;7112B;Ingénierie, études techniques;Femmes
2019;7112B;Ingénierie, études techniques;Hommes
2019;7120A;Contrôle technique automobile;Femmes
2019;7120A;Contrôle technique automobile;Hommes
2019;7120B;Analyses, essais et inspections techniques;Femmes
2019;7120B;Analyses, essais et inspections techniques;Hommes
2019;7211Z;Recherche-développement en biotechnologie;Femmes
2019;7211Z;Recherche-développement en biotechnologie;Hommes
2019;7219Z;Recherche-développement en autres sciences physiques et naturelles;Femmes
2019;7219Z;Recherche-développement en autres sciences physiques et naturelles;Hommes
2019;7220Z;Recherche-développement en sciences humaines et sociales;Femmes
2019;7220Z;Recherche-développement en sciences humaines et sociales;Hommes
2019;7311Z;Activités des agences de publicité;Femmes
2019;7311Z;Activités des agences de publicité;Hommes
2019;7312Z;Régie publicitaire de médias;Femmes
2019;7312Z;Régie publicitaire de médias;Hommes
2019;7320Z;Études de marché et sondages;Femmes
2019;7320Z;Études de marché et sondages;Hommes
2019;7410Z;Activités spécialisées de design;Femmes
2019;7410Z;Activités spécialisées de design;Hommes
2019;7420Z;Activités photographiques;Femmes
2019;7420Z;Activités photographiques;Hommes
2019;7430Z;Traduction et interprétation;Femmes
2019;7430Z;Traduction et interprétation;Hommes
2019;7490A;Activité des économistes de la construction;Femmes
2019;7490A;Activité des économistes de la construction;Hommes
2019;7490B;Activités spécialisées, scientifiques et techniques diverses;Femmes
2019;7490B;Activités spécialisées, scientifiques et techniques diverses;Hommes
2019;7500Z;Activités vétérinaires;Femmes
2019;7500Z;Activités vétérinaires;Hommes
2019;7711A;Location de courte durée de voitures et de véhicules automobiles légers;Femmes
2019;7711A;Location de courte durée de voitures et de véhicules automobiles légers;Hommes
2019;7711B;Location de longue durée de voitures et de véhicules automobiles légers;Femmes
2019;7711B;Location de longue durée de voitures et de véhicules automobiles légers;Hommes
2019;7712Z;Location et location-bail de camions;Femmes
2019;7712Z;Location et location-bail de camions;Hommes
2019;7721Z;Location et location-bail d'articles de loisirs et de sport;Femmes
2019;7721Z;Location et location-bail d'articles de loisirs et de sport;Hommes
2019;7722Z;Location de vidéocassettes et disques vidéo;Femmes
2019;7722Z;Location de vidéocassettes et disques vidéo;Hommes
2019;7729Z;Location et location-bail d'autres biens personnels et domestiques;Femmes
2019;7729Z;Location et location-bail d'autres biens personnels et domestiques;Hommes
2019;7731Z;Location et location-bail de machines et équipements agricoles;Femmes
2019;7731Z;Location et location-bail de machines et équipements agricoles;Hommes
2019;7732Z;Location et location-bail de machines et équipements pour la construction;Femmes
2019;7732Z;Location et location-bail de machines et équipements pour la construction;Hommes
2019;7733Z;Location et location-bail de machines de bureau et de matériel informatique;Femmes
2019;7733Z;Location et location-bail de machines de bureau et de matériel informatique;Hommes
2019;7734Z;Location et location-bail de matériels de transport par eau;Femmes
2019;7734Z;Location et location-bail de matériels de transport par eau;Hommes
2019;7735Z;Location et location-bail de matériels de transport aérien;Femmes
2019;7735Z;Location et location-bail de matériels de transport aérien;Hommes
2019;7739Z;Location et location-bail d'autres machines, équipements et biens matériels n.c.a.;Femmes
2019;7739Z;Location et location-bail d'autres machines, équipements et biens matériels n.c.a.;Hommes
2019;7740Z;Location-bail de propriété intellectuelle et de produits similaires, à l'exception des œuvres soumises à copyright;Femmes
2019;7740Z;Location-bail de propriété intellectuelle et de produits similaires, à l'exception des œuvres soumises à copyright;Hommes
2019;7810Z;Activités des agences de placement de main-d'œuvre;Femmes
2019;7810Z;Activités des agences de placement de main-d'œuvre;Hommes
2019;7820Z;Activités des agences de travail temporaire;Femmes
2019;7820Z;Activités des agences de travail temporaire;Hommes
2019;7830Z;Autre mise à disposition de ressources humaines;Femmes
2019;7830Z;Autre mise à disposition de ressources humaines;Hommes
2019;7911Z;Activités des agences de voyage;Femmes
2019;7911Z;Activités des agences de voyage;Hommes
2019;7912Z;Activités des voyagistes;Femmes
2019;7912Z;Activités des voyagistes;Hommes
2019;7990Z;Autres services de réservation et activités connexes;Femmes
2019;7990Z;Autres services de réservation et activités connexes;Hommes
2019;8010Z;Activités de sécurité privée;Femmes
2019;8010Z;Activités de sécurité privée;Hommes
2019;8020Z;Activités liées aux systèmes de sécurité;Femmes
2019;8020Z;Activités liées aux systèmes de sécurité;Hommes
2019;8030Z;Activités d'enquête;Femmes
2019;8030Z;Activités d'enquête;Hommes
2019;8110Z;Activités combinées de soutien lié aux bâtiments;Femmes
2019;8110Z;Activités combinées de soutien lié aux bâtiments;Hommes
2019;8121Z;Nettoyage courant des bâtiments;Femmes
2019;8121Z;Nettoyage courant des bâtiments;Hommes
2019;8122Z;Autres activités de nettoyage des bâtiments et nettoyage industriel;Femmes
2019;8122Z;Autres activités de nettoyage des bâtiments et nettoyage industriel;Hommes
2019;8129A;Désinfection, désinsectisation, dératisation;Femmes
2019;8129A;Désinfection, désinsectisation, dératisation;Hommes
2019;8129B;Autres activités de nettoyage n.c.a.;Femmes
2019;8129B;Autres activités de nettoyage n.c.a.;Hommes
2019;8130Z;Services d'aménagement paysager;Femmes
2019;8130Z;Services d'aménagement paysager;Hommes
2019;8211Z;Services administratifs combinés de bureau;Femmes
2019;8211Z;Services administratifs combinés de bureau;Hommes
2019;8219Z;Photocopie, préparation de documents et autres activités spécialisées de soutien de bureau;Femmes
2019;8219Z;Photocopie, préparation de documents et autres activités spécialisées de soutien de bureau;Hommes
2019;8220Z;Activités de centres d'appels;Femmes
2019;8220Z;Activités de centres d'appels;Hommes
2019;8230Z;Organisation de foires, salons professionnels et congrès;Femmes
2019;8230Z;Organisation de foires, salons professionnels et congrès;Hommes
2019;8291Z;Activités des agences de recouvrement de factures et des sociétés d'information financière sur la clientèle;Femmes
2019;8291Z;Activités des agences de recouvrement de factures et des sociétés d'information financière sur la clientèle;Hommes
2019;8292Z;Activités de conditionnement;Femmes
2019;8292Z;Activités de conditionnement;Hommes
2019;8299Z;Autres activités de soutien aux entreprises n.c.a.;Femmes
2019;8299Z;Autres activités de soutien aux entreprises n.c.a.;Hommes
2019;8411Z;Administration publique générale;Femmes
2019;8411Z;Administration publique générale;Hommes
2019;8412Z;Administration publique (tutelle) de la santé, de la formation, de la culture et des services sociaux, autre que sécurité sociale;Femmes
2019;8412Z;Administration publique (tutelle) de la santé, de la formation, de la culture et des services sociaux, autre que sécurité sociale;Hommes
2019;8413Z;Administration publique (tutelle) des activités économiques;Femmes
2019;8413Z;Administration publique (tutelle) des activités économiques;Hommes
2019;8421Z;Affaires étrangères;Femmes
2019;8421Z;Affaires étrangères;Hommes
2019;8422Z;Défense;Femmes
2019;8422Z;Défense;Hommes
2019;8423Z;Justice;Femmes
2019;8423Z;Justice;Hommes
2019;8424Z;Activités d'ordre public et de sécurité;Femmes
2019;8424Z;Activités d'ordre public et de sécurité;Hommes
2019;8425Z;Services du feu et de secours;Femmes
2019;8425Z;Services du feu et de secours;Hommes
2019;8430A;Activités générales de sécurité sociale;Femmes
2019;8430A;Activités générales de sécurité sociale;Hommes
2019;8430B;Gestion des retraites complémentaires;Femmes
2019;8430B;Gestion des retraites complémentaires;Hommes
2019;8430C;Distribution sociale de revenus;Femmes
2019;8430C;Distribution sociale de revenus;Hommes
2019;8510Z;Enseignement pré-primaire;Femmes
2019;8510Z;Enseignement pré-primaire;Hommes
2019;8520Z;Enseignement primaire;Femmes
2019;8520Z;Enseignement primaire;Hommes
2019;8531Z;Enseignement secondaire général;Femmes
2019;8531Z;Enseignement secondaire général;Hommes
2019;8532Z;Enseignement secondaire technique ou professionnel;Femmes
2019;8532Z;Enseignement secondaire technique ou professionnel;Hommes
2019;8541Z;Enseignement post-secondaire non supérieur;Femmes
2019;8541Z;Enseignement post-secondaire non supérieur;Hommes
2019;8542Z;Enseignement supérieur;Femmes
2019;8542Z;Enseignement supérieur;Hommes
2019;8551Z;Enseignement de disciplines sportives et d'activités de loisirs;Femmes
2019;8551Z;Enseignement de disciplines sportives et d'activités de loisirs;Hommes
2019;8552Z;Enseignement culturel;Femmes
2019;8552Z;Enseignement culturel;Hommes
2019;8553Z;Enseignement de la conduite;Femmes
2019;8553Z;Enseignement de la conduite;Hommes
2019;8559A;Formation continue d'adultes;Femmes
2019;8559A;Formation continue d'adultes;Hommes
2019;8559B;Autres enseignements;Femmes
2019;8559B;Autres enseignements;Hommes
2019;8560Z;Activités de soutien à l'enseignement;Femmes
2019;8560Z;Activités de soutien à l'enseignement;Hommes
2019;8610Z;Activités hospitalières;Femmes
2019;8610Z;Activités hospitalières;Hommes
2019;8621Z;Activité des médecins généralistes;Femmes
2019;8621Z;Activité des médecins généralistes;Hommes
2019;8622A;Activités de radiodiagnostic et de radiothérapie;Femmes
2019;8622A;Activités de radiodiagnostic et de radiothérapie;Hommes
2019;8622B;Activités chirurgicales;Femmes
2019;8622B;Activités chirurgicales;Hommes
2019;8622C;Autres activités des médecins spécialistes;Femmes
2019;8622C;Autres activités des médecins spécialistes;Hommes
2019;8623Z;Pratique dentaire;Femmes
2019;8623Z;Pratique dentaire;Hommes
2019;8690A;Ambulances;Femmes
2019;8690A;Ambulances;Hommes
2019;8690B;Laboratoires d'analyses médicales;Femmes
2019;8690B;Laboratoires d'analyses médicales;Hommes
2019;8690C;Centres de collecte et banques d'organes;Femmes
2019;8690C;Centres de collecte et banques d'organes;Hommes
2019;8690D;Activités des infirmiers et des sages-femmes;Femmes
2019;8690D;Activités des infirmiers et des sages-femmes;Hommes
2019;8690E;Activités des professionnels de la rééducation, de l'appareillage et des pédicures-podologues;Femmes
2019;8690E;Activités des professionnels de la rééducation, de l'appareillage et des pédicures-podologues;Hommes
2019;8690F;Activités de santé humaine non classées ailleurs;Femmes
2019;8690F;Activités de santé humaine non classées ailleurs;Hommes
2019;8710A;Hébergement médicalisé pour personnes âgées;Femmes
2019;8710A;Hébergement médicalisé pour personnes âgées;Hommes
2019;8710B;Hébergement médicalisé pour enfants handicapés;Femmes
2019;8710B;Hébergement médicalisé pour enfants handicapés;Hommes
2019;8710C;Hébergement médicalisé pour adultes handicapés et autre hébergement médicalisé;Femmes
2019;8710C;Hébergement médicalisé pour adultes handicapés et autre hébergement médicalisé;Hommes
2019;8720A;Hébergement social pour handicapés mentaux et malades mentaux;Femmes
2019;8720A;Hébergement social pour handicapés mentaux et malades mentaux;Hommes
2019;8720B;Hébergement social pour toxicomanes;Femmes
2019;8720B;Hébergement social pour toxicomanes;Hommes
2019;8730A;Hébergement social pour personnes âgées;Femmes
2019;8730A;Hébergement social pour personnes âgées;Hommes
2019;8730B;Hébergement social pour handicapés physiques;Femmes
2019;8730B;Hébergement social pour handicapés physiques;Hommes
2019;8790A;Hébergement social pour enfants en difficultés;Femmes
2019;8790A;Hébergement social pour enfants en difficultés;Hommes
2019;8790B;Hébergement social pour adultes et familles en difficultés et autre hébergement social;Femmes
2019;8790B;Hébergement social pour adultes et familles en difficultés et autre hébergement social;Hommes
2019;8810A;Aide à domicile;Femmes
2019;8810A;Aide à domicile;Hommes
2019;8810B;Accueil ou accompagnement sans hébergement d'adultes handicapés ou de personnes âgées;Femmes
2019;8810B;Accueil ou accompagnement sans hébergement d'adultes handicapés ou de personnes âgées;Hommes
2019;8810C;Aide par le travail;Femmes
2019;8810C;Aide par le travail;Hommes
2019;8891A;Accueil de jeunes enfants;Femmes
2019;8891A;Accueil de jeunes enfants;Hommes
2019;8891B;Accueil ou accompagnement sans hébergement d'enfants handicapés;Femmes
2019;8891B;Accueil ou accompagnement sans hébergement d'enfants handicapés;Hommes
2019;8899A;Autre accueil ou accompagnement sans hébergement d'enfants et d'adolescents;Femmes
2019;8899A;Autre accueil ou accompagnement sans hébergement d'enfants et d'adolescents;Hommes
2019;8899B;Action sociale sans hébergement n.c.a.;Femmes
2019;8899B;Action sociale sans hébergement n.c.a.;Hommes
2019;9001Z;Arts du spectacle vivant;Femmes
2019;9001Z;Arts du spectacle vivant;Hommes
2019;9002Z;Activités de soutien au spectacle vivant;Femmes
2019;9002Z;Activités de soutien au spectacle vivant;Hommes
2019;9003A;Création artistique relevant des arts plastiques;Femmes
2019;9003A;Création artistique relevant des arts plastiques;Hommes
2019;9003B;Autre création artistique;Femmes
2019;9003B;Autre création artistique;Hommes
2019;9004Z;Gestion de salles de spectacles;Femmes
2019;9004Z;Gestion de salles de spectacles;Hommes
2019;9101Z;Gestion des bibliothèques et des archives;Femmes
2019;9101Z;Gestion des bibliothèques et des archives;Hommes
2019;9102Z;Gestion des musées;Femmes
2019;9102Z;Gestion des musées;Hommes
2019;9103Z;Gestion des sites et monuments historiques et des attractions touristiques similaires;Femmes
2019;9103Z;Gestion des sites et monuments historiques et des attractions touristiques similaires;Hommes
2019;9104Z;Gestion des jardins botaniques et zoologiques et des réserves naturelles;Femmes
2019;9104Z;Gestion des jardins botaniques et zoologiques et des réserves naturelles;Hommes
2019;9200Z;Organisation de jeux de hasard et d'argent;Femmes
2019;9200Z;Organisation de jeux de hasard et d'argent;Hommes
2019;9311Z;Gestion d'installations sportives;Femmes
2019;9311Z;Gestion d'installations sportives;Hommes
2019;9312Z;Activités de clubs de sports;Femmes
2019;9312Z;Activités de clubs de sports;Hommes
2019;9313Z;Activités des centres de culture physique;Femmes
2019;9313Z;Activités des centres de culture physique;Hommes
2019;9319Z;Autres activités liées au sport;Femmes
2019;9319Z;Autres activités liées au sport;Hommes
2019;9321Z;Activités des parcs d'attractions et parcs à thèmes;Femmes
2019;9321Z;Activités des parcs d'attractions et parcs à thèmes;Hommes
2019;9329Z;Autres activités récréatives et de loisirs;Femmes
2019;9329Z;Autres activités récréatives et de loisirs;Hommes
2019;9411Z;Activités des organisations patronales et consulaires;Femmes
2019;9411Z;Activités des organisations patronales et consulaires;Hommes
2019;9412Z;Activités des organisations professionnelles;Femmes
2019;9412Z;Activités des organisations professionnelles;Hommes
2019;9420Z;Activités des syndicats de salariés;Femmes
2019;9420Z;Activités des syndicats de salariés;Hommes
2019;9491Z;Activités des organisations religieuses;Femmes
2019;9491Z;Activités des organisations religieuses;Hommes
2019;9492Z;Activités des organisations politiques;Femmes
2019;9492Z;Activités des organisations politiques;Hommes
2019;9499Z;Autres organisations fonctionnant par adhésion volontaire;Femmes
2019;9499Z;Autres organisations fonctionnant par adhésion volontaire;Hommes
2019;9511Z;Réparation d'ordinateurs et d'équipements périphériques;Femmes
2019;9511Z;Réparation d'ordinateurs et d'équipements périphériques;Hommes
2019;9512Z;Réparation d'équipements de communication;Femmes
2019;9512Z;Réparation d'équipements de communication;Hommes
2019;9521Z;Réparation de produits électroniques grand public;Femmes
2019;9521Z;Réparation de produits électroniques grand public;Hommes
2019;9522Z;Réparation d'appareils électroménagers et d'équipements pour la maison et le jardin;Femmes
2019;9522Z;Réparation d'appareils électroménagers et d'équipements pour la maison et le jardin;Hommes
2019;9523Z;Réparation de chaussures et d'articles en cuir;Femmes
2019;9523Z;Réparation de chaussures et d'articles en cuir;Hommes
2019;9524Z;Réparation de meubles et d'équipements du foyer;Femmes
2019;9524Z;Réparation de meubles et d'équipements du foyer;Hommes
2019;9525Z;Réparation d'articles d'horlogerie et de bijouterie;Femmes
2019;9525Z;Réparation d'articles d'horlogerie et de bijouterie;Hommes
2019;9529Z;Réparation d'autres biens personnels et domestiques;Femmes
2019;9529Z;Réparation d'autres biens personnels et domestiques;Hommes
2019;9601A;Blanchisserie-teinturerie de gros;Femmes
2019;9601A;Blanchisserie-teinturerie de gros;Hommes
2019;9601B;Blanchisserie-teinturerie de détail;Femmes
2019;9601B;Blanchisserie-teinturerie de détail;Hommes
2019;9602A;Coiffure;Femmes
2019;9602A;Coiffure;Hommes
2019;9602B;Soins de beauté;Femmes
2019;9602B;Soins de beauté;Hommes
2019;9603Z;Services funéraires;Femmes
2019;9603Z;Services funéraires;Hommes
2019;9604Z;Entretien corporel;Femmes
2019;9604Z;Entretien corporel;Hommes
2019;9609Z;Autres services personnels n.c.a.;Femmes
2019;9609Z;Autres services personnels n.c.a.;Hommes
2019;9700Z;Activités des ménages en tant qu'employeurs de personnel domestique;Femmes
2019;9700Z;Activités des ménages en tant qu'employeurs de personnel domestique;Hommes
2019;9810Z;Activités indifférenciées des ménages en tant que producteurs de biens pour usage propre;Femmes
2019;9810Z;Activités indifférenciées des ménages en tant que producteurs de biens pour usage propre;Hommes
2019;9820Z;Activités indifférenciées des ménages en tant que producteurs de services pour usage propre;Femmes
2019;9820Z;Activités indifférenciées des ménages en tant que producteurs de services pour usage propre;Hommes
2019;9900Z;Activités des organisations et organismes extraterritoriaux;Femmes
2019;9900Z;Activités des organisations et organismes extraterritoriaux;Hommes
2020;0111Z;Culture de céréales (à l'exception du riz), de légumineuses et de graines oléagineuses;Femmes
2020;0111Z;Culture de céréales (à l'exception du riz), de légumineuses et de graines oléagineuses;Hommes
2020;0112Z;Culture du riz;Femmes
2020;0112Z;Culture du riz;Hommes
2020;0113Z;Culture de légumes, de melons, de racines et de tubercules;Femmes
2020;0113Z;Culture de légumes, de melons, de racines et de tubercules;Hommes
2020;0114Z;Culture de la canne à sucre;Femmes
2020;0114Z;Culture de la canne à sucre;Hommes
2020;0115Z;Culture du tabac;Femmes
2020;0115Z;Culture du tabac;Hommes
2020;0116Z;Culture de plantes à fibres;Femmes
2020;0116Z;Culture de plantes à fibres;Hommes
2020;0119Z;Autres cultures non permanentes;Femmes
2020;0119Z;Autres cultures non permanentes;Hommes
2020;0121Z;Culture de la vigne;Femmes
2020;0121Z;Culture de la vigne;Hommes
2020;0122Z;Culture de fruits tropicaux et subtropicaux;Femmes
2020;0122Z;Culture de fruits tropicaux et subtropicaux;Hommes
2020;0123Z;Culture d'agrumes;Femmes
2020;0123Z;Culture d'agrumes;Hommes
2020;0124Z;Culture de fruits à pépins et à noyau;Femmes
2020;0124Z;Culture de fruits à pépins et à noyau;Hommes
2020;0125Z;Culture d'autres fruits d'arbres ou d'arbustes et de fruits à coque;Femmes
2020;0125Z;Culture d'autres fruits d'arbres ou d'arbustes et de fruits à coque;Hommes
2020;0126Z;Culture de fruits oléagineux;Femmes
2020;0126Z;Culture de fruits oléagineux;Hommes
2020;0127Z;Culture de plantes à boissons;Femmes
2020;0127Z;Culture de plantes à boissons;Hommes
2020;0128Z;Culture de plantes à épices, aromatiques, médicinales et pharmaceutiques;Femmes
2020;0128Z;Culture de plantes à épices, aromatiques, médicinales et pharmaceutiques;Hommes
2020;0129Z;Autres cultures permanentes;Femmes
2020;0129Z;Autres cultures permanentes;Hommes
2020;0130Z;Reproduction de plantes;Femmes
2020;0130Z;Reproduction de plantes;Hommes
2020;0141Z;Élevage de vaches laitières;Femmes
2020;0141Z;Élevage de vaches laitières;Hommes
2020;0142Z;Élevage d'autres bovins et de buffles;Femmes
2020;0142Z;Élevage d'autres bovins et de buffles;Hommes
2020;0143Z;Élevage de chevaux et d'autres équidés;Femmes
2020;0143Z;Élevage de chevaux et d'autres équidés;Hommes
2020;0144Z;Élevage de chameaux et d'autres camélidés;Femmes
2020;0144Z;Élevage de chameaux et d'autres camélidés;Hommes
2020;0145Z;Élevage d'ovins et de caprins;Femmes
2020;0145Z;Élevage d'ovins et de caprins;Hommes
2020;0146Z;Élevage de porcins;Femmes
2020;0146Z;Élevage de porcins;Hommes
2020;0147Z;Élevage de volailles;Femmes
2020;0147Z;Élevage de volailles;Hommes
2020;0149Z;Élevage d'autres animaux;Femmes
2020;0149Z;Élevage d'autres animaux;Hommes
2020;0150Z;Culture et élevage associés;Femmes
2020;0150Z;Culture et élevage associés;Hommes
2020;0161Z;Activités de soutien aux cultures;Femmes
2020;0161Z;Activités de soutien aux cultures;Hommes
2020;0162Z;Activités de soutien à la production animale;Femmes
2020;0162Z;Activités de soutien à la production animale;Hommes
2020;0163Z;Traitement primaire des récoltes;Femmes
2020;0163Z;Traitement primaire des récoltes;Hommes
2020;0164Z;Traitement des semences;Femmes
2020;0164Z;Traitement des semences;Hommes
2020;0170Z;Chasse, piégeage et services annexes;Femmes
2020;0170Z;Chasse, piégeage et services annexes;Hommes
2020;0210Z;Sylviculture et autres activités forestières;Femmes
2020;0210Z;Sylviculture et autres activités forestières;Hommes
2020;0220Z;Exploitation forestière;Femmes
2020;0220Z;Exploitation forestière;Hommes
2020;0230Z;Récolte de produits forestiers non ligneux poussant à l'état sauvage;Femmes
2020;0230Z;Récolte de produits forestiers non ligneux poussant à l'état sauvage;Hommes
2020;0240Z;Services de soutien à l'exploitation forestière;Femmes
2020;0240Z;Services de soutien à l'exploitation forestière;Hommes
2020;0311Z;Pêche en mer;Femmes
2020;0311Z;Pêche en mer;Hommes
2020;0312Z;Pêche en eau douce;Femmes
2020;0312Z;Pêche en eau douce;Hommes
2020;0321Z;Aquaculture en mer;Femmes
2020;0321Z;Aquaculture en mer;Hommes
2020;0322Z;Aquaculture en eau douce;Femmes
2020;0322Z;Aquaculture en eau douce;Hommes
2020;0510Z;Extraction de houille;Femmes
2020;0510Z;Extraction de houille;Hommes
2020;0520Z;Extraction de lignite;Femmes
2020;0520Z;Extraction de lignite;Hommes
2020;0610Z;Extraction de pétrole brut;Femmes
2020;0610Z;Extraction de pétrole brut;Hommes
2020;0620Z;Extraction de gaz naturel;Femmes
2020;0620Z;Extraction de gaz naturel;Hommes
2020;0710Z;Extraction de minerais de fer;Femmes
2020;0710Z;Extraction de minerais de fer;Hommes
2020;0721Z;Extraction de minerais d'uranium et de thorium;Femmes
2020;0721Z;Extraction de minerais d'uranium et de thorium;Hommes
2020;0729Z;Extraction d'autres minerais de métaux non ferreux;Femmes
2020;0729Z;Extraction d'autres minerais de métaux non ferreux;Hommes
2020;0811Z;Extraction de pierres ornementales et de construction, de calcaire industriel, de gypse, de craie et d'ardoise;Femmes
2020;0811Z;Extraction de pierres ornementales et de construction, de calcaire industriel, de gypse, de craie et d'ardoise;Hommes
2020;0812Z;Exploitation de gravières et sablières, extraction d'argiles et de kaolin;Femmes
2020;0812Z;Exploitation de gravières et sablières, extraction d'argiles et de kaolin;Hommes
2020;0891Z;Extraction des minéraux chimiques et d'engrais minéraux;Femmes
2020;0891Z;Extraction des minéraux chimiques et d'engrais minéraux;Hommes
2020;0892Z;Extraction de tourbe;Femmes
2020;0892Z;Extraction de tourbe;Hommes
2020;0893Z;Production de sel;Femmes
2020;0893Z;Production de sel;Hommes
2020;0899Z;Autres activités extractives n.c.a.;Femmes
2020;0899Z;Autres activités extractives n.c.a.;Hommes
2020;0910Z;Activités de soutien à l'extraction d'hydrocarbures;Femmes
2020;0910Z;Activités de soutien à l'extraction d'hydrocarbures;Hommes
2020;0990Z;Activités de soutien aux autres industries extractives;Femmes
2020;0990Z;Activités de soutien aux autres industries extractives;Hommes
2020;1011Z;Transformation et conservation de la viande de boucherie;Femmes
2020;1011Z;Transformation et conservation de la viande de boucherie;Hommes
2020;1012Z;Transformation et conservation de la viande de volaille;Femmes
2020;1012Z;Transformation et conservation de la viande de volaille;Hommes
2020;1013A;Préparation industrielle de produits à base de viande;Femmes
2020;1013A;Préparation industrielle de produits à base de viande;Hommes
2020;1013B;Charcuterie;Femmes
2020;1013B;Charcuterie;Hommes
2020;1020Z;Transformation et conservation de poisson, de crustacés et de mollusques;Femmes
2020;1020Z;Transformation et conservation de poisson, de crustacés et de mollusques;Hommes
2020;1031Z;Transformation et conservation de pommes de terre;Femmes
2020;1031Z;Transformation et conservation de pommes de terre;Hommes
2020;1032Z;Préparation de jus de fruits et légumes;Femmes
2020;1032Z;Préparation de jus de fruits et légumes;Hommes
2020;1039A;Autre transformation et conservation de légumes;Femmes
2020;1039A;Autre transformation et conservation de légumes;Hommes
2020;1039B;Transformation et conservation de fruits;Femmes
2020;1039B;Transformation et conservation de fruits;Hommes
2020;1041A;Fabrication d'huiles et graisses brutes;Femmes
2020;1041A;Fabrication d'huiles et graisses brutes;Hommes
2020;1041B;Fabrication d'huiles et graisses raffinées;Femmes
2020;1041B;Fabrication d'huiles et graisses raffinées;Hommes
2020;1042Z;Fabrication de margarine et graisses comestibles similaires;Femmes
2020;1042Z;Fabrication de margarine et graisses comestibles similaires;Hommes
2020;1051A;Fabrication de lait liquide et de produits frais;Femmes
2020;1051A;Fabrication de lait liquide et de produits frais;Hommes
2020;1051B;Fabrication de beurre;Femmes
2020;1051B;Fabrication de beurre;Hommes
2020;1051C;Fabrication de fromage;Femmes
2020;1051C;Fabrication de fromage;Hommes
2020;1051D;Fabrication d'autres produits laitiers;Femmes
2020;1051D;Fabrication d'autres produits laitiers;Hommes
2020;1052Z;Fabrication de glaces et sorbets;Femmes
2020;1052Z;Fabrication de glaces et sorbets;Hommes
2020;1061A;Meunerie;Femmes
2020;1061A;Meunerie;Hommes
2020;1061B;Autres activités du travail des grains;Femmes
2020;1061B;Autres activités du travail des grains;Hommes
2020;1062Z;Fabrication de produits amylacés;Femmes
2020;1062Z;Fabrication de produits amylacés;Hommes
2020;1071A;Fabrication industrielle de pain et de pâtisserie fraîche;Femmes
2020;1071A;Fabrication industrielle de pain et de pâtisserie fraîche;Hommes
2020;1071B;Cuisson de produits de boulangerie;Femmes
2020;1071B;Cuisson de produits de boulangerie;Hommes
2020;1071C;Boulangerie et boulangerie-pâtisserie;Femmes
2020;1071C;Boulangerie et boulangerie-pâtisserie;Hommes
2020;1071D;Pâtisserie;Femmes
2020;1071D;Pâtisserie;Hommes
2020;1072Z;Fabrication de biscuits, biscottes et pâtisseries de conservation;Femmes
2020;1072Z;Fabrication de biscuits, biscottes et pâtisseries de conservation;Hommes
2020;1073Z;Fabrication de pâtes alimentaires;Femmes
2020;1073Z;Fabrication de pâtes alimentaires;Hommes
2020;1081Z;Fabrication de sucre;Femmes
2020;1081Z;Fabrication de sucre;Hommes
2020;1082Z;Fabrication de cacao, chocolat et de produits de confiserie;Femmes
2020;1082Z;Fabrication de cacao, chocolat et de produits de confiserie;Hommes
2020;1083Z;Transformation du thé et du café;Femmes
2020;1083Z;Transformation du thé et du café;Hommes
2020;1084Z;Fabrication de condiments et assaisonnements;Femmes
2020;1084Z;Fabrication de condiments et assaisonnements;Hommes
2020;1085Z;Fabrication de plats préparés;Femmes
2020;1085Z;Fabrication de plats préparés;Hommes
2020;1086Z;Fabrication d'aliments homogénéisés et diététiques;Femmes
2020;1086Z;Fabrication d'aliments homogénéisés et diététiques;Hommes
2020;1089Z;Fabrication d'autres produits alimentaires n.c.a.;Femmes
2020;1089Z;Fabrication d'autres produits alimentaires n.c.a.;Hommes
2020;1091Z;Fabrication d'aliments pour animaux de ferme;Femmes
2020;1091Z;Fabrication d'aliments pour animaux de ferme;Hommes
2020;1092Z;Fabrication d'aliments pour animaux de compagnie;Femmes
2020;1092Z;Fabrication d'aliments pour animaux de compagnie;Hommes
2020;1101Z;Production de boissons alcooliques distillées;Femmes
2020;1101Z;Production de boissons alcooliques distillées;Hommes
2020;1102A;Fabrication de vins effervescents;Femmes
2020;1102A;Fabrication de vins effervescents;Hommes
2020;1102B;Vinification;Femmes
2020;1102B;Vinification;Hommes
2020;1103Z;Fabrication de cidre et de vins de fruits;Femmes
2020;1103Z;Fabrication de cidre et de vins de fruits;Hommes
2020;1104Z;Production d'autres boissons fermentées non distillées;Femmes
2020;1104Z;Production d'autres boissons fermentées non distillées;Hommes
2020;1105Z;Fabrication de bière;Femmes
2020;1105Z;Fabrication de bière;Hommes
2020;1106Z;Fabrication de malt;Femmes
2020;1106Z;Fabrication de malt;Hommes
2020;1107A;Industrie des eaux de table;Femmes
2020;1107A;Industrie des eaux de table;Hommes
2020;1107B;Production de boissons rafraîchissantes;Femmes
2020;1107B;Production de boissons rafraîchissantes;Hommes
2020;1200Z;Fabrication de produits à base de tabac;Femmes
2020;1200Z;Fabrication de produits à base de tabac;Hommes
2020;1310Z;Préparation de fibres textiles et filature;Femmes
2020;1310Z;Préparation de fibres textiles et filature;Hommes
2020;1320Z;Tissage;Femmes
2020;1320Z;Tissage;Hommes
2020;1330Z;Ennoblissement textile;Femmes
2020;1330Z;Ennoblissement textile;Hommes
2020;1391Z;Fabrication d'étoffes à mailles;Femmes
2020;1391Z;Fabrication d'étoffes à mailles;Hommes
2020;1392Z;Fabrication d'articles textiles, sauf habillement;Femmes
2020;1392Z;Fabrication d'articles textiles, sauf habillement;Hommes
2020;1393Z;Fabrication de tapis et moquettes;Femmes
2020;1393Z;Fabrication de tapis et moquettes;Hommes
2020;1394Z;Fabrication de ficelles, cordes et filets;Femmes
2020;1394Z;Fabrication de ficelles, cordes et filets;Hommes
2020;1395Z;Fabrication de non-tissés, sauf habillement;Femmes
2020;1395Z;Fabrication de non-tissés, sauf habillement;Hommes
2020;1396Z;Fabrication d'autres textiles techniques et industriels;Femmes
2020;1396Z;Fabrication d'autres textiles techniques et industriels;Hommes
2020;1399Z;Fabrication d'autres textiles n.c.a.;Femmes
2020;1399Z;Fabrication d'autres textiles n.c.a.;Hommes
2020;1411Z;Fabrication de vêtements en cuir;Femmes
2020;1411Z;Fabrication de vêtements en cuir;Hommes
2020;1412Z;Fabrication de vêtements de travail;Femmes
2020;1412Z;Fabrication de vêtements de travail;Hommes
2020;1413Z;Fabrication de vêtements de dessus;Femmes
2020;1413Z;Fabrication de vêtements de dessus;Hommes
2020;1414Z;Fabrication de vêtements de dessous;Femmes
2020;1414Z;Fabrication de vêtements de dessous;Hommes
2020;1419Z;Fabrication d'autres vêtements et accessoires;Femmes
2020;1419Z;Fabrication d'autres vêtements et accessoires;Hommes
2020;1420Z;Fabrication d'articles en fourrure;Femmes
2020;1420Z;Fabrication d'articles en fourrure;Hommes
2020;1431Z;Fabrication d'articles chaussants à mailles;Femmes
2020;1431Z;Fabrication d'articles chaussants à mailles;Hommes
2020;1439Z;Fabrication d'autres articles à mailles;Femmes
2020;1439Z;Fabrication d'autres articles à mailles;Hommes
2020;1511Z;"Apprêt et tannage des cuirs ; préparation et teinture des fourrures";Femmes
2020;1511Z;"Apprêt et tannage des cuirs ; préparation et teinture des fourrures";Hommes
2020;1512Z;Fabrication d'articles de voyage, de maroquinerie et de sellerie;Femmes
2020;1512Z;Fabrication d'articles de voyage, de maroquinerie et de sellerie;Hommes
2020;1520Z;Fabrication de chaussures;Femmes
2020;1520Z;Fabrication de chaussures;Hommes
2020;1610A;Sciage et rabotage du bois, hors imprégnation;Femmes
2020;1610A;Sciage et rabotage du bois, hors imprégnation;Hommes
2020;1610B;Imprégnation du bois;Femmes
2020;1610B;Imprégnation du bois;Hommes
2020;1621Z;Fabrication de placage et de panneaux de bois;Femmes
2020;1621Z;Fabrication de placage et de panneaux de bois;Hommes
2020;1622Z;Fabrication de parquets assemblés;Femmes
2020;1622Z;Fabrication de parquets assemblés;Hommes
2020;1623Z;Fabrication de charpentes et d'autres menuiseries;Femmes
2020;1623Z;Fabrication de charpentes et d'autres menuiseries;Hommes
2020;1624Z;Fabrication d'emballages en bois;Femmes
2020;1624Z;Fabrication d'emballages en bois;Hommes
2020;1629Z;"Fabrication d'objets divers en bois ; fabrication d'objets en liège, vannerie et sparterie";Femmes
2020;1629Z;"Fabrication d'objets divers en bois ; fabrication d'objets en liège, vannerie et sparterie";Hommes
2020;1711Z;Fabrication de pâte à papier;Femmes
2020;1711Z;Fabrication de pâte à papier;Hommes
2020;1712Z;Fabrication de papier et de carton;Femmes
2020;1712Z;Fabrication de papier et de carton;Hommes
2020;1721A;Fabrication de carton ondulé;Femmes
2020;1721A;Fabrication de carton ondulé;Hommes
2020;1721B;Fabrication de cartonnages;Femmes
2020;1721B;Fabrication de cartonnages;Hommes
2020;1721C;Fabrication d'emballages en papier;Femmes
2020;1721C;Fabrication d'emballages en papier;Hommes
2020;1722Z;Fabrication d'articles en papier à usage sanitaire ou domestique;Femmes
2020;1722Z;Fabrication d'articles en papier à usage sanitaire ou domestique;Hommes
2020;1723Z;Fabrication d'articles de papeterie;Femmes
2020;1723Z;Fabrication d'articles de papeterie;Hommes
2020;1724Z;Fabrication de papiers peints;Femmes
2020;1724Z;Fabrication de papiers peints;Hommes
2020;1729Z;Fabrication d'autres articles en papier ou en carton;Femmes
2020;1729Z;Fabrication d'autres articles en papier ou en carton;Hommes
2020;1811Z;Imprimerie de journaux;Femmes
2020;1811Z;Imprimerie de journaux;Hommes
2020;1812Z;Autre imprimerie (labeur);Femmes
2020;1812Z;Autre imprimerie (labeur);Hommes
2020;1813Z;Activités de pré-presse;Femmes
2020;1813Z;Activités de pré-presse;Hommes
2020;1814Z;Reliure et activités connexes;Femmes
2020;1814Z;Reliure et activités connexes;Hommes
2020;1820Z;Reproduction d'enregistrements;Femmes
2020;1820Z;Reproduction d'enregistrements;Hommes
2020;1910Z;Cokéfaction;Femmes
2020;1910Z;Cokéfaction;Hommes
2020;1920Z;Raffinage du pétrole;Femmes
2020;1920Z;Raffinage du pétrole;Hommes
2020;2011Z;Fabrication de gaz industriels;Femmes
2020;2011Z;Fabrication de gaz industriels;Hommes
2020;2012Z;Fabrication de colorants et de pigments;Femmes
2020;2012Z;Fabrication de colorants et de pigments;Hommes
2020;2013A;Enrichissement et retraitement de matières nucléaires;Femmes
2020;2013A;Enrichissement et retraitement de matières nucléaires;Hommes
2020;2013B;Fabrication d'autres produits chimiques inorganiques de base n.c.a.;Femmes
2020;2013B;Fabrication d'autres produits chimiques inorganiques de base n.c.a.;Hommes
2020;2014Z;Fabrication d'autres produits chimiques organiques de base;Femmes
2020;2014Z;Fabrication d'autres produits chimiques organiques de base;Hommes
2020;2015Z;Fabrication de produits azotés et d'engrais;Femmes
2020;2015Z;Fabrication de produits azotés et d'engrais;Hommes
2020;2016Z;Fabrication de matières plastiques de base;Femmes
2020;2016Z;Fabrication de matières plastiques de base;Hommes
2020;2017Z;Fabrication de caoutchouc synthétique;Femmes
2020;2017Z;Fabrication de caoutchouc synthétique;Hommes
2020;2020Z;Fabrication de pesticides et d'autres produits agrochimiques;Femmes
2020;2020Z;Fabrication de pesticides et d'autres produits agrochimiques;Hommes
2020;2030Z;Fabrication de peintures, vernis, encres et mastics;Femmes
2020;2030Z;Fabrication de peintures, vernis, encres et mastics;Hommes
2020;2041Z;Fabrication de savons, détergents et produits d'entretien;Femmes
2020;2041Z;Fabrication de savons, détergents et produits d'entretien;Hommes
2020;2042Z;Fabrication de parfums et de produits pour la toilette;Femmes
2020;2042Z;Fabrication de parfums et de produits pour la toilette;Hommes
2020;2051Z;Fabrication de produits explosifs;Femmes
2020;2051Z;Fabrication de produits explosifs;Hommes
2020;2052Z;Fabrication de colles;Femmes
2020;2052Z;Fabrication de colles;Hommes
2020;2053Z;Fabrication d'huiles essentielles;Femmes
2020;2053Z;Fabrication d'huiles essentielles;Hommes
2020;2059Z;Fabrication d'autres produits chimiques n.c.a.;Femmes
2020;2059Z;Fabrication d'autres produits chimiques n.c.a.;Hommes
2020;2060Z;Fabrication de fibres artificielles ou synthétiques;Femmes
2020;2060Z;Fabrication de fibres artificielles ou synthétiques;Hommes
2020;2110Z;Fabrication de produits pharmaceutiques de base;Femmes
2020;2110Z;Fabrication de produits pharmaceutiques de base;Hommes
2020;2120Z;Fabrication de préparations pharmaceutiques;Femmes
2020;2120Z;Fabrication de préparations pharmaceutiques;Hommes
2020;2211Z;Fabrication et rechapage de pneumatiques;Femmes
2020;2211Z;Fabrication et rechapage de pneumatiques;Hommes
2020;2219Z;Fabrication d'autres articles en caoutchouc;Femmes
2020;2219Z;Fabrication d'autres articles en caoutchouc;Hommes
2020;2221Z;Fabrication de plaques, feuilles, tubes et profilés en matières plastiques;Femmes
2020;2221Z;Fabrication de plaques, feuilles, tubes et profilés en matières plastiques;Hommes
2020;2222Z;Fabrication d'emballages en matières plastiques;Femmes
2020;2222Z;Fabrication d'emballages en matières plastiques;Hommes
2020;2223Z;Fabrication d'éléments en matières plastiques pour la construction;Femmes
2020;2223Z;Fabrication d'éléments en matières plastiques pour la construction;Hommes
2020;2229A;Fabrication de pièces techniques à base de matières plastiques;Femmes
2020;2229A;Fabrication de pièces techniques à base de matières plastiques;Hommes
2020;2229B;Fabrication de produits de consommation courante en matières plastiques;Femmes
2020;2229B;Fabrication de produits de consommation courante en matières plastiques;Hommes
2020;2311Z;Fabrication de verre plat;Femmes
2020;2311Z;Fabrication de verre plat;Hommes
2020;2312Z;Façonnage et transformation du verre plat;Femmes
2020;2312Z;Façonnage et transformation du verre plat;Hommes
2020;2313Z;Fabrication de verre creux;Femmes
2020;2313Z;Fabrication de verre creux;Hommes
2020;2314Z;Fabrication de fibres de verre;Femmes
2020;2314Z;Fabrication de fibres de verre;Hommes
2020;2319Z;Fabrication et façonnage d'autres articles en verre, y compris verre technique;Femmes
2020;2319Z;Fabrication et façonnage d'autres articles en verre, y compris verre technique;Hommes
2020;2320Z;Fabrication de produits réfractaires;Femmes
2020;2320Z;Fabrication de produits réfractaires;Hommes
2020;2331Z;Fabrication de carreaux en céramique;Femmes
2020;2331Z;Fabrication de carreaux en céramique;Hommes
2020;2332Z;Fabrication de briques, tuiles et produits de construction, en terre cuite;Femmes
2020;2332Z;Fabrication de briques, tuiles et produits de construction, en terre cuite;Hommes
2020;2341Z;Fabrication d'articles céramiques à usage domestique ou ornemental;Femmes
2020;2341Z;Fabrication d'articles céramiques à usage domestique ou ornemental;Hommes
2020;2342Z;Fabrication d'appareils sanitaires en céramique;Femmes
2020;2342Z;Fabrication d'appareils sanitaires en céramique;Hommes
2020;2343Z;Fabrication d'isolateurs et pièces isolantes en céramique;Femmes
2020;2343Z;Fabrication d'isolateurs et pièces isolantes en céramique;Hommes
2020;2344Z;Fabrication d'autres produits céramiques à usage technique;Femmes
2020;2344Z;Fabrication d'autres produits céramiques à usage technique;Hommes
2020;2349Z;Fabrication d'autres produits céramiques;Femmes
2020;2349Z;Fabrication d'autres produits céramiques;Hommes
2020;2351Z;Fabrication de ciment;Femmes
2020;2351Z;Fabrication de ciment;Hommes
2020;2352Z;Fabrication de chaux et plâtre;Femmes
2020;2352Z;Fabrication de chaux et plâtre;Hommes
2020;2361Z;Fabrication d'éléments en béton pour la construction;Femmes
2020;2361Z;Fabrication d'éléments en béton pour la construction;Hommes
2020;2362Z;Fabrication d'éléments en plâtre pour la construction;Femmes
2020;2362Z;Fabrication d'éléments en plâtre pour la construction;Hommes
2020;2363Z;Fabrication de béton prêt à l'emploi;Femmes
2020;2363Z;Fabrication de béton prêt à l'emploi;Hommes
2020;2364Z;Fabrication de mortiers et bétons secs;Femmes
2020;2364Z;Fabrication de mortiers et bétons secs;Hommes
2020;2365Z;Fabrication d'ouvrages en fibre-ciment;Femmes
2020;2365Z;Fabrication d'ouvrages en fibre-ciment;Hommes
2020;2369Z;Fabrication d'autres ouvrages en béton, en ciment ou en plâtre;Femmes
2020;2369Z;Fabrication d'autres ouvrages en béton, en ciment ou en plâtre;Hommes
2020;2370Z;Taille, façonnage et finissage de pierres;Femmes
2020;2370Z;Taille, façonnage et finissage de pierres;Hommes
2020;2391Z;Fabrication de produits abrasifs;Femmes
2020;2391Z;Fabrication de produits abrasifs;Hommes
2020;2399Z;Fabrication d'autres produits minéraux non métalliques n.c.a.;Femmes
2020;2399Z;Fabrication d'autres produits minéraux non métalliques n.c.a.;Hommes
2020;2410Z;Sidérurgie;Femmes
2020;2410Z;Sidérurgie;Hommes
2020;2420Z;Fabrication de tubes, tuyaux, profilés creux et accessoires correspondants en acier;Femmes
2020;2420Z;Fabrication de tubes, tuyaux, profilés creux et accessoires correspondants en acier;Hommes
2020;2431Z;Étirage à froid de barres;Femmes
2020;2431Z;Étirage à froid de barres;Hommes
2020;2432Z;Laminage à froid de feuillards;Femmes
2020;2432Z;Laminage à froid de feuillards;Hommes
2020;2433Z;Profilage à froid par formage ou pliage;Femmes
2020;2433Z;Profilage à froid par formage ou pliage;Hommes
2020;2434Z;Tréfilage à froid;Femmes
2020;2434Z;Tréfilage à froid;Hommes
2020;2441Z;Production de métaux précieux;Femmes
2020;2441Z;Production de métaux précieux;Hommes
2020;2442Z;Métallurgie de l'aluminium;Femmes
2020;2442Z;Métallurgie de l'aluminium;Hommes
2020;2443Z;Métallurgie du plomb, du zinc ou de l'étain;Femmes
2020;2443Z;Métallurgie du plomb, du zinc ou de l'étain;Hommes
2020;2444Z;Métallurgie du cuivre;Femmes
2020;2444Z;Métallurgie du cuivre;Hommes
2020;2445Z;Métallurgie des autres métaux non ferreux;Femmes
2020;2445Z;Métallurgie des autres métaux non ferreux;Hommes
2020;2446Z;Élaboration et transformation de matières nucléaires;Femmes
2020;2446Z;Élaboration et transformation de matières nucléaires;Hommes
2020;2451Z;Fonderie de fonte;Femmes
2020;2451Z;Fonderie de fonte;Hommes
2020;2452Z;Fonderie d'acier;Femmes
2020;2452Z;Fonderie d'acier;Hommes
2020;2453Z;Fonderie de métaux légers;Femmes
2020;2453Z;Fonderie de métaux légers;Hommes
2020;2454Z;Fonderie d'autres métaux non ferreux;Femmes
2020;2454Z;Fonderie d'autres métaux non ferreux;Hommes
2020;2511Z;Fabrication de structures métalliques et de parties de structures;Femmes
2020;2511Z;Fabrication de structures métalliques et de parties de structures;Hommes
2020;2512Z;Fabrication de portes et fenêtres en métal;Femmes
2020;2512Z;Fabrication de portes et fenêtres en métal;Hommes
2020;2521Z;Fabrication de radiateurs et de chaudières pour le chauffage central;Femmes
2020;2521Z;Fabrication de radiateurs et de chaudières pour le chauffage central;Hommes
2020;2529Z;Fabrication d'autres réservoirs, citernes et conteneurs métalliques;Femmes
2020;2529Z;Fabrication d'autres réservoirs, citernes et conteneurs métalliques;Hommes
2020;2530Z;Fabrication de générateurs de vapeur, à l'exception des chaudières pour le chauffage central;Femmes
2020;2530Z;Fabrication de générateurs de vapeur, à l'exception des chaudières pour le chauffage central;Hommes
2020;2540Z;Fabrication d'armes et de munitions;Femmes
2020;2540Z;Fabrication d'armes et de munitions;Hommes
2020;2550A;"Forge, estampage, matriçage ; métallurgie des poudres";Femmes
2020;2550A;"Forge, estampage, matriçage ; métallurgie des poudres";Hommes
2020;2550B;Découpage, emboutissage;Femmes
2020;2550B;Découpage, emboutissage;Hommes
2020;2561Z;Traitement et revêtement des métaux;Femmes
2020;2561Z;Traitement et revêtement des métaux;Hommes
2020;2562A;Décolletage;Femmes
2020;2562A;Décolletage;Hommes
2020;2562B;Mécanique industrielle;Femmes
2020;2562B;Mécanique industrielle;Hommes
2020;2571Z;Fabrication de coutellerie;Femmes
2020;2571Z;Fabrication de coutellerie;Hommes
2020;2572Z;Fabrication de serrures et de ferrures;Femmes
2020;2572Z;Fabrication de serrures et de ferrures;Hommes
2020;2573A;Fabrication de moules et modèles;Femmes
2020;2573A;Fabrication de moules et modèles;Hommes
2020;2573B;Fabrication d'autres outillages;Femmes
2020;2573B;Fabrication d'autres outillages;Hommes
2020;2591Z;Fabrication de fûts et emballages métalliques similaires;Femmes
2020;2591Z;Fabrication de fûts et emballages métalliques similaires;Hommes
2020;2592Z;Fabrication d'emballages métalliques légers;Femmes
2020;2592Z;Fabrication d'emballages métalliques légers;Hommes
2020;2593Z;Fabrication d'articles en fils métalliques, de chaînes et de ressorts;Femmes
2020;2593Z;Fabrication d'articles en fils métalliques, de chaînes et de ressorts;Hommes
2020;2594Z;Fabrication de vis et de boulons;Femmes
2020;2594Z;Fabrication de vis et de boulons;Hommes
2020;2599A;Fabrication d'articles métalliques ménagers;Femmes
2020;2599A;Fabrication d'articles métalliques ménagers;Hommes
2020;2599B;Fabrication d'autres articles métalliques;Femmes
2020;2599B;Fabrication d'autres articles métalliques;Hommes
2020;2611Z;Fabrication de composants électroniques;Femmes
2020;2611Z;Fabrication de composants électroniques;Hommes
2020;2612Z;Fabrication de cartes électroniques assemblées;Femmes
2020;2612Z;Fabrication de cartes électroniques assemblées;Hommes
2020;2620Z;Fabrication d'ordinateurs et d'équipements périphériques;Femmes
2020;2620Z;Fabrication d'ordinateurs et d'équipements périphériques;Hommes
2020;2630Z;Fabrication d'équipements de communication;Femmes
2020;2630Z;Fabrication d'équipements de communication;Hommes
2020;2640Z;Fabrication de produits électroniques grand public;Femmes
2020;2640Z;Fabrication de produits électroniques grand public;Hommes
2020;2651A;Fabrication d'équipements d'aide à la navigation;Femmes
2020;2651A;Fabrication d'équipements d'aide à la navigation;Hommes
2020;2651B;Fabrication d'instrumentation scientifique et technique;Femmes
2020;2651B;Fabrication d'instrumentation scientifique et technique;Hommes
2020;2652Z;Horlogerie;Femmes
2020;2652Z;Horlogerie;Hommes
2020;2660Z;Fabrication d'équipements d'irradiation médicale, d'équipements électromédicaux et électrothérapeutiques;Femmes
2020;2660Z;Fabrication d'équipements d'irradiation médicale, d'équipements électromédicaux et électrothérapeutiques;Hommes
2020;2670Z;Fabrication de matériels optique et photographique;Femmes
2020;2670Z;Fabrication de matériels optique et photographique;Hommes
2020;2680Z;Fabrication de supports magnétiques et optiques;Femmes
2020;2680Z;Fabrication de supports magnétiques et optiques;Hommes
2020;2711Z;Fabrication de moteurs, génératrices et transformateurs électriques;Femmes
2020;2711Z;Fabrication de moteurs, génératrices et transformateurs électriques;Hommes
2020;2712Z;Fabrication de matériel de distribution et de commande électrique;Femmes
2020;2712Z;Fabrication de matériel de distribution et de commande électrique;Hommes
2020;2720Z;Fabrication de piles et d'accumulateurs électriques;Femmes
2020;2720Z;Fabrication de piles et d'accumulateurs électriques;Hommes
2020;2731Z;Fabrication de câbles de fibres optiques;Femmes
2020;2731Z;Fabrication de câbles de fibres optiques;Hommes
2020;2732Z;Fabrication d'autres fils et câbles électroniques ou électriques;Femmes
2020;2732Z;Fabrication d'autres fils et câbles électroniques ou électriques;Hommes
2020;2733Z;Fabrication de matériel d'installation électrique;Femmes
2020;2733Z;Fabrication de matériel d'installation électrique;Hommes
2020;2740Z;Fabrication d'appareils d'éclairage électrique;Femmes
2020;2740Z;Fabrication d'appareils d'éclairage électrique;Hommes
2020;2751Z;Fabrication d'appareils électroménagers;Femmes
2020;2751Z;Fabrication d'appareils électroménagers;Hommes
2020;2752Z;Fabrication d'appareils ménagers non électriques;Femmes
2020;2752Z;Fabrication d'appareils ménagers non électriques;Hommes
2020;2790Z;Fabrication d'autres matériels électriques;Femmes
2020;2790Z;Fabrication d'autres matériels électriques;Hommes
2020;2811Z;Fabrication de moteurs et turbines, à l'exception des moteurs d'avions et de véhicules;Femmes
2020;2811Z;Fabrication de moteurs et turbines, à l'exception des moteurs d'avions et de véhicules;Hommes
2020;2812Z;Fabrication d'équipements hydrauliques et pneumatiques;Femmes
2020;2812Z;Fabrication d'équipements hydrauliques et pneumatiques;Hommes
2020;2813Z;Fabrication d'autres pompes et compresseurs;Femmes
2020;2813Z;Fabrication d'autres pompes et compresseurs;Hommes
2020;2814Z;Fabrication d'autres articles de robinetterie;Femmes
2020;2814Z;Fabrication d'autres articles de robinetterie;Hommes
2020;2815Z;Fabrication d'engrenages et d'organes mécaniques de transmission;Femmes
2020;2815Z;Fabrication d'engrenages et d'organes mécaniques de transmission;Hommes
2020;2821Z;Fabrication de fours et brûleurs;Femmes
2020;2821Z;Fabrication de fours et brûleurs;Hommes
2020;2822Z;Fabrication de matériel de levage et de manutention;Femmes
2020;2822Z;Fabrication de matériel de levage et de manutention;Hommes
2020;2823Z;Fabrication de machines et d'équipements de bureau (à l'exception des ordinateurs et équipements périphériques);Femmes
2020;2823Z;Fabrication de machines et d'équipements de bureau (à l'exception des ordinateurs et équipements périphériques);Hommes
2020;2824Z;Fabrication d'outillage portatif à moteur incorporé;Femmes
2020;2824Z;Fabrication d'outillage portatif à moteur incorporé;Hommes
2020;2825Z;Fabrication d'équipements aérauliques et frigorifiques industriels;Femmes
2020;2825Z;Fabrication d'équipements aérauliques et frigorifiques industriels;Hommes
2020;2829A;Fabrication d'équipements d'emballage, de conditionnement et de pesage;Femmes
2020;2829A;Fabrication d'équipements d'emballage, de conditionnement et de pesage;Hommes
2020;2829B;Fabrication d'autres machines d'usage général;Femmes
2020;2829B;Fabrication d'autres machines d'usage général;Hommes
2020;2830Z;Fabrication de machines agricoles et forestières;Femmes
2020;2830Z;Fabrication de machines agricoles et forestières;Hommes
2020;2841Z;Fabrication de machines-outils pour le travail des métaux;Femmes
2020;2841Z;Fabrication de machines-outils pour le travail des métaux;Hommes
2020;2849Z;Fabrication d'autres machines-outils;Femmes
2020;2849Z;Fabrication d'autres machines-outils;Hommes
2020;2891Z;Fabrication de machines pour la métallurgie;Femmes
2020;2891Z;Fabrication de machines pour la métallurgie;Hommes
2020;2892Z;Fabrication de machines pour l'extraction ou la construction;Femmes
2020;2892Z;Fabrication de machines pour l'extraction ou la construction;Hommes
2020;2893Z;Fabrication de machines pour l'industrie agro-alimentaire;Femmes
2020;2893Z;Fabrication de machines pour l'industrie agro-alimentaire;Hommes
2020;2894Z;Fabrication de machines pour les industries textiles;Femmes
2020;2894Z;Fabrication de machines pour les industries textiles;Hommes
2020;2895Z;Fabrication de machines pour les industries du papier et du carton;Femmes
2020;2895Z;Fabrication de machines pour les industries du papier et du carton;Hommes
2020;2896Z;Fabrication de machines pour le travail du caoutchouc ou des plastiques;Femmes
2020;2896Z;Fabrication de machines pour le travail du caoutchouc ou des plastiques;Hommes
2020;2899A;Fabrication de machines d'imprimerie;Femmes
2020;2899A;Fabrication de machines d'imprimerie;Hommes
2020;2899B;Fabrication d'autres machines spécialisées;Femmes
2020;2899B;Fabrication d'autres machines spécialisées;Hommes
2020;2910Z;Construction de véhicules automobiles;Femmes
2020;2910Z;Construction de véhicules automobiles;Hommes
2020;2920Z;Fabrication de carrosseries et remorques;Femmes
2020;2920Z;Fabrication de carrosseries et remorques;Hommes
2020;2931Z;Fabrication d'équipements électriques et électroniques automobiles;Femmes
2020;2931Z;Fabrication d'équipements électriques et électroniques automobiles;Hommes
2020;2932Z;Fabrication d'autres équipements automobiles;Femmes
2020;2932Z;Fabrication d'autres équipements automobiles;Hommes
2020;3011Z;Construction de navires et de structures flottantes;Femmes
2020;3011Z;Construction de navires et de structures flottantes;Hommes
2020;3012Z;Construction de bateaux de plaisance;Femmes
2020;3012Z;Construction de bateaux de plaisance;Hommes
2020;3020Z;Construction de locomotives et d'autre matériel ferroviaire roulant;Femmes
2020;3020Z;Construction de locomotives et d'autre matériel ferroviaire roulant;Hommes
2020;3030Z;Construction aéronautique et spatiale;Femmes
2020;3030Z;Construction aéronautique et spatiale;Hommes
2020;3040Z;Construction de véhicules militaires de combat;Femmes
2020;3040Z;Construction de véhicules militaires de combat;Hommes
2020;3091Z;Fabrication de motocycles;Femmes
2020;3091Z;Fabrication de motocycles;Hommes
2020;3092Z;Fabrication de bicyclettes et de véhicules pour invalides;Femmes
2020;3092Z;Fabrication de bicyclettes et de véhicules pour invalides;Hommes
2020;3099Z;Fabrication d'autres équipements de transport n.c.a.;Femmes
2020;3099Z;Fabrication d'autres équipements de transport n.c.a.;Hommes
2020;3101Z;Fabrication de meubles de bureau et de magasin;Femmes
2020;3101Z;Fabrication de meubles de bureau et de magasin;Hommes
2020;3102Z;Fabrication de meubles de cuisine;Femmes
2020;3102Z;Fabrication de meubles de cuisine;Hommes
2020;3103Z;Fabrication de matelas;Femmes
2020;3103Z;Fabrication de matelas;Hommes
2020;3109A;Fabrication de sièges d'ameublement d'intérieur;Femmes
2020;3109A;Fabrication de sièges d'ameublement d'intérieur;Hommes
2020;3109B;Fabrication d'autres meubles et industries connexes de l'ameublement;Femmes
2020;3109B;Fabrication d'autres meubles et industries connexes de l'ameublement;Hommes
2020;3211Z;Frappe de monnaie;Femmes
2020;3211Z;Frappe de monnaie;Hommes
2020;3212Z;Fabrication d'articles de joaillerie et bijouterie;Femmes
2020;3212Z;Fabrication d'articles de joaillerie et bijouterie;Hommes
2020;3213Z;Fabrication d'articles de bijouterie fantaisie et articles similaires;Femmes
2020;3213Z;Fabrication d'articles de bijouterie fantaisie et articles similaires;Hommes
2020;3220Z;Fabrication d'instruments de musique;Femmes
2020;3220Z;Fabrication d'instruments de musique;Hommes
2020;3230Z;Fabrication d'articles de sport;Femmes
2020;3230Z;Fabrication d'articles de sport;Hommes
2020;3240Z;Fabrication de jeux et jouets;Femmes
2020;3240Z;Fabrication de jeux et jouets;Hommes
2020;3250A;Fabrication de matériel médico-chirurgical et dentaire;Femmes
2020;3250A;Fabrication de matériel médico-chirurgical et dentaire;Hommes
2020;3250B;Fabrication de lunettes;Femmes
2020;3250B;Fabrication de lunettes;Hommes
2020;3291Z;Fabrication d'articles de brosserie;Femmes
2020;3291Z;Fabrication d'articles de brosserie;Hommes
2020;3299Z;Autres activités manufacturières n.c.a.;Femmes
2020;3299Z;Autres activités manufacturières n.c.a.;Hommes
2020;3311Z;Réparation d'ouvrages en métaux;Femmes
2020;3311Z;Réparation d'ouvrages en métaux;Hommes
2020;3312Z;Réparation de machines et équipements mécaniques;Femmes
2020;3312Z;Réparation de machines et équipements mécaniques;Hommes
2020;3313Z;Réparation de matériels électroniques et optiques;Femmes
2020;3313Z;Réparation de matériels électroniques et optiques;Hommes
2020;3314Z;Réparation d'équipements électriques;Femmes
2020;3314Z;Réparation d'équipements électriques;Hommes
2020;3315Z;Réparation et maintenance navale;Femmes
2020;3315Z;Réparation et maintenance navale;Hommes
2020;3316Z;Réparation et maintenance d'aéronefs et d'engins spatiaux;Femmes
2020;3316Z;Réparation et maintenance d'aéronefs et d'engins spatiaux;Hommes
2020;3317Z;Réparation et maintenance d'autres équipements de transport;Femmes
2020;3317Z;Réparation et maintenance d'autres équipements de transport;Hommes
2020;3319Z;Réparation d'autres équipements;Femmes
2020;3319Z;Réparation d'autres équipements;Hommes
2020;3320A;Installation de structures métalliques, chaudronnées et de tuyauterie;Femmes
2020;3320A;Installation de structures métalliques, chaudronnées et de tuyauterie;Hommes
2020;3320B;Installation de machines et équipements mécaniques;Femmes
2020;3320B;Installation de machines et équipements mécaniques;Hommes
2020;3320C;Conception d'ensemble et assemblage sur site industriel d'équipements de contrôle des processus industriels;Femmes
2020;3320C;Conception d'ensemble et assemblage sur site industriel d'équipements de contrôle des processus industriels;Hommes
2020;3320D;Installation d'équipements électriques, de matériels électroniques et optiques ou d'autres matériels;Femmes
2020;3320D;Installation d'équipements électriques, de matériels électroniques et optiques ou d'autres matériels;Hommes
2020;3511Z;Production d'électricité;Femmes
2020;3511Z;Production d'électricité;Hommes
2020;3512Z;Transport d'électricité;Femmes
2020;3512Z;Transport d'électricité;Hommes
2020;3513Z;Distribution d'électricité;Femmes
2020;3513Z;Distribution d'électricité;Hommes
2020;3514Z;Commerce d'électricité;Femmes
2020;3514Z;Commerce d'électricité;Hommes
2020;3521Z;Production de combustibles gazeux;Femmes
2020;3521Z;Production de combustibles gazeux;Hommes
2020;3522Z;Distribution de combustibles gazeux par conduites;Femmes
2020;3522Z;Distribution de combustibles gazeux par conduites;Hommes
2020;3523Z;Commerce de combustibles gazeux par conduites;Femmes
2020;3523Z;Commerce de combustibles gazeux par conduites;Hommes
2020;3530Z;Production et distribution de vapeur et d'air conditionné;Femmes
2020;3530Z;Production et distribution de vapeur et d'air conditionné;Hommes
2020;3600Z;Captage, traitement et distribution d'eau;Femmes
2020;3600Z;Captage, traitement et distribution d'eau;Hommes
2020;3700Z;Collecte et traitement des eaux usées;Femmes
2020;3700Z;Collecte et traitement des eaux usées;Hommes
2020;3811Z;Collecte des déchets non dangereux;Femmes
2020;3811Z;Collecte des déchets non dangereux;Hommes
2020;3812Z;Collecte des déchets dangereux;Femmes
2020;3812Z;Collecte des déchets dangereux;Hommes
2020;3821Z;Traitement et élimination des déchets non dangereux;Femmes
2020;3821Z;Traitement et élimination des déchets non dangereux;Hommes
2020;3822Z;Traitement et élimination des déchets dangereux;Femmes
2020;3822Z;Traitement et élimination des déchets dangereux;Hommes
2020;3831Z;Démantèlement d'épaves;Femmes
2020;3831Z;Démantèlement d'épaves;Hommes
2020;3832Z;Récupération de déchets triés;Femmes
2020;3832Z;Récupération de déchets triés;Hommes
2020;3900Z;Dépollution et autres services de gestion des déchets;Femmes
2020;3900Z;Dépollution et autres services de gestion des déchets;Hommes
2020;4110A;Promotion immobilière de logements;Femmes
2020;4110A;Promotion immobilière de logements;Hommes
2020;4110B;Promotion immobilière de bureaux;Femmes
2020;4110B;Promotion immobilière de bureaux;Hommes
2020;4110C;Promotion immobilière d'autres bâtiments;Femmes
2020;4110C;Promotion immobilière d'autres bâtiments;Hommes
2020;4110D;Supports juridiques de programmes;Femmes
2020;4110D;Supports juridiques de programmes;Hommes
2020;4120A;Construction de maisons individuelles;Femmes
2020;4120A;Construction de maisons individuelles;Hommes
2020;4120B;Construction d'autres bâtiments;Femmes
2020;4120B;Construction d'autres bâtiments;Hommes
2020;4211Z;Construction de routes et autoroutes;Femmes
2020;4211Z;Construction de routes et autoroutes;Hommes
2020;4212Z;Construction de voies ferrées de surface et souterraines;Femmes
2020;4212Z;Construction de voies ferrées de surface et souterraines;Hommes
2020;4213A;Construction d'ouvrages d'art;Femmes
2020;4213A;Construction d'ouvrages d'art;Hommes
2020;4213B;Construction et entretien de tunnels;Femmes
2020;4213B;Construction et entretien de tunnels;Hommes
2020;4221Z;Construction de réseaux pour fluides;Femmes
2020;4221Z;Construction de réseaux pour fluides;Hommes
2020;4222Z;Construction de réseaux électriques et de télécommunications;Femmes
2020;4222Z;Construction de réseaux électriques et de télécommunications;Hommes
2020;4291Z;Construction d'ouvrages maritimes et fluviaux;Femmes
2020;4291Z;Construction d'ouvrages maritimes et fluviaux;Hommes
2020;4299Z;Construction d'autres ouvrages de génie civil n.c.a.;Femmes
2020;4299Z;Construction d'autres ouvrages de génie civil n.c.a.;Hommes
2020;4311Z;Travaux de démolition;Femmes
2020;4311Z;Travaux de démolition;Hommes
2020;4312A;Travaux de terrassement courants et travaux préparatoires;Femmes
2020;4312A;Travaux de terrassement courants et travaux préparatoires;Hommes
2020;4312B;Travaux de terrassement spécialisés ou de grande masse;Femmes
2020;4312B;Travaux de terrassement spécialisés ou de grande masse;Hommes
2020;4313Z;Forages et sondages;Femmes
2020;4313Z;Forages et sondages;Hommes
2020;4321A;Travaux d'installation électrique dans tous locaux;Femmes
2020;4321A;Travaux d'installation électrique dans tous locaux;Hommes
2020;4321B;Travaux d'installation électrique sur la voie publique;Femmes
2020;4321B;Travaux d'installation électrique sur la voie publique;Hommes
2020;4322A;Travaux d'installation d'eau et de gaz en tous locaux;Femmes
2020;4322A;Travaux d'installation d'eau et de gaz en tous locaux;Hommes
2020;4322B;Travaux d'installation d'équipements thermiques et de climatisation;Femmes
2020;4322B;Travaux d'installation d'équipements thermiques et de climatisation;Hommes
2020;4329A;Travaux d'isolation;Femmes
2020;4329A;Travaux d'isolation;Hommes
2020;4329B;Autres travaux d'installation n.c.a.;Femmes
2020;4329B;Autres travaux d'installation n.c.a.;Hommes
2020;4331Z;Travaux de plâtrerie;Femmes
2020;4331Z;Travaux de plâtrerie;Hommes
2020;4332A;Travaux de menuiserie bois et PVC;Femmes
2020;4332A;Travaux de menuiserie bois et PVC;Hommes
2020;4332B;Travaux de menuiserie métallique et serrurerie;Femmes
2020;4332B;Travaux de menuiserie métallique et serrurerie;Hommes
2020;4332C;Agencement de lieux de vente;Femmes
2020;4332C;Agencement de lieux de vente;Hommes
2020;4333Z;Travaux de revêtement des sols et des murs;Femmes
2020;4333Z;Travaux de revêtement des sols et des murs;Hommes
2020;4334Z;Travaux de peinture et vitrerie;Femmes
2020;4334Z;Travaux de peinture et vitrerie;Hommes
2020;4339Z;Autres travaux de finition;Femmes
2020;4339Z;Autres travaux de finition;Hommes
2020;4391A;Travaux de charpente;Femmes
2020;4391A;Travaux de charpente;Hommes
2020;4391B;Travaux de couverture par éléments;Femmes
2020;4391B;Travaux de couverture par éléments;Hommes
2020;4399A;Travaux d'étanchéification;Femmes
2020;4399A;Travaux d'étanchéification;Hommes
2020;4399B;Travaux de montage de structures métalliques;Femmes
2020;4399B;Travaux de montage de structures métalliques;Hommes
2020;4399C;Travaux de maçonnerie générale et gros œuvre de bâtiment;Femmes
2020;4399C;Travaux de maçonnerie générale et gros œuvre de bâtiment;Hommes
2020;4399D;Autres travaux spécialisés de construction;Femmes
2020;4399D;Autres travaux spécialisés de construction;Hommes
2020;4399E;Location avec opérateur de matériel de construction;Femmes
2020;4399E;Location avec opérateur de matériel de construction;Hommes
2020;4511Z;Commerce de voitures et de véhicules automobiles légers;Femmes
2020;4511Z;Commerce de voitures et de véhicules automobiles légers;Hommes
2020;4519Z;Commerce d'autres véhicules automobiles;Femmes
2020;4519Z;Commerce d'autres véhicules automobiles;Hommes
2020;4520A;Entretien et réparation de véhicules automobiles légers;Femmes
2020;4520A;Entretien et réparation de véhicules automobiles légers;Hommes
2020;4520B;Entretien et réparation d'autres véhicules automobiles;Femmes
2020;4520B;Entretien et réparation d'autres véhicules automobiles;Hommes
2020;4531Z;Commerce de gros d'équipements automobiles;Femmes
2020;4531Z;Commerce de gros d'équipements automobiles;Hommes
2020;4532Z;Commerce de détail d'équipements automobiles;Femmes
2020;4532Z;Commerce de détail d'équipements automobiles;Hommes
2020;4540Z;Commerce et réparation de motocycles;Femmes
2020;4540Z;Commerce et réparation de motocycles;Hommes
2020;4611Z;Intermédiaires du commerce en matières premières agricoles, animaux vivants, matières premières textiles et produits semi-finis;Femmes
2020;4611Z;Intermédiaires du commerce en matières premières agricoles, animaux vivants, matières premières textiles et produits semi-finis;Hommes
2020;4612A;Centrales d'achat de carburant;Femmes
2020;4612A;Centrales d'achat de carburant;Hommes
2020;4612B;Autres intermédiaires du commerce en combustibles, métaux, minéraux et produits chimiques;Femmes
2020;4612B;Autres intermédiaires du commerce en combustibles, métaux, minéraux et produits chimiques;Hommes
2020;4613Z;Intermédiaires du commerce en bois et matériaux de construction;Femmes
2020;4613Z;Intermédiaires du commerce en bois et matériaux de construction;Hommes
2020;4614Z;Intermédiaires du commerce en machines, équipements industriels, navires et avions;Femmes
2020;4614Z;Intermédiaires du commerce en machines, équipements industriels, navires et avions;Hommes
2020;4615Z;Intermédiaires du commerce en meubles, articles de ménage et quincaillerie;Femmes
2020;4615Z;Intermédiaires du commerce en meubles, articles de ménage et quincaillerie;Hommes
2020;4616Z;Intermédiaires du commerce en textiles, habillement, fourrures, chaussures et articles en cuir;Femmes
2020;4616Z;Intermédiaires du commerce en textiles, habillement, fourrures, chaussures et articles en cuir;Hommes
2020;4617A;Centrales d'achat alimentaires;Femmes
2020;4617A;Centrales d'achat alimentaires;Hommes
2020;4617B;Autres intermédiaires du commerce en denrées, boissons et tabac;Femmes
2020;4617B;Autres intermédiaires du commerce en denrées, boissons et tabac;Hommes
2020;4618Z;Intermédiaires spécialisés dans le commerce d'autres produits spécifiques;Femmes
2020;4618Z;Intermédiaires spécialisés dans le commerce d'autres produits spécifiques;Hommes
2020;4619A;Centrales d'achat non alimentaires;Femmes
2020;4619A;Centrales d'achat non alimentaires;Hommes
2020;4619B;Autres intermédiaires du commerce en produits divers;Femmes
2020;4619B;Autres intermédiaires du commerce en produits divers;Hommes
2020;4621Z;Commerce de gros (commerce interentreprises) de céréales, de tabac non manufacturé, de semences et d'aliments pour le bétail;Femmes
2020;4621Z;Commerce de gros (commerce interentreprises) de céréales, de tabac non manufacturé, de semences et d'aliments pour le bétail;Hommes
2020;4622Z;Commerce de gros (commerce interentreprises) de fleurs et plantes;Femmes
2020;4622Z;Commerce de gros (commerce interentreprises) de fleurs et plantes;Hommes
2020;4623Z;Commerce de gros (commerce interentreprises) d'animaux vivants;Femmes
2020;4623Z;Commerce de gros (commerce interentreprises) d'animaux vivants;Hommes
2020;4624Z;Commerce de gros (commerce interentreprises) de cuirs et peaux;Femmes
2020;4624Z;Commerce de gros (commerce interentreprises) de cuirs et peaux;Hommes
2020;4631Z;Commerce de gros (commerce interentreprises) de fruits et légumes;Femmes
2020;4631Z;Commerce de gros (commerce interentreprises) de fruits et légumes;Hommes
2020;4632A;Commerce de gros (commerce interentreprises) de viandes de boucherie;Femmes
2020;4632A;Commerce de gros (commerce interentreprises) de viandes de boucherie;Hommes
2020;4632B;Commerce de gros (commerce interentreprises) de produits à base de viande;Femmes
2020;4632B;Commerce de gros (commerce interentreprises) de produits à base de viande;Hommes
2020;4632C;Commerce de gros (commerce interentreprises) de volailles et gibier;Femmes
2020;4632C;Commerce de gros (commerce interentreprises) de volailles et gibier;Hommes
2020;4633Z;Commerce de gros (commerce interentreprises) de produits laitiers, œufs, huiles et matières grasses comestibles;Femmes
2020;4633Z;Commerce de gros (commerce interentreprises) de produits laitiers, œufs, huiles et matières grasses comestibles;Hommes
2020;4634Z;Commerce de gros (commerce interentreprises) de boissons;Femmes
2020;4634Z;Commerce de gros (commerce interentreprises) de boissons;Hommes
2020;4635Z;Commerce de gros (commerce interentreprises) de produits à base de tabac;Femmes
2020;4635Z;Commerce de gros (commerce interentreprises) de produits à base de tabac;Hommes
2020;4636Z;Commerce de gros (commerce interentreprises) de sucre, chocolat et confiserie;Femmes
2020;4636Z;Commerce de gros (commerce interentreprises) de sucre, chocolat et confiserie;Hommes
2020;4637Z;Commerce de gros (commerce interentreprises) de café, thé, cacao et épices;Femmes
2020;4637Z;Commerce de gros (commerce interentreprises) de café, thé, cacao et épices;Hommes
2020;4638A;Commerce de gros (commerce interentreprises) de poissons, crustacés et mollusques;Femmes
2020;4638A;Commerce de gros (commerce interentreprises) de poissons, crustacés et mollusques;Hommes
2020;4638B;Commerce de gros (commerce interentreprises) alimentaire spécialisé divers;Femmes
2020;4638B;Commerce de gros (commerce interentreprises) alimentaire spécialisé divers;Hommes
2020;4639A;Commerce de gros (commerce interentreprises) de produits surgelés;Femmes
2020;4639A;Commerce de gros (commerce interentreprises) de produits surgelés;Hommes
2020;4639B;Commerce de gros (commerce interentreprises) alimentaire non spécialisé;Femmes
2020;4639B;Commerce de gros (commerce interentreprises) alimentaire non spécialisé;Hommes
2020;4641Z;Commerce de gros (commerce interentreprises) de textiles;Femmes
2020;4641Z;Commerce de gros (commerce interentreprises) de textiles;Hommes
2020;4642Z;Commerce de gros (commerce interentreprises) d'habillement et de chaussures;Femmes
2020;4642Z;Commerce de gros (commerce interentreprises) d'habillement et de chaussures;Hommes
2020;4643Z;Commerce de gros (commerce interentreprises) d'appareils électroménagers;Femmes
2020;4643Z;Commerce de gros (commerce interentreprises) d'appareils électroménagers;Hommes
2020;4644Z;Commerce de gros (commerce interentreprises) de vaisselle, verrerie et produits d'entretien;Femmes
2020;4644Z;Commerce de gros (commerce interentreprises) de vaisselle, verrerie et produits d'entretien;Hommes
2020;4645Z;Commerce de gros (commerce interentreprises) de parfumerie et de produits de beauté;Femmes
2020;4645Z;Commerce de gros (commerce interentreprises) de parfumerie et de produits de beauté;Hommes
2020;4646Z;Commerce de gros (commerce interentreprises) de produits pharmaceutiques;Femmes
2020;4646Z;Commerce de gros (commerce interentreprises) de produits pharmaceutiques;Hommes
2020;4647Z;Commerce de gros (commerce interentreprises) de meubles, de tapis et d'appareils d'éclairage;Femmes
2020;4647Z;Commerce de gros (commerce interentreprises) de meubles, de tapis et d'appareils d'éclairage;Hommes
2020;4648Z;Commerce de gros (commerce interentreprises) d'articles d'horlogerie et de bijouterie;Femmes
2020;4648Z;Commerce de gros (commerce interentreprises) d'articles d'horlogerie et de bijouterie;Hommes
2020;4649Z;Commerce de gros (commerce interentreprises) d'autres biens domestiques;Femmes
2020;4649Z;Commerce de gros (commerce interentreprises) d'autres biens domestiques;Hommes
2020;4651Z;Commerce de gros (commerce interentreprises) d'ordinateurs, d'équipements informatiques périphériques et de logiciels;Femmes
2020;4651Z;Commerce de gros (commerce interentreprises) d'ordinateurs, d'équipements informatiques périphériques et de logiciels;Hommes
2020;4652Z;Commerce de gros (commerce interentreprises) de composants et d'équipements électroniques et de télécommunication;Femmes
2020;4652Z;Commerce de gros (commerce interentreprises) de composants et d'équipements électroniques et de télécommunication;Hommes
2020;4661Z;Commerce de gros (commerce interentreprises) de matériel agricole;Femmes
2020;4661Z;Commerce de gros (commerce interentreprises) de matériel agricole;Hommes
2020;4662Z;Commerce de gros (commerce interentreprises) de machines-outils;Femmes
2020;4662Z;Commerce de gros (commerce interentreprises) de machines-outils;Hommes
2020;4663Z;Commerce de gros (commerce interentreprises) de machines pour l'extraction, la construction et le génie civil;Femmes
2020;4663Z;Commerce de gros (commerce interentreprises) de machines pour l'extraction, la construction et le génie civil;Hommes
2020;4664Z;Commerce de gros (commerce interentreprises) de machines pour l'industrie textile et l'habillement;Femmes
2020;4664Z;Commerce de gros (commerce interentreprises) de machines pour l'industrie textile et l'habillement;Hommes
2020;4665Z;Commerce de gros (commerce interentreprises) de mobilier de bureau;Femmes
2020;4665Z;Commerce de gros (commerce interentreprises) de mobilier de bureau;Hommes
2020;4666Z;Commerce de gros (commerce interentreprises) d'autres machines et équipements de bureau;Femmes
2020;4666Z;Commerce de gros (commerce interentreprises) d'autres machines et équipements de bureau;Hommes
2020;4669A;Commerce de gros (commerce interentreprises) de matériel électrique;Femmes
2020;4669A;Commerce de gros (commerce interentreprises) de matériel électrique;Hommes
2020;4669B;Commerce de gros (commerce interentreprises) de fournitures et équipements industriels divers;Femmes
2020;4669B;Commerce de gros (commerce interentreprises) de fournitures et équipements industriels divers;Hommes
2020;4669C;Commerce de gros (commerce interentreprises) de fournitures et équipements divers pour le commerce et les services;Femmes
2020;4669C;Commerce de gros (commerce interentreprises) de fournitures et équipements divers pour le commerce et les services;Hommes
2020;4671Z;Commerce de gros (commerce interentreprises) de combustibles et de produits annexes;Femmes
2020;4671Z;Commerce de gros (commerce interentreprises) de combustibles et de produits annexes;Hommes
2020;4672Z;Commerce de gros (commerce interentreprises) de minerais et métaux;Femmes
2020;4672Z;Commerce de gros (commerce interentreprises) de minerais et métaux;Hommes
2020;4673A;Commerce de gros (commerce interentreprises) de bois et de matériaux de construction;Femmes
2020;4673A;Commerce de gros (commerce interentreprises) de bois et de matériaux de construction;Hommes
2020;4673B;Commerce de gros (commerce interentreprises) d'appareils sanitaires et de produits de décoration;Femmes
2020;4673B;Commerce de gros (commerce interentreprises) d'appareils sanitaires et de produits de décoration;Hommes
2020;4674A;Commerce de gros (commerce interentreprises) de quincaillerie;Femmes
2020;4674A;Commerce de gros (commerce interentreprises) de quincaillerie;Hommes
2020;4674B;Commerce de gros (commerce interentreprises) de fournitures pour la plomberie et le chauffage;Femmes
2020;4674B;Commerce de gros (commerce interentreprises) de fournitures pour la plomberie et le chauffage;Hommes
2020;4675Z;Commerce de gros (commerce interentreprises) de produits chimiques;Femmes
2020;4675Z;Commerce de gros (commerce interentreprises) de produits chimiques;Hommes
2020;4676Z;Commerce de gros (commerce interentreprises) d'autres produits intermédiaires;Femmes
2020;4676Z;Commerce de gros (commerce interentreprises) d'autres produits intermédiaires;Hommes
2020;4677Z;Commerce de gros (commerce interentreprises) de déchets et débris;Femmes
2020;4677Z;Commerce de gros (commerce interentreprises) de déchets et débris;Hommes
2020;4690Z;Commerce de gros (commerce interentreprises) non spécialisé;Femmes
2020;4690Z;Commerce de gros (commerce interentreprises) non spécialisé;Hommes
2020;4711A;Commerce de détail de produits surgelés;Femmes
2020;4711A;Commerce de détail de produits surgelés;Hommes
2020;4711B;Commerce d'alimentation générale;Femmes
2020;4711B;Commerce d'alimentation générale;Hommes
2020;4711C;Supérettes;Femmes
2020;4711C;Supérettes;Hommes
2020;4711D;Supermarchés;Femmes
2020;4711D;Supermarchés;Hommes
2020;4711E;Magasins multi-commerces;Femmes
2020;4711E;Magasins multi-commerces;Hommes
2020;4711F;Hypermarchés;Femmes
2020;4711F;Hypermarchés;Hommes
2020;4719A;Grands magasins;Femmes
2020;4719A;Grands magasins;Hommes
2020;4719B;Autres commerces de détail en magasin non spécialisé;Femmes
2020;4719B;Autres commerces de détail en magasin non spécialisé;Hommes
2020;4721Z;Commerce de détail de fruits et légumes en magasin spécialisé;Femmes
2020;4721Z;Commerce de détail de fruits et légumes en magasin spécialisé;Hommes
2020;4722Z;Commerce de détail de viandes et de produits à base de viande en magasin spécialisé;Femmes
2020;4722Z;Commerce de détail de viandes et de produits à base de viande en magasin spécialisé;Hommes
2020;4723Z;Commerce de détail de poissons, crustacés et mollusques en magasin spécialisé;Femmes
2020;4723Z;Commerce de détail de poissons, crustacés et mollusques en magasin spécialisé;Hommes
2020;4724Z;Commerce de détail de pain, pâtisserie et confiserie en magasin spécialisé;Femmes
2020;4724Z;Commerce de détail de pain, pâtisserie et confiserie en magasin spécialisé;Hommes
2020;4725Z;Commerce de détail de boissons en magasin spécialisé;Femmes
2020;4725Z;Commerce de détail de boissons en magasin spécialisé;Hommes
2020;4726Z;Commerce de détail de produits à base de tabac en magasin spécialisé;Femmes
2020;4726Z;Commerce de détail de produits à base de tabac en magasin spécialisé;Hommes
2020;4729Z;Autres commerces de détail alimentaires en magasin spécialisé;Femmes
2020;4729Z;Autres commerces de détail alimentaires en magasin spécialisé;Hommes
2020;4730Z;Commerce de détail de carburants en magasin spécialisé;Femmes
2020;4730Z;Commerce de détail de carburants en magasin spécialisé;Hommes
2020;4741Z;Commerce de détail d'ordinateurs, d'unités périphériques et de logiciels en magasin spécialisé;Femmes
2020;4741Z;Commerce de détail d'ordinateurs, d'unités périphériques et de logiciels en magasin spécialisé;Hommes
2020;4742Z;Commerce de détail de matériels de télécommunication en magasin spécialisé;Femmes
2020;4742Z;Commerce de détail de matériels de télécommunication en magasin spécialisé;Hommes
2020;4743Z;Commerce de détail de matériels audio et vidéo en magasin spécialisé;Femmes
2020;4743Z;Commerce de détail de matériels audio et vidéo en magasin spécialisé;Hommes
2020;4751Z;Commerce de détail de textiles en magasin spécialisé;Femmes
2020;4751Z;Commerce de détail de textiles en magasin spécialisé;Hommes
2020;4752A;Commerce de détail de quincaillerie, peintures et verres en petites surfaces (moins de 400 m²);Femmes
2020;4752A;Commerce de détail de quincaillerie, peintures et verres en petites surfaces (moins de 400 m²);Hommes
2020;4752B;Commerce de détail de quincaillerie, peintures et verres en grandes surfaces (400 m² et plus);Femmes
2020;4752B;Commerce de détail de quincaillerie, peintures et verres en grandes surfaces (400 m² et plus);Hommes
2020;4753Z;Commerce de détail de tapis, moquettes et revêtements de murs et de sols en magasin spécialisé;Femmes
2020;4753Z;Commerce de détail de tapis, moquettes et revêtements de murs et de sols en magasin spécialisé;Hommes
2020;4754Z;Commerce de détail d'appareils électroménagers en magasin spécialisé;Femmes
2020;4754Z;Commerce de détail d'appareils électroménagers en magasin spécialisé;Hommes
2020;4759A;Commerce de détail de meubles;Femmes
2020;4759A;Commerce de détail de meubles;Hommes
2020;4759B;Commerce de détail d'autres équipements du foyer;Femmes
2020;4759B;Commerce de détail d'autres équipements du foyer;Hommes
2020;4761Z;Commerce de détail de livres en magasin spécialisé;Femmes
2020;4761Z;Commerce de détail de livres en magasin spécialisé;Hommes
2020;4762Z;Commerce de détail de journaux et papeterie en magasin spécialisé;Femmes
2020;4762Z;Commerce de détail de journaux et papeterie en magasin spécialisé;Hommes
2020;4763Z;Commerce de détail d'enregistrements musicaux et vidéo en magasin spécialisé;Femmes
2020;4763Z;Commerce de détail d'enregistrements musicaux et vidéo en magasin spécialisé;Hommes
2020;4764Z;Commerce de détail d'articles de sport en magasin spécialisé;Femmes
2020;4764Z;Commerce de détail d'articles de sport en magasin spécialisé;Hommes
2020;4765Z;Commerce de détail de jeux et jouets en magasin spécialisé;Femmes
2020;4765Z;Commerce de détail de jeux et jouets en magasin spécialisé;Hommes
2020;4771Z;Commerce de détail d'habillement en magasin spécialisé;Femmes
2020;4771Z;Commerce de détail d'habillement en magasin spécialisé;Hommes
2020;4772A;Commerce de détail de la chaussure;Femmes
2020;4772A;Commerce de détail de la chaussure;Hommes
2020;4772B;Commerce de détail de maroquinerie et d'articles de voyage;Femmes
2020;4772B;Commerce de détail de maroquinerie et d'articles de voyage;Hommes
2020;4773Z;Commerce de détail de produits pharmaceutiques en magasin spécialisé;Femmes
2020;4773Z;Commerce de détail de produits pharmaceutiques en magasin spécialisé;Hommes
2020;4774Z;Commerce de détail d'articles médicaux et orthopédiques en magasin spécialisé;Femmes
2020;4774Z;Commerce de détail d'articles médicaux et orthopédiques en magasin spécialisé;Hommes
2020;4775Z;Commerce de détail de parfumerie et de produits de beauté en magasin spécialisé;Femmes
2020;4775Z;Commerce de détail de parfumerie et de produits de beauté en magasin spécialisé;Hommes
2020;4776Z;Commerce de détail de fleurs, plantes, graines, engrais, animaux de compagnie et aliments pour ces animaux en magasin spécialisé;Femmes
2020;4776Z;Commerce de détail de fleurs, plantes, graines, engrais, animaux de compagnie et aliments pour ces animaux en magasin spécialisé;Hommes
2020;4777Z;Commerce de détail d'articles d'horlogerie et de bijouterie en magasin spécialisé;Femmes
2020;4777Z;Commerce de détail d'articles d'horlogerie et de bijouterie en magasin spécialisé;Hommes
2020;4778A;Commerces de détail d'optique;Femmes
2020;4778A;Commerces de détail d'optique;Hommes
2020;4778B;Commerces de détail de charbons et combustibles;Femmes
2020;4778B;Commerces de détail de charbons et combustibles;Hommes
2020;4778C;Autres commerces de détail spécialisés divers;Femmes
2020;4778C;Autres commerces de détail spécialisés divers;Hommes
2020;4779Z;Commerce de détail de biens d'occasion en magasin;Femmes
2020;4779Z;Commerce de détail de biens d'occasion en magasin;Hommes
2020;4781Z;Commerce de détail alimentaire sur éventaires et marchés;Femmes
2020;4781Z;Commerce de détail alimentaire sur éventaires et marchés;Hommes
2020;4782Z;Commerce de détail de textiles, d'habillement et de chaussures sur éventaires et marchés;Femmes
2020;4782Z;Commerce de détail de textiles, d'habillement et de chaussures sur éventaires et marchés;Hommes
2020;4789Z;Autres commerces de détail sur éventaires et marchés;Femmes
2020;4789Z;Autres commerces de détail sur éventaires et marchés;Hommes
2020;4791A;Vente à distance sur catalogue général;Femmes
2020;4791A;Vente à distance sur catalogue général;Hommes
2020;4791B;Vente à distance sur catalogue spécialisé;Femmes
2020;4791B;Vente à distance sur catalogue spécialisé;Hommes
2020;4799A;Vente à domicile;Femmes
2020;4799A;Vente à domicile;Hommes
2020;4799B;Vente par automates et autres commerces de détail hors magasin, éventaires ou marchés n.c.a.;Femmes
2020;4799B;Vente par automates et autres commerces de détail hors magasin, éventaires ou marchés n.c.a.;Hommes
2020;4910Z;Transport ferroviaire interurbain de voyageurs;Femmes
2020;4910Z;Transport ferroviaire interurbain de voyageurs;Hommes
2020;4920Z;Transports ferroviaires de fret;Femmes
2020;4920Z;Transports ferroviaires de fret;Hommes
2020;4931Z;Transports urbains et suburbains de voyageurs;Femmes
2020;4931Z;Transports urbains et suburbains de voyageurs;Hommes
2020;4932Z;Transports de voyageurs par taxis;Femmes
2020;4932Z;Transports de voyageurs par taxis;Hommes
2020;4939A;Transports routiers réguliers de voyageurs;Femmes
2020;4939A;Transports routiers réguliers de voyageurs;Hommes
2020;4939B;Autres transports routiers de voyageurs;Femmes
2020;4939B;Autres transports routiers de voyageurs;Hommes
2020;4939C;Téléphériques et remontées mécaniques;Femmes
2020;4939C;Téléphériques et remontées mécaniques;Hommes
2020;4941A;Transports routiers de fret interurbains;Femmes
2020;4941A;Transports routiers de fret interurbains;Hommes
2020;4941B;Transports routiers de fret de proximité;Femmes
2020;4941B;Transports routiers de fret de proximité;Hommes
2020;4941C;Location de camions avec chauffeur;Femmes
2020;4941C;Location de camions avec chauffeur;Hommes
2020;4942Z;Services de déménagement;Femmes
2020;4942Z;Services de déménagement;Hommes
2020;4950Z;Transports par conduites;Femmes
2020;4950Z;Transports par conduites;Hommes
2020;5010Z;Transports maritimes et côtiers de passagers;Femmes
2020;5010Z;Transports maritimes et côtiers de passagers;Hommes
2020;5020Z;Transports maritimes et côtiers de fret;Femmes
2020;5020Z;Transports maritimes et côtiers de fret;Hommes
2020;5030Z;Transports fluviaux de passagers;Femmes
2020;5030Z;Transports fluviaux de passagers;Hommes
2020;5040Z;Transports fluviaux de fret;Femmes
2020;5040Z;Transports fluviaux de fret;Hommes
2020;5110Z;Transports aériens de passagers;Femmes
2020;5110Z;Transports aériens de passagers;Hommes
2020;5121Z;Transports aériens de fret;Femmes
2020;5121Z;Transports aériens de fret;Hommes
2020;5122Z;Transports spatiaux;Femmes
2020;5122Z;Transports spatiaux;Hommes
2020;5210A;Entreposage et stockage frigorifique;Femmes
2020;5210A;Entreposage et stockage frigorifique;Hommes
2020;5210B;Entreposage et stockage non frigorifique;Femmes
2020;5210B;Entreposage et stockage non frigorifique;Hommes
2020;5221Z;Services auxiliaires des transports terrestres;Femmes
2020;5221Z;Services auxiliaires des transports terrestres;Hommes
2020;5222Z;Services auxiliaires des transports par eau;Femmes
2020;5222Z;Services auxiliaires des transports par eau;Hommes
2020;5223Z;Services auxiliaires des transports aériens;Femmes
2020;5223Z;Services auxiliaires des transports aériens;Hommes
2020;5224A;Manutention portuaire;Femmes
2020;5224A;Manutention portuaire;Hommes
2020;5224B;Manutention non portuaire;Femmes
2020;5224B;Manutention non portuaire;Hommes
2020;5229A;Messagerie, fret express;Femmes
2020;5229A;Messagerie, fret express;Hommes
2020;5229B;Affrètement et organisation des transports;Femmes
2020;5229B;Affrètement et organisation des transports;Hommes
2020;5310Z;Activités de poste dans le cadre d'une obligation de service universel;Femmes
2020;5310Z;Activités de poste dans le cadre d'une obligation de service universel;Hommes
2020;5320Z;Autres activités de poste et de courrier;Femmes
2020;5320Z;Autres activités de poste et de courrier;Hommes
2020;5510Z;Hôtels et hébergement similaire;Femmes
2020;5510Z;Hôtels et hébergement similaire;Hommes
2020;5520Z;Hébergement touristique et autre hébergement de courte durée;Femmes
2020;5520Z;Hébergement touristique et autre hébergement de courte durée;Hommes
2020;5530Z;Terrains de camping et parcs pour caravanes ou véhicules de loisirs;Femmes
2020;5530Z;Terrains de camping et parcs pour caravanes ou véhicules de loisirs;Hommes
2020;5590Z;Autres hébergements;Femmes
2020;5590Z;Autres hébergements;Hommes
2020;5610A;Restauration traditionnelle;Femmes
2020;5610A;Restauration traditionnelle;Hommes
2020;5610B;Cafétérias et autres libres-services;Femmes
2020;5610B;Cafétérias et autres libres-services;Hommes
2020;5610C;Restauration de type rapide;Femmes
2020;5610C;Restauration de type rapide;Hommes
2020;5621Z;Services des traiteurs;Femmes
2020;5621Z;Services des traiteurs;Hommes
2020;5629A;Restauration collective sous contrat;Femmes
2020;5629A;Restauration collective sous contrat;Hommes
2020;5629B;Autres services de restauration n.c.a.;Femmes
2020;5629B;Autres services de restauration n.c.a.;Hommes
2020;5630Z;Débits de boissons;Femmes
2020;5630Z;Débits de boissons;Hommes
2020;5811Z;Édition de livres;Femmes
2020;5811Z;Édition de livres;Hommes
2020;5812Z;Édition de répertoires et de fichiers d'adresses;Femmes
2020;5812Z;Édition de répertoires et de fichiers d'adresses;Hommes
2020;5813Z;Édition de journaux;Femmes
2020;5813Z;Édition de journaux;Hommes
2020;5814Z;Édition de revues et périodiques;Femmes
2020;5814Z;Édition de revues et périodiques;Hommes
2020;5819Z;Autres activités d'édition;Femmes
2020;5819Z;Autres activités d'édition;Hommes
2020;5821Z;Édition de jeux électroniques;Femmes
2020;5821Z;Édition de jeux électroniques;Hommes
2020;5829A;Édition de logiciels système et de réseau;Femmes
2020;5829A;Édition de logiciels système et de réseau;Hommes
2020;5829B;Édition de logiciels outils de développement et de langages;Femmes
2020;5829B;Édition de logiciels outils de développement et de langages;Hommes
2020;5829C;Édition de logiciels applicatifs;Femmes
2020;5829C;Édition de logiciels applicatifs;Hommes
2020;5911A;Production de films et de programmes pour la télévision;Femmes
2020;5911A;Production de films et de programmes pour la télévision;Hommes
2020;5911B;Production de films institutionnels et publicitaires;Femmes
2020;5911B;Production de films institutionnels et publicitaires;Hommes
2020;5911C;Production de films pour le cinéma;Femmes
2020;5911C;Production de films pour le cinéma;Hommes
2020;5912Z;Post-production de films cinématographiques, de vidéo et de programmes de télévision;Femmes
2020;5912Z;Post-production de films cinématographiques, de vidéo et de programmes de télévision;Hommes
2020;5913A;Distribution de films cinématographiques;Femmes
2020;5913A;Distribution de films cinématographiques;Hommes
2020;5913B;Édition et distribution vidéo;Femmes
2020;5913B;Édition et distribution vidéo;Hommes
2020;5914Z;Projection de films cinématographiques;Femmes
2020;5914Z;Projection de films cinématographiques;Hommes
2020;5920Z;Enregistrement sonore et édition musicale;Femmes
2020;5920Z;Enregistrement sonore et édition musicale;Hommes
2020;6010Z;Édition et diffusion de programmes radio;Femmes
2020;6010Z;Édition et diffusion de programmes radio;Hommes
2020;6020A;Édition de chaînes généralistes;Femmes
2020;6020A;Édition de chaînes généralistes;Hommes
2020;6020B;Édition de chaînes thématiques;Femmes
2020;6020B;Édition de chaînes thématiques;Hommes
2020;6110Z;Télécommunications filaires;Femmes
2020;6110Z;Télécommunications filaires;Hommes
2020;6120Z;Télécommunications sans fil;Femmes
2020;6120Z;Télécommunications sans fil;Hommes
2020;6130Z;Télécommunications par satellite;Femmes
2020;6130Z;Télécommunications par satellite;Hommes
2020;6190Z;Autres activités de télécommunication;Femmes
2020;6190Z;Autres activités de télécommunication;Hommes
2020;6201Z;Programmation informatique;Femmes
2020;6201Z;Programmation informatique;Hommes
2020;6202A;Conseil en systèmes et logiciels informatiques;Femmes
2020;6202A;Conseil en systèmes et logiciels informatiques;Hommes
2020;6202B;Tierce maintenance de systèmes et d'applications informatiques;Femmes
2020;6202B;Tierce maintenance de systèmes et d'applications informatiques;Hommes
2020;6203Z;Gestion d'installations informatiques;Femmes
2020;6203Z;Gestion d'installations informatiques;Hommes
2020;6209Z;Autres activités informatiques;Femmes
2020;6209Z;Autres activités informatiques;Hommes
2020;6311Z;Traitement de données, hébergement et activités connexes;Femmes
2020;6311Z;Traitement de données, hébergement et activités connexes;Hommes
2020;6312Z;Portails Internet;Femmes
2020;6312Z;Portails Internet;Hommes
2020;6391Z;Activités des agences de presse;Femmes
2020;6391Z;Activités des agences de presse;Hommes
2020;6399Z;Autres services d'information n.c.a.;Femmes
2020;6399Z;Autres services d'information n.c.a.;Hommes
2020;6411Z;Activités de banque centrale;Femmes
2020;6411Z;Activités de banque centrale;Hommes
2020;6419Z;Autres intermédiations monétaires;Femmes
2020;6419Z;Autres intermédiations monétaires;Hommes
2020;6420Z;Activités des sociétés holding;Femmes
2020;6420Z;Activités des sociétés holding;Hommes
2020;6430Z;Fonds de placement et entités financières similaires;Femmes
2020;6430Z;Fonds de placement et entités financières similaires;Hommes
2020;6491Z;Crédit-bail;Femmes
2020;6491Z;Crédit-bail;Hommes
2020;6492Z;Autre distribution de crédit;Femmes
2020;6492Z;Autre distribution de crédit;Hommes
2020;6499Z;Autres activités des services financiers, hors assurance et caisses de retraite, n.c.a.;Femmes
2020;6499Z;Autres activités des services financiers, hors assurance et caisses de retraite, n.c.a.;Hommes
2020;6511Z;Assurance vie;Femmes
2020;6511Z;Assurance vie;Hommes
2020;6512Z;Autres assurances;Femmes
2020;6512Z;Autres assurances;Hommes
2020;6520Z;Réassurance;Femmes
2020;6520Z;Réassurance;Hommes
2020;6530Z;Caisses de retraite;Femmes
2020;6530Z;Caisses de retraite;Hommes
2020;6611Z;Administration de marchés financiers;Femmes
2020;6611Z;Administration de marchés financiers;Hommes
2020;6612Z;Courtage de valeurs mobilières et de marchandises;Femmes
2020;6612Z;Courtage de valeurs mobilières et de marchandises;Hommes
2020;6619A;Supports juridiques de gestion de patrimoine mobilier;Femmes
2020;6619A;Supports juridiques de gestion de patrimoine mobilier;Hommes
2020;6619B;Autres activités auxiliaires de services financiers, hors assurance et caisses de retraite, n.c.a.;Femmes
2020;6619B;Autres activités auxiliaires de services financiers, hors assurance et caisses de retraite, n.c.a.;Hommes
2020;6621Z;Évaluation des risques et dommages;Femmes
2020;6621Z;Évaluation des risques et dommages;Hommes
2020;6622Z;Activités des agents et courtiers d'assurances;Femmes
2020;6622Z;Activités des agents et courtiers d'assurances;Hommes
2020;6629Z;Autres activités auxiliaires d'assurance et de caisses de retraite;Femmes
2020;6629Z;Autres activités auxiliaires d'assurance et de caisses de retraite;Hommes
2020;6630Z;Gestion de fonds;Femmes
2020;6630Z;Gestion de fonds;Hommes
2020;6810Z;Activités des marchands de biens immobiliers;Femmes
2020;6810Z;Activités des marchands de biens immobiliers;Hommes
2020;6820A;Location de logements;Femmes
2020;6820A;Location de logements;Hommes
2020;6820B;Location de terrains et d'autres biens immobiliers;Femmes
2020;6820B;Location de terrains et d'autres biens immobiliers;Hommes
2020;6831Z;Agences immobilières;Femmes
2020;6831Z;Agences immobilières;Hommes
2020;6832A;Administration d'immeubles et autres biens immobiliers;Femmes
2020;6832A;Administration d'immeubles et autres biens immobiliers;Hommes
2020;6832B;Supports juridiques de gestion de patrimoine immobilier;Femmes
2020;6832B;Supports juridiques de gestion de patrimoine immobilier;Hommes
2020;6910Z;Activités juridiques;Femmes
2020;6910Z;Activités juridiques;Hommes
2020;6920Z;Activités comptables;Femmes
2020;6920Z;Activités comptables;Hommes
2020;7010Z;Activités des sièges sociaux;Femmes
2020;7010Z;Activités des sièges sociaux;Hommes
2020;7021Z;Conseil en relations publiques et communication;Femmes
2020;7021Z;Conseil en relations publiques et communication;Hommes
2020;7022Z;Conseil pour les affaires et autres conseils de gestion;Femmes
2020;7022Z;Conseil pour les affaires et autres conseils de gestion;Hommes
2020;7111Z;Activités d'architecture;Femmes
2020;7111Z;Activités d'architecture;Hommes
2020;7112A;Activité des géomètres;Femmes
2020;7112A;Activité des géomètres;Hommes
2020;7112B;Ingénierie, études techniques;Femmes
2020;7112B;Ingénierie, études techniques;Hommes
2020;7120A;Contrôle technique automobile;Femmes
2020;7120A;Contrôle technique automobile;Hommes
2020;7120B;Analyses, essais et inspections techniques;Femmes
2020;7120B;Analyses, essais et inspections techniques;Hommes
2020;7211Z;Recherche-développement en biotechnologie;Femmes
2020;7211Z;Recherche-développement en biotechnologie;Hommes
2020;7219Z;Recherche-développement en autres sciences physiques et naturelles;Femmes
2020;7219Z;Recherche-développement en autres sciences physiques et naturelles;Hommes
2020;7220Z;Recherche-développement en sciences humaines et sociales;Femmes
2020;7220Z;Recherche-développement en sciences humaines et sociales;Hommes
2020;7311Z;Activités des agences de publicité;Femmes
2020;7311Z;Activités des agences de publicité;Hommes
2020;7312Z;Régie publicitaire de médias;Femmes
2020;7312Z;Régie publicitaire de médias;Hommes
2020;7320Z;Études de marché et sondages;Femmes
2020;7320Z;Études de marché et sondages;Hommes
2020;7410Z;Activités spécialisées de design;Femmes
2020;7410Z;Activités spécialisées de design;Hommes
2020;7420Z;Activités photographiques;Femmes
2020;7420Z;Activités photographiques;Hommes
2020;7430Z;Traduction et interprétation;Femmes
2020;7430Z;Traduction et interprétation;Hommes
2020;7490A;Activité des économistes de la construction;Femmes
2020;7490A;Activité des économistes de la construction;Hommes
2020;7490B;Activités spécialisées, scientifiques et techniques diverses;Femmes
2020;7490B;Activités spécialisées, scientifiques et techniques diverses;Hommes
2020;7500Z;Activités vétérinaires;Femmes
2020;7500Z;Activités vétérinaires;Hommes
2020;7711A;Location de courte durée de voitures et de véhicules automobiles légers;Femmes
2020;7711A;Location de courte durée de voitures et de véhicules automobiles légers;Hommes
2020;7711B;Location de longue durée de voitures et de véhicules automobiles légers;Femmes
2020;7711B;Location de longue durée de voitures et de véhicules automobiles légers;Hommes
2020;7712Z;Location et location-bail de camions;Femmes
2020;7712Z;Location et location-bail de camions;Hommes
2020;7721Z;Location et location-bail d'articles de loisirs et de sport;Femmes
2020;7721Z;Location et location-bail d'articles de loisirs et de sport;Hommes
2020;7722Z;Location de vidéocassettes et disques vidéo;Femmes
2020;7722Z;Location de vidéocassettes et disques vidéo;Hommes
2020;7729Z;Location et location-bail d'autres biens personnels et domestiques;Femmes
2020;7729Z;Location et location-bail d'autres biens personnels et domestiques;Hommes
2020;7731Z;Location et location-bail de machines et équipements agricoles;Femmes
2020;7731Z;Location et location-bail de machines et équipements agricoles;Hommes
2020;7732Z;Location et location-bail de machines et équipements pour la construction;Femmes
2020;7732Z;Location et location-bail de machines et équipements pour la construction;Hommes
2020;7733Z;Location et location-bail de machines de bureau et de matériel informatique;Femmes
2020;7733Z;Location et location-bail de machines de bureau et de matériel informatique;Hommes
2020;7734Z;Location et location-bail de matériels de transport par eau;Femmes
2020;7734Z;Location et location-bail de matériels de transport par eau;Hommes
2020;7735Z;Location et location-bail de matériels de transport aérien;Femmes
2020;7735Z;Location et location-bail de matériels de transport aérien;Hommes
2020;7739Z;Location et location-bail d'autres machines, équipements et biens matériels n.c.a.;Femmes
2020;7739Z;Location et location-bail d'autres machines, équipements et biens matériels n.c.a.;Hommes
2020;7740Z;Location-bail de propriété intellectuelle et de produits similaires, à l'exception des œuvres soumises à copyright;Femmes
2020;7740Z;Location-bail de propriété intellectuelle et de produits similaires, à l'exception des œuvres soumises à copyright;Hommes
2020;7810Z;Activités des agences de placement de main-d'œuvre;Femmes
2020;7810Z;Activités des agences de placement de main-d'œuvre;Hommes
2020;7820Z;Activités des agences de travail temporaire;Femmes
2020;7820Z;Activités des agences de travail temporaire;Hommes
2020;7830Z;Autre mise à disposition de ressources humaines;Femmes
2020;7830Z;Autre mise à disposition de ressources humaines;Hommes
2020;7911Z;Activités des agences de voyage;Femmes
2020;7911Z;Activités des agences de voyage;Hommes
2020;7912Z;Activités des voyagistes;Femmes
2020;7912Z;Activités des voyagistes;Hommes
2020;7990Z;Autres services de réservation et activités connexes;Femmes
2020;7990Z;Autres services de réservation et activités connexes;Hommes
2020;8010Z;Activités de sécurité privée;Femmes
2020;8010Z;Activités de sécurité privée;Hommes
2020;8020Z;Activités liées aux systèmes de sécurité;Femmes
2020;8020Z;Activités liées aux systèmes de sécurité;Hommes
2020;8030Z;Activités d'enquête;Femmes
2020;8030Z;Activités d'enquête;Hommes
2020;8110Z;Activités combinées de soutien lié aux bâtiments;Femmes
2020;8110Z;Activités combinées de soutien lié aux bâtiments;Hommes
2020;8121Z;Nettoyage courant des bâtiments;Femmes
2020;8121Z;Nettoyage courant des bâtiments;Hommes
2020;8122Z;Autres activités de nettoyage des bâtiments et nettoyage industriel;Femmes
2020;8122Z;Autres activités de nettoyage des bâtiments et nettoyage industriel;Hommes
2020;8129A;Désinfection, désinsectisation, dératisation;Femmes
2020;8129A;Désinfection, désinsectisation, dératisation;Hommes
2020;8129B;Autres activités de nettoyage n.c.a.;Femmes
2020;8129B;Autres activités de nettoyage n.c.a.;Hommes
2020;8130Z;Services d'aménagement paysager;Femmes
2020;8130Z;Services d'aménagement paysager;Hommes
2020;8211Z;Services administratifs combinés de bureau;Femmes
2020;8211Z;Services administratifs combinés de bureau;Hommes
2020;8219Z;Photocopie, préparation de documents et autres activités spécialisées de soutien de bureau;Femmes
2020;8219Z;Photocopie, préparation de documents et autres activités spécialisées de soutien de bureau;Hommes
2020;8220Z;Activités de centres d'appels;Femmes
2020;8220Z;Activités de centres d'appels;Hommes
2020;8230Z;Organisation de foires, salons professionnels et congrès;Femmes
2020;8230Z;Organisation de foires, salons professionnels et congrès;Hommes
2020;8291Z;Activités des agences de recouvrement de factures et des sociétés d'information financière sur la clientèle;Femmes
2020;8291Z;Activités des agences de recouvrement de factures et des sociétés d'information financière sur la clientèle;Hommes
2020;8292Z;Activités de conditionnement;Femmes
2020;8292Z;Activités de conditionnement;Hommes
2020;8299Z;Autres activités de soutien aux entreprises n.c.a.;Femmes
2020;8299Z;Autres activités de soutien aux entreprises n.c.a.;Hommes
2020;8411Z;Administration publique générale;Femmes
2020;8411Z;Administration publique générale;Hommes
2020;8412Z;Administration publique (tutelle) de la santé, de la formation, de la culture et des services sociaux, autre que sécurité sociale;Femmes
2020;8412Z;Administration publique (tutelle) de la santé, de la formation, de la culture et des services sociaux, autre que sécurité sociale;Hommes
2020;8413Z;Administration publique (tutelle) des activités économiques;Femmes
2020;8413Z;Administration publique (tutelle) des activités économiques;Hommes
2020;8421Z;Affaires étrangères;Femmes
2020;8421Z;Affaires étrangères;Hommes
2020;8422Z;Défense;Femmes
2020;8422Z;Défense;Hommes
2020;8423Z;Justice;Femmes
2020;8423Z;Justice;Hommes
2020;8424Z;Activités d'ordre public et de sécurité;Femmes
2020;8424Z;Activités d'ordre public et de sécurité;Hommes
2020;8425Z;Services du feu et de secours;Femmes
2020;8425Z;Services du feu et de secours;Hommes
2020;8430A;Activités générales de sécurité sociale;Femmes
2020;8430A;Activités générales de sécurité sociale;Hommes
2020;8430B;Gestion des retraites complémentaires;Femmes
2020;8430B;Gestion des retraites complémentaires;Hommes
2020;8430C;Distribution sociale de revenus;Femmes
2020;8430C;Distribution sociale de revenus;Hommes
2020;8510Z;Enseignement pré-primaire;Femmes
2020;8510Z;Enseignement pré-primaire;Hommes
2020;8520Z;Enseignement primaire;Femmes
2020;8520Z;Enseignement primaire;Hommes
2020;8531Z;Enseignement secondaire général;Femmes
2020;8531Z;Enseignement secondaire général;Hommes
2020;8532Z;Enseignement secondaire technique ou professionnel;Femmes
2020;8532Z;Enseignement secondaire technique ou professionnel;Hommes
2020;8541Z;Enseignement post-secondaire non supérieur;Femmes
2020;8541Z;Enseignement post-secondaire non supérieur;Hommes
2020;8542Z;Enseignement supérieur;Femmes
2020;8542Z;Enseignement supérieur;Hommes
2020;8551Z;Enseignement de disciplines sportives et d'activités de loisirs;Femmes
2020;8551Z;Enseignement de disciplines sportives et d'activités de loisirs;Hommes
2020;8552Z;Enseignement culturel;Femmes
2020;8552Z;Enseignement culturel;Hommes
2020;8553Z;Enseignement de la conduite;Femmes
2020;8553Z;Enseignement de la conduite;Hommes
2020;8559A;Formation continue d'adultes;Femmes
2020;8559A;Formation continue d'adultes;Hommes
2020;8559B;Autres enseignements;Femmes
2020;8559B;Autres enseignements;Hommes
2020;8560Z;Activités de soutien à l'enseignement;Femmes
2020;8560Z;Activités de soutien à l'enseignement;Hommes
2020;8610Z;Activités hospitalières;Femmes
2020;8610Z;Activités hospitalières;Hommes
2020;8621Z;Activité des médecins généralistes;Femmes
2020;8621Z;Activité des médecins généralistes;Hommes
2020;8622A;Activités de radiodiagnostic et de radiothérapie;Femmes
2020;8622A;Activités de radiodiagnostic et de radiothérapie;Hommes
2020;8622B;Activités chirurgicales;Femmes
2020;8622B;Activités chirurgicales;Hommes
2020;8622C;Autres activités des médecins spécialistes;Femmes
2020;8622C;Autres activités des médecins spécialistes;Hommes
2020;8623Z;Pratique dentaire;Femmes
2020;8623Z;Pratique dentaire;Hommes
2020;8690A;Ambulances;Femmes
2020;8690A;Ambulances;Hommes
2020;8690B;Laboratoires d'analyses médicales;Femmes
2020;8690B;Laboratoires d'analyses médicales;Hommes
2020;8690C;Centres de collecte et banques d'organes;Femmes
2020;8690C;Centres de collecte et banques d'organes;Hommes
2020;8690D;Activités des infirmiers et des sages-femmes;Femmes
2020;8690D;Activités des infirmiers et des sages-femmes;Hommes
2020;8690E;Activités des professionnels de la rééducation, de l'appareillage et des pédicures-podologues;Femmes
2020;8690E;Activités des professionnels de la rééducation, de l'appareillage et des pédicures-podologues;Hommes
2020;8690F;Activités de santé humaine non classées ailleurs;Femmes
2020;8690F;Activités de santé humaine non classées ailleurs;Hommes
2020;8710A;Hébergement médicalisé pour personnes âgées;Femmes
2020;8710A;Hébergement médicalisé pour personnes âgées;Hommes
2020;8710B;Hébergement médicalisé pour enfants handicapés;Femmes
2020;8710B;Hébergement médicalisé pour enfants handicapés;Hommes
2020;8710C;Hébergement médicalisé pour adultes handicapés et autre hébergement médicalisé;Femmes
2020;8710C;Hébergement médicalisé pour adultes handicapés et autre hébergement médicalisé;Hommes
2020;8720A;Hébergement social pour handicapés mentaux et malades mentaux;Femmes
2020;8720A;Hébergement social pour handicapés mentaux et malades mentaux;Hommes
2020;8720B;Hébergement social pour toxicomanes;Femmes
2020;8720B;Hébergement social pour toxicomanes;Hommes
2020;8730A;Hébergement social pour personnes âgées;Femmes
2020;8730A;Hébergement social pour personnes âgées;Hommes
2020;8730B;Hébergement social pour handicapés physiques;Femmes
2020;8730B;Hébergement social pour handicapés physiques;Hommes
2020;8790A;Hébergement social pour enfants en difficultés;Femmes
2020;8790A;Hébergement social pour enfants en difficultés;Hommes
2020;8790B;Hébergement social pour adultes et familles en difficultés et autre hébergement social;Femmes
2020;8790B;Hébergement social pour adultes et familles en difficultés et autre hébergement social;Hommes
2020;8810A;Aide à domicile;Femmes
2020;8810A;Aide à domicile;Hommes
2020;8810B;Accueil ou accompagnement sans hébergement d'adultes handicapés ou de personnes âgées;Femmes
2020;8810B;Accueil ou accompagnement sans hébergement d'adultes handicapés ou de personnes âgées;Hommes
2020;8810C;Aide par le travail;Femmes
2020;8810C;Aide par le travail;Hommes
2020;8891A;Accueil de jeunes enfants;Femmes
2020;8891A;Accueil de jeunes enfants;Hommes
2020;8891B;Accueil ou accompagnement sans hébergement d'enfants handicapés;Femmes
2020;8891B;Accueil ou accompagnement sans hébergement d'enfants handicapés;Hommes
2020;8899A;Autre accueil ou accompagnement sans hébergement d'enfants et d'adolescents;Femmes
2020;8899A;Autre accueil ou accompagnement sans hébergement d'enfants et d'adolescents;Hommes
2020;8899B;Action sociale sans hébergement n.c.a.;Femmes
2020;8899B;Action sociale sans hébergement n.c.a.;Hommes
2020;9001Z;Arts du spectacle vivant;Femmes
2020;9001Z;Arts du spectacle vivant;Hommes
2020;9002Z;Activités de soutien au spectacle vivant;Femmes
2020;9002Z;Activités de soutien au spectacle vivant;Hommes
2020;9003A;Création artistique relevant des arts plastiques;Femmes
2020;9003A;Création artistique relevant des arts plastiques;Hommes
2020;9003B;Autre création artistique;Femmes
2020;9003B;Autre création artistique;Hommes
2020;9004Z;Gestion de salles de spectacles;Femmes
2020;9004Z;Gestion de salles de spectacles;Hommes
2020;9101Z;Gestion des bibliothèques et des archives;Femmes
2020;9101Z;Gestion des bibliothèques et des archives;Hommes
2020;9102Z;Gestion des musées;Femmes
2020;9102Z;Gestion des musées;Hommes
2020;9103Z;Gestion des sites et monuments historiques et des attractions touristiques similaires;Femmes
2020;9103Z;Gestion des sites et monuments historiques et des attractions touristiques similaires;Hommes
2020;9104Z;Gestion des jardins botaniques et zoologiques et des réserves naturelles;Femmes
2020;9104Z;Gestion des jardins botaniques et zoologiques et des réserves naturelles;Hommes
2020;9200Z;Organisation de jeux de hasard et d'argent;Femmes
2020;9200Z;Organisation de jeux de hasard et d'argent;Hommes
2020;9311Z;Gestion d'installations sportives;Femmes
2020;9311Z;Gestion d'installations sportives;Hommes
2020;9312Z;Activités de clubs de sports;Femmes
2020;9312Z;Activités de clubs de sports;Hommes
2020;9313Z;Activités des centres de culture physique;Femmes
2020;9313Z;Activités des centres de culture physique;Hommes
2020;9319Z;Autres activités liées au sport;Femmes
2020;9319Z;Autres activités liées au sport;Hommes
2020;9321Z;Activités des parcs d'attractions et parcs à thèmes;Femmes
2020;9321Z;Activités des parcs d'attractions et parcs à thèmes;Hommes
2020;9329Z;Autres activités récréatives et de loisirs;Femmes
2020;9329Z;Autres activités récréatives et de loisirs;Hommes
2020;9411Z;Activités des organisations patronales et consulaires;Femmes
2020;9411Z;Activités des organisations patronales et consulaires;Hommes
2020;9412Z;Activités des organisations professionnelles;Femmes
2020;9412Z;Activités des organisations professionnelles;Hommes
2020;9420Z;Activités des syndicats de salariés;Femmes
2020;9420Z;Activités des syndicats de salariés;Hommes
2020;9491Z;Activités des organisations religieuses;Femmes
2020;9491Z;Activités des organisations religieuses;Hommes
2020;9492Z;Activités des organisations politiques;Femmes
2020;9492Z;Activités des organisations politiques;Hommes
2020;9499Z;Autres organisations fonctionnant par adhésion volontaire;Femmes
2020;9499Z;Autres organisations fonctionnant par adhésion volontaire;Hommes
2020;9511Z;Réparation d'ordinateurs et d'équipements périphériques;Femmes
2020;9511Z;Réparation d'ordinateurs et d'équipements périphériques;Hommes
2020;9512Z;Réparation d'équipements de communication;Femmes
2020;9512Z;Réparation d'équipements de communication;Hommes
2020;9521Z;Réparation de produits électroniques grand public;Femmes
2020;9521Z;Réparation de produits électroniques grand public;Hommes
2020;9522Z;Réparation d'appareils électroménagers et d'équipements pour la maison et le jardin;Femmes
2020;9522Z;Réparation d'appareils électroménagers et d'équipements pour la maison et le jardin;Hommes
2020;9523Z;Réparation de chaussures et d'articles en cuir;Femmes
2020;9523Z;Réparation de chaussures et d'articles en cuir;Hommes
2020;9524Z;Réparation de meubles et d'équipements du foyer;Femmes
2020;9524Z;Réparation de meubles et d'équipements du foyer;Hommes
2020;9525Z;Réparation d'articles d'horlogerie et de bijouterie;Femmes
2020;9525Z;Réparation d'articles d'horlogerie et de bijouterie;Hommes
2020;9529Z;Réparation d'autres biens personnels et domestiques;Femmes
2020;9529Z;Réparation d'autres biens personnels et domestiques;Hommes
2020;9601A;Blanchisserie-teinturerie de gros;Femmes
2020;9601A;Blanchisserie-teinturerie de gros;Hommes
2020;9601B;Blanchisserie-teinturerie de détail;Femmes
2020;9601B;Blanchisserie-teinturerie de détail;Hommes
2020;9602A;Coiffure;Femmes
2020;9602A;Coiffure;Hommes
2020;9602B;Soins de beauté;Femmes
2020;9602B;Soins de beauté;Hommes
2020;9603Z;Services funéraires;Femmes
2020;9603Z;Services funéraires;Hommes
2020;9604Z;Entretien corporel;Femmes
2020;9604Z;Entretien corporel;Hommes
2020;9609Z;Autres services personnels n.c.a.;Femmes
2020;9609Z;Autres services personnels n.c.a.;Hommes
2020;9700Z;Activités des ménages en tant qu'employeurs de personnel domestique;Femmes
2020;9700Z;Activités des ménages en tant qu'employeurs de personnel domestique;Hommes
2020;9810Z;Activités indifférenciées des ménages en tant que producteurs de biens pour usage propre;Femmes
2020;9810Z;Activités indifférenciées des ménages en tant que producteurs de biens pour usage propre;Hommes
2020;9820Z;Activités indifférenciées des ménages en tant que producteurs de services pour usage propre;Femmes
2020;9820Z;Activités indifférenciées des ménages en tant que producteurs de services pour usage propre;Hommes
2020;9900Z;Activités des organisations et organismes extraterritoriaux;Femmes
2020;9900Z;Activités des organisations et organismes extraterritoriaux;Hommes
2021;0111Z;Culture de céréales (à l'exception du riz), de légumineuses et de graines oléagineuses;Femmes
2021;0111Z;Culture de céréales (à l'exception du riz), de légumineuses et de graines oléagineuses;Hommes
2021;0112Z;Culture du riz;Femmes
2021;0112Z;Culture du riz;Hommes
2021;0113Z;Culture de légumes, de melons, de racines et de tubercules;Femmes
2021;0113Z;Culture de légumes, de melons, de racines et de tubercules;Hommes
2021;0114Z;Culture de la canne à sucre;Femmes
2021;0114Z;Culture de la canne à sucre;Hommes
2021;0115Z;Culture du tabac;Femmes
2021;0115Z;Culture du tabac;Hommes
2021;0116Z;Culture de plantes à fibres;Femmes
2021;0116Z;Culture de plantes à fibres;Hommes
2021;0119Z;Autres cultures non permanentes;Femmes
2021;0119Z;Autres cultures non permanentes;Hommes
2021;0121Z;Culture de la vigne;Femmes
2021;0121Z;Culture de la vigne;Hommes
2021;0122Z;Culture de fruits tropicaux et subtropicaux;Femmes
2021;0122Z;Culture de fruits tropicaux et subtropicaux;Hommes
2021;0123Z;Culture d'agrumes;Femmes
2021;0123Z;Culture d'agrumes;Hommes
2021;0124Z;Culture de fruits à pépins et à noyau;Femmes
2021;0124Z;Culture de fruits à pépins et à noyau;Hommes
2021;0125Z;Culture d'autres fruits d'arbres ou d'arbustes et de fruits à coque;Femmes
2021;0125Z;Culture d'autres fruits d'arbres ou d'arbustes et de fruits à coque;Hommes
2021;0126Z;Culture de fruits oléagineux;Femmes
2021;0126Z;Culture de fruits oléagineux;Hommes
2021;0127Z;Culture de plantes à boissons;Femmes
2021;0127Z;Culture de plantes à boissons;Hommes
2021;0128Z;Culture de plantes à épices, aromatiques, médicinales et pharmaceutiques;Femmes
2021;0128Z;Culture de plantes à épices, aromatiques, médicinales et pharmaceutiques;Hommes
2021;0129Z;Autres cultures permanentes;Femmes
2021;0129Z;Autres cultures permanentes;Hommes
2021;0130Z;Reproduction de plantes;Femmes
2021;0130Z;Reproduction de plantes;Hommes
2021;0141Z;Élevage de vaches laitières;Femmes
2021;0141Z;Élevage de vaches laitières;Hommes
2021;0142Z;Élevage d'autres bovins et de buffles;Femmes
2021;0142Z;Élevage d'autres bovins et de buffles;Hommes
2021;0143Z;Élevage de chevaux et d'autres équidés;Femmes
2021;0143Z;Élevage de chevaux et d'autres équidés;Hommes
2021;0144Z;Élevage de chameaux et d'autres camélidés;Femmes
2021;0144Z;Élevage de chameaux et d'autres camélidés;Hommes
2021;0145Z;Élevage d'ovins et de caprins;Femmes
2021;0145Z;Élevage d'ovins et de caprins;Hommes
2021;0146Z;Élevage de porcins;Femmes
2021;0146Z;Élevage de porcins;Hommes
2021;0147Z;Élevage de volailles;Femmes
2021;0147Z;Élevage de volailles;Hommes
2021;0149Z;Élevage d'autres animaux;Femmes
2021;0149Z;Élevage d'autres animaux;Hommes
2021;0150Z;Culture et élevage associés;Femmes
2021;0150Z;Culture et élevage associés;Hommes
2021;0161Z;Activités de soutien aux cultures;Femmes
2021;0161Z;Activités de soutien aux cultures;Hommes
2021;0162Z;Activités de soutien à la production animale;Femmes
2021;0162Z;Activités de soutien à la production animale;Hommes
2021;0163Z;Traitement primaire des récoltes;Femmes
2021;0163Z;Traitement primaire des récoltes;Hommes
2021;0164Z;Traitement des semences;Femmes
2021;0164Z;Traitement des semences;Hommes
2021;0170Z;Chasse, piégeage et services annexes;Femmes
2021;0170Z;Chasse, piégeage et services annexes;Hommes
2021;0210Z;Sylviculture et autres activités forestières;Femmes
2021;0210Z;Sylviculture et autres activités forestières;Hommes
2021;0220Z;Exploitation forestière;Femmes
2021;0220Z;Exploitation forestière;Hommes
2021;0230Z;Récolte de produits forestiers non ligneux poussant à l'état sauvage;Femmes
2021;0230Z;Récolte de produits forestiers non ligneux poussant à l'état sauvage;Hommes
2021;0240Z;Services de soutien à l'exploitation forestière;Femmes
2021;0240Z;Services de soutien à l'exploitation forestière;Hommes
2021;0311Z;Pêche en mer;Femmes
2021;0311Z;Pêche en mer;Hommes
2021;0312Z;Pêche en eau douce;Femmes
2021;0312Z;Pêche en eau douce;Hommes
2021;0321Z;Aquaculture en mer;Femmes
2021;0321Z;Aquaculture en mer;Hommes
2021;0322Z;Aquaculture en eau douce;Femmes
2021;0322Z;Aquaculture en eau douce;Hommes
2021;0510Z;Extraction de houille;Femmes
2021;0510Z;Extraction de houille;Hommes
2021;0520Z;Extraction de lignite;Femmes
2021;0520Z;Extraction de lignite;Hommes
2021;0610Z;Extraction de pétrole brut;Femmes
2021;0610Z;Extraction de pétrole brut;Hommes
2021;0620Z;Extraction de gaz naturel;Femmes
2021;0620Z;Extraction de gaz naturel;Hommes
2021;0710Z;Extraction de minerais de fer;Femmes
2021;0710Z;Extraction de minerais de fer;Hommes
2021;0721Z;Extraction de minerais d'uranium et de thorium;Femmes
2021;0721Z;Extraction de minerais d'uranium et de thorium;Hommes
2021;0729Z;Extraction d'autres minerais de métaux non ferreux;Femmes
2021;0729Z;Extraction d'autres minerais de métaux non ferreux;Hommes
2021;0811Z;Extraction de pierres ornementales et de construction, de calcaire industriel, de gypse, de craie et d'ardoise;Femmes
2021;0811Z;Extraction de pierres ornementales et de construction, de calcaire industriel, de gypse, de craie et d'ardoise;Hommes
2021;0812Z;Exploitation de gravières et sablières, extraction d'argiles et de kaolin;Femmes
2021;0812Z;Exploitation de gravières et sablières, extraction d'argiles et de kaolin;Hommes
2021;0891Z;Extraction des minéraux chimiques et d'engrais minéraux;Femmes
2021;0891Z;Extraction des minéraux chimiques et d'engrais minéraux;Hommes
2021;0892Z;Extraction de tourbe;Femmes
2021;0892Z;Extraction de tourbe;Hommes
2021;0893Z;Production de sel;Femmes
2021;0893Z;Production de sel;Hommes
2021;0899Z;Autres activités extractives n.c.a.;Femmes
2021;0899Z;Autres activités extractives n.c.a.;Hommes
2021;0910Z;Activités de soutien à l'extraction d'hydrocarbures;Femmes
2021;0910Z;Activités de soutien à l'extraction d'hydrocarbures;Hommes
2021;0990Z;Activités de soutien aux autres industries extractives;Femmes
2021;0990Z;Activités de soutien aux autres industries extractives;Hommes
2021;1011Z;Transformation et conservation de la viande de boucherie;Femmes
2021;1011Z;Transformation et conservation de la viande de boucherie;Hommes
2021;1012Z;Transformation et conservation de la viande de volaille;Femmes
2021;1012Z;Transformation et conservation de la viande de volaille;Hommes
2021;1013A;Préparation industrielle de produits à base de viande;Femmes
2021;1013A;Préparation industrielle de produits à base de viande;Hommes
2021;1013B;Charcuterie;Femmes
2021;1013B;Charcuterie;Hommes
2021;1020Z;Transformation et conservation de poisson, de crustacés et de mollusques;Femmes
2021;1020Z;Transformation et conservation de poisson, de crustacés et de mollusques;Hommes
2021;1031Z;Transformation et conservation de pommes de terre;Femmes
2021;1031Z;Transformation et conservation de pommes de terre;Hommes
2021;1032Z;Préparation de jus de fruits et légumes;Femmes
2021;1032Z;Préparation de jus de fruits et légumes;Hommes
2021;1039A;Autre transformation et conservation de légumes;Femmes
2021;1039A;Autre transformation et conservation de légumes;Hommes
2021;1039B;Transformation et conservation de fruits;Femmes
2021;1039B;Transformation et conservation de fruits;Hommes
2021;1041A;Fabrication d'huiles et graisses brutes;Femmes
2021;1041A;Fabrication d'huiles et graisses brutes;Hommes
2021;1041B;Fabrication d'huiles et graisses raffinées;Femmes
2021;1041B;Fabrication d'huiles et graisses raffinées;Hommes
2021;1042Z;Fabrication de margarine et graisses comestibles similaires;Femmes
2021;1042Z;Fabrication de margarine et graisses comestibles similaires;Hommes
2021;1051A;Fabrication de lait liquide et de produits frais;Femmes
2021;1051A;Fabrication de lait liquide et de produits frais;Hommes
2021;1051B;Fabrication de beurre;Femmes
2021;1051B;Fabrication de beurre;Hommes
2021;1051C;Fabrication de fromage;Femmes
2021;1051C;Fabrication de fromage;Hommes
2021;1051D;Fabrication d'autres produits laitiers;Femmes
2021;1051D;Fabrication d'autres produits laitiers;Hommes
2021;1052Z;Fabrication de glaces et sorbets;Femmes
2021;1052Z;Fabrication de glaces et sorbets;Hommes
2021;1061A;Meunerie;Femmes
2021;1061A;Meunerie;Hommes
2021;1061B;Autres activités du travail des grains;Femmes
2021;1061B;Autres activités du travail des grains;Hommes
2021;1062Z;Fabrication de produits amylacés;Femmes
2021;1062Z;Fabrication de produits amylacés;Hommes
2021;1071A;Fabrication industrielle de pain et de pâtisserie fraîche;Femmes
2021;1071A;Fabrication industrielle de pain et de pâtisserie fraîche;Hommes
2021;1071B;Cuisson de produits de boulangerie;Femmes
2021;1071B;Cuisson de produits de boulangerie;Hommes
2021;1071C;Boulangerie et boulangerie-pâtisserie;Femmes
2021;1071C;Boulangerie et boulangerie-pâtisserie;Hommes
2021;1071D;Pâtisserie;Femmes
2021;1071D;Pâtisserie;Hommes
2021;1072Z;Fabrication de biscuits, biscottes et pâtisseries de conservation;Femmes
2021;1072Z;Fabrication de biscuits, biscottes et pâtisseries de conservation;Hommes
2021;1073Z;Fabrication de pâtes alimentaires;Femmes
2021;1073Z;Fabrication de pâtes alimentaires;Hommes
2021;1081Z;Fabrication de sucre;Femmes
2021;1081Z;Fabrication de sucre;Hommes
2021;1082Z;Fabrication de cacao, chocolat et de produits de confiserie;Femmes
2021;1082Z;Fabrication de cacao, chocolat et de produits de confiserie;Hommes
2021;1083Z;Transformation du thé et du café;Femmes
2021;1083Z;Transformation du thé et du café;Hommes
2021;1084Z;Fabrication de condiments et assaisonnements;Femmes
2021;1084Z;Fabrication de condiments et assaisonnements;Hommes
2021;1085Z;Fabrication de plats préparés;Femmes
2021;1085Z;Fabrication de plats préparés;Hommes
2021;1086Z;Fabrication d'aliments homogénéisés et diététiques;Femmes
2021;1086Z;Fabrication d'aliments homogénéisés et diététiques;Hommes
2021;1089Z;Fabrication d'autres produits alimentaires n.c.a.;Femmes
2021;1089Z;Fabrication d'autres produits alimentaires n.c.a.;Hommes
2021;1091Z;Fabrication d'aliments pour animaux de ferme;Femmes
2021;1091Z;Fabrication d'aliments pour animaux de ferme;Hommes
2021;1092Z;Fabrication d'aliments pour animaux de compagnie;Femmes
2021;1092Z;Fabrication d'aliments pour animaux de compagnie;Hommes
2021;1101Z;Production de boissons alcooliques distillées;Femmes
2021;1101Z;Production de boissons alcooliques distillées;Hommes
2021;1102A;Fabrication de vins effervescents;Femmes
2021;1102A;Fabrication de vins effervescents;Hommes
2021;1102B;Vinification;Femmes
2021;1102B;Vinification;Hommes
2021;1103Z;Fabrication de cidre et de vins de fruits;Femmes
2021;1103Z;Fabrication de cidre et de vins de fruits;Hommes
2021;1104Z;Production d'autres boissons fermentées non distillées;Femmes
2021;1104Z;Production d'autres boissons fermentées non distillées;Hommes
2021;1105Z;Fabrication de bière;Femmes
2021;1105Z;Fabrication de bière;Hommes
2021;1106Z;Fabrication de malt;Femmes
2021;1106Z;Fabrication de malt;Hommes
2021;1107A;Industrie des eaux de table;Femmes
2021;1107A;Industrie des eaux de table;Hommes
2021;1107B;Production de boissons rafraîchissantes;Femmes
2021;1107B;Production de boissons rafraîchissantes;Hommes
2021;1200Z;Fabrication de produits à base de tabac;Femmes
2021;1200Z;Fabrication de produits à base de tabac;Hommes
2021;1310Z;Préparation de fibres textiles et filature;Femmes
2021;1310Z;Préparation de fibres textiles et filature;Hommes
2021;1320Z;Tissage;Femmes
2021;1320Z;Tissage;Hommes
2021;1330Z;Ennoblissement textile;Femmes
2021;1330Z;Ennoblissement textile;Hommes
2021;1391Z;Fabrication d'étoffes à mailles;Femmes
2021;1391Z;Fabrication d'étoffes à mailles;Hommes
2021;1392Z;Fabrication d'articles textiles, sauf habillement;Femmes
2021;1392Z;Fabrication d'articles textiles, sauf habillement;Hommes
2021;1393Z;Fabrication de tapis et moquettes;Femmes
2021;1393Z;Fabrication de tapis et moquettes;Hommes
2021;1394Z;Fabrication de ficelles, cordes et filets;Femmes
2021;1394Z;Fabrication de ficelles, cordes et filets;Hommes
2021;1395Z;Fabrication de non-tissés, sauf habillement;Femmes
2021;1395Z;Fabrication de non-tissés, sauf habillement;Hommes
2021;1396Z;Fabrication d'autres textiles techniques et industriels;Femmes
2021;1396Z;Fabrication d'autres textiles techniques et industriels;Hommes
2021;1399Z;Fabrication d'autres textiles n.c.a.;Femmes
2021;1399Z;Fabrication d'autres textiles n.c.a.;Hommes
2021;1411Z;Fabrication de vêtements en cuir;Femmes
2021;1411Z;Fabrication de vêtements en cuir;Hommes
2021;1412Z;Fabrication de vêtements de travail;Femmes
2021;1412Z;Fabrication de vêtements de travail;Hommes
2021;1413Z;Fabrication de vêtements de dessus;Femmes
2021;1413Z;Fabrication de vêtements de dessus;Hommes
2021;1414Z;Fabrication de vêtements de dessous;Femmes
2021;1414Z;Fabrication de vêtements de dessous;Hommes
2021;1419Z;Fabrication d'autres vêtements et accessoires;Femmes
2021;1419Z;Fabrication d'autres vêtements et accessoires;Hommes
2021;1420Z;Fabrication d'articles en fourrure;Femmes
2021;1420Z;Fabrication d'articles en fourrure;Hommes
2021;1431Z;Fabrication d'articles chaussants à mailles;Femmes
2021;1431Z;Fabrication d'articles chaussants à mailles;Hommes
2021;1439Z;Fabrication d'autres articles à mailles;Femmes
2021;1439Z;Fabrication d'autres articles à mailles;Hommes
2021;1511Z;"Apprêt et tannage des cuirs ; préparation et teinture des fourrures";Femmes
2021;1511Z;"Apprêt et tannage des cuirs ; préparation et teinture des fourrures";Hommes
2021;1512Z;Fabrication d'articles de voyage, de maroquinerie et de sellerie;Femmes
2021;1512Z;Fabrication d'articles de voyage, de maroquinerie et de sellerie;Hommes
2021;1520Z;Fabrication de chaussures;Femmes
2021;1520Z;Fabrication de chaussures;Hommes
2021;1610A;Sciage et rabotage du bois, hors imprégnation;Femmes
2021;1610A;Sciage et rabotage du bois, hors imprégnation;Hommes
2021;1610B;Imprégnation du bois;Femmes
2021;1610B;Imprégnation du bois;Hommes
2021;1621Z;Fabrication de placage et de panneaux de bois;Femmes
2021;1621Z;Fabrication de placage et de panneaux de bois;Hommes
2021;1622Z;Fabrication de parquets assemblés;Femmes
2021;1622Z;Fabrication de parquets assemblés;Hommes
2021;1623Z;Fabrication de charpentes et d'autres menuiseries;Femmes
2021;1623Z;Fabrication de charpentes et d'autres menuiseries;Hommes
2021;1624Z;Fabrication d'emballages en bois;Femmes
2021;1624Z;Fabrication d'emballages en bois;Hommes
2021;1629Z;"Fabrication d'objets divers en bois ; fabrication d'objets en liège, vannerie et sparterie";Femmes
2021;1629Z;"Fabrication d'objets divers en bois ; fabrication d'objets en liège, vannerie et sparterie";Hommes
2021;1711Z;Fabrication de pâte à papier;Femmes
2021;1711Z;Fabrication de pâte à papier;Hommes
2021;1712Z;Fabrication de papier et de carton;Femmes
2021;1712Z;Fabrication de papier et de carton;Hommes
2021;1721A;Fabrication de carton ondulé;Femmes
2021;1721A;Fabrication de carton ondulé;Hommes
2021;1721B;Fabrication de cartonnages;Femmes
2021;1721B;Fabrication de cartonnages;Hommes
2021;1721C;Fabrication d'emballages en papier;Femmes
2021;1721C;Fabrication d'emballages en papier;Hommes
2021;1722Z;Fabrication d'articles en papier à usage sanitaire ou domestique;Femmes
2021;1722Z;Fabrication d'articles en papier à usage sanitaire ou domestique;Hommes
2021;1723Z;Fabrication d'articles de papeterie;Femmes
2021;1723Z;Fabrication d'articles de papeterie;Hommes
2021;1724Z;Fabrication de papiers peints;Femmes
2021;1724Z;Fabrication de papiers peints;Hommes
2021;1729Z;Fabrication d'autres articles en papier ou en carton;Femmes
2021;1729Z;Fabrication d'autres articles en papier ou en carton;Hommes
2021;1811Z;Imprimerie de journaux;Femmes
2021;1811Z;Imprimerie de journaux;Hommes
2021;1812Z;Autre imprimerie (labeur);Femmes
2021;1812Z;Autre imprimerie (labeur);Hommes
2021;1813Z;Activités de pré-presse;Femmes
2021;1813Z;Activités de pré-presse;Hommes
2021;1814Z;Reliure et activités connexes;Femmes
2021;1814Z;Reliure et activités connexes;Hommes
2021;1820Z;Reproduction d'enregistrements;Femmes
2021;1820Z;Reproduction d'enregistrements;Hommes
2021;1910Z;Cokéfaction;Femmes
2021;1910Z;Cokéfaction;Hommes
2021;1920Z;Raffinage du pétrole;Femmes
2021;1920Z;Raffinage du pétrole;Hommes
2021;2011Z;Fabrication de gaz industriels;Femmes
2021;2011Z;Fabrication de gaz industriels;Hommes
2021;2012Z;Fabrication de colorants et de pigments;Femmes
2021;2012Z;Fabrication de colorants et de pigments;Hommes
2021;2013A;Enrichissement et retraitement de matières nucléaires;Femmes
2021;2013A;Enrichissement et retraitement de matières nucléaires;Hommes
2021;2013B;Fabrication d'autres produits chimiques inorganiques de base n.c.a.;Femmes
2021;2013B;Fabrication d'autres produits chimiques inorganiques de base n.c.a.;Hommes
2021;2014Z;Fabrication d'autres produits chimiques organiques de base;Femmes
2021;2014Z;Fabrication d'autres produits chimiques organiques de base;Hommes
2021;2015Z;Fabrication de produits azotés et d'engrais;Femmes
2021;2015Z;Fabrication de produits azotés et d'engrais;Hommes
2021;2016Z;Fabrication de matières plastiques de base;Femmes
2021;2016Z;Fabrication de matières plastiques de base;Hommes
2021;2017Z;Fabrication de caoutchouc synthétique;Femmes
2021;2017Z;Fabrication de caoutchouc synthétique;Hommes
2021;2020Z;Fabrication de pesticides et d'autres produits agrochimiques;Femmes
2021;2020Z;Fabrication de pesticides et d'autres produits agrochimiques;Hommes
2021;2030Z;Fabrication de peintures, vernis, encres et mastics;Femmes
2021;2030Z;Fabrication de peintures, vernis, encres et mastics;Hommes
2021;2041Z;Fabrication de savons, détergents et produits d'entretien;Femmes
2021;2041Z;Fabrication de savons, détergents et produits d'entretien;Hommes
2021;2042Z;Fabrication de parfums et de produits pour la toilette;Femmes
2021;2042Z;Fabrication de parfums et de produits pour la toilette;Hommes
2021;2051Z;Fabrication de produits explosifs;Femmes
2021;2051Z;Fabrication de produits explosifs;Hommes
2021;2052Z;Fabrication de colles;Femmes
2021;2052Z;Fabrication de colles;Hommes
2021;2053Z;Fabrication d'huiles essentielles;Femmes
2021;2053Z;Fabrication d'huiles essentielles;Hommes
2021;2059Z;Fabrication d'autres produits chimiques n.c.a.;Femmes
2021;2059Z;Fabrication d'autres produits chimiques n.c.a.;Hommes
2021;2060Z;Fabrication de fibres artificielles ou synthétiques;Femmes
2021;2060Z;Fabrication de fibres artificielles ou synthétiques;Hommes
2021;2110Z;Fabrication de produits pharmaceutiques de base;Femmes
2021;2110Z;Fabrication de produits pharmaceutiques de base;Hommes
2021;2120Z;Fabrication de préparations pharmaceutiques;Femmes
2021;2120Z;Fabrication de préparations pharmaceutiques;Hommes
2021;2211Z;Fabrication et rechapage de pneumatiques;Femmes
2021;2211Z;Fabrication et rechapage de pneumatiques;Hommes
2021;2219Z;Fabrication d'autres articles en caoutchouc;Femmes
2021;2219Z;Fabrication d'autres articles en caoutchouc;Hommes
2021;2221Z;Fabrication de plaques, feuilles, tubes et profilés en matières plastiques;Femmes
2021;2221Z;Fabrication de plaques, feuilles, tubes et profilés en matières plastiques;Hommes
2021;2222Z;Fabrication d'emballages en matières plastiques;Femmes
2021;2222Z;Fabrication d'emballages en matières plastiques;Hommes
2021;2223Z;Fabrication d'éléments en matières plastiques pour la construction;Femmes
2021;2223Z;Fabrication d'éléments en matières plastiques pour la construction;Hommes
2021;2229A;Fabrication de pièces techniques à base de matières plastiques;Femmes
2021;2229A;Fabrication de pièces techniques à base de matières plastiques;Hommes
2021;2229B;Fabrication de produits de consommation courante en matières plastiques;Femmes
2021;2229B;Fabrication de produits de consommation courante en matières plastiques;Hommes
2021;2311Z;Fabrication de verre plat;Femmes
2021;2311Z;Fabrication de verre plat;Hommes
2021;2312Z;Façonnage et transformation du verre plat;Femmes
2021;2312Z;Façonnage et transformation du verre plat;Hommes
2021;2313Z;Fabrication de verre creux;Femmes
2021;2313Z;Fabrication de verre creux;Hommes
2021;2314Z;Fabrication de fibres de verre;Femmes
2021;2314Z;Fabrication de fibres de verre;Hommes
2021;2319Z;Fabrication et façonnage d'autres articles en verre, y compris verre technique;Femmes
2021;2319Z;Fabrication et façonnage d'autres articles en verre, y compris verre technique;Hommes
2021;2320Z;Fabrication de produits réfractaires;Femmes
2021;2320Z;Fabrication de produits réfractaires;Hommes
2021;2331Z;Fabrication de carreaux en céramique;Femmes
2021;2331Z;Fabrication de carreaux en céramique;Hommes
2021;2332Z;Fabrication de briques, tuiles et produits de construction, en terre cuite;Femmes
2021;2332Z;Fabrication de briques, tuiles et produits de construction, en terre cuite;Hommes
2021;2341Z;Fabrication d'articles céramiques à usage domestique ou ornemental;Femmes
2021;2341Z;Fabrication d'articles céramiques à usage domestique ou ornemental;Hommes
2021;2342Z;Fabrication d'appareils sanitaires en céramique;Femmes
2021;2342Z;Fabrication d'appareils sanitaires en céramique;Hommes
2021;2343Z;Fabrication d'isolateurs et pièces isolantes en céramique;Femmes
2021;2343Z;Fabrication d'isolateurs et pièces isolantes en céramique;Hommes
2021;2344Z;Fabrication d'autres produits céramiques à usage technique;Femmes
2021;2344Z;Fabrication d'autres produits céramiques à usage technique;Hommes
2021;2349Z;Fabrication d'autres produits céramiques;Femmes
2021;2349Z;Fabrication d'autres produits céramiques;Hommes
2021;2351Z;Fabrication de ciment;Femmes
2021;2351Z;Fabrication de ciment;Hommes
2021;2352Z;Fabrication de chaux et plâtre;Femmes
2021;2352Z;Fabrication de chaux et plâtre;Hommes
2021;2361Z;Fabrication d'éléments en béton pour la construction;Femmes
2021;2361Z;Fabrication d'éléments en béton pour la construction;Hommes
2021;2362Z;Fabrication d'éléments en plâtre pour la construction;Femmes
2021;2362Z;Fabrication d'éléments en plâtre pour la construction;Hommes
2021;2363Z;Fabrication de béton prêt à l'emploi;Femmes
2021;2363Z;Fabrication de béton prêt à l'emploi;Hommes
2021;2364Z;Fabrication de mortiers et bétons secs;Femmes
2021;2364Z;Fabrication de mortiers et bétons secs;Hommes
2021;2365Z;Fabrication d'ouvrages en fibre-ciment;Femmes
2021;2365Z;Fabrication d'ouvrages en fibre-ciment;Hommes
2021;2369Z;Fabrication d'autres ouvrages en béton, en ciment ou en plâtre;Femmes
2021;2369Z;Fabrication d'autres ouvrages en béton, en ciment ou en plâtre;Hommes
2021;2370Z;Taille, façonnage et finissage de pierres;Femmes
2021;2370Z;Taille, façonnage et finissage de pierres;Hommes
2021;2391Z;Fabrication de produits abrasifs;Femmes
2021;2391Z;Fabrication de produits abrasifs;Hommes
2021;2399Z;Fabrication d'autres produits minéraux non métalliques n.c.a.;Femmes
2021;2399Z;Fabrication d'autres produits minéraux non métalliques n.c.a.;Hommes
2021;2410Z;Sidérurgie;Femmes
2021;2410Z;Sidérurgie;Hommes
2021;2420Z;Fabrication de tubes, tuyaux, profilés creux et accessoires correspondants en acier;Femmes
2021;2420Z;Fabrication de tubes, tuyaux, profilés creux et accessoires correspondants en acier;Hommes
2021;2431Z;Étirage à froid de barres;Femmes
2021;2431Z;Étirage à froid de barres;Hommes
2021;2432Z;Laminage à froid de feuillards;Femmes
2021;2432Z;Laminage à froid de feuillards;Hommes
2021;2433Z;Profilage à froid par formage ou pliage;Femmes
2021;2433Z;Profilage à froid par formage ou pliage;Hommes
2021;2434Z;Tréfilage à froid;Femmes
2021;2434Z;Tréfilage à froid;Hommes
2021;2441Z;Production de métaux précieux;Femmes
2021;2441Z;Production de métaux précieux;Hommes
2021;2442Z;Métallurgie de l'aluminium;Femmes
2021;2442Z;Métallurgie de l'aluminium;Hommes
2021;2443Z;Métallurgie du plomb, du zinc ou de l'étain;Femmes
2021;2443Z;Métallurgie du plomb, du zinc ou de l'étain;Hommes
2021;2444Z;Métallurgie du cuivre;Femmes
2021;2444Z;Métallurgie du cuivre;Hommes
2021;2445Z;Métallurgie des autres métaux non ferreux;Femmes
2021;2445Z;Métallurgie des autres métaux non ferreux;Hommes
2021;2446Z;Élaboration et transformation de matières nucléaires;Femmes
2021;2446Z;Élaboration et transformation de matières nucléaires;Hommes
2021;2451Z;Fonderie de fonte;Femmes
2021;2451Z;Fonderie de fonte;Hommes
2021;2452Z;Fonderie d'acier;Femmes
2021;2452Z;Fonderie d'acier;Hommes
2021;2453Z;Fonderie de métaux légers;Femmes
2021;2453Z;Fonderie de métaux légers;Hommes
2021;2454Z;Fonderie d'autres métaux non ferreux;Femmes
2021;2454Z;Fonderie d'autres métaux non ferreux;Hommes
2021;2511Z;Fabrication de structures métalliques et de parties de structures;Femmes
2021;2511Z;Fabrication de structures métalliques et de parties de structures;Hommes
2021;2512Z;Fabrication de portes et fenêtres en métal;Femmes
2021;2512Z;Fabrication de portes et fenêtres en métal;Hommes
2021;2521Z;Fabrication de radiateurs et de chaudières pour le chauffage central;Femmes
2021;2521Z;Fabrication de radiateurs et de chaudières pour le chauffage central;Hommes
2021;2529Z;Fabrication d'autres réservoirs, citernes et conteneurs métalliques;Femmes
2021;2529Z;Fabrication d'autres réservoirs, citernes et conteneurs métalliques;Hommes
2021;2530Z;Fabrication de générateurs de vapeur, à l'exception des chaudières pour le chauffage central;Femmes
2021;2530Z;Fabrication de générateurs de vapeur, à l'exception des chaudières pour le chauffage central;Hommes
2021;2540Z;Fabrication d'armes et de munitions;Femmes
2021;2540Z;Fabrication d'armes et de munitions;Hommes
2021;2550A;"Forge, estampage, matriçage ; métallurgie des poudres";Femmes
2021;2550A;"Forge, estampage, matriçage ; métallurgie des poudres";Hommes
2021;2550B;Découpage, emboutissage;Femmes
2021;2550B;Découpage, emboutissage;Hommes
2021;2561Z;Traitement et revêtement des métaux;Femmes
2021;2561Z;Traitement et revêtement des métaux;Hommes
2021;2562A;Décolletage;Femmes
2021;2562A;Décolletage;Hommes
2021;2562B;Mécanique industrielle;Femmes
2021;2562B;Mécanique industrielle;Hommes
2021;2571Z;Fabrication de coutellerie;Femmes
2021;2571Z;Fabrication de coutellerie;Hommes
2021;2572Z;Fabrication de serrures et de ferrures;Femmes
2021;2572Z;Fabrication de serrures et de ferrures;Hommes
2021;2573A;Fabrication de moules et modèles;Femmes
2021;2573A;Fabrication de moules et modèles;Hommes
2021;2573B;Fabrication d'autres outillages;Femmes
2021;2573B;Fabrication d'autres outillages;Hommes
2021;2591Z;Fabrication de fûts et emballages métalliques similaires;Femmes
2021;2591Z;Fabrication de fûts et emballages métalliques similaires;Hommes
2021;2592Z;Fabrication d'emballages métalliques légers;Femmes
2021;2592Z;Fabrication d'emballages métalliques légers;Hommes
2021;2593Z;Fabrication d'articles en fils métalliques, de chaînes et de ressorts;Femmes
2021;2593Z;Fabrication d'articles en fils métalliques, de chaînes et de ressorts;Hommes
2021;2594Z;Fabrication de vis et de boulons;Femmes
2021;2594Z;Fabrication de vis et de boulons;Hommes
2021;2599A;Fabrication d'articles métalliques ménagers;Femmes
2021;2599A;Fabrication d'articles métalliques ménagers;Hommes
2021;2599B;Fabrication d'autres articles métalliques;Femmes
2021;2599B;Fabrication d'autres articles métalliques;Hommes
2021;2611Z;Fabrication de composants électroniques;Femmes
2021;2611Z;Fabrication de composants électroniques;Hommes
2021;2612Z;Fabrication de cartes électroniques assemblées;Femmes
2021;2612Z;Fabrication de cartes électroniques assemblées;Hommes
2021;2620Z;Fabrication d'ordinateurs et d'équipements périphériques;Femmes
2021;2620Z;Fabrication d'ordinateurs et d'équipements périphériques;Hommes
2021;2630Z;Fabrication d'équipements de communication;Femmes
2021;2630Z;Fabrication d'équipements de communication;Hommes
2021;2640Z;Fabrication de produits électroniques grand public;Femmes
2021;2640Z;Fabrication de produits électroniques grand public;Hommes
2021;2651A;Fabrication d'équipements d'aide à la navigation;Femmes
2021;2651A;Fabrication d'équipements d'aide à la navigation;Hommes
2021;2651B;Fabrication d'instrumentation scientifique et technique;Femmes
2021;2651B;Fabrication d'instrumentation scientifique et technique;Hommes
2021;2652Z;Horlogerie;Femmes
2021;2652Z;Horlogerie;Hommes
2021;2660Z;Fabrication d'équipements d'irradiation médicale, d'équipements électromédicaux et électrothérapeutiques;Femmes
2021;2660Z;Fabrication d'équipements d'irradiation médicale, d'équipements électromédicaux et électrothérapeutiques;Hommes
2021;2670Z;Fabrication de matériels optique et photographique;Femmes
2021;2670Z;Fabrication de matériels optique et photographique;Hommes
2021;2680Z;Fabrication de supports magnétiques et optiques;Femmes
2021;2680Z;Fabrication de supports magnétiques et optiques;Hommes
2021;2711Z;Fabrication de moteurs, génératrices et transformateurs électriques;Femmes
2021;2711Z;Fabrication de moteurs, génératrices et transformateurs électriques;Hommes
2021;2712Z;Fabrication de matériel de distribution et de commande électrique;Femmes
2021;2712Z;Fabrication de matériel de distribution et de commande électrique;Hommes
2021;2720Z;Fabrication de piles et d'accumulateurs électriques;Femmes
2021;2720Z;Fabrication de piles et d'accumulateurs électriques;Hommes
2021;2731Z;Fabrication de câbles de fibres optiques;Femmes
2021;2731Z;Fabrication de câbles de fibres optiques;Hommes
2021;2732Z;Fabrication d'autres fils et câbles électroniques ou électriques;Femmes
2021;2732Z;Fabrication d'autres fils et câbles électroniques ou électriques;Hommes
2021;2733Z;Fabrication de matériel d'installation électrique;Femmes
2021;2733Z;Fabrication de matériel d'installation électrique;Hommes
2021;2740Z;Fabrication d'appareils d'éclairage électrique;Femmes
2021;2740Z;Fabrication d'appareils d'éclairage électrique;Hommes
2021;2751Z;Fabrication d'appareils électroménagers;Femmes
2021;2751Z;Fabrication d'appareils électroménagers;Hommes
2021;2752Z;Fabrication d'appareils ménagers non électriques;Femmes
2021;2752Z;Fabrication d'appareils ménagers non électriques;Hommes
2021;2790Z;Fabrication d'autres matériels électriques;Femmes
2021;2790Z;Fabrication d'autres matériels électriques;Hommes
2021;2811Z;Fabrication de moteurs et turbines, à l'exception des moteurs d'avions et de véhicules;Femmes
2021;2811Z;Fabrication de moteurs et turbines, à l'exception des moteurs d'avions et de véhicules;Hommes
2021;2812Z;Fabrication d'équipements hydrauliques et pneumatiques;Femmes
2021;2812Z;Fabrication d'équipements hydrauliques et pneumatiques;Hommes
2021;2813Z;Fabrication d'autres pompes et compresseurs;Femmes
2021;2813Z;Fabrication d'autres pompes et compresseurs;Hommes
2021;2814Z;Fabrication d'autres articles de robinetterie;Femmes
2021;2814Z;Fabrication d'autres articles de robinetterie;Hommes
2021;2815Z;Fabrication d'engrenages et d'organes mécaniques de transmission;Femmes
2021;2815Z;Fabrication d'engrenages et d'organes mécaniques de transmission;Hommes
2021;2821Z;Fabrication de fours et brûleurs;Femmes
2021;2821Z;Fabrication de fours et brûleurs;Hommes
2021;2822Z;Fabrication de matériel de levage et de manutention;Femmes
2021;2822Z;Fabrication de matériel de levage et de manutention;Hommes
2021;2823Z;Fabrication de machines et d'équipements de bureau (à l'exception des ordinateurs et équipements périphériques);Femmes
2021;2823Z;Fabrication de machines et d'équipements de bureau (à l'exception des ordinateurs et équipements périphériques);Hommes
2021;2824Z;Fabrication d'outillage portatif à moteur incorporé;Femmes
2021;2824Z;Fabrication d'outillage portatif à moteur incorporé;Hommes
2021;2825Z;Fabrication d'équipements aérauliques et frigorifiques industriels;Femmes
2021;2825Z;Fabrication d'équipements aérauliques et frigorifiques industriels;Hommes
2021;2829A;Fabrication d'équipements d'emballage, de conditionnement et de pesage;Femmes
2021;2829A;Fabrication d'équipements d'emballage, de conditionnement et de pesage;Hommes
2021;2829B;Fabrication d'autres machines d'usage général;Femmes
2021;2829B;Fabrication d'autres machines d'usage général;Hommes
2021;2830Z;Fabrication de machines agricoles et forestières;Femmes
2021;2830Z;Fabrication de machines agricoles et forestières;Hommes
2021;2841Z;Fabrication de machines-outils pour le travail des métaux;Femmes
2021;2841Z;Fabrication de machines-outils pour le travail des métaux;Hommes
2021;2849Z;Fabrication d'autres machines-outils;Femmes
2021;2849Z;Fabrication d'autres machines-outils;Hommes
2021;2891Z;Fabrication de machines pour la métallurgie;Femmes
2021;2891Z;Fabrication de machines pour la métallurgie;Hommes
2021;2892Z;Fabrication de machines pour l'extraction ou la construction;Femmes
2021;2892Z;Fabrication de machines pour l'extraction ou la construction;Hommes
2021;2893Z;Fabrication de machines pour l'industrie agro-alimentaire;Femmes
2021;2893Z;Fabrication de machines pour l'industrie agro-alimentaire;Hommes
2021;2894Z;Fabrication de machines pour les industries textiles;Femmes
2021;2894Z;Fabrication de machines pour les industries textiles;Hommes
2021;2895Z;Fabrication de machines pour les industries du papier et du carton;Femmes
2021;2895Z;Fabrication de machines pour les industries du papier et du carton;Hommes
2021;2896Z;Fabrication de machines pour le travail du caoutchouc ou des plastiques;Femmes
2021;2896Z;Fabrication de machines pour le travail du caoutchouc ou des plastiques;Hommes
2021;2899A;Fabrication de machines d'imprimerie;Femmes
2021;2899A;Fabrication de machines d'imprimerie;Hommes
2021;2899B;Fabrication d'autres machines spécialisées;Femmes
2021;2899B;Fabrication d'autres machines spécialisées;Hommes
2021;2910Z;Construction de véhicules automobiles;Femmes
2021;2910Z;Construction de véhicules automobiles;Hommes
2021;2920Z;Fabrication de carrosseries et remorques;Femmes
2021;2920Z;Fabrication de carrosseries et remorques;Hommes
2021;2931Z;Fabrication d'équipements électriques et électroniques automobiles;Femmes
2021;2931Z;Fabrication d'équipements électriques et électroniques automobiles;Hommes
2021;2932Z;Fabrication d'autres équipements automobiles;Femmes
2021;2932Z;Fabrication d'autres équipements automobiles;Hommes
2021;3011Z;Construction de navires et de structures flottantes;Femmes
2021;3011Z;Construction de navires et de structures flottantes;Hommes
2021;3012Z;Construction de bateaux de plaisance;Femmes
2021;3012Z;Construction de bateaux de plaisance;Hommes
2021;3020Z;Construction de locomotives et d'autre matériel ferroviaire roulant;Femmes
2021;3020Z;Construction de locomotives et d'autre matériel ferroviaire roulant;Hommes
2021;3030Z;Construction aéronautique et spatiale;Femmes
2021;3030Z;Construction aéronautique et spatiale;Hommes
2021;3040Z;Construction de véhicules militaires de combat;Femmes
2021;3040Z;Construction de véhicules militaires de combat;Hommes
2021;3091Z;Fabrication de motocycles;Femmes
2021;3091Z;Fabrication de motocycles;Hommes
2021;3092Z;Fabrication de bicyclettes et de véhicules pour invalides;Femmes
2021;3092Z;Fabrication de bicyclettes et de véhicules pour invalides;Hommes
2021;3099Z;Fabrication d'autres équipements de transport n.c.a.;Femmes
2021;3099Z;Fabrication d'autres équipements de transport n.c.a.;Hommes
2021;3101Z;Fabrication de meubles de bureau et de magasin;Femmes
2021;3101Z;Fabrication de meubles de bureau et de magasin;Hommes
2021;3102Z;Fabrication de meubles de cuisine;Femmes
2021;3102Z;Fabrication de meubles de cuisine;Hommes
2021;3103Z;Fabrication de matelas;Femmes
2021;3103Z;Fabrication de matelas;Hommes
2021;3109A;Fabrication de sièges d'ameublement d'intérieur;Femmes
2021;3109A;Fabrication de sièges d'ameublement d'intérieur;Hommes
2021;3109B;Fabrication d'autres meubles et industries connexes de l'ameublement;Femmes
2021;3109B;Fabrication d'autres meubles et industries connexes de l'ameublement;Hommes
2021;3211Z;Frappe de monnaie;Femmes
2021;3211Z;Frappe de monnaie;Hommes
2021;3212Z;Fabrication d'articles de joaillerie et bijouterie;Femmes
2021;3212Z;Fabrication d'articles de joaillerie et bijouterie;Hommes
2021;3213Z;Fabrication d'articles de bijouterie fantaisie et articles similaires;Femmes
2021;3213Z;Fabrication d'articles de bijouterie fantaisie et articles similaires;Hommes
2021;3220Z;Fabrication d'instruments de musique;Femmes
2021;3220Z;Fabrication d'instruments de musique;Hommes
2021;3230Z;Fabrication d'articles de sport;Femmes
2021;3230Z;Fabrication d'articles de sport;Hommes
2021;3240Z;Fabrication de jeux et jouets;Femmes
2021;3240Z;Fabrication de jeux et jouets;Hommes
2021;3250A;Fabrication de matériel médico-chirurgical et dentaire;Femmes
2021;3250A;Fabrication de matériel médico-chirurgical et dentaire;Hommes
2021;3250B;Fabrication de lunettes;Femmes
2021;3250B;Fabrication de lunettes;Hommes
2021;3291Z;Fabrication d'articles de brosserie;Femmes
2021;3291Z;Fabrication d'articles de brosserie;Hommes
2021;3299Z;Autres activités manufacturières n.c.a.;Femmes
2021;3299Z;Autres activités manufacturières n.c.a.;Hommes
2021;3311Z;Réparation d'ouvrages en métaux;Femmes
2021;3311Z;Réparation d'ouvrages en métaux;Hommes
2021;3312Z;Réparation de machines et équipements mécaniques;Femmes
2021;3312Z;Réparation de machines et équipements mécaniques;Hommes
2021;3313Z;Réparation de matériels électroniques et optiques;Femmes
2021;3313Z;Réparation de matériels électroniques et optiques;Hommes
2021;3314Z;Réparation d'équipements électriques;Femmes
2021;3314Z;Réparation d'équipements électriques;Hommes
2021;3315Z;Réparation et maintenance navale;Femmes
2021;3315Z;Réparation et maintenance navale;Hommes
2021;3316Z;Réparation et maintenance d'aéronefs et d'engins spatiaux;Femmes
2021;3316Z;Réparation et maintenance d'aéronefs et d'engins spatiaux;Hommes
2021;3317Z;Réparation et maintenance d'autres équipements de transport;Femmes
2021;3317Z;Réparation et maintenance d'autres équipements de transport;Hommes
2021;3319Z;Réparation d'autres équipements;Femmes
2021;3319Z;Réparation d'autres équipements;Hommes
2021;3320A;Installation de structures métalliques, chaudronnées et de tuyauterie;Femmes
2021;3320A;Installation de structures métalliques, chaudronnées et de tuyauterie;Hommes
2021;3320B;Installation de machines et équipements mécaniques;Femmes
2021;3320B;Installation de machines et équipements mécaniques;Hommes
2021;3320C;Conception d'ensemble et assemblage sur site industriel d'équipements de contrôle des processus industriels;Femmes
2021;3320C;Conception d'ensemble et assemblage sur site industriel d'équipements de contrôle des processus industriels;Hommes
2021;3320D;Installation d'équipements électriques, de matériels électroniques et optiques ou d'autres matériels;Femmes
2021;3320D;Installation d'équipements électriques, de matériels électroniques et optiques ou d'autres matériels;Hommes
2021;3511Z;Production d'électricité;Femmes
2021;3511Z;Production d'électricité;Hommes
2021;3512Z;Transport d'électricité;Femmes
2021;3512Z;Transport d'électricité;Hommes
2021;3513Z;Distribution d'électricité;Femmes
2021;3513Z;Distribution d'électricité;Hommes
2021;3514Z;Commerce d'électricité;Femmes
2021;3514Z;Commerce d'électricité;Hommes
2021;3521Z;Production de combustibles gazeux;Femmes
2021;3521Z;Production de combustibles gazeux;Hommes
2021;3522Z;Distribution de combustibles gazeux par conduites;Femmes
2021;3522Z;Distribution de combustibles gazeux par conduites;Hommes
2021;3523Z;Commerce de combustibles gazeux par conduites;Femmes
2021;3523Z;Commerce de combustibles gazeux par conduites;Hommes
2021;3530Z;Production et distribution de vapeur et d'air conditionné;Femmes
2021;3530Z;Production et distribution de vapeur et d'air conditionné;Hommes
2021;3600Z;Captage, traitement et distribution d'eau;Femmes
2021;3600Z;Captage, traitement et distribution d'eau;Hommes
2021;3700Z;Collecte et traitement des eaux usées;Femmes
2021;3700Z;Collecte et traitement des eaux usées;Hommes
2021;3811Z;Collecte des déchets non dangereux;Femmes
2021;3811Z;Collecte des déchets non dangereux;Hommes
2021;3812Z;Collecte des déchets dangereux;Femmes
2021;3812Z;Collecte des déchets dangereux;Hommes
2021;3821Z;Traitement et élimination des déchets non dangereux;Femmes
2021;3821Z;Traitement et élimination des déchets non dangereux;Hommes
2021;3822Z;Traitement et élimination des déchets dangereux;Femmes
2021;3822Z;Traitement et élimination des déchets dangereux;Hommes
2021;3831Z;Démantèlement d'épaves;Femmes
2021;3831Z;Démantèlement d'épaves;Hommes
2021;3832Z;Récupération de déchets triés;Femmes
2021;3832Z;Récupération de déchets triés;Hommes
2021;3900Z;Dépollution et autres services de gestion des déchets;Femmes
2021;3900Z;Dépollution et autres services de gestion des déchets;Hommes
2021;4110A;Promotion immobilière de logements;Femmes
2021;4110A;Promotion immobilière de logements;Hommes
2021;4110B;Promotion immobilière de bureaux;Femmes
2021;4110B;Promotion immobilière de bureaux;Hommes
2021;4110C;Promotion immobilière d'autres bâtiments;Femmes
2021;4110C;Promotion immobilière d'autres bâtiments;Hommes
2021;4110D;Supports juridiques de programmes;Femmes
2021;4110D;Supports juridiques de programmes;Hommes
2021;4120A;Construction de maisons individuelles;Femmes
2021;4120A;Construction de maisons individuelles;Hommes
2021;4120B;Construction d'autres bâtiments;Femmes
2021;4120B;Construction d'autres bâtiments;Hommes
2021;4211Z;Construction de routes et autoroutes;Femmes
2021;4211Z;Construction de routes et autoroutes;Hommes
2021;4212Z;Construction de voies ferrées de surface et souterraines;Femmes
2021;4212Z;Construction de voies ferrées de surface et souterraines;Hommes
2021;4213A;Construction d'ouvrages d'art;Femmes
2021;4213A;Construction d'ouvrages d'art;Hommes
2021;4213B;Construction et entretien de tunnels;Femmes
2021;4213B;Construction et entretien de tunnels;Hommes
2021;4221Z;Construction de réseaux pour fluides;Femmes
2021;4221Z;Construction de réseaux pour fluides;Hommes
2021;4222Z;Construction de réseaux électriques et de télécommunications;Femmes
2021;4222Z;Construction de réseaux électriques et de télécommunications;Hommes
2021;4291Z;Construction d'ouvrages maritimes et fluviaux;Femmes
2021;4291Z;Construction d'ouvrages maritimes et fluviaux;Hommes
2021;4299Z;Construction d'autres ouvrages de génie civil n.c.a.;Femmes
2021;4299Z;Construction d'autres ouvrages de génie civil n.c.a.;Hommes
2021;4311Z;Travaux de démolition;Femmes
2021;4311Z;Travaux de démolition;Hommes
2021;4312A;Travaux de terrassement courants et travaux préparatoires;Femmes
2021;4312A;Travaux de terrassement courants et travaux préparatoires;Hommes
2021;4312B;Travaux de terrassement spécialisés ou de grande masse;Femmes
2021;4312B;Travaux de terrassement spécialisés ou de grande masse;Hommes
2021;4313Z;Forages et sondages;Femmes
2021;4313Z;Forages et sondages;Hommes
2021;4321A;Travaux d'installation électrique dans tous locaux;Femmes
2021;4321A;Travaux d'installation électrique dans tous locaux;Hommes
2021;4321B;Travaux d'installation électrique sur la voie publique;Femmes
2021;4321B;Travaux d'installation électrique sur la voie publique;Hommes
2021;4322A;Travaux d'installation d'eau et de gaz en tous locaux;Femmes
2021;4322A;Travaux d'installation d'eau et de gaz en tous locaux;Hommes
2021;4322B;Travaux d'installation d'équipements thermiques et de climatisation;Femmes
2021;4322B;Travaux d'installation d'équipements thermiques et de climatisation;Hommes
2021;4329A;Travaux d'isolation;Femmes
2021;4329A;Travaux d'isolation;Hommes
2021;4329B;Autres travaux d'installation n.c.a.;Femmes
2021;4329B;Autres travaux d'installation n.c.a.;Hommes
2021;4331Z;Travaux de plâtrerie;Femmes
2021;4331Z;Travaux de plâtrerie;Hommes
2021;4332A;Travaux de menuiserie bois et PVC;Femmes
2021;4332A;Travaux de menuiserie bois et PVC;Hommes
2021;4332B;Travaux de menuiserie métallique et serrurerie;Femmes
2021;4332B;Travaux de menuiserie métallique et serrurerie;Hommes
2021;4332C;Agencement de lieux de vente;Femmes
2021;4332C;Agencement de lieux de vente;Hommes
2021;4333Z;Travaux de revêtement des sols et des murs;Femmes
2021;4333Z;Travaux de revêtement des sols et des murs;Hommes
2021;4334Z;Travaux de peinture et vitrerie;Femmes
2021;4334Z;Travaux de peinture et vitrerie;Hommes
2021;4339Z;Autres travaux de finition;Femmes
2021;4339Z;Autres travaux de finition;Hommes
2021;4391A;Travaux de charpente;Femmes
2021;4391A;Travaux de charpente;Hommes
2021;4391B;Travaux de couverture par éléments;Femmes
2021;4391B;Travaux de couverture par éléments;Hommes
2021;4399A;Travaux d'étanchéification;Femmes
2021;4399A;Travaux d'étanchéification;Hommes
2021;4399B;Travaux de montage de structures métalliques;Femmes
2021;4399B;Travaux de montage de structures métalliques;Hommes
2021;4399C;Travaux de maçonnerie générale et gros œuvre de bâtiment;Femmes
2021;4399C;Travaux de maçonnerie générale et gros œuvre de bâtiment;Hommes
2021;4399D;Autres travaux spécialisés de construction;Femmes
2021;4399D;Autres travaux spécialisés de construction;Hommes
2021;4399E;Location avec opérateur de matériel de construction;Femmes
2021;4399E;Location avec opérateur de matériel de construction;Hommes
2021;4511Z;Commerce de voitures et de véhicules automobiles légers;Femmes
2021;4511Z;Commerce de voitures et de véhicules automobiles légers;Hommes
2021;4519Z;Commerce d'autres véhicules automobiles;Femmes
2021;4519Z;Commerce d'autres véhicules automobiles;Hommes
2021;4520A;Entretien et réparation de véhicules automobiles légers;Femmes
2021;4520A;Entretien et réparation de véhicules automobiles légers;Hommes
2021;4520B;Entretien et réparation d'autres véhicules automobiles;Femmes
2021;4520B;Entretien et réparation d'autres véhicules automobiles;Hommes
2021;4531Z;Commerce de gros d'équipements automobiles;Femmes
2021;4531Z;Commerce de gros d'équipements automobiles;Hommes
2021;4532Z;Commerce de détail d'équipements automobiles;Femmes
2021;4532Z;Commerce de détail d'équipements automobiles;Hommes
2021;4540Z;Commerce et réparation de motocycles;Femmes
2021;4540Z;Commerce et réparation de motocycles;Hommes
2021;4611Z;Intermédiaires du commerce en matières premières agricoles, animaux vivants, matières premières textiles et produits semi-finis;Femmes
2021;4611Z;Intermédiaires du commerce en matières premières agricoles, animaux vivants, matières premières textiles et produits semi-finis;Hommes
2021;4612A;Centrales d'achat de carburant;Femmes
2021;4612A;Centrales d'achat de carburant;Hommes
2021;4612B;Autres intermédiaires du commerce en combustibles, métaux, minéraux et produits chimiques;Femmes
2021;4612B;Autres intermédiaires du commerce en combustibles, métaux, minéraux et produits chimiques;Hommes
2021;4613Z;Intermédiaires du commerce en bois et matériaux de construction;Femmes
2021;4613Z;Intermédiaires du commerce en bois et matériaux de construction;Hommes
2021;4614Z;Intermédiaires du commerce en machines, équipements industriels, navires et avions;Femmes
2021;4614Z;Intermédiaires du commerce en machines, équipements industriels, navires et avions;Hommes
2021;4615Z;Intermédiaires du commerce en meubles, articles de ménage et quincaillerie;Femmes
2021;4615Z;Intermédiaires du commerce en meubles, articles de ménage et quincaillerie;Hommes
2021;4616Z;Intermédiaires du commerce en textiles, habillement, fourrures, chaussures et articles en cuir;Femmes
2021;4616Z;Intermédiaires du commerce en textiles, habillement, fourrures, chaussures et articles en cuir;Hommes
2021;4617A;Centrales d'achat alimentaires;Femmes
2021;4617A;Centrales d'achat alimentaires;Hommes
2021;4617B;Autres intermédiaires du commerce en denrées, boissons et tabac;Femmes
2021;4617B;Autres intermédiaires du commerce en denrées, boissons et tabac;Hommes
2021;4618Z;Intermédiaires spécialisés dans le commerce d'autres produits spécifiques;Femmes
2021;4618Z;Intermédiaires spécialisés dans le commerce d'autres produits spécifiques;Hommes
2021;4619A;Centrales d'achat non alimentaires;Femmes
2021;4619A;Centrales d'achat non alimentaires;Hommes
2021;4619B;Autres intermédiaires du commerce en produits divers;Femmes
2021;4619B;Autres intermédiaires du commerce en produits divers;Hommes
2021;4621Z;Commerce de gros (commerce interentreprises) de céréales, de tabac non manufacturé, de semences et d'aliments pour le bétail;Femmes
2021;4621Z;Commerce de gros (commerce interentreprises) de céréales, de tabac non manufacturé, de semences et d'aliments pour le bétail;Hommes
2021;4622Z;Commerce de gros (commerce interentreprises) de fleurs et plantes;Femmes
2021;4622Z;Commerce de gros (commerce interentreprises) de fleurs et plantes;Hommes
2021;4623Z;Commerce de gros (commerce interentreprises) d'animaux vivants;Femmes
2021;4623Z;Commerce de gros (commerce interentreprises) d'animaux vivants;Hommes
2021;4624Z;Commerce de gros (commerce interentreprises) de cuirs et peaux;Femmes
2021;4624Z;Commerce de gros (commerce interentreprises) de cuirs et peaux;Hommes
2021;4631Z;Commerce de gros (commerce interentreprises) de fruits et légumes;Femmes
2021;4631Z;Commerce de gros (commerce interentreprises) de fruits et légumes;Hommes
2021;4632A;Commerce de gros (commerce interentreprises) de viandes de boucherie;Femmes
2021;4632A;Commerce de gros (commerce interentreprises) de viandes de boucherie;Hommes
2021;4632B;Commerce de gros (commerce interentreprises) de produits à base de viande;Femmes
2021;4632B;Commerce de gros (commerce interentreprises) de produits à base de viande;Hommes
2021;4632C;Commerce de gros (commerce interentreprises) de volailles et gibier;Femmes
2021;4632C;Commerce de gros (commerce interentreprises) de volailles et gibier;Hommes
2021;4633Z;Commerce de gros (commerce interentreprises) de produits laitiers, œufs, huiles et matières grasses comestibles;Femmes
2021;4633Z;Commerce de gros (commerce interentreprises) de produits laitiers, œufs, huiles et matières grasses comestibles;Hommes
2021;4634Z;Commerce de gros (commerce interentreprises) de boissons;Femmes
2021;4634Z;Commerce de gros (commerce interentreprises) de boissons;Hommes
2021;4635Z;Commerce de gros (commerce interentreprises) de produits à base de tabac;Femmes
2021;4635Z;Commerce de gros (commerce interentreprises) de produits à base de tabac;Hommes
2021;4636Z;Commerce de gros (commerce interentreprises) de sucre, chocolat et confiserie;Femmes
2021;4636Z;Commerce de gros (commerce interentreprises) de sucre, chocolat et confiserie;Hommes
2021;4637Z;Commerce de gros (commerce interentreprises) de café, thé, cacao et épices;Femmes
2021;4637Z;Commerce de gros (commerce interentreprises) de café, thé, cacao et épices;Hommes
2021;4638A;Commerce de gros (commerce interentreprises) de poissons, crustacés et mollusques;Femmes
2021;4638A;Commerce de gros (commerce interentreprises) de poissons, crustacés et mollusques;Hommes
2021;4638B;Commerce de gros (commerce interentreprises) alimentaire spécialisé divers;Femmes
2021;4638B;Commerce de gros (commerce interentreprises) alimentaire spécialisé divers;Hommes
2021;4639A;Commerce de gros (commerce interentreprises) de produits surgelés;Femmes
2021;4639A;Commerce de gros (commerce interentreprises) de produits surgelés;Hommes
2021;4639B;Commerce de gros (commerce interentreprises) alimentaire non spécialisé;Femmes
2021;4639B;Commerce de gros (commerce interentreprises) alimentaire non spécialisé;Hommes
2021;4641Z;Commerce de gros (commerce interentreprises) de textiles;Femmes
2021;4641Z;Commerce de gros (commerce interentreprises) de textiles;Hommes
2021;4642Z;Commerce de gros (commerce interentreprises) d'habillement et de chaussures;Femmes
2021;4642Z;Commerce de gros (commerce interentreprises) d'habillement et de chaussures;Hommes
2021;4643Z;Commerce de gros (commerce interentreprises) d'appareils électroménagers;Femmes
2021;4643Z;Commerce de gros (commerce interentreprises) d'appareils électroménagers;Hommes
2021;4644Z;Commerce de gros (commerce interentreprises) de vaisselle, verrerie et produits d'entretien;Femmes
2021;4644Z;Commerce de gros (commerce interentreprises) de vaisselle, verrerie et produits d'entretien;Hommes
2021;4645Z;Commerce de gros (commerce interentreprises) de parfumerie et de produits de beauté;Femmes
2021;4645Z;Commerce de gros (commerce interentreprises) de parfumerie et de produits de beauté;Hommes
2021;4646Z;Commerce de gros (commerce interentreprises) de produits pharmaceutiques;Femmes
2021;4646Z;Commerce de gros (commerce interentreprises) de produits pharmaceutiques;Hommes
2021;4647Z;Commerce de gros (commerce interentreprises) de meubles, de tapis et d'appareils d'éclairage;Femmes
2021;4647Z;Commerce de gros (commerce interentreprises) de meubles, de tapis et d'appareils d'éclairage;Hommes
2021;4648Z;Commerce de gros (commerce interentreprises) d'articles d'horlogerie et de bijouterie;Femmes
2021;4648Z;Commerce de gros (commerce interentreprises) d'articles d'horlogerie et de bijouterie;Hommes
2021;4649Z;Commerce de gros (commerce interentreprises) d'autres biens domestiques;Femmes
2021;4649Z;Commerce de gros (commerce interentreprises) d'autres biens domestiques;Hommes
2021;4651Z;Commerce de gros (commerce interentreprises) d'ordinateurs, d'équipements informatiques périphériques et de logiciels;Femmes
2021;4651Z;Commerce de gros (commerce interentreprises) d'ordinateurs, d'équipements informatiques périphériques et de logiciels;Hommes
2021;4652Z;Commerce de gros (commerce interentreprises) de composants et d'équipements électroniques et de télécommunication;Femmes
2021;4652Z;Commerce de gros (commerce interentreprises) de composants et d'équipements électroniques et de télécommunication;Hommes
2021;4661Z;Commerce de gros (commerce interentreprises) de matériel agricole;Femmes
2021;4661Z;Commerce de gros (commerce interentreprises) de matériel agricole;Hommes
2021;4662Z;Commerce de gros (commerce interentreprises) de machines-outils;Femmes
2021;4662Z;Commerce de gros (commerce interentreprises) de machines-outils;Hommes
2021;4663Z;Commerce de gros (commerce interentreprises) de machines pour l'extraction, la construction et le génie civil;Femmes
2021;4663Z;Commerce de gros (commerce interentreprises) de machines pour l'extraction, la construction et le génie civil;Hommes
2021;4664Z;Commerce de gros (commerce interentreprises) de machines pour l'industrie textile et l'habillement;Femmes
2021;4664Z;Commerce de gros (commerce interentreprises) de machines pour l'industrie textile et l'habillement;Hommes
2021;4665Z;Commerce de gros (commerce interentreprises) de mobilier de bureau;Femmes
2021;4665Z;Commerce de gros (commerce interentreprises) de mobilier de bureau;Hommes
2021;4666Z;Commerce de gros (commerce interentreprises) d'autres machines et équipements de bureau;Femmes
2021;4666Z;Commerce de gros (commerce interentreprises) d'autres machines et équipements de bureau;Hommes
2021;4669A;Commerce de gros (commerce interentreprises) de matériel électrique;Femmes
2021;4669A;Commerce de gros (commerce interentreprises) de matériel électrique;Hommes
2021;4669B;Commerce de gros (commerce interentreprises) de fournitures et équipements industriels divers;Femmes
2021;4669B;Commerce de gros (commerce interentreprises) de fournitures et équipements industriels divers;Hommes
2021;4669C;Commerce de gros (commerce interentreprises) de fournitures et équipements divers pour le commerce et les services;Femmes
2021;4669C;Commerce de gros (commerce interentreprises) de fournitures et équipements divers pour le commerce et les services;Hommes
2021;4671Z;Commerce de gros (commerce interentreprises) de combustibles et de produits annexes;Femmes
2021;4671Z;Commerce de gros (commerce interentreprises) de combustibles et de produits annexes;Hommes
2021;4672Z;Commerce de gros (commerce interentreprises) de minerais et métaux;Femmes
2021;4672Z;Commerce de gros (commerce interentreprises) de minerais et métaux;Hommes
2021;4673A;Commerce de gros (commerce interentreprises) de bois et de matériaux de construction;Femmes
2021;4673A;Commerce de gros (commerce interentreprises) de bois et de matériaux de construction;Hommes
2021;4673B;Commerce de gros (commerce interentreprises) d'appareils sanitaires et de produits de décoration;Femmes
2021;4673B;Commerce de gros (commerce interentreprises) d'appareils sanitaires et de produits de décoration;Hommes
2021;4674A;Commerce de gros (commerce interentreprises) de quincaillerie;Femmes
2021;4674A;Commerce de gros (commerce interentreprises) de quincaillerie;Hommes
2021;4674B;Commerce de gros (commerce interentreprises) de fournitures pour la plomberie et le chauffage;Femmes
2021;4674B;Commerce de gros (commerce interentreprises) de fournitures pour la plomberie et le chauffage;Hommes
2021;4675Z;Commerce de gros (commerce interentreprises) de produits chimiques;Femmes
2021;4675Z;Commerce de gros (commerce interentreprises) de produits chimiques;Hommes
2021;4676Z;Commerce de gros (commerce interentreprises) d'autres produits intermédiaires;Femmes
2021;4676Z;Commerce de gros (commerce interentreprises) d'autres produits intermédiaires;Hommes
2021;4677Z;Commerce de gros (commerce interentreprises) de déchets et débris;Femmes
2021;4677Z;Commerce de gros (commerce interentreprises) de déchets et débris;Hommes
2021;4690Z;Commerce de gros (commerce interentreprises) non spécialisé;Femmes
2021;4690Z;Commerce de gros (commerce interentreprises) non spécialisé;Hommes
2021;4711A;Commerce de détail de produits surgelés;Femmes
2021;4711A;Commerce de détail de produits surgelés;Hommes
2021;4711B;Commerce d'alimentation générale;Femmes
2021;4711B;Commerce d'alimentation générale;Hommes
2021;4711C;Supérettes;Femmes
2021;4711C;Supérettes;Hommes
2021;4711D;Supermarchés;Femmes
2021;4711D;Supermarchés;Hommes
2021;4711E;Magasins multi-commerces;Femmes
2021;4711E;Magasins multi-commerces;Hommes
2021;4711F;Hypermarchés;Femmes
2021;4711F;Hypermarchés;Hommes
2021;4719A;Grands magasins;Femmes
2021;4719A;Grands magasins;Hommes
2021;4719B;Autres commerces de détail en magasin non spécialisé;Femmes
2021;4719B;Autres commerces de détail en magasin non spécialisé;Hommes
2021;4721Z;Commerce de détail de fruits et légumes en magasin spécialisé;Femmes
2021;4721Z;Commerce de détail de fruits et légumes en magasin spécialisé;Hommes
2021;4722Z;Commerce de détail de viandes et de produits à base de viande en magasin spécialisé;Femmes
2021;4722Z;Commerce de détail de viandes et de produits à base de viande en magasin spécialisé;Hommes
2021;4723Z;Commerce de détail de poissons, crustacés et mollusques en magasin spécialisé;Femmes
2021;4723Z;Commerce de détail de poissons, crustacés et mollusques en magasin spécialisé;Hommes
2021;4724Z;Commerce de détail de pain, pâtisserie et confiserie en magasin spécialisé;Femmes
2021;4724Z;Commerce de détail de pain, pâtisserie et confiserie en magasin spécialisé;Hommes
2021;4725Z;Commerce de détail de boissons en magasin spécialisé;Femmes
2021;4725Z;Commerce de détail de boissons en magasin spécialisé;Hommes
2021;4726Z;Commerce de détail de produits à base de tabac en magasin spécialisé;Femmes
2021;4726Z;Commerce de détail de produits à base de tabac en magasin spécialisé;Hommes
2021;4729Z;Autres commerces de détail alimentaires en magasin spécialisé;Femmes
2021;4729Z;Autres commerces de détail alimentaires en magasin spécialisé;Hommes
2021;4730Z;Commerce de détail de carburants en magasin spécialisé;Femmes
2021;4730Z;Commerce de détail de carburants en magasin spécialisé;Hommes
2021;4741Z;Commerce de détail d'ordinateurs, d'unités périphériques et de logiciels en magasin spécialisé;Femmes
2021;4741Z;Commerce de détail d'ordinateurs, d'unités périphériques et de logiciels en magasin spécialisé;Hommes
2021;4742Z;Commerce de détail de matériels de télécommunication en magasin spécialisé;Femmes
2021;4742Z;Commerce de détail de matériels de télécommunication en magasin spécialisé;Hommes
2021;4743Z;Commerce de détail de matériels audio et vidéo en magasin spécialisé;Femmes
2021;4743Z;Commerce de détail de matériels audio et vidéo en magasin spécialisé;Hommes
2021;4751Z;Commerce de détail de textiles en magasin spécialisé;Femmes
2021;4751Z;Commerce de détail de textiles en magasin spécialisé;Hommes
2021;4752A;Commerce de détail de quincaillerie, peintures et verres en petites surfaces (moins de 400 m²);Femmes
2021;4752A;Commerce de détail de quincaillerie, peintures et verres en petites surfaces (moins de 400 m²);Hommes
2021;4752B;Commerce de détail de quincaillerie, peintures et verres en grandes surfaces (400 m² et plus);Femmes
2021;4752B;Commerce de détail de quincaillerie, peintures et verres en grandes surfaces (400 m² et plus);Hommes
2021;4753Z;Commerce de détail de tapis, moquettes et revêtements de murs et de sols en magasin spécialisé;Femmes
2021;4753Z;Commerce de détail de tapis, moquettes et revêtements de murs et de sols en magasin spécialisé;Hommes
2021;4754Z;Commerce de détail d'appareils électroménagers en magasin spécialisé;Femmes
2021;4754Z;Commerce de détail d'appareils électroménagers en magasin spécialisé;Hommes
2021;4759A;Commerce de détail de meubles;Femmes
2021;4759A;Commerce de détail de meubles;Hommes
2021;4759B;Commerce de détail d'autres équipements du foyer;Femmes
2021;4759B;Commerce de détail d'autres équipements du foyer;Hommes
2021;4761Z;Commerce de détail de livres en magasin spécialisé;Femmes
2021;4761Z;Commerce de détail de livres en magasin spécialisé;Hommes
2021;4762Z;Commerce de détail de journaux et papeterie en magasin spécialisé;Femmes
2021;4762Z;Commerce de détail de journaux et papeterie en magasin spécialisé;Hommes
2021;4763Z;Commerce de détail d'enregistrements musicaux et vidéo en magasin spécialisé;Femmes
2021;4763Z;Commerce de détail d'enregistrements musicaux et vidéo en magasin spécialisé;Hommes
2021;4764Z;Commerce de détail d'articles de sport en magasin spécialisé;Femmes
2021;4764Z;Commerce de détail d'articles de sport en magasin spécialisé;Hommes
2021;4765Z;Commerce de détail de jeux et jouets en magasin spécialisé;Femmes
2021;4765Z;Commerce de détail de jeux et jouets en magasin spécialisé;Hommes
2021;4771Z;Commerce de détail d'habillement en magasin spécialisé;Femmes
2021;4771Z;Commerce de détail d'habillement en magasin spécialisé;Hommes
2021;4772A;Commerce de détail de la chaussure;Femmes
2021;4772A;Commerce de détail de la chaussure;Hommes
2021;4772B;Commerce de détail de maroquinerie et d'articles de voyage;Femmes
2021;4772B;Commerce de détail de maroquinerie et d'articles de voyage;Hommes
2021;4773Z;Commerce de détail de produits pharmaceutiques en magasin spécialisé;Femmes
2021;4773Z;Commerce de détail de produits pharmaceutiques en magasin spécialisé;Hommes
2021;4774Z;Commerce de détail d'articles médicaux et orthopédiques en magasin spécialisé;Femmes
2021;4774Z;Commerce de détail d'articles médicaux et orthopédiques en magasin spécialisé;Hommes
2021;4775Z;Commerce de détail de parfumerie et de produits de beauté en magasin spécialisé;Femmes
2021;4775Z;Commerce de détail de parfumerie et de produits de beauté en magasin spécialisé;Hommes
2021;4776Z;Commerce de détail de fleurs, plantes, graines, engrais, animaux de compagnie et aliments pour ces animaux en magasin spécialisé;Femmes
2021;4776Z;Commerce de détail de fleurs, plantes, graines, engrais, animaux de compagnie et aliments pour ces animaux en magasin spécialisé;Hommes
2021;4777Z;Commerce de détail d'articles d'horlogerie et de bijouterie en magasin spécialisé;Femmes
2021;4777Z;Commerce de détail d'articles d'horlogerie et de bijouterie en magasin spécialisé;Hommes
2021;4778A;Commerces de détail d'optique;Femmes
2021;4778A;Commerces de détail d'optique;Hommes
2021;4778B;Commerces de détail de charbons et combustibles;Femmes
2021;4778B;Commerces de détail de charbons et combustibles;Hommes
2021;4778C;Autres commerces de détail spécialisés divers;Femmes
2021;4778C;Autres commerces de détail spécialisés divers;Hommes
2021;4779Z;Commerce de détail de biens d'occasion en magasin;Femmes
2021;4779Z;Commerce de détail de biens d'occasion en magasin;Hommes
2021;4781Z;Commerce de détail alimentaire sur éventaires et marchés;Femmes
2021;4781Z;Commerce de détail alimentaire sur éventaires et marchés;Hommes
2021;4782Z;Commerce de détail de textiles, d'habillement et de chaussures sur éventaires et marchés;Femmes
2021;4782Z;Commerce de détail de textiles, d'habillement et de chaussures sur éventaires et marchés;Hommes
2021;4789Z;Autres commerces de détail sur éventaires et marchés;Femmes
2021;4789Z;Autres commerces de détail sur éventaires et marchés;Hommes
2021;4791A;Vente à distance sur catalogue général;Femmes
2021;4791A;Vente à distance sur catalogue général;Hommes
2021;4791B;Vente à distance sur catalogue spécialisé;Femmes
2021;4791B;Vente à distance sur catalogue spécialisé;Hommes
2021;4799A;Vente à domicile;Femmes
2021;4799A;Vente à domicile;Hommes
2021;4799B;Vente par automates et autres commerces de détail hors magasin, éventaires ou marchés n.c.a.;Femmes
2021;4799B;Vente par automates et autres commerces de détail hors magasin, éventaires ou marchés n.c.a.;Hommes
2021;4910Z;Transport ferroviaire interurbain de voyageurs;Femmes
2021;4910Z;Transport ferroviaire interurbain de voyageurs;Hommes
2021;4920Z;Transports ferroviaires de fret;Femmes
2021;4920Z;Transports ferroviaires de fret;Hommes
2021;4931Z;Transports urbains et suburbains de voyageurs;Femmes
2021;4931Z;Transports urbains et suburbains de voyageurs;Hommes
2021;4932Z;Transports de voyageurs par taxis;Femmes
2021;4932Z;Transports de voyageurs par taxis;Hommes
2021;4939A;Transports routiers réguliers de voyageurs;Femmes
2021;4939A;Transports routiers réguliers de voyageurs;Hommes
2021;4939B;Autres transports routiers de voyageurs;Femmes
2021;4939B;Autres transports routiers de voyageurs;Hommes
2021;4939C;Téléphériques et remontées mécaniques;Femmes
2021;4939C;Téléphériques et remontées mécaniques;Hommes
2021;4941A;Transports routiers de fret interurbains;Femmes
2021;4941A;Transports routiers de fret interurbains;Hommes
2021;4941B;Transports routiers de fret de proximité;Femmes
2021;4941B;Transports routiers de fret de proximité;Hommes
2021;4941C;Location de camions avec chauffeur;Femmes
2021;4941C;Location de camions avec chauffeur;Hommes
2021;4942Z;Services de déménagement;Femmes
2021;4942Z;Services de déménagement;Hommes
2021;4950Z;Transports par conduites;Femmes
2021;4950Z;Transports par conduites;Hommes
2021;5010Z;Transports maritimes et côtiers de passagers;Femmes
2021;5010Z;Transports maritimes et côtiers de passagers;Hommes
2021;5020Z;Transports maritimes et côtiers de fret;Femmes
2021;5020Z;Transports maritimes et côtiers de fret;Hommes
2021;5030Z;Transports fluviaux de passagers;Femmes
2021;5030Z;Transports fluviaux de passagers;Hommes
2021;5040Z;Transports fluviaux de fret;Femmes
2021;5040Z;Transports fluviaux de fret;Hommes
2021;5110Z;Transports aériens de passagers;Femmes
2021;5110Z;Transports aériens de passagers;Hommes
2021;5121Z;Transports aériens de fret;Femmes
2021;5121Z;Transports aériens de fret;Hommes
2021;5122Z;Transports spatiaux;Femmes
2021;5122Z;Transports spatiaux;Hommes
2021;5210A;Entreposage et stockage frigorifique;Femmes
2021;5210A;Entreposage et stockage frigorifique;Hommes
2021;5210B;Entreposage et stockage non frigorifique;Femmes
2021;5210B;Entreposage et stockage non frigorifique;Hommes
2021;5221Z;Services auxiliaires des transports terrestres;Femmes
2021;5221Z;Services auxiliaires des transports terrestres;Hommes
2021;5222Z;Services auxiliaires des transports par eau;Femmes
2021;5222Z;Services auxiliaires des transports par eau;Hommes
2021;5223Z;Services auxiliaires des transports aériens;Femmes
2021;5223Z;Services auxiliaires des transports aériens;Hommes
2021;5224A;Manutention portuaire;Femmes
2021;5224A;Manutention portuaire;Hommes
2021;5224B;Manutention non portuaire;Femmes
2021;5224B;Manutention non portuaire;Hommes
2021;5229A;Messagerie, fret express;Femmes
2021;5229A;Messagerie, fret express;Hommes
2021;5229B;Affrètement et organisation des transports;Femmes
2021;5229B;Affrètement et organisation des transports;Hommes
2021;5310Z;Activités de poste dans le cadre d'une obligation de service universel;Femmes
2021;5310Z;Activités de poste dans le cadre d'une obligation de service universel;Hommes
2021;5320Z;Autres activités de poste et de courrier;Femmes
2021;5320Z;Autres activités de poste et de courrier;Hommes
2021;5510Z;Hôtels et hébergement similaire;Femmes
2021;5510Z;Hôtels et hébergement similaire;Hommes
2021;5520Z;Hébergement touristique et autre hébergement de courte durée;Femmes
2021;5520Z;Hébergement touristique et autre hébergement de courte durée;Hommes
2021;5530Z;Terrains de camping et parcs pour caravanes ou véhicules de loisirs;Femmes
2021;5530Z;Terrains de camping et parcs pour caravanes ou véhicules de loisirs;Hommes
2021;5590Z;Autres hébergements;Femmes
2021;5590Z;Autres hébergements;Hommes
2021;5610A;Restauration traditionnelle;Femmes
2021;5610A;Restauration traditionnelle;Hommes
2021;5610B;Cafétérias et autres libres-services;Femmes
2021;5610B;Cafétérias et autres libres-services;Hommes
2021;5610C;Restauration de type rapide;Femmes
2021;5610C;Restauration de type rapide;Hommes
2021;5621Z;Services des traiteurs;Femmes
2021;5621Z;Services des traiteurs;Hommes
2021;5629A;Restauration collective sous contrat;Femmes
2021;5629A;Restauration collective sous contrat;Hommes
2021;5629B;Autres services de restauration n.c.a.;Femmes
2021;5629B;Autres services de restauration n.c.a.;Hommes
2021;5630Z;Débits de boissons;Femmes
2021;5630Z;Débits de boissons;Hommes
2021;5811Z;Édition de livres;Femmes
2021;5811Z;Édition de livres;Hommes
2021;5812Z;Édition de répertoires et de fichiers d'adresses;Femmes
2021;5812Z;Édition de répertoires et de fichiers d'adresses;Hommes
2021;5813Z;Édition de journaux;Femmes
2021;5813Z;Édition de journaux;Hommes
2021;5814Z;Édition de revues et périodiques;Femmes
2021;5814Z;Édition de revues et périodiques;Hommes
2021;5819Z;Autres activités d'édition;Femmes
2021;5819Z;Autres activités d'édition;Hommes
2021;5821Z;Édition de jeux électroniques;Femmes
2021;5821Z;Édition de jeux électroniques;Hommes
2021;5829A;Édition de logiciels système et de réseau;Femmes
2021;5829A;Édition de logiciels système et de réseau;Hommes
2021;5829B;Édition de logiciels outils de développement et de langages;Femmes
2021;5829B;Édition de logiciels outils de développement et de langages;Hommes
2021;5829C;Édition de logiciels applicatifs;Femmes
2021;5829C;Édition de logiciels applicatifs;Hommes
2021;5911A;Production de films et de programmes pour la télévision;Femmes
2021;5911A;Production de films et de programmes pour la télévision;Hommes
2021;5911B;Production de films institutionnels et publicitaires;Femmes
2021;5911B;Production de films institutionnels et publicitaires;Hommes
2021;5911C;Production de films pour le cinéma;Femmes
2021;5911C;Production de films pour le cinéma;Hommes
2021;5912Z;Post-production de films cinématographiques, de vidéo et de programmes de télévision;Femmes
2021;5912Z;Post-production de films cinématographiques, de vidéo et de programmes de télévision;Hommes
2021;5913A;Distribution de films cinématographiques;Femmes
2021;5913A;Distribution de films cinématographiques;Hommes
2021;5913B;Édition et distribution vidéo;Femmes
2021;5913B;Édition et distribution vidéo;Hommes
2021;5914Z;Projection de films cinématographiques;Femmes
2021;5914Z;Projection de films cinématographiques;Hommes
2021;5920Z;Enregistrement sonore et édition musicale;Femmes
2021;5920Z;Enregistrement sonore et édition musicale;Hommes
2021;6010Z;Édition et diffusion de programmes radio;Femmes
2021;6010Z;Édition et diffusion de programmes radio;Hommes
2021;6020A;Édition de chaînes généralistes;Femmes
2021;6020A;Édition de chaînes généralistes;Hommes
2021;6020B;Édition de chaînes thématiques;Femmes
2021;6020B;Édition de chaînes thématiques;Hommes
2021;6110Z;Télécommunications filaires;Femmes
2021;6110Z;Télécommunications filaires;Hommes
2021;6120Z;Télécommunications sans fil;Femmes
2021;6120Z;Télécommunications sans fil;Hommes
2021;6130Z;Télécommunications par satellite;Femmes
2021;6130Z;Télécommunications par satellite;Hommes
2021;6190Z;Autres activités de télécommunication;Femmes
2021;6190Z;Autres activités de télécommunication;Hommes
2021;6201Z;Programmation informatique;Femmes
2021;6201Z;Programmation informatique;Hommes
2021;6202A;Conseil en systèmes et logiciels informatiques;Femmes
2021;6202A;Conseil en systèmes et logiciels informatiques;Hommes
2021;6202B;Tierce maintenance de systèmes et d'applications informatiques;Femmes
2021;6202B;Tierce maintenance de systèmes et d'applications informatiques;Hommes
2021;6203Z;Gestion d'installations informatiques;Femmes
2021;6203Z;Gestion d'installations informatiques;Hommes
2021;6209Z;Autres activités informatiques;Femmes
2021;6209Z;Autres activités informatiques;Hommes
2021;6311Z;Traitement de données, hébergement et activités connexes;Femmes
2021;6311Z;Traitement de données, hébergement et activités connexes;Hommes
2021;6312Z;Portails Internet;Femmes
2021;6312Z;Portails Internet;Hommes
2021;6391Z;Activités des agences de presse;Femmes
2021;6391Z;Activités des agences de presse;Hommes
2021;6399Z;Autres services d'information n.c.a.;Femmes
2021;6399Z;Autres services d'information n.c.a.;Hommes
2021;6411Z;Activités de banque centrale;Femmes
2021;6411Z;Activités de banque centrale;Hommes
2021;6419Z;Autres intermédiations monétaires;Femmes
2021;6419Z;Autres intermédiations monétaires;Hommes
2021;6420Z;Activités des sociétés holding;Femmes
2021;6420Z;Activités des sociétés holding;Hommes
2021;6430Z;Fonds de placement et entités financières similaires;Femmes
2021;6430Z;Fonds de placement et entités financières similaires;Hommes
2021;6491Z;Crédit-bail;Femmes
2021;6491Z;Crédit-bail;Hommes
2021;6492Z;Autre distribution de crédit;Femmes
2021;6492Z;Autre distribution de crédit;Hommes
2021;6499Z;Autres activités des services financiers, hors assurance et caisses de retraite, n.c.a.;Femmes
2021;6499Z;Autres activités des services financiers, hors assurance et caisses de retraite, n.c.a.;Hommes
2021;6511Z;Assurance vie;Femmes
2021;6511Z;Assurance vie;Hommes
2021;6512Z;Autres assurances;Femmes
2021;6512Z;Autres assurances;Hommes
2021;6520Z;Réassurance;Femmes
2021;6520Z;Réassurance;Hommes
2021;6530Z;Caisses de retraite;Femmes
2021;6530Z;Caisses de retraite;Hommes
2021;6611Z;Administration de marchés financiers;Femmes
2021;6611Z;Administration de marchés financiers;Hommes
2021;6612Z;Courtage de valeurs mobilières et de marchandises;Femmes
2021;6612Z;Courtage de valeurs mobilières et de marchandises;Hommes
2021;6619A;Supports juridiques de gestion de patrimoine mobilier;Femmes
2021;6619A;Supports juridiques de gestion de patrimoine mobilier;Hommes
2021;6619B;Autres activités auxiliaires de services financiers, hors assurance et caisses de retraite, n.c.a.;Femmes
2021;6619B;Autres activités auxiliaires de services financiers, hors assurance et caisses de retraite, n.c.a.;Hommes
2021;6621Z;Évaluation des risques et dommages;Femmes
2021;6621Z;Évaluation des risques et dommages;Hommes
2021;6622Z;Activités des agents et courtiers d'assurances;Femmes
2021;6622Z;Activités des agents et courtiers d'assurances;Hommes
2021;6629Z;Autres activités auxiliaires d'assurance et de caisses de retraite;Femmes
2021;6629Z;Autres activités auxiliaires d'assurance et de caisses de retraite;Hommes
2021;6630Z;Gestion de fonds;Femmes
2021;6630Z;Gestion de fonds;Hommes
2021;6810Z;Activités des marchands de biens immobiliers;Femmes
2021;6810Z;Activités des marchands de biens immobiliers;Hommes
2021;6820A;Location de logements;Femmes
2021;6820A;Location de logements;Hommes
2021;6820B;Location de terrains et d'autres biens immobiliers;Femmes
2021;6820B;Location de terrains et d'autres biens immobiliers;Hommes
2021;6831Z;Agences immobilières;Femmes
2021;6831Z;Agences immobilières;Hommes
2021;6832A;Administration d'immeubles et autres biens immobiliers;Femmes
2021;6832A;Administration d'immeubles et autres biens immobiliers;Hommes
2021;6832B;Supports juridiques de gestion de patrimoine immobilier;Femmes
2021;6832B;Supports juridiques de gestion de patrimoine immobilier;Hommes
2021;6910Z;Activités juridiques;Femmes
2021;6910Z;Activités juridiques;Hommes
2021;6920Z;Activités comptables;Femmes
2021;6920Z;Activités comptables;Hommes
2021;7010Z;Activités des sièges sociaux;Femmes
2021;7010Z;Activités des sièges sociaux;Hommes
2021;7021Z;Conseil en relations publiques et communication;Femmes
2021;7021Z;Conseil en relations publiques et communication;Hommes
2021;7022Z;Conseil pour les affaires et autres conseils de gestion;Femmes
2021;7022Z;Conseil pour les affaires et autres conseils de gestion;Hommes
2021;7111Z;Activités d'architecture;Femmes
2021;7111Z;Activités d'architecture;Hommes
2021;7112A;Activité des géomètres;Femmes
2021;7112A;Activité des géomètres;Hommes
2021;7112B;Ingénierie, études techniques;Femmes
2021;7112B;Ingénierie, études techniques;Hommes
2021;7120A;Contrôle technique automobile;Femmes
2021;7120A;Contrôle technique automobile;Hommes
2021;7120B;Analyses, essais et inspections techniques;Femmes
2021;7120B;Analyses, essais et inspections techniques;Hommes
2021;7211Z;Recherche-développement en biotechnologie;Femmes
2021;7211Z;Recherche-développement en biotechnologie;Hommes
2021;7219Z;Recherche-développement en autres sciences physiques et naturelles;Femmes
2021;7219Z;Recherche-développement en autres sciences physiques et naturelles;Hommes
2021;7220Z;Recherche-développement en sciences humaines et sociales;Femmes
2021;7220Z;Recherche-développement en sciences humaines et sociales;Hommes
2021;7311Z;Activités des agences de publicité;Femmes
2021;7311Z;Activités des agences de publicité;Hommes
2021;7312Z;Régie publicitaire de médias;Femmes
2021;7312Z;Régie publicitaire de médias;Hommes
2021;7320Z;Études de marché et sondages;Femmes
2021;7320Z;Études de marché et sondages;Hommes
2021;7410Z;Activités spécialisées de design;Femmes
2021;7410Z;Activités spécialisées de design;Hommes
2021;7420Z;Activités photographiques;Femmes
2021;7420Z;Activités photographiques;Hommes
2021;7430Z;Traduction et interprétation;Femmes
2021;7430Z;Traduction et interprétation;Hommes
2021;7490A;Activité des économistes de la construction;Femmes
2021;7490A;Activité des économistes de la construction;Hommes
2021;7490B;Activités spécialisées, scientifiques et techniques diverses;Femmes
2021;7490B;Activités spécialisées, scientifiques et techniques diverses;Hommes
2021;7500Z;Activités vétérinaires;Femmes
2021;7500Z;Activités vétérinaires;Hommes
2021;7711A;Location de courte durée de voitures et de véhicules automobiles légers;Femmes
2021;7711A;Location de courte durée de voitures et de véhicules automobiles légers;Hommes
2021;7711B;Location de longue durée de voitures et de véhicules automobiles légers;Femmes
2021;7711B;Location de longue durée de voitures et de véhicules automobiles légers;Hommes
2021;7712Z;Location et location-bail de camions;Femmes
2021;7712Z;Location et location-bail de camions;Hommes
2021;7721Z;Location et location-bail d'articles de loisirs et de sport;Femmes
2021;7721Z;Location et location-bail d'articles de loisirs et de sport;Hommes
2021;7722Z;Location de vidéocassettes et disques vidéo;Femmes
2021;7722Z;Location de vidéocassettes et disques vidéo;Hommes
2021;7729Z;Location et location-bail d'autres biens personnels et domestiques;Femmes
2021;7729Z;Location et location-bail d'autres biens personnels et domestiques;Hommes
2021;7731Z;Location et location-bail de machines et équipements agricoles;Femmes
2021;7731Z;Location et location-bail de machines et équipements agricoles;Hommes
2021;7732Z;Location et location-bail de machines et équipements pour la construction;Femmes
2021;7732Z;Location et location-bail de machines et équipements pour la construction;Hommes
2021;7733Z;Location et location-bail de machines de bureau et de matériel informatique;Femmes
2021;7733Z;Location et location-bail de machines de bureau et de matériel informatique;Hommes
2021;7734Z;Location et location-bail de matériels de transport par eau;Femmes
2021;7734Z;Location et location-bail de matériels de transport par eau;Hommes
2021;7735Z;Location et location-bail de matériels de transport aérien;Femmes
2021;7735Z;Location et location-bail de matériels de transport aérien;Hommes
2021;7739Z;Location et location-bail d'autres machines, équipements et biens matériels n.c.a.;Femmes
2021;7739Z;Location et location-bail d'autres machines, équipements et biens matériels n.c.a.;Hommes
2021;7740Z;Location-bail de propriété intellectuelle et de produits similaires, à l'exception des œuvres soumises à copyright;Femmes
2021;7740Z;Location-bail de propriété intellectuelle et de produits similaires, à l'exception des œuvres soumises à copyright;Hommes
2021;7810Z;Activités des agences de placement de main-d'œuvre;Femmes
2021;7810Z;Activités des agences de placement de main-d'œuvre;Hommes
2021;7820Z;Activités des agences de travail temporaire;Femmes
2021;7820Z;Activités des agences de travail temporaire;Hommes
2021;7830Z;Autre mise à disposition de ressources humaines;Femmes
2021;7830Z;Autre mise à disposition de ressources humaines;Hommes
2021;7911Z;Activités des agences de voyage;Femmes
2021;7911Z;Activités des agences de voyage;Hommes
2021;7912Z;Activités des voyagistes;Femmes
2021;7912Z;Activités des voyagistes;Hommes
2021;7990Z;Autres services de réservation et activités connexes;Femmes
2021;7990Z;Autres services de réservation et activités connexes;Hommes
2021;8010Z;Activités de sécurité privée;Femmes
2021;8010Z;Activités de sécurité privée;Hommes
2021;8020Z;Activités liées aux systèmes de sécurité;Femmes
2021;8020Z;Activités liées aux systèmes de sécurité;Hommes
2021;8030Z;Activités d'enquête;Femmes
2021;8030Z;Activités d'enquête;Hommes
2021;8110Z;Activités combinées de soutien lié aux bâtiments;Femmes
2021;8110Z;Activités combinées de soutien lié aux bâtiments;Hommes
2021;8121Z;Nettoyage courant des bâtiments;Femmes
2021;8121Z;Nettoyage courant des bâtiments;Hommes
2021;8122Z;Autres activités de nettoyage des bâtiments et nettoyage industriel;Femmes
2021;8122Z;Autres activités de nettoyage des bâtiments et nettoyage industriel;Hommes
2021;8129A;Désinfection, désinsectisation, dératisation;Femmes
2021;8129A;Désinfection, désinsectisation, dératisation;Hommes
2021;8129B;Autres activités de nettoyage n.c.a.;Femmes
2021;8129B;Autres activités de nettoyage n.c.a.;Hommes
2021;8130Z;Services d'aménagement paysager;Femmes
2021;8130Z;Services d'aménagement paysager;Hommes
2021;8211Z;Services administratifs combinés de bureau;Femmes
2021;8211Z;Services administratifs combinés de bureau;Hommes
2021;8219Z;Photocopie, préparation de documents et autres activités spécialisées de soutien de bureau;Femmes
2021;8219Z;Photocopie, préparation de documents et autres activités spécialisées de soutien de bureau;Hommes
2021;8220Z;Activités de centres d'appels;Femmes
2021;8220Z;Activités de centres d'appels;Hommes
2021;8230Z;Organisation de foires, salons professionnels et congrès;Femmes
2021;8230Z;Organisation de foires, salons professionnels et congrès;Hommes
2021;8291Z;Activités des agences de recouvrement de factures et des sociétés d'information financière sur la clientèle;Femmes
2021;8291Z;Activités des agences de recouvrement de factures et des sociétés d'information financière sur la clientèle;Hommes
2021;8292Z;Activités de conditionnement;Femmes
2021;8292Z;Activités de conditionnement;Hommes
2021;8299Z;Autres activités de soutien aux entreprises n.c.a.;Femmes
2021;8299Z;Autres activités de soutien aux entreprises n.c.a.;Hommes
2021;8411Z;Administration publique générale;Femmes
2021;8411Z;Administration publique générale;Hommes
2021;8412Z;Administration publique (tutelle) de la santé, de la formation, de la culture et des services sociaux, autre que sécurité sociale;Femmes
2021;8412Z;Administration publique (tutelle) de la santé, de la formation, de la culture et des services sociaux, autre que sécurité sociale;Hommes
2021;8413Z;Administration publique (tutelle) des activités économiques;Femmes
2021;8413Z;Administration publique (tutelle) des activités économiques;Hommes
2021;8421Z;Affaires étrangères;Femmes
2021;8421Z;Affaires étrangères;Hommes
2021;8422Z;Défense;Femmes
2021;8422Z;Défense;Hommes
2021;8423Z;Justice;Femmes
2021;8423Z;Justice;Hommes
2021;8424Z;Activités d'ordre public et de sécurité;Femmes
2021;8424Z;Activités d'ordre public et de sécurité;Hommes
2021;8425Z;Services du feu et de secours;Femmes
2021;8425Z;Services du feu et de secours;Hommes
2021;8430A;Activités générales de sécurité sociale;Femmes
2021;8430A;Activités générales de sécurité sociale;Hommes
2021;8430B;Gestion des retraites complémentaires;Femmes
2021;8430B;Gestion des retraites complémentaires;Hommes
2021;8430C;Distribution sociale de revenus;Femmes
2021;8430C;Distribution sociale de revenus;Hommes
2021;8510Z;Enseignement pré-primaire;Femmes
2021;8510Z;Enseignement pré-primaire;Hommes
2021;8520Z;Enseignement primaire;Femmes
2021;8520Z;Enseignement primaire;Hommes
2021;8531Z;Enseignement secondaire général;Femmes
2021;8531Z;Enseignement secondaire général;Hommes
2021;8532Z;Enseignement secondaire technique ou professionnel;Femmes
2021;8532Z;Enseignement secondaire technique ou professionnel;Hommes
2021;8541Z;Enseignement post-secondaire non supérieur;Femmes
2021;8541Z;Enseignement post-secondaire non supérieur;Hommes
2021;8542Z;Enseignement supérieur;Femmes
2021;8542Z;Enseignement supérieur;Hommes
2021;8551Z;Enseignement de disciplines sportives et d'activités de loisirs;Femmes
2021;8551Z;Enseignement de disciplines sportives et d'activités de loisirs;Hommes
2021;8552Z;Enseignement culturel;Femmes
2021;8552Z;Enseignement culturel;Hommes
2021;8553Z;Enseignement de la conduite;Femmes
2021;8553Z;Enseignement de la conduite;Hommes
2021;8559A;Formation continue d'adultes;Femmes
2021;8559A;Formation continue d'adultes;Hommes
2021;8559B;Autres enseignements;Femmes
2021;8559B;Autres enseignements;Hommes
2021;8560Z;Activités de soutien à l'enseignement;Femmes
2021;8560Z;Activités de soutien à l'enseignement;Hommes
2021;8610Z;Activités hospitalières;Femmes
2021;8610Z;Activités hospitalières;Hommes
2021;8621Z;Activité des médecins généralistes;Femmes
2021;8621Z;Activité des médecins généralistes;Hommes
2021;8622A;Activités de radiodiagnostic et de radiothérapie;Femmes
2021;8622A;Activités de radiodiagnostic et de radiothérapie;Hommes
2021;8622B;Activités chirurgicales;Femmes
2021;8622B;Activités chirurgicales;Hommes
2021;8622C;Autres activités des médecins spécialistes;Femmes
2021;8622C;Autres activités des médecins spécialistes;Hommes
2021;8623Z;Pratique dentaire;Femmes
2021;8623Z;Pratique dentaire;Hommes
2021;8690A;Ambulances;Femmes
2021;8690A;Ambulances;Hommes
2021;8690B;Laboratoires d'analyses médicales;Femmes
2021;8690B;Laboratoires d'analyses médicales;Hommes
2021;8690C;Centres de collecte et banques d'organes;Femmes
2021;8690C;Centres de collecte et banques d'organes;Hommes
2021;8690D;Activités des infirmiers et des sages-femmes;Femmes
2021;8690D;Activités des infirmiers et des sages-femmes;Hommes
2021;8690E;Activités des professionnels de la rééducation, de l'appareillage et des pédicures-podologues;Femmes
2021;8690E;Activités des professionnels de la rééducation, de l'appareillage et des pédicures-podologues;Hommes
2021;8690F;Activités de santé humaine non classées ailleurs;Femmes
2021;8690F;Activités de santé humaine non classées ailleurs;Hommes
2021;8710A;Hébergement médicalisé pour personnes âgées;Femmes
2021;8710A;Hébergement médicalisé pour personnes âgées;Hommes
2021;8710B;Hébergement médicalisé pour enfants handicapés;Femmes
2021;8710B;Hébergement médicalisé pour enfants handicapés;Hommes
2021;8710C;Hébergement médicalisé pour adultes handicapés et autre hébergement médicalisé;Femmes
2021;8710C;Hébergement médicalisé pour adultes handicapés et autre hébergement médicalisé;Hommes
2021;8720A;Hébergement social pour handicapés mentaux et malades mentaux;Femmes
2021;8720A;Hébergement social pour handicapés mentaux et malades mentaux;Hommes
2021;8720B;Hébergement social pour toxicomanes;Femmes
2021;8720B;Hébergement social pour toxicomanes;Hommes
2021;8730A;Hébergement social pour personnes âgées;Femmes
2021;8730A;Hébergement social pour personnes âgées;Hommes
2021;8730B;Hébergement social pour handicapés physiques;Femmes
2021;8730B;Hébergement social pour handicapés physiques;Hommes
2021;8790A;Hébergement social pour enfants en difficultés;Femmes
2021;8790A;Hébergement social pour enfants en difficultés;Hommes
2021;8790B;Hébergement social pour adultes et familles en difficultés et autre hébergement social;Femmes
2021;8790B;Hébergement social pour adultes et familles en difficultés et autre hébergement social;Hommes
2021;8810A;Aide à domicile;Femmes
2021;8810A;Aide à domicile;Hommes
2021;8810B;Accueil ou accompagnement sans hébergement d'adultes handicapés ou de personnes âgées;Femmes
2021;8810B;Accueil ou accompagnement sans hébergement d'adultes handicapés ou de personnes âgées;Hommes
2021;8810C;Aide par le travail;Femmes
2021;8810C;Aide par le travail;Hommes
2021;8891A;Accueil de jeunes enfants;Femmes
2021;8891A;Accueil de jeunes enfants;Hommes
2021;8891B;Accueil ou accompagnement sans hébergement d'enfants handicapés;Femmes
2021;8891B;Accueil ou accompagnement sans hébergement d'enfants handicapés;Hommes
2021;8899A;Autre accueil ou accompagnement sans hébergement d'enfants et d'adolescents;Femmes
2021;8899A;Autre accueil ou accompagnement sans hébergement d'enfants et d'adolescents;Hommes
2021;8899B;Action sociale sans hébergement n.c.a.;Femmes
2021;8899B;Action sociale sans hébergement n.c.a.;Hommes
2021;9001Z;Arts du spectacle vivant;Femmes
2021;9001Z;Arts du spectacle vivant;Hommes
2021;9002Z;Activités de soutien au spectacle vivant;Femmes
2021;9002Z;Activités de soutien au spectacle vivant;Hommes
2021;9003A;Création artistique relevant des arts plastiques;Femmes
2021;9003A;Création artistique relevant des arts plastiques;Hommes
2021;9003B;Autre création artistique;Femmes
2021;9003B;Autre création artistique;Hommes
2021;9004Z;Gestion de salles de spectacles;Femmes
2021;9004Z;Gestion de salles de spectacles;Hommes
2021;9101Z;Gestion des bibliothèques et des archives;Femmes
2021;9101Z;Gestion des bibliothèques et des archives;Hommes
2021;9102Z;Gestion des musées;Femmes
2021;9102Z;Gestion des musées;Hommes
2021;9103Z;Gestion des sites et monuments historiques et des attractions touristiques similaires;Femmes
2021;9103Z;Gestion des sites et monuments historiques et des attractions touristiques similaires;Hommes
2021;9104Z;Gestion des jardins botaniques et zoologiques et des réserves naturelles;Femmes
2021;9104Z;Gestion des jardins botaniques et zoologiques et des réserves naturelles;Hommes
2021;9200Z;Organisation de jeux de hasard et d'argent;Femmes
2021;9200Z;Organisation de jeux de hasard et d'argent;Hommes
2021;9311Z;Gestion d'installations sportives;Femmes
2021;9311Z;Gestion d'installations sportives;Hommes
2021;9312Z;Activités de clubs de sports;Femmes
2021;9312Z;Activités de clubs de sports;Hommes
2021;9313Z;Activités des centres de culture physique;Femmes
2021;9313Z;Activités des centres de culture physique;Hommes
2021;9319Z;Autres activités liées au sport;Femmes
2021;9319Z;Autres activités liées au sport;Hommes
2021;9321Z;Activités des parcs d'attractions et parcs à thèmes;Femmes
2021;9321Z;Activités des parcs d'attractions et parcs à thèmes;Hommes
2021;9329Z;Autres activités récréatives et de loisirs;Femmes
2021;9329Z;Autres activités récréatives et de loisirs;Hommes
2021;9411Z;Activités des organisations patronales et consulaires;Femmes
2021;9411Z;Activités des organisations patronales et consulaires;Hommes
2021;9412Z;Activités des organisations professionnelles;Femmes
2021;9412Z;Activités des organisations professionnelles;Hommes
2021;9420Z;Activités des syndicats de salariés;Femmes
2021;9420Z;Activités des syndicats de salariés;Hommes
2021;9491Z;Activités des organisations religieuses;Femmes
2021;9491Z;Activités des organisations religieuses;Hommes
2021;9492Z;Activités des organisations politiques;Femmes
2021;9492Z;Activités des organisations politiques;Hommes
2021;9499Z;Autres organisations fonctionnant par adhésion volontaire;Femmes
2021;9499Z;Autres organisations fonctionnant par adhésion volontaire;Hommes
2021;9511Z;Réparation d'ordinateurs et d'équipements périphériques;Femmes
2021;9511Z;Réparation d'ordinateurs et d'équipements périphériques;Hommes
2021;9512Z;Réparation d'équipements de communication;Femmes
2021;9512Z;Réparation d'équipements de communication;Hommes
2021;9521Z;Réparation de produits électroniques grand public;Femmes
2021;9521Z;Réparation de produits électroniques grand public;Hommes
2021;9522Z;Réparation d'appareils électroménagers et d'équipements pour la maison et le jardin;Femmes
2021;9522Z;Réparation d'appareils électroménagers et d'équipements pour la maison et le jardin;Hommes
2021;9523Z;Réparation de chaussures et d'articles en cuir;Femmes
2021;9523Z;Réparation de chaussures et d'articles en cuir;Hommes
2021;9524Z;Réparation de meubles et d'équipements du foyer;Femmes
2021;9524Z;Réparation de meubles et d'équipements du foyer;Hommes
2021;9525Z;Réparation d'articles d'horlogerie et de bijouterie;Femmes
2021;9525Z;Réparation d'articles d'horlogerie et de bijouterie;Hommes
2021;9529Z;Réparation d'autres biens personnels et domestiques;Femmes
2021;9529Z;Réparation d'autres biens personnels et domestiques;Hommes
2021;9601A;Blanchisserie-teinturerie de gros;Femmes
2021;9601A;Blanchisserie-teinturerie de gros;Hommes
2021;9601B;Blanchisserie-teinturerie de détail;Femmes
2021;9601B;Blanchisserie-teinturerie de détail;Hommes
2021;9602A;Coiffure;Femmes
2021;9602A;Coiffure;Hommes
2021;9602B;Soins de beauté;Femmes
2021;9602B;Soins de beauté;Hommes
2021;9603Z;Services funéraires;Femmes
2021;9603Z;Services funéraires;Hommes
2021;9604Z;Entretien corporel;Femmes
2021;9604Z;Entretien corporel;Hommes
2021;9609Z;Autres services personnels n.c.a.;Femmes
2021;9609Z;Autres services personnels n.c.a.;Hommes
2021;9700Z;Activités des ménages en tant qu'employeurs de personnel domestique;Femmes
2021;9700Z;Activités des ménages en tant qu'employeurs de personnel domestique;Hommes
2021;9810Z;Activités indifférenciées des ménages en tant que producteurs de biens pour usage propre;Femmes
2021;9810Z;Activités indifférenciées des ménages en tant que producteurs de biens pour usage propre;Hommes
2021;9820Z;Activités indifférenciées des ménages en tant que producteurs de services pour usage propre;Femmes
2021;9820Z;Activités indifférenciées des ménages en tant que producteurs de services pour usage propre;Hommes
2021;9900Z;Activités des organisations et organismes extraterritoriaux;Femmes
2021;9900Z;Activités des organisations et organismes extraterritoriaux;Hommes
2022;0111Z;Culture de céréales (à l'exception du riz), de légumineuses et de graines oléagineuses;Femmes
2022;0111Z;Culture de céréales (à l'exception du riz), de légumineuses et de graines oléagineuses;Hommes
2022;0112Z;Culture du riz;Femmes
2022;0112Z;Culture du riz;Hommes
2022;0113Z;Culture de légumes, de melons, de racines et de tubercules;Femmes
2022;0113Z;Culture de légumes, de melons, de racines et de tubercules;Hommes
2022;0114Z;Culture de la canne à sucre;Femmes
2022;0114Z;Culture de la canne à sucre;Hommes
2022;0115Z;Culture du tabac;Femmes
2022;0115Z;Culture du tabac;Hommes
2022;0116Z;Culture de plantes à fibres;Femmes
2022;0116Z;Culture de plantes à fibres;Hommes
2022;0119Z;Autres cultures non permanentes;Femmes
2022;0119Z;Autres cultures non permanentes;Hommes
2022;0121Z;Culture de la vigne;Femmes
2022;0121Z;Culture de la vigne;Hommes
2022;0122Z;Culture de fruits tropicaux et subtropicaux;Femmes
2022;0122Z;Culture de fruits tropicaux et subtropicaux;Hommes
2022;0123Z;Culture d'agrumes;Femmes
2022;0123Z;Culture d'agrumes;Hommes
2022;0124Z;Culture de fruits à pépins et à noyau;Femmes
2022;0124Z;Culture de fruits à pépins et à noyau;Hommes
2022;0125Z;Culture d'autres fruits d'arbres ou d'arbustes et de fruits à coque;Femmes
2022;0125Z;Culture d'autres fruits d'arbres ou d'arbustes et de fruits à coque;Hommes
2022;0126Z;Culture de fruits oléagineux;Femmes
2022;0126Z;Culture de fruits oléagineux;Hommes
2022;0127Z;Culture de plantes à boissons;Femmes
2022;0127Z;Culture de plantes à boissons;Hommes
2022;0128Z;Culture de plantes à épices, aromatiques, médicinales et pharmaceutiques;Femmes
2022;0128Z;Culture de plantes à épices, aromatiques, médicinales et pharmaceutiques;Hommes
2022;0129Z;Autres cultures permanentes;Femmes
2022;0129Z;Autres cultures permanentes;Hommes
2022;0130Z;Reproduction de plantes;Femmes
2022;0130Z;Reproduction de plantes;Hommes
2022;0141Z;Élevage de vaches laitières;Femmes
2022;0141Z;Élevage de vaches laitières;Hommes
2022;0142Z;Élevage d'autres bovins et de buffles;Femmes
2022;0142Z;Élevage d'autres bovins et de buffles;Hommes
2022;0143Z;Élevage de chevaux et d'autres équidés;Femmes
2022;0143Z;Élevage de chevaux et d'autres équidés;Hommes
2022;0144Z;Élevage de chameaux et d'autres camélidés;Femmes
2022;0144Z;Élevage de chameaux et d'autres camélidés;Hommes
2022;0145Z;Élevage d'ovins et de caprins;Femmes
2022;0145Z;Élevage d'ovins et de caprins;Hommes
2022;0146Z;Élevage de porcins;Femmes
2022;0146Z;Élevage de porcins;Hommes
2022;0147Z;Élevage de volailles;Femmes
2022;0147Z;Élevage de volailles;Hommes
2022;0149Z;Élevage d'autres animaux;Femmes
2022;0149Z;Élevage d'autres animaux;Hommes
2022;0150Z;Culture et élevage associés;Femmes
2022;0150Z;Culture et élevage associés;Hommes
2022;0161Z;Activités de soutien aux cultures;Femmes
2022;0161Z;Activités de soutien aux cultures;Hommes
2022;0162Z;Activités de soutien à la production animale;Femmes
2022;0162Z;Activités de soutien à la production animale;Hommes
2022;0163Z;Traitement primaire des récoltes;Femmes
2022;0163Z;Traitement primaire des récoltes;Hommes
2022;0164Z;Traitement des semences;Femmes
2022;0164Z;Traitement des semences;Hommes
2022;0170Z;Chasse, piégeage et services annexes;Femmes
2022;0170Z;Chasse, piégeage et services annexes;Hommes
2022;0210Z;Sylviculture et autres activités forestières;Femmes
2022;0210Z;Sylviculture et autres activités forestières;Hommes
2022;0220Z;Exploitation forestière;Femmes
2022;0220Z;Exploitation forestière;Hommes
2022;0230Z;Récolte de produits forestiers non ligneux poussant à l'état sauvage;Femmes
2022;0230Z;Récolte de produits forestiers non ligneux poussant à l'état sauvage;Hommes
2022;0240Z;Services de soutien à l'exploitation forestière;Femmes
2022;0240Z;Services de soutien à l'exploitation forestière;Hommes
2022;0311Z;Pêche en mer;Femmes
2022;0311Z;Pêche en mer;Hommes
2022;0312Z;Pêche en eau douce;Femmes
2022;0312Z;Pêche en eau douce;Hommes
2022;0321Z;Aquaculture en mer;Femmes
2022;0321Z;Aquaculture en mer;Hommes
2022;0322Z;Aquaculture en eau douce;Femmes
2022;0322Z;Aquaculture en eau douce;Hommes
2022;0510Z;Extraction de houille;Femmes
2022;0510Z;Extraction de houille;Hommes
2022;0520Z;Extraction de lignite;Femmes
2022;0520Z;Extraction de lignite;Hommes
2022;0610Z;Extraction de pétrole brut;Femmes
2022;0610Z;Extraction de pétrole brut;Hommes
2022;0620Z;Extraction de gaz naturel;Femmes
2022;0620Z;Extraction de gaz naturel;Hommes
2022;0710Z;Extraction de minerais de fer;Femmes
2022;0710Z;Extraction de minerais de fer;Hommes
2022;0721Z;Extraction de minerais d'uranium et de thorium;Femmes
2022;0721Z;Extraction de minerais d'uranium et de thorium;Hommes
2022;0729Z;Extraction d'autres minerais de métaux non ferreux;Femmes
2022;0729Z;Extraction d'autres minerais de métaux non ferreux;Hommes
2022;0811Z;Extraction de pierres ornementales et de construction, de calcaire industriel, de gypse, de craie et d'ardoise;Femmes
2022;0811Z;Extraction de pierres ornementales et de construction, de calcaire industriel, de gypse, de craie et d'ardoise;Hommes
2022;0812Z;Exploitation de gravières et sablières, extraction d'argiles et de kaolin;Femmes
2022;0812Z;Exploitation de gravières et sablières, extraction d'argiles et de kaolin;Hommes
2022;0891Z;Extraction des minéraux chimiques et d'engrais minéraux;Femmes
2022;0891Z;Extraction des minéraux chimiques et d'engrais minéraux;Hommes
2022;0892Z;Extraction de tourbe;Femmes
2022;0892Z;Extraction de tourbe;Hommes
2022;0893Z;Production de sel;Femmes
2022;0893Z;Production de sel;Hommes
2022;0899Z;Autres activités extractives n.c.a.;Femmes
2022;0899Z;Autres activités extractives n.c.a.;Hommes
2022;0910Z;Activités de soutien à l'extraction d'hydrocarbures;Femmes
2022;0910Z;Activités de soutien à l'extraction d'hydrocarbures;Hommes
2022;0990Z;Activités de soutien aux autres industries extractives;Femmes
2022;0990Z;Activités de soutien aux autres industries extractives;Hommes
2022;1011Z;Transformation et conservation de la viande de boucherie;Femmes
2022;1011Z;Transformation et conservation de la viande de boucherie;Hommes
2022;1012Z;Transformation et conservation de la viande de volaille;Femmes
2022;1012Z;Transformation et conservation de la viande de volaille;Hommes
2022;1013A;Préparation industrielle de produits à base de viande;Femmes
2022;1013A;Préparation industrielle de produits à base de viande;Hommes
2022;1013B;Charcuterie;Femmes
2022;1013B;Charcuterie;Hommes
2022;1020Z;Transformation et conservation de poisson, de crustacés et de mollusques;Femmes
2022;1020Z;Transformation et conservation de poisson, de crustacés et de mollusques;Hommes
2022;1031Z;Transformation et conservation de pommes de terre;Femmes
2022;1031Z;Transformation et conservation de pommes de terre;Hommes
2022;1032Z;Préparation de jus de fruits et légumes;Femmes
2022;1032Z;Préparation de jus de fruits et légumes;Hommes
2022;1039A;Autre transformation et conservation de légumes;Femmes
2022;1039A;Autre transformation et conservation de légumes;Hommes
2022;1039B;Transformation et conservation de fruits;Femmes
2022;1039B;Transformation et conservation de fruits;Hommes
2022;1041A;Fabrication d'huiles et graisses brutes;Femmes
2022;1041A;Fabrication d'huiles et graisses brutes;Hommes
2022;1041B;Fabrication d'huiles et graisses raffinées;Femmes
2022;1041B;Fabrication d'huiles et graisses raffinées;Hommes
2022;1042Z;Fabrication de margarine et graisses comestibles similaires;Femmes
2022;1042Z;Fabrication de margarine et graisses comestibles similaires;Hommes
2022;1051A;Fabrication de lait liquide et de produits frais;Femmes
2022;1051A;Fabrication de lait liquide et de produits frais;Hommes
2022;1051B;Fabrication de beurre;Femmes
2022;1051B;Fabrication de beurre;Hommes
2022;1051C;Fabrication de fromage;Femmes
2022;1051C;Fabrication de fromage;Hommes
2022;1051D;Fabrication d'autres produits laitiers;Femmes
2022;1051D;Fabrication d'autres produits laitiers;Hommes
2022;1052Z;Fabrication de glaces et sorbets;Femmes
2022;1052Z;Fabrication de glaces et sorbets;Hommes
2022;1061A;Meunerie;Femmes
2022;1061A;Meunerie;Hommes
2022;1061B;Autres activités du travail des grains;Femmes
2022;1061B;Autres activités du travail des grains;Hommes
2022;1062Z;Fabrication de produits amylacés;Femmes
2022;1062Z;Fabrication de produits amylacés;Hommes
2022;1071A;Fabrication industrielle de pain et de pâtisserie fraîche;Femmes
2022;1071A;Fabrication industrielle de pain et de pâtisserie fraîche;Hommes
2022;1071B;Cuisson de produits de boulangerie;Femmes
2022;1071B;Cuisson de produits de boulangerie;Hommes
2022;1071C;Boulangerie et boulangerie-pâtisserie;Femmes
2022;1071C;Boulangerie et boulangerie-pâtisserie;Hommes
2022;1071D;Pâtisserie;Femmes
2022;1071D;Pâtisserie;Hommes
2022;1072Z;Fabrication de biscuits, biscottes et pâtisseries de conservation;Femmes
2022;1072Z;Fabrication de biscuits, biscottes et pâtisseries de conservation;Hommes
2022;1073Z;Fabrication de pâtes alimentaires;Femmes
2022;1073Z;Fabrication de pâtes alimentaires;Hommes
2022;1081Z;Fabrication de sucre;Femmes
2022;1081Z;Fabrication de sucre;Hommes
2022;1082Z;Fabrication de cacao, chocolat et de produits de confiserie;Femmes
2022;1082Z;Fabrication de cacao, chocolat et de produits de confiserie;Hommes
2022;1083Z;Transformation du thé et du café;Femmes
2022;1083Z;Transformation du thé et du café;Hommes
2022;1084Z;Fabrication de condiments et assaisonnements;Femmes
2022;1084Z;Fabrication de condiments et assaisonnements;Hommes
2022;1085Z;Fabrication de plats préparés;Femmes
2022;1085Z;Fabrication de plats préparés;Hommes
2022;1086Z;Fabrication d'aliments homogénéisés et diététiques;Femmes
2022;1086Z;Fabrication d'aliments homogénéisés et diététiques;Hommes
2022;1089Z;Fabrication d'autres produits alimentaires n.c.a.;Femmes
2022;1089Z;Fabrication d'autres produits alimentaires n.c.a.;Hommes
2022;1091Z;Fabrication d'aliments pour animaux de ferme;Femmes
2022;1091Z;Fabrication d'aliments pour animaux de ferme;Hommes
2022;1092Z;Fabrication d'aliments pour animaux de compagnie;Femmes
2022;1092Z;Fabrication d'aliments pour animaux de compagnie;Hommes
2022;1101Z;Production de boissons alcooliques distillées;Femmes
2022;1101Z;Production de boissons alcooliques distillées;Hommes
2022;1102A;Fabrication de vins effervescents;Femmes
2022;1102A;Fabrication de vins effervescents;Hommes
2022;1102B;Vinification;Femmes
2022;1102B;Vinification;Hommes
2022;1103Z;Fabrication de cidre et de vins de fruits;Femmes
2022;1103Z;Fabrication de cidre et de vins de fruits;Hommes
2022;1104Z;Production d'autres boissons fermentées non distillées;Femmes
2022;1104Z;Production d'autres boissons fermentées non distillées;Hommes
2022;1105Z;Fabrication de bière;Femmes
2022;1105Z;Fabrication de bière;Hommes
2022;1106Z;Fabrication de malt;Femmes
2022;1106Z;Fabrication de malt;Hommes
2022;1107A;Industrie des eaux de table;Femmes
2022;1107A;Industrie des eaux de table;Hommes
2022;1107B;Production de boissons rafraîchissantes;Femmes
2022;1107B;Production de boissons rafraîchissantes;Hommes
2022;1200Z;Fabrication de produits à base de tabac;Femmes
2022;1200Z;Fabrication de produits à base de tabac;Hommes
2022;1310Z;Préparation de fibres textiles et filature;Femmes
2022;1310Z;Préparation de fibres textiles et filature;Hommes
2022;1320Z;Tissage;Femmes
2022;1320Z;Tissage;Hommes
2022;1330Z;Ennoblissement textile;Femmes
2022;1330Z;Ennoblissement textile;Hommes
2022;1391Z;Fabrication d'étoffes à mailles;Femmes
2022;1391Z;Fabrication d'étoffes à mailles;Hommes
2022;1392Z;Fabrication d'articles textiles, sauf habillement;Femmes
2022;1392Z;Fabrication d'articles textiles, sauf habillement;Hommes
2022;1393Z;Fabrication de tapis et moquettes;Femmes
2022;1393Z;Fabrication de tapis et moquettes;Hommes
2022;1394Z;Fabrication de ficelles, cordes et filets;Femmes
2022;1394Z;Fabrication de ficelles, cordes et filets;Hommes
2022;1395Z;Fabrication de non-tissés, sauf habillement;Femmes
2022;1395Z;Fabrication de non-tissés, sauf habillement;Hommes
2022;1396Z;Fabrication d'autres textiles techniques et industriels;Femmes
2022;1396Z;Fabrication d'autres textiles techniques et industriels;Hommes
2022;1399Z;Fabrication d'autres textiles n.c.a.;Femmes
2022;1399Z;Fabrication d'autres textiles n.c.a.;Hommes
2022;1411Z;Fabrication de vêtements en cuir;Femmes
2022;1411Z;Fabrication de vêtements en cuir;Hommes
2022;1412Z;Fabrication de vêtements de travail;Femmes
2022;1412Z;Fabrication de vêtements de travail;Hommes
2022;1413Z;Fabrication de vêtements de dessus;Femmes
2022;1413Z;Fabrication de vêtements de dessus;Hommes
2022;1414Z;Fabrication de vêtements de dessous;Femmes
2022;1414Z;Fabrication de vêtements de dessous;Hommes
2022;1419Z;Fabrication d'autres vêtements et accessoires;Femmes
2022;1419Z;Fabrication d'autres vêtements et accessoires;Hommes
2022;1420Z;Fabrication d'articles en fourrure;Femmes
2022;1420Z;Fabrication d'articles en fourrure;Hommes
2022;1431Z;Fabrication d'articles chaussants à mailles;Femmes
2022;1431Z;Fabrication d'articles chaussants à mailles;Hommes
2022;1439Z;Fabrication d'autres articles à mailles;Femmes
2022;1439Z;Fabrication d'autres articles à mailles;Hommes
2022;1511Z;"Apprêt et tannage des cuirs ; préparation et teinture des fourrures";Femmes
2022;1511Z;"Apprêt et tannage des cuirs ; préparation et teinture des fourrures";Hommes
2022;1512Z;Fabrication d'articles de voyage, de maroquinerie et de sellerie;Femmes
2022;1512Z;Fabrication d'articles de voyage, de maroquinerie et de sellerie;Hommes
2022;1520Z;Fabrication de chaussures;Femmes
2022;1520Z;Fabrication de chaussures;Hommes
2022;1610A;Sciage et rabotage du bois, hors imprégnation;Femmes
2022;1610A;Sciage et rabotage du bois, hors imprégnation;Hommes
2022;1610B;Imprégnation du bois;Femmes
2022;1610B;Imprégnation du bois;Hommes
2022;1621Z;Fabrication de placage et de panneaux de bois;Femmes
2022;1621Z;Fabrication de placage et de panneaux de bois;Hommes
2022;1622Z;Fabrication de parquets assemblés;Femmes
2022;1622Z;Fabrication de parquets assemblés;Hommes
2022;1623Z;Fabrication de charpentes et d'autres menuiseries;Femmes
2022;1623Z;Fabrication de charpentes et d'autres menuiseries;Hommes
2022;1624Z;Fabrication d'emballages en bois;Femmes
2022;1624Z;Fabrication d'emballages en bois;Hommes
2022;1629Z;"Fabrication d'objets divers en bois ; fabrication d'objets en liège, vannerie et sparterie";Femmes
2022;1629Z;"Fabrication d'objets divers en bois ; fabrication d'objets en liège, vannerie et sparterie";Hommes
2022;1711Z;Fabrication de pâte à papier;Femmes
2022;1711Z;Fabrication de pâte à papier;Hommes
2022;1712Z;Fabrication de papier et de carton;Femmes
2022;1712Z;Fabrication de papier et de carton;Hommes
2022;1721A;Fabrication de carton ondulé;Femmes
2022;1721A;Fabrication de carton ondulé;Hommes
2022;1721B;Fabrication de cartonnages;Femmes
2022;1721B;Fabrication de cartonnages;Hommes
2022;1721C;Fabrication d'emballages en papier;Femmes
2022;1721C;Fabrication d'emballages en papier;Hommes
2022;1722Z;Fabrication d'articles en papier à usage sanitaire ou domestique;Femmes
2022;1722Z;Fabrication d'articles en papier à usage sanitaire ou domestique;Hommes
2022;1723Z;Fabrication d'articles de papeterie;Femmes
2022;1723Z;Fabrication d'articles de papeterie;Hommes
2022;1724Z;Fabrication de papiers peints;Femmes
2022;1724Z;Fabrication de papiers peints;Hommes
2022;1729Z;Fabrication d'autres articles en papier ou en carton;Femmes
2022;1729Z;Fabrication d'autres articles en papier ou en carton;Hommes
2022;1811Z;Imprimerie de journaux;Femmes
2022;1811Z;Imprimerie de journaux;Hommes
2022;1812Z;Autre imprimerie (labeur);Femmes
2022;1812Z;Autre imprimerie (labeur);Hommes
2022;1813Z;Activités de pré-presse;Femmes
2022;1813Z;Activités de pré-presse;Hommes
2022;1814Z;Reliure et activités connexes;Femmes
2022;1814Z;Reliure et activités connexes;Hommes
2022;1820Z;Reproduction d'enregistrements;Femmes
2022;1820Z;Reproduction d'enregistrements;Hommes
2022;1910Z;Cokéfaction;Femmes
2022;1910Z;Cokéfaction;Hommes
2022;1920Z;Raffinage du pétrole;Femmes
2022;1920Z;Raffinage du pétrole;Hommes
2022;2011Z;Fabrication de gaz industriels;Femmes
2022;2011Z;Fabrication de gaz industriels;Hommes
2022;2012Z;Fabrication de colorants et de pigments;Femmes
2022;2012Z;Fabrication de colorants et de pigments;Hommes
2022;2013A;Enrichissement et retraitement de matières nucléaires;Femmes
2022;2013A;Enrichissement et retraitement de matières nucléaires;Hommes
2022;2013B;Fabrication d'autres produits chimiques inorganiques de base n.c.a.;Femmes
2022;2013B;Fabrication d'autres produits chimiques inorganiques de base n.c.a.;Hommes
2022;2014Z;Fabrication d'autres produits chimiques organiques de base;Femmes
2022;2014Z;Fabrication d'autres produits chimiques organiques de base;Hommes
2022;2015Z;Fabrication de produits azotés et d'engrais;Femmes
2022;2015Z;Fabrication de produits azotés et d'engrais;Hommes
2022;2016Z;Fabrication de matières plastiques de base;Femmes
2022;2016Z;Fabrication de matières plastiques de base;Hommes
2022;2017Z;Fabrication de caoutchouc synthétique;Femmes
2022;2017Z;Fabrication de caoutchouc synthétique;Hommes
2022;2020Z;Fabrication de pesticides et d'autres produits agrochimiques;Femmes
2022;2020Z;Fabrication de pesticides et d'autres produits agrochimiques;Hommes
2022;2030Z;Fabrication de peintures, vernis, encres et mastics;Femmes
2022;2030Z;Fabrication de peintures, vernis, encres et mastics;Hommes
2022;2041Z;Fabrication de savons, détergents et produits d'entretien;Femmes
2022;2041Z;Fabrication de savons, détergents et produits d'entretien;Hommes
2022;2042Z;Fabrication de parfums et de produits pour la toilette;Femmes
2022;2042Z;Fabrication de parfums et de produits pour la toilette;Hommes
2022;2051Z;Fabrication de produits explosifs;Femmes
2022;2051Z;Fabrication de produits explosifs;Hommes
2022;2052Z;Fabrication de colles;Femmes
2022;2052Z;Fabrication de colles;Hommes
2022;2053Z;Fabrication d'huiles essentielles;Femmes
2022;2053Z;Fabrication d'huiles essentielles;Hommes
2022;2059Z;Fabrication d'autres produits chimiques n.c.a.;Femmes
2022;2059Z;Fabrication d'autres produits chimiques n.c.a.;Hommes
2022;2060Z;Fabrication de fibres artificielles ou synthétiques;Femmes
2022;2060Z;Fabrication de fibres artificielles ou synthétiques;Hommes
2022;2110Z;Fabrication de produits pharmaceutiques de base;Femmes
2022;2110Z;Fabrication de produits pharmaceutiques de base;Hommes
2022;2120Z;Fabrication de préparations pharmaceutiques;Femmes
2022;2120Z;Fabrication de préparations pharmaceutiques;Hommes
2022;2211Z;Fabrication et rechapage de pneumatiques;Femmes
2022;2211Z;Fabrication et rechapage de pneumatiques;Hommes
2022;2219Z;Fabrication d'autres articles en caoutchouc;Femmes
2022;2219Z;Fabrication d'autres articles en caoutchouc;Hommes
2022;2221Z;Fabrication de plaques, feuilles, tubes et profilés en matières plastiques;Femmes
2022;2221Z;Fabrication de plaques, feuilles, tubes et profilés en matières plastiques;Hommes
2022;2222Z;Fabrication d'emballages en matières plastiques;Femmes
2022;2222Z;Fabrication d'emballages en matières plastiques;Hommes
2022;2223Z;Fabrication d'éléments en matières plastiques pour la construction;Femmes
2022;2223Z;Fabrication d'éléments en matières plastiques pour la construction;Hommes
2022;2229A;Fabrication de pièces techniques à base de matières plastiques;Femmes
2022;2229A;Fabrication de pièces techniques à base de matières plastiques;Hommes
2022;2229B;Fabrication de produits de consommation courante en matières plastiques;Femmes
2022;2229B;Fabrication de produits de consommation courante en matières plastiques;Hommes
2022;2311Z;Fabrication de verre plat;Femmes
2022;2311Z;Fabrication de verre plat;Hommes
2022;2312Z;Façonnage et transformation du verre plat;Femmes
2022;2312Z;Façonnage et transformation du verre plat;Hommes
2022;2313Z;Fabrication de verre creux;Femmes
2022;2313Z;Fabrication de verre creux;Hommes
2022;2314Z;Fabrication de fibres de verre;Femmes
2022;2314Z;Fabrication de fibres de verre;Hommes
2022;2319Z;Fabrication et façonnage d'autres articles en verre, y compris verre technique;Femmes
2022;2319Z;Fabrication et façonnage d'autres articles en verre, y compris verre technique;Hommes
2022;2320Z;Fabrication de produits réfractaires;Femmes
2022;2320Z;Fabrication de produits réfractaires;Hommes
2022;2331Z;Fabrication de carreaux en céramique;Femmes
2022;2331Z;Fabrication de carreaux en céramique;Hommes
2022;2332Z;Fabrication de briques, tuiles et produits de construction, en terre cuite;Femmes
2022;2332Z;Fabrication de briques, tuiles et produits de construction, en terre cuite;Hommes
2022;2341Z;Fabrication d'articles céramiques à usage domestique ou ornemental;Femmes
2022;2341Z;Fabrication d'articles céramiques à usage domestique ou ornemental;Hommes
2022;2342Z;Fabrication d'appareils sanitaires en céramique;Femmes
2022;2342Z;Fabrication d'appareils sanitaires en céramique;Hommes
2022;2343Z;Fabrication d'isolateurs et pièces isolantes en céramique;Femmes
2022;2343Z;Fabrication d'isolateurs et pièces isolantes en céramique;Hommes
2022;2344Z;Fabrication d'autres produits céramiques à usage technique;Femmes
2022;2344Z;Fabrication d'autres produits céramiques à usage technique;Hommes
2022;2349Z;Fabrication d'autres produits céramiques;Femmes
2022;2349Z;Fabrication d'autres produits céramiques;Hommes
2022;2351Z;Fabrication de ciment;Femmes
2022;2351Z;Fabrication de ciment;Hommes
2022;2352Z;Fabrication de chaux et plâtre;Femmes
2022;2352Z;Fabrication de chaux et plâtre;Hommes
2022;2361Z;Fabrication d'éléments en béton pour la construction;Femmes
2022;2361Z;Fabrication d'éléments en béton pour la construction;Hommes
2022;2362Z;Fabrication d'éléments en plâtre pour la construction;Femmes
2022;2362Z;Fabrication d'éléments en plâtre pour la construction;Hommes
2022;2363Z;Fabrication de béton prêt à l'emploi;Femmes
2022;2363Z;Fabrication de béton prêt à l'emploi;Hommes
2022;2364Z;Fabrication de mortiers et bétons secs;Femmes
2022;2364Z;Fabrication de mortiers et bétons secs;Hommes
2022;2365Z;Fabrication d'ouvrages en fibre-ciment;Femmes
2022;2365Z;Fabrication d'ouvrages en fibre-ciment;Hommes
2022;2369Z;Fabrication d'autres ouvrages en béton, en ciment ou en plâtre;Femmes
2022;2369Z;Fabrication d'autres ouvrages en béton, en ciment ou en plâtre;Hommes
2022;2370Z;Taille, façonnage et finissage de pierres;Femmes
2022;2370Z;Taille, façonnage et finissage de pierres;Hommes
2022;2391Z;Fabrication de produits abrasifs;Femmes
2022;2391Z;Fabrication de produits abrasifs;Hommes
2022;2399Z;Fabrication d'autres produits minéraux non métalliques n.c.a.;Femmes
2022;2399Z;Fabrication d'autres produits minéraux non métalliques n.c.a.;Hommes
2022;2410Z;Sidérurgie;Femmes
2022;2410Z;Sidérurgie;Hommes
2022;2420Z;Fabrication de tubes, tuyaux, profilés creux et accessoires correspondants en acier;Femmes
2022;2420Z;Fabrication de tubes, tuyaux, profilés creux et accessoires correspondants en acier;Hommes
2022;2431Z;Étirage à froid de barres;Femmes
2022;2431Z;Étirage à froid de barres;Hommes
2022;2432Z;Laminage à froid de feuillards;Femmes
2022;2432Z;Laminage à froid de feuillards;Hommes
2022;2433Z;Profilage à froid par formage ou pliage;Femmes
2022;2433Z;Profilage à froid par formage ou pliage;Hommes
2022;2434Z;Tréfilage à froid;Femmes
2022;2434Z;Tréfilage à froid;Hommes
2022;2441Z;Production de métaux précieux;Femmes
2022;2441Z;Production de métaux précieux;Hommes
2022;2442Z;Métallurgie de l'aluminium;Femmes
2022;2442Z;Métallurgie de l'aluminium;Hommes
2022;2443Z;Métallurgie du plomb, du zinc ou de l'étain;Femmes
2022;2443Z;Métallurgie du plomb, du zinc ou de l'étain;Hommes
2022;2444Z;Métallurgie du cuivre;Femmes
2022;2444Z;Métallurgie du cuivre;Hommes
2022;2445Z;Métallurgie des autres métaux non ferreux;Femmes
2022;2445Z;Métallurgie des autres métaux non ferreux;Hommes
2022;2446Z;Élaboration et transformation de matières nucléaires;Femmes
2022;2446Z;Élaboration et transformation de matières nucléaires;Hommes
2022;2451Z;Fonderie de fonte;Femmes
2022;2451Z;Fonderie de fonte;Hommes
2022;2452Z;Fonderie d'acier;Femmes
2022;2452Z;Fonderie d'acier;Hommes
2022;2453Z;Fonderie de métaux légers;Femmes
2022;2453Z;Fonderie de métaux légers;Hommes
2022;2454Z;Fonderie d'autres métaux non ferreux;Femmes
2022;2454Z;Fonderie d'autres métaux non ferreux;Hommes
2022;2511Z;Fabrication de structures métalliques et de parties de structures;Femmes
2022;2511Z;Fabrication de structures métalliques et de parties de structures;Hommes
2022;2512Z;Fabrication de portes et fenêtres en métal;Femmes
2022;2512Z;Fabrication de portes et fenêtres en métal;Hommes
2022;2521Z;Fabrication de radiateurs et de chaudières pour le chauffage central;Femmes
2022;2521Z;Fabrication de radiateurs et de chaudières pour le chauffage central;Hommes
2022;2529Z;Fabrication d'autres réservoirs, citernes et conteneurs métalliques;Femmes
2022;2529Z;Fabrication d'autres réservoirs, citernes et conteneurs métalliques;Hommes
2022;2530Z;Fabrication de générateurs de vapeur, à l'exception des chaudières pour le chauffage central;Femmes
2022;2530Z;Fabrication de générateurs de vapeur, à l'exception des chaudières pour le chauffage central;Hommes
2022;2540Z;Fabrication d'armes et de munitions;Femmes
2022;2540Z;Fabrication d'armes et de munitions;Hommes
2022;2550A;"Forge, estampage, matriçage ; métallurgie des poudres";Femmes
2022;2550A;"Forge, estampage, matriçage ; métallurgie des poudres";Hommes
2022;2550B;Découpage, emboutissage;Femmes
2022;2550B;Découpage, emboutissage;Hommes
2022;2561Z;Traitement et revêtement des métaux;Femmes
2022;2561Z;Traitement et revêtement des métaux;Hommes
2022;2562A;Décolletage;Femmes
2022;2562A;Décolletage;Hommes
2022;2562B;Mécanique industrielle;Femmes
2022;2562B;Mécanique industrielle;Hommes
2022;2571Z;Fabrication de coutellerie;Femmes
2022;2571Z;Fabrication de coutellerie;Hommes
2022;2572Z;Fabrication de serrures et de ferrures;Femmes
2022;2572Z;Fabrication de serrures et de ferrures;Hommes
2022;2573A;Fabrication de moules et modèles;Femmes
2022;2573A;Fabrication de moules et modèles;Hommes
2022;2573B;Fabrication d'autres outillages;Femmes
2022;2573B;Fabrication d'autres outillages;Hommes
2022;2591Z;Fabrication de fûts et emballages métalliques similaires;Femmes
2022;2591Z;Fabrication de fûts et emballages métalliques similaires;Hommes
2022;2592Z;Fabrication d'emballages métalliques légers;Femmes
2022;2592Z;Fabrication d'emballages métalliques légers;Hommes
2022;2593Z;Fabrication d'articles en fils métalliques, de chaînes et de ressorts;Femmes
2022;2593Z;Fabrication d'articles en fils métalliques, de chaînes et de ressorts;Hommes
2022;2594Z;Fabrication de vis et de boulons;Femmes
2022;2594Z;Fabrication de vis et de boulons;Hommes
2022;2599A;Fabrication d'articles métalliques ménagers;Femmes
2022;2599A;Fabrication d'articles métalliques ménagers;Hommes
2022;2599B;Fabrication d'autres articles métalliques;Femmes
2022;2599B;Fabrication d'autres articles métalliques;Hommes
2022;2611Z;Fabrication de composants électroniques;Femmes
2022;2611Z;Fabrication de composants électroniques;Hommes
2022;2612Z;Fabrication de cartes électroniques assemblées;Femmes
2022;2612Z;Fabrication de cartes électroniques assemblées;Hommes
2022;2620Z;Fabrication d'ordinateurs et d'équipements périphériques;Femmes
2022;2620Z;Fabrication d'ordinateurs et d'équipements périphériques;Hommes
2022;2630Z;Fabrication d'équipements de communication;Femmes
2022;2630Z;Fabrication d'équipements de communication;Hommes
2022;2640Z;Fabrication de produits électroniques grand public;Femmes
2022;2640Z;Fabrication de produits électroniques grand public;Hommes
2022;2651A;Fabrication d'équipements d'aide à la navigation;Femmes
2022;2651A;Fabrication d'équipements d'aide à la navigation;Hommes
2022;2651B;Fabrication d'instrumentation scientifique et technique;Femmes
2022;2651B;Fabrication d'instrumentation scientifique et technique;Hommes
2022;2652Z;Horlogerie;Femmes
2022;2652Z;Horlogerie;Hommes
2022;2660Z;Fabrication d'équipements d'irradiation médicale, d'équipements électromédicaux et électrothérapeutiques;Femmes
2022;2660Z;Fabrication d'équipements d'irradiation médicale, d'équipements électromédicaux et électrothérapeutiques;Hommes
2022;2670Z;Fabrication de matériels optique et photographique;Femmes
2022;2670Z;Fabrication de matériels optique et photographique;Hommes
2022;2680Z;Fabrication de supports magnétiques et optiques;Femmes
2022;2680Z;Fabrication de supports magnétiques et optiques;Hommes
2022;2711Z;Fabrication de moteurs, génératrices et transformateurs électriques;Femmes
2022;2711Z;Fabrication de moteurs, génératrices et transformateurs électriques;Hommes
2022;2712Z;Fabrication de matériel de distribution et de commande électrique;Femmes
2022;2712Z;Fabrication de matériel de distribution et de commande électrique;Hommes
2022;2720Z;Fabrication de piles et d'accumulateurs électriques;Femmes
2022;2720Z;Fabrication de piles et d'accumulateurs électriques;Hommes
2022;2731Z;Fabrication de câbles de fibres optiques;Femmes
2022;2731Z;Fabrication de câbles de fibres optiques;Hommes
2022;2732Z;Fabrication d'autres fils et câbles électroniques ou électriques;Femmes
2022;2732Z;Fabrication d'autres fils et câbles électroniques ou électriques;Hommes
2022;2733Z;Fabrication de matériel d'installation électrique;Femmes
2022;2733Z;Fabrication de matériel d'installation électrique;Hommes
2022;2740Z;Fabrication d'appareils d'éclairage électrique;Femmes
2022;2740Z;Fabrication d'appareils d'éclairage électrique;Hommes
2022;2751Z;Fabrication d'appareils électroménagers;Femmes
2022;2751Z;Fabrication d'appareils électroménagers;Hommes
2022;2752Z;Fabrication d'appareils ménagers non électriques;Femmes
2022;2752Z;Fabrication d'appareils ménagers non électriques;Hommes
2022;2790Z;Fabrication d'autres matériels électriques;Femmes
2022;2790Z;Fabrication d'autres matériels électriques;Hommes
2022;2811Z;Fabrication de moteurs et turbines, à l'exception des moteurs d'avions et de véhicules;Femmes
2022;2811Z;Fabrication de moteurs et turbines, à l'exception des moteurs d'avions et de véhicules;Hommes
2022;2812Z;Fabrication d'équipements hydrauliques et pneumatiques;Femmes
2022;2812Z;Fabrication d'équipements hydrauliques et pneumatiques;Hommes
2022;2813Z;Fabrication d'autres pompes et compresseurs;Femmes
2022;2813Z;Fabrication d'autres pompes et compresseurs;Hommes
2022;2814Z;Fabrication d'autres articles de robinetterie;Femmes
2022;2814Z;Fabrication d'autres articles de robinetterie;Hommes
2022;2815Z;Fabrication d'engrenages et d'organes mécaniques de transmission;Femmes
2022;2815Z;Fabrication d'engrenages et d'organes mécaniques de transmission;Hommes
2022;2821Z;Fabrication de fours et brûleurs;Femmes
2022;2821Z;Fabrication de fours et brûleurs;Hommes
2022;2822Z;Fabrication de matériel de levage et de manutention;Femmes
2022;2822Z;Fabrication de matériel de levage et de manutention;Hommes
2022;2823Z;Fabrication de machines et d'équipements de bureau (à l'exception des ordinateurs et équipements périphériques);Femmes
2022;2823Z;Fabrication de machines et d'équipements de bureau (à l'exception des ordinateurs et équipements périphériques);Hommes
2022;2824Z;Fabrication d'outillage portatif à moteur incorporé;Femmes
2022;2824Z;Fabrication d'outillage portatif à moteur incorporé;Hommes
2022;2825Z;Fabrication d'équipements aérauliques et frigorifiques industriels;Femmes
2022;2825Z;Fabrication d'équipements aérauliques et frigorifiques industriels;Hommes
2022;2829A;Fabrication d'équipements d'emballage, de conditionnement et de pesage;Femmes
2022;2829A;Fabrication d'équipements d'emballage, de conditionnement et de pesage;Hommes
2022;2829B;Fabrication d'autres machines d'usage général;Femmes
2022;2829B;Fabrication d'autres machines d'usage général;Hommes
2022;2830Z;Fabrication de machines agricoles et forestières;Femmes
2022;2830Z;Fabrication de machines agricoles et forestières;Hommes
2022;2841Z;Fabrication de machines-outils pour le travail des métaux;Femmes
2022;2841Z;Fabrication de machines-outils pour le travail des métaux;Hommes
2022;2849Z;Fabrication d'autres machines-outils;Femmes
2022;2849Z;Fabrication d'autres machines-outils;Hommes
2022;2891Z;Fabrication de machines pour la métallurgie;Femmes
2022;2891Z;Fabrication de machines pour la métallurgie;Hommes
2022;2892Z;Fabrication de machines pour l'extraction ou la construction;Femmes
2022;2892Z;Fabrication de machines pour l'extraction ou la construction;Hommes
2022;2893Z;Fabrication de machines pour l'industrie agro-alimentaire;Femmes
2022;2893Z;Fabrication de machines pour l'industrie agro-alimentaire;Hommes
2022;2894Z;Fabrication de machines pour les industries textiles;Femmes
2022;2894Z;Fabrication de machines pour les industries textiles;Hommes
2022;2895Z;Fabrication de machines pour les industries du papier et du carton;Femmes
2022;2895Z;Fabrication de machines pour les industries du papier et du carton;Hommes
2022;2896Z;Fabrication de machines pour le travail du caoutchouc ou des plastiques;Femmes
2022;2896Z;Fabrication de machines pour le travail du caoutchouc ou des plastiques;Hommes
2022;2899A;Fabrication de machines d'imprimerie;Femmes
2022;2899A;Fabrication de machines d'imprimerie;Hommes
2022;2899B;Fabrication d'autres machines spécialisées;Femmes
2022;2899B;Fabrication d'autres machines spécialisées;Hommes
2022;2910Z;Construction de véhicules automobiles;Femmes
2022;2910Z;Construction de véhicules automobiles;Hommes
2022;2920Z;Fabrication de carrosseries et remorques;Femmes
2022;2920Z;Fabrication de carrosseries et remorques;Hommes
2022;2931Z;Fabrication d'équipements électriques et électroniques automobiles;Femmes
2022;2931Z;Fabrication d'équipements électriques et électroniques automobiles;Hommes
2022;2932Z;Fabrication d'autres équipements automobiles;Femmes
2022;2932Z;Fabrication d'autres équipements automobiles;Hommes
2022;3011Z;Construction de navires et de structures flottantes;Femmes
2022;3011Z;Construction de navires et de structures flottantes;Hommes
2022;3012Z;Construction de bateaux de plaisance;Femmes
2022;3012Z;Construction de bateaux de plaisance;Hommes
2022;3020Z;Construction de locomotives et d'autre matériel ferroviaire roulant;Femmes
2022;3020Z;Construction de locomotives et d'autre matériel ferroviaire roulant;Hommes
2022;3030Z;Construction aéronautique et spatiale;Femmes
2022;3030Z;Construction aéronautique et spatiale;Hommes
2022;3040Z;Construction de véhicules militaires de combat;Femmes
2022;3040Z;Construction de véhicules militaires de combat;Hommes
2022;3091Z;Fabrication de motocycles;Femmes
2022;3091Z;Fabrication de motocycles;Hommes
2022;3092Z;Fabrication de bicyclettes et de véhicules pour invalides;Femmes
2022;3092Z;Fabrication de bicyclettes et de véhicules pour invalides;Hommes
2022;3099Z;Fabrication d'autres équipements de transport n.c.a.;Femmes
2022;3099Z;Fabrication d'autres équipements de transport n.c.a.;Hommes
2022;3101Z;Fabrication de meubles de bureau et de magasin;Femmes
2022;3101Z;Fabrication de meubles de bureau et de magasin;Hommes
2022;3102Z;Fabrication de meubles de cuisine;Femmes
2022;3102Z;Fabrication de meubles de cuisine;Hommes
2022;3103Z;Fabrication de matelas;Femmes
2022;3103Z;Fabrication de matelas;Hommes
2022;3109A;Fabrication de sièges d'ameublement d'intérieur;Femmes
2022;3109A;Fabrication de sièges d'ameublement d'intérieur;Hommes
2022;3109B;Fabrication d'autres meubles et industries connexes de l'ameublement;Femmes
2022;3109B;Fabrication d'autres meubles et industries connexes de l'ameublement;Hommes
2022;3211Z;Frappe de monnaie;Femmes
2022;3211Z;Frappe de monnaie;Hommes
2022;3212Z;Fabrication d'articles de joaillerie et bijouterie;Femmes
2022;3212Z;Fabrication d'articles de joaillerie et bijouterie;Hommes
2022;3213Z;Fabrication d'articles de bijouterie fantaisie et articles similaires;Femmes
2022;3213Z;Fabrication d'articles de bijouterie fantaisie et articles similaires;Hommes
2022;3220Z;Fabrication d'instruments de musique;Femmes
2022;3220Z;Fabrication d'instruments de musique;Hommes
2022;3230Z;Fabrication d'articles de sport;Femmes
2022;3230Z;Fabrication d'articles de sport;Hommes
2022;3240Z;Fabrication de jeux et jouets;Femmes
2022;3240Z;Fabrication de jeux et jouets;Hommes
2022;3250A;Fabrication de matériel médico-chirurgical et dentaire;Femmes
2022;3250A;Fabrication de matériel médico-chirurgical et dentaire;Hommes
2022;3250B;Fabrication de lunettes;Femmes
2022;3250B;Fabrication de lunettes;Hommes
2022;3291Z;Fabrication d'articles de brosserie;Femmes
2022;3291Z;Fabrication d'articles de brosserie;Hommes
2022;3299Z;Autres activités manufacturières n.c.a.;Femmes
2022;3299Z;Autres activités manufacturières n.c.a.;Hommes
2022;3311Z;Réparation d'ouvrages en métaux;Femmes
2022;3311Z;Réparation d'ouvrages en métaux;Hommes
2022;3312Z;Réparation de machines et équipements mécaniques;Femmes
2022;3312Z;Réparation de machines et équipements mécaniques;Hommes
2022;3313Z;Réparation de matériels électroniques et optiques;Femmes
2022;3313Z;Réparation de matériels électroniques et optiques;Hommes
2022;3314Z;Réparation d'équipements électriques;Femmes
2022;3314Z;Réparation d'équipements électriques;Hommes
2022;3315Z;Réparation et maintenance navale;Femmes
2022;3315Z;Réparation et maintenance navale;Hommes
2022;3316Z;Réparation et maintenance d'aéronefs et d'engins spatiaux;Femmes
2022;3316Z;Réparation et maintenance d'aéronefs et d'engins spatiaux;Hommes
2022;3317Z;Réparation et maintenance d'autres équipements de transport;Femmes
2022;3317Z;Réparation et maintenance d'autres équipements de transport;Hommes
2022;3319Z;Réparation d'autres équipements;Femmes
2022;3319Z;Réparation d'autres équipements;Hommes
2022;3320A;Installation de structures métalliques, chaudronnées et de tuyauterie;Femmes
2022;3320A;Installation de structures métalliques, chaudronnées et de tuyauterie;Hommes
2022;3320B;Installation de machines et équipements mécaniques;Femmes
2022;3320B;Installation de machines et équipements mécaniques;Hommes
2022;3320C;Conception d'ensemble et assemblage sur site industriel d'équipements de contrôle des processus industriels;Femmes
2022;3320C;Conception d'ensemble et assemblage sur site industriel d'équipements de contrôle des processus industriels;Hommes
2022;3320D;Installation d'équipements électriques, de matériels électroniques et optiques ou d'autres matériels;Femmes
2022;3320D;Installation d'équipements électriques, de matériels électroniques et optiques ou d'autres matériels;Hommes
2022;3511Z;Production d'électricité;Femmes
2022;3511Z;Production d'électricité;Hommes
2022;3512Z;Transport d'électricité;Femmes
2022;3512Z;Transport d'électricité;Hommes
2022;3513Z;Distribution d'électricité;Femmes
2022;3513Z;Distribution d'électricité;Hommes
2022;3514Z;Commerce d'électricité;Femmes
2022;3514Z;Commerce d'électricité;Hommes
2022;3521Z;Production de combustibles gazeux;Femmes
2022;3521Z;Production de combustibles gazeux;Hommes
2022;3522Z;Distribution de combustibles gazeux par conduites;Femmes
2022;3522Z;Distribution de combustibles gazeux par conduites;Hommes
2022;3523Z;Commerce de combustibles gazeux par conduites;Femmes
2022;3523Z;Commerce de combustibles gazeux par conduites;Hommes
2022;3530Z;Production et distribution de vapeur et d'air conditionné;Femmes
2022;3530Z;Production et distribution de vapeur et d'air conditionné;Hommes
2022;3600Z;Captage, traitement et distribution d'eau;Femmes
2022;3600Z;Captage, traitement et distribution d'eau;Hommes
2022;3700Z;Collecte et traitement des eaux usées;Femmes
2022;3700Z;Collecte et traitement des eaux usées;Hommes
2022;3811Z;Collecte des déchets non dangereux;Femmes
2022;3811Z;Collecte des déchets non dangereux;Hommes
2022;3812Z;Collecte des déchets dangereux;Femmes
2022;3812Z;Collecte des déchets dangereux;Hommes
2022;3821Z;Traitement et élimination des déchets non dangereux;Femmes
2022;3821Z;Traitement et élimination des déchets non dangereux;Hommes
2022;3822Z;Traitement et élimination des déchets dangereux;Femmes
2022;3822Z;Traitement et élimination des déchets dangereux;Hommes
2022;3831Z;Démantèlement d'épaves;Femmes
2022;3831Z;Démantèlement d'épaves;Hommes
2022;3832Z;Récupération de déchets triés;Femmes
2022;3832Z;Récupération de déchets triés;Hommes
2022;3900Z;Dépollution et autres services de gestion des déchets;Femmes
2022;3900Z;Dépollution et autres services de gestion des déchets;Hommes
2022;4110A;Promotion immobilière de logements;Femmes
2022;4110A;Promotion immobilière de logements;Hommes
2022;4110B;Promotion immobilière de bureaux;Femmes
2022;4110B;Promotion immobilière de bureaux;Hommes
2022;4110C;Promotion immobilière d'autres bâtiments;Femmes
2022;4110C;Promotion immobilière d'autres bâtiments;Hommes
2022;4110D;Supports juridiques de programmes;Femmes
2022;4110D;Supports juridiques de programmes;Hommes
2022;4120A;Construction de maisons individuelles;Femmes
2022;4120A;Construction de maisons individuelles;Hommes
2022;4120B;Construction d'autres bâtiments;Femmes
2022;4120B;Construction d'autres bâtiments;Hommes
2022;4211Z;Construction de routes et autoroutes;Femmes
2022;4211Z;Construction de routes et autoroutes;Hommes
2022;4212Z;Construction de voies ferrées de surface et souterraines;Femmes
2022;4212Z;Construction de voies ferrées de surface et souterraines;Hommes
2022;4213A;Construction d'ouvrages d'art;Femmes
2022;4213A;Construction d'ouvrages d'art;Hommes
2022;4213B;Construction et entretien de tunnels;Femmes
2022;4213B;Construction et entretien de tunnels;Hommes
2022;4221Z;Construction de réseaux pour fluides;Femmes
2022;4221Z;Construction de réseaux pour fluides;Hommes
2022;4222Z;Construction de réseaux électriques et de télécommunications;Femmes
2022;4222Z;Construction de réseaux électriques et de télécommunications;Hommes
2022;4291Z;Construction d'ouvrages maritimes et fluviaux;Femmes
2022;4291Z;Construction d'ouvrages maritimes et fluviaux;Hommes
2022;4299Z;Construction d'autres ouvrages de génie civil n.c.a.;Femmes
2022;4299Z;Construction d'autres ouvrages de génie civil n.c.a.;Hommes
2022;4311Z;Travaux de démolition;Femmes
2022;4311Z;Travaux de démolition;Hommes
2022;4312A;Travaux de terrassement courants et travaux préparatoires;Femmes
2022;4312A;Travaux de terrassement courants et travaux préparatoires;Hommes
2022;4312B;Travaux de terrassement spécialisés ou de grande masse;Femmes
2022;4312B;Travaux de terrassement spécialisés ou de grande masse;Hommes
2022;4313Z;Forages et sondages;Femmes
2022;4313Z;Forages et sondages;Hommes
2022;4321A;Travaux d'installation électrique dans tous locaux;Femmes
2022;4321A;Travaux d'installation électrique dans tous locaux;Hommes
2022;4321B;Travaux d'installation électrique sur la voie publique;Femmes
2022;4321B;Travaux d'installation électrique sur la voie publique;Hommes
2022;4322A;Travaux d'installation d'eau et de gaz en tous locaux;Femmes
2022;4322A;Travaux d'installation d'eau et de gaz en tous locaux;Hommes
2022;4322B;Travaux d'installation d'équipements thermiques et de climatisation;Femmes
2022;4322B;Travaux d'installation d'équipements thermiques et de climatisation;Hommes
2022;4329A;Travaux d'isolation;Femmes
2022;4329A;Travaux d'isolation;Hommes
2022;4329B;Autres travaux d'installation n.c.a.;Femmes
2022;4329B;Autres travaux d'installation n.c.a.;Hommes
2022;4331Z;Travaux de plâtrerie;Femmes
2022;4331Z;Travaux de plâtrerie;Hommes
2022;4332A;Travaux de menuiserie bois et PVC;Femmes
2022;4332A;Travaux de menuiserie bois et PVC;Hommes
2022;4332B;Travaux de menuiserie métallique et serrurerie;Femmes
2022;4332B;Travaux de menuiserie métallique et serrurerie;Hommes
2022;4332C;Agencement de lieux de vente;Femmes
2022;4332C;Agencement de lieux de vente;Hommes
2022;4333Z;Travaux de revêtement des sols et des murs;Femmes
2022;4333Z;Travaux de revêtement des sols et des murs;Hommes
2022;4334Z;Travaux de peinture et vitrerie;Femmes
2022;4334Z;Travaux de peinture et vitrerie;Hommes
2022;4339Z;Autres travaux de finition;Femmes
2022;4339Z;Autres travaux de finition;Hommes
2022;4391A;Travaux de charpente;Femmes
2022;4391A;Travaux de charpente;Hommes
2022;4391B;Travaux de couverture par éléments;Femmes
2022;4391B;Travaux de couverture par éléments;Hommes
2022;4399A;Travaux d'étanchéification;Femmes
2022;4399A;Travaux d'étanchéification;Hommes
2022;4399B;Travaux de montage de structures métalliques;Femmes
2022;4399B;Travaux de montage de structures métalliques;Hommes
2022;4399C;Travaux de maçonnerie générale et gros œuvre de bâtiment;Femmes
2022;4399C;Travaux de maçonnerie générale et gros œuvre de bâtiment;Hommes
2022;4399D;Autres travaux spécialisés de construction;Femmes
2022;4399D;Autres travaux spécialisés de construction;Hommes
2022;4399E;Location avec opérateur de matériel de construction;Femmes
2022;4399E;Location avec opérateur de matériel de construction;Hommes
2022;4511Z;Commerce de voitures et de véhicules automobiles légers;Femmes
2022;4511Z;Commerce de voitures et de véhicules automobiles légers;Hommes
2022;4519Z;Commerce d'autres véhicules automobiles;Femmes
2022;4519Z;Commerce d'autres véhicules automobiles;Hommes
2022;4520A;Entretien et réparation de véhicules automobiles légers;Femmes
2022;4520A;Entretien et réparation de véhicules automobiles légers;Hommes
2022;4520B;Entretien et réparation d'autres véhicules automobiles;Femmes
2022;4520B;Entretien et réparation d'autres véhicules automobiles;Hommes
2022;4531Z;Commerce de gros d'équipements automobiles;Femmes
2022;4531Z;Commerce de gros d'équipements automobiles;Hommes
2022;4532Z;Commerce de détail d'équipements automobiles;Femmes
2022;4532Z;Commerce de détail d'équipements automobiles;Hommes
2022;4540Z;Commerce et réparation de motocycles;Femmes
2022;4540Z;Commerce et réparation de motocycles;Hommes
2022;4611Z;Intermédiaires du commerce en matières premières agricoles, animaux vivants, matières premières textiles et produits semi-finis;Femmes
2022;4611Z;Intermédiaires du commerce en matières premières agricoles, animaux vivants, matières premières textiles et produits semi-finis;Hommes
2022;4612A;Centrales d'achat de carburant;Femmes
2022;4612A;Centrales d'achat de carburant;Hommes
2022;4612B;Autres intermédiaires du commerce en combustibles, métaux, minéraux et produits chimiques;Femmes
2022;4612B;Autres intermédiaires du commerce en combustibles, métaux, minéraux et produits chimiques;Hommes
2022;4613Z;Intermédiaires du commerce en bois et matériaux de construction;Femmes
2022;4613Z;Intermédiaires du commerce en bois et matériaux de construction;Hommes
2022;4614Z;Intermédiaires du commerce en machines, équipements industriels, navires et avions;Femmes
2022;4614Z;Intermédiaires du commerce en machines, équipements industriels, navires et avions;Hommes
2022;4615Z;Intermédiaires du commerce en meubles, articles de ménage et quincaillerie;Femmes
2022;4615Z;Intermédiaires du commerce en meubles, articles de ménage et quincaillerie;Hommes
2022;4616Z;Intermédiaires du commerce en textiles, habillement, fourrures, chaussures et articles en cuir;Femmes
2022;4616Z;Intermédiaires du commerce en textiles, habillement, fourrures, chaussures et articles en cuir;Hommes
2022;4617A;Centrales d'achat alimentaires;Femmes
2022;4617A;Centrales d'achat alimentaires;Hommes
2022;4617B;Autres intermédiaires du commerce en denrées, boissons et tabac;Femmes
2022;4617B;Autres intermédiaires du commerce en denrées, boissons et tabac;Hommes
2022;4618Z;Intermédiaires spécialisés dans le commerce d'autres produits spécifiques;Femmes
2022;4618Z;Intermédiaires spécialisés dans le commerce d'autres produits spécifiques;Hommes
2022;4619A;Centrales d'achat non alimentaires;Femmes
2022;4619A;Centrales d'achat non alimentaires;Hommes
2022;4619B;Autres intermédiaires du commerce en produits divers;Femmes
2022;4619B;Autres intermédiaires du commerce en produits divers;Hommes
2022;4621Z;Commerce de gros (commerce interentreprises) de céréales, de tabac non manufacturé, de semences et d'aliments pour le bétail;Femmes
2022;4621Z;Commerce de gros (commerce interentreprises) de céréales, de tabac non manufacturé, de semences et d'aliments pour le bétail;Hommes
2022;4622Z;Commerce de gros (commerce interentreprises) de fleurs et plantes;Femmes
2022;4622Z;Commerce de gros (commerce interentreprises) de fleurs et plantes;Hommes
2022;4623Z;Commerce de gros (commerce interentreprises) d'animaux vivants;Femmes
2022;4623Z;Commerce de gros (commerce interentreprises) d'animaux vivants;Hommes
2022;4624Z;Commerce de gros (commerce interentreprises) de cuirs et peaux;Femmes
2022;4624Z;Commerce de gros (commerce interentreprises) de cuirs et peaux;Hommes
2022;4631Z;Commerce de gros (commerce interentreprises) de fruits et légumes;Femmes
2022;4631Z;Commerce de gros (commerce interentreprises) de fruits et légumes;Hommes
2022;4632A;Commerce de gros (commerce interentreprises) de viandes de boucherie;Femmes
2022;4632A;Commerce de gros (commerce interentreprises) de viandes de boucherie;Hommes
2022;4632B;Commerce de gros (commerce interentreprises) de produits à base de viande;Femmes
2022;4632B;Commerce de gros (commerce interentreprises) de produits à base de viande;Hommes
2022;4632C;Commerce de gros (commerce interentreprises) de volailles et gibier;Femmes
2022;4632C;Commerce de gros (commerce interentreprises) de volailles et gibier;Hommes
2022;4633Z;Commerce de gros (commerce interentreprises) de produits laitiers, œufs, huiles et matières grasses comestibles;Femmes
2022;4633Z;Commerce de gros (commerce interentreprises) de produits laitiers, œufs, huiles et matières grasses comestibles;Hommes
2022;4634Z;Commerce de gros (commerce interentreprises) de boissons;Femmes
2022;4634Z;Commerce de gros (commerce interentreprises) de boissons;Hommes
2022;4635Z;Commerce de gros (commerce interentreprises) de produits à base de tabac;Femmes
2022;4635Z;Commerce de gros (commerce interentreprises) de produits à base de tabac;Hommes
2022;4636Z;Commerce de gros (commerce interentreprises) de sucre, chocolat et confiserie;Femmes
2022;4636Z;Commerce de gros (commerce interentreprises) de sucre, chocolat et confiserie;Hommes
2022;4637Z;Commerce de gros (commerce interentreprises) de café, thé, cacao et épices;Femmes
2022;4637Z;Commerce de gros (commerce interentreprises) de café, thé, cacao et épices;Hommes
2022;4638A;Commerce de gros (commerce interentreprises) de poissons, crustacés et mollusques;Femmes
2022;4638A;Commerce de gros (commerce interentreprises) de poissons, crustacés et mollusques;Hommes
2022;4638B;Commerce de gros (commerce interentreprises) alimentaire spécialisé divers;Femmes
2022;4638B;Commerce de gros (commerce interentreprises) alimentaire spécialisé divers;Hommes
2022;4639A;Commerce de gros (commerce interentreprises) de produits surgelés;Femmes
2022;4639A;Commerce de gros (commerce interentreprises) de produits surgelés;Hommes
2022;4639B;Commerce de gros (commerce interentreprises) alimentaire non spécialisé;Femmes
2022;4639B;Commerce de gros (commerce interentreprises) alimentaire non spécialisé;Hommes
2022;4641Z;Commerce de gros (commerce interentreprises) de textiles;Femmes
2022;4641Z;Commerce de gros (commerce interentreprises) de textiles;Hommes
2022;4642Z;Commerce de gros (commerce interentreprises) d'habillement et de chaussures;Femmes
2022;4642Z;Commerce de gros (commerce interentreprises) d'habillement et de chaussures;Hommes
2022;4643Z;Commerce de gros (commerce interentreprises) d'appareils électroménagers;Femmes
2022;4643Z;Commerce de gros (commerce interentreprises) d'appareils électroménagers;Hommes
2022;4644Z;Commerce de gros (commerce interentreprises) de vaisselle, verrerie et produits d'entretien;Femmes
2022;4644Z;Commerce de gros (commerce interentreprises) de vaisselle, verrerie et produits d'entretien;Hommes
2022;4645Z;Commerce de gros (commerce interentreprises) de parfumerie et de produits de beauté;Femmes
2022;4645Z;Commerce de gros (commerce interentreprises) de parfumerie et de produits de beauté;Hommes
2022;4646Z;Commerce de gros (commerce interentreprises) de produits pharmaceutiques;Femmes
2022;4646Z;Commerce de gros (commerce interentreprises) de produits pharmaceutiques;Hommes
2022;4647Z;Commerce de gros (commerce interentreprises) de meubles, de tapis et d'appareils d'éclairage;Femmes
2022;4647Z;Commerce de gros (commerce interentreprises) de meubles, de tapis et d'appareils d'éclairage;Hommes
2022;4648Z;Commerce de gros (commerce interentreprises) d'articles d'horlogerie et de bijouterie;Femmes
2022;4648Z;Commerce de gros (commerce interentreprises) d'articles d'horlogerie et de bijouterie;Hommes
2022;4649Z;Commerce de gros (commerce interentreprises) d'autres biens domestiques;Femmes
2022;4649Z;Commerce de gros (commerce interentreprises) d'autres biens domestiques;Hommes
2022;4651Z;Commerce de gros (commerce interentreprises) d'ordinateurs, d'équipements informatiques périphériques et de logiciels;Femmes
2022;4651Z;Commerce de gros (commerce interentreprises) d'ordinateurs, d'équipements informatiques périphériques et de logiciels;Hommes
2022;4652Z;Commerce de gros (commerce interentreprises) de composants et d'équipements électroniques et de télécommunication;Femmes
2022;4652Z;Commerce de gros (commerce interentreprises) de composants et d'équipements électroniques et de télécommunication;Hommes
2022;4661Z;Commerce de gros (commerce interentreprises) de matériel agricole;Femmes
2022;4661Z;Commerce de gros (commerce interentreprises) de matériel agricole;Hommes
2022;4662Z;Commerce de gros (commerce interentreprises) de machines-outils;Femmes
2022;4662Z;Commerce de gros (commerce interentreprises) de machines-outils;Hommes
2022;4663Z;Commerce de gros (commerce interentreprises) de machines pour l'extraction, la construction et le génie civil;Femmes
2022;4663Z;Commerce de gros (commerce interentreprises) de machines pour l'extraction, la construction et le génie civil;Hommes
2022;4664Z;Commerce de gros (commerce interentreprises) de machines pour l'industrie textile et l'habillement;Femmes
2022;4664Z;Commerce de gros (commerce interentreprises) de machines pour l'industrie textile et l'habillement;Hommes
2022;4665Z;Commerce de gros (commerce interentreprises) de mobilier de bureau;Femmes
2022;4665Z;Commerce de gros (commerce interentreprises) de mobilier de bureau;Hommes
2022;4666Z;Commerce de gros (commerce interentreprises) d'autres machines et équipements de bureau;Femmes
2022;4666Z;Commerce de gros (commerce interentreprises) d'autres machines et équipements de bureau;Hommes
2022;4669A;Commerce de gros (commerce interentreprises) de matériel électrique;Femmes
2022;4669A;Commerce de gros (commerce interentreprises) de matériel électrique;Hommes
2022;4669B;Commerce de gros (commerce interentreprises) de fournitures et équipements industriels divers;Femmes
2022;4669B;Commerce de gros (commerce interentreprises) de fournitures et équipements industriels divers;Hommes
2022;4669C;Commerce de gros (commerce interentreprises) de fournitures et équipements divers pour le commerce et les services;Femmes
2022;4669C;Commerce de gros (commerce interentreprises) de fournitures et équipements divers pour le commerce et les services;Hommes
2022;4671Z;Commerce de gros (commerce interentreprises) de combustibles et de produits annexes;Femmes
2022;4671Z;Commerce de gros (commerce interentreprises) de combustibles et de produits annexes;Hommes
2022;4672Z;Commerce de gros (commerce interentreprises) de minerais et métaux;Femmes
2022;4672Z;Commerce de gros (commerce interentreprises) de minerais et métaux;Hommes
2022;4673A;Commerce de gros (commerce interentreprises) de bois et de matériaux de construction;Femmes
2022;4673A;Commerce de gros (commerce interentreprises) de bois et de matériaux de construction;Hommes
2022;4673B;Commerce de gros (commerce interentreprises) d'appareils sanitaires et de produits de décoration;Femmes
2022;4673B;Commerce de gros (commerce interentreprises) d'appareils sanitaires et de produits de décoration;Hommes
2022;4674A;Commerce de gros (commerce interentreprises) de quincaillerie;Femmes
2022;4674A;Commerce de gros (commerce interentreprises) de quincaillerie;Hommes
2022;4674B;Commerce de gros (commerce interentreprises) de fournitures pour la plomberie et le chauffage;Femmes
2022;4674B;Commerce de gros (commerce interentreprises) de fournitures pour la plomberie et le chauffage;Hommes
2022;4675Z;Commerce de gros (commerce interentreprises) de produits chimiques;Femmes
2022;4675Z;Commerce de gros (commerce interentreprises) de produits chimiques;Hommes
2022;4676Z;Commerce de gros (commerce interentreprises) d'autres produits intermédiaires;Femmes
2022;4676Z;Commerce de gros (commerce interentreprises) d'autres produits intermédiaires;Hommes
2022;4677Z;Commerce de gros (commerce interentreprises) de déchets et débris;Femmes
2022;4677Z;Commerce de gros (commerce interentreprises) de déchets et débris;Hommes
2022;4690Z;Commerce de gros (commerce interentreprises) non spécialisé;Femmes
2022;4690Z;Commerce de gros (commerce interentreprises) non spécialisé;Hommes
2022;4711A;Commerce de détail de produits surgelés;Femmes
2022;4711A;Commerce de détail de produits surgelés;Hommes
2022;4711B;Commerce d'alimentation générale;Femmes
2022;4711B;Commerce d'alimentation générale;Hommes
2022;4711C;Supérettes;Femmes
2022;4711C;Supérettes;Hommes
2022;4711D;Supermarchés;Femmes
2022;4711D;Supermarchés;Hommes
2022;4711E;Magasins multi-commerces;Femmes
2022;4711E;Magasins multi-commerces;Hommes
2022;4711F;Hypermarchés;Femmes
2022;4711F;Hypermarchés;Hommes
2022;4719A;Grands magasins;Femmes
2022;4719A;Grands magasins;Hommes
2022;4719B;Autres commerces de détail en magasin non spécialisé;Femmes
2022;4719B;Autres commerces de détail en magasin non spécialisé;Hommes
2022;4721Z;Commerce de détail de fruits et légumes en magasin spécialisé;Femmes
2022;4721Z;Commerce de détail de fruits et légumes en magasin spécialisé;Hommes
2022;4722Z;Commerce de détail de viandes et de produits à base de viande en magasin spécialisé;Femmes
2022;4722Z;Commerce de détail de viandes et de produits à base de viande en magasin spécialisé;Hommes
2022;4723Z;Commerce de détail de poissons, crustacés et mollusques en magasin spécialisé;Femmes
2022;4723Z;Commerce de détail de poissons, crustacés et mollusques en magasin spécialisé;Hommes
2022;4724Z;Commerce de détail de pain, pâtisserie et confiserie en magasin spécialisé;Femmes
2022;4724Z;Commerce de détail de pain, pâtisserie et confiserie en magasin spécialisé;Hommes
2022;4725Z;Commerce de détail de boissons en magasin spécialisé;Femmes
2022;4725Z;Commerce de détail de boissons en magasin spécialisé;Hommes
2022;4726Z;Commerce de détail de produits à base de tabac en magasin spécialisé;Femmes
2022;4726Z;Commerce de détail de produits à base de tabac en magasin spécialisé;Hommes
2022;4729Z;Autres commerces de détail alimentaires en magasin spécialisé;Femmes
2022;4729Z;Autres commerces de détail alimentaires en magasin spécialisé;Hommes
2022;4730Z;Commerce de détail de carburants en magasin spécialisé;Femmes
2022;4730Z;Commerce de détail de carburants en magasin spécialisé;Hommes
2022;4741Z;Commerce de détail d'ordinateurs, d'unités périphériques et de logiciels en magasin spécialisé;Femmes
2022;4741Z;Commerce de détail d'ordinateurs, d'unités périphériques et de logiciels en magasin spécialisé;Hommes
2022;4742Z;Commerce de détail de matériels de télécommunication en magasin spécialisé;Femmes
2022;4742Z;Commerce de détail de matériels de télécommunication en magasin spécialisé;Hommes
2022;4743Z;Commerce de détail de matériels audio et vidéo en magasin spécialisé;Femmes
2022;4743Z;Commerce de détail de matériels audio et vidéo en magasin spécialisé;Hommes
2022;4751Z;Commerce de détail de textiles en magasin spécialisé;Femmes
2022;4751Z;Commerce de détail de textiles en magasin spécialisé;Hommes
2022;4752A;Commerce de détail de quincaillerie, peintures et verres en petites surfaces (moins de 400 m²);Femmes
2022;4752A;Commerce de détail de quincaillerie, peintures et verres en petites surfaces (moins de 400 m²);Hommes
2022;4752B;Commerce de détail de quincaillerie, peintures et verres en grandes surfaces (400 m² et plus);Femmes
2022;4752B;Commerce de détail de quincaillerie, peintures et verres en grandes surfaces (400 m² et plus);Hommes
2022;4753Z;Commerce de détail de tapis, moquettes et revêtements de murs et de sols en magasin spécialisé;Femmes
2022;4753Z;Commerce de détail de tapis, moquettes et revêtements de murs et de sols en magasin spécialisé;Hommes
2022;4754Z;Commerce de détail d'appareils électroménagers en magasin spécialisé;Femmes
2022;4754Z;Commerce de détail d'appareils électroménagers en magasin spécialisé;Hommes
2022;4759A;Commerce de détail de meubles;Femmes
2022;4759A;Commerce de détail de meubles;Hommes
2022;4759B;Commerce de détail d'autres équipements du foyer;Femmes
2022;4759B;Commerce de détail d'autres équipements du foyer;Hommes
2022;4761Z;Commerce de détail de livres en magasin spécialisé;Femmes
2022;4761Z;Commerce de détail de livres en magasin spécialisé;Hommes
2022;4762Z;Commerce de détail de journaux et papeterie en magasin spécialisé;Femmes
2022;4762Z;Commerce de détail de journaux et papeterie en magasin spécialisé;Hommes
2022;4763Z;Commerce de détail d'enregistrements musicaux et vidéo en magasin spécialisé;Femmes
2022;4763Z;Commerce de détail d'enregistrements musicaux et vidéo en magasin spécialisé;Hommes
2022;4764Z;Commerce de détail d'articles de sport en magasin spécialisé;Femmes
2022;4764Z;Commerce de détail d'articles de sport en magasin spécialisé;Hommes
2022;4765Z;Commerce de détail de jeux et jouets en magasin spécialisé;Femmes
2022;4765Z;Commerce de détail de jeux et jouets en magasin spécialisé;Hommes
2022;4771Z;Commerce de détail d'habillement en magasin spécialisé;Femmes
2022;4771Z;Commerce de détail d'habillement en magasin spécialisé;Hommes
2022;4772A;Commerce de détail de la chaussure;Femmes
2022;4772A;Commerce de détail de la chaussure;Hommes
2022;4772B;Commerce de détail de maroquinerie et d'articles de voyage;Femmes
2022;4772B;Commerce de détail de maroquinerie et d'articles de voyage;Hommes
2022;4773Z;Commerce de détail de produits pharmaceutiques en magasin spécialisé;Femmes
2022;4773Z;Commerce de détail de produits pharmaceutiques en magasin spécialisé;Hommes
2022;4774Z;Commerce de détail d'articles médicaux et orthopédiques en magasin spécialisé;Femmes
2022;4774Z;Commerce de détail d'articles médicaux et orthopédiques en magasin spécialisé;Hommes
2022;4775Z;Commerce de détail de parfumerie et de produits de beauté en magasin spécialisé;Femmes
2022;4775Z;Commerce de détail de parfumerie et de produits de beauté en magasin spécialisé;Hommes
2022;4776Z;Commerce de détail de fleurs, plantes, graines, engrais, animaux de compagnie et aliments pour ces animaux en magasin spécialisé;Femmes
2022;4776Z;Commerce de détail de fleurs, plantes, graines, engrais, animaux de compagnie et aliments pour ces animaux en magasin spécialisé;Hommes
2022;4777Z;Commerce de détail d'articles d'horlogerie et de bijouterie en magasin spécialisé;Femmes
2022;4777Z;Commerce de détail d'articles d'horlogerie et de bijouterie en magasin spécialisé;Hommes
2022;4778A;Commerces de détail d'optique;Femmes
2022;4778A;Commerces de détail d'optique;Hommes
2022;4778B;Commerces de détail de charbons et combustibles;Femmes
2022;4778B;Commerces de détail de charbons et combustibles;Hommes
2022;4778C;Autres commerces de détail spécialisés divers;Femmes
2022;4778C;Autres commerces de détail spécialisés divers;Hommes
2022;4779Z;Commerce de détail de biens d'occasion en magasin;Femmes
2022;4779Z;Commerce de détail de biens d'occasion en magasin;Hommes
2022;4781Z;Commerce de détail alimentaire sur éventaires et marchés;Femmes
2022;4781Z;Commerce de détail alimentaire sur éventaires et marchés;Hommes
2022;4782Z;Commerce de détail de textiles, d'habillement et de chaussures sur éventaires et marchés;Femmes
2022;4782Z;Commerce de détail de textiles, d'habillement et de chaussures sur éventaires et marchés;Hommes
2022;4789Z;Autres commerces de détail sur éventaires et marchés;Femmes
2022;4789Z;Autres commerces de détail sur éventaires et marchés;Hommes
2022;4791A;Vente à distance sur catalogue général;Femmes
2022;4791A;Vente à distance sur catalogue général;Hommes
2022;4791B;Vente à distance sur catalogue spécialisé;Femmes
2022;4791B;Vente à distance sur catalogue spécialisé;Hommes
2022;4799A;Vente à domicile;Femmes
2022;4799A;Vente à domicile;Hommes
2022;4799B;Vente par automates et autres commerces de détail hors magasin, éventaires ou marchés n.c.a.;Femmes
2022;4799B;Vente par automates et autres commerces de détail hors magasin, éventaires ou marchés n.c.a.;Hommes
2022;4910Z;Transport ferroviaire interurbain de voyageurs;Femmes
2022;4910Z;Transport ferroviaire interurbain de voyageurs;Hommes
2022;4920Z;Transports ferroviaires de fret;Femmes
2022;4920Z;Transports ferroviaires de fret;Hommes
2022;4931Z;Transports urbains et suburbains de voyageurs;Femmes
2022;4931Z;Transports urbains et suburbains de voyageurs;Hommes
2022;4932Z;Transports de voyageurs par taxis;Femmes
2022;4932Z;Transports de voyageurs par taxis;Hommes
2022;4939A;Transports routiers réguliers de voyageurs;Femmes
2022;4939A;Transports routiers réguliers de voyageurs;Hommes
2022;4939B;Autres transports routiers de voyageurs;Femmes
2022;4939B;Autres transports routiers de voyageurs;Hommes
2022;4939C;Téléphériques et remontées mécaniques;Femmes
2022;4939C;Téléphériques et remontées mécaniques;Hommes
2022;4941A;Transports routiers de fret interurbains;Femmes
2022;4941A;Transports routiers de fret interurbains;Hommes
2022;4941B;Transports routiers de fret de proximité;Femmes
2022;4941B;Transports routiers de fret de proximité;Hommes
2022;4941C;Location de camions avec chauffeur;Femmes
2022;4941C;Location de camions avec chauffeur;Hommes
2022;4942Z;Services de déménagement;Femmes
2022;4942Z;Services de déménagement;Hommes
2022;4950Z;Transports par conduites;Femmes
2022;4950Z;Transports par conduites;Hommes
2022;5010Z;Transports maritimes et côtiers de passagers;Femmes
2022;5010Z;Transports maritimes et côtiers de passagers;Hommes
2022;5020Z;Transports maritimes et côtiers de fret;Femmes
2022;5020Z;Transports maritimes et côtiers de fret;Hommes
2022;5030Z;Transports fluviaux de passagers;Femmes
2022;5030Z;Transports fluviaux de passagers;Hommes
2022;5040Z;Transports fluviaux de fret;Femmes
2022;5040Z;Transports fluviaux de fret;Hommes
2022;5110Z;Transports aériens de passagers;Femmes
2022;5110Z;Transports aériens de passagers;Hommes
2022;5121Z;Transports aériens de fret;Femmes
2022;5121Z;Transports aériens de fret;Hommes
2022;5122Z;Transports spatiaux;Femmes
2022;5122Z;Transports spatiaux;Hommes
2022;5210A;Entreposage et stockage frigorifique;Femmes
2022;5210A;Entreposage et stockage frigorifique;Hommes
2022;5210B;Entreposage et stockage non frigorifique;Femmes
2022;5210B;Entreposage et stockage non frigorifique;Hommes
2022;5221Z;Services auxiliaires des transports terrestres;Femmes
2022;5221Z;Services auxiliaires des transports terrestres;Hommes
2022;5222Z;Services auxiliaires des transports par eau;Femmes
2022;5222Z;Services auxiliaires des transports par eau;Hommes
2022;5223Z;Services auxiliaires des transports aériens;Femmes
2022;5223Z;Services auxiliaires des transports aériens;Hommes
2022;5224A;Manutention portuaire;Femmes
2022;5224A;Manutention portuaire;Hommes
2022;5224B;Manutention non portuaire;Femmes
2022;5224B;Manutention non portuaire;Hommes
2022;5229A;Messagerie, fret express;Femmes
2022;5229A;Messagerie, fret express;Hommes
2022;5229B;Affrètement et organisation des transports;Femmes
2022;5229B;Affrètement et organisation des transports;Hommes
2022;5310Z;Activités de poste dans le cadre d'une obligation de service universel;Femmes
2022;5310Z;Activités de poste dans le cadre d'une obligation de service universel;Hommes
2022;5320Z;Autres activités de poste et de courrier;Femmes
2022;5320Z;Autres activités de poste et de courrier;Hommes
2022;5510Z;Hôtels et hébergement similaire;Femmes
2022;5510Z;Hôtels et hébergement similaire;Hommes
2022;5520Z;Hébergement touristique et autre hébergement de courte durée;Femmes
2022;5520Z;Hébergement touristique et autre hébergement de courte durée;Hommes
2022;5530Z;Terrains de camping et parcs pour caravanes ou véhicules de loisirs;Femmes
2022;5530Z;Terrains de camping et parcs pour caravanes ou véhicules de loisirs;Hommes
2022;5590Z;Autres hébergements;Femmes
2022;5590Z;Autres hébergements;Hommes
2022;5610A;Restauration traditionnelle;Femmes
2022;5610A;Restauration traditionnelle;Hommes
2022;5610B;Cafétérias et autres libres-services;Femmes
2022;5610B;Cafétérias et autres libres-services;Hommes
2022;5610C;Restauration de type rapide;Femmes
2022;5610C;Restauration de type rapide;Hommes
2022;5621Z;Services des traiteurs;Femmes
2022;5621Z;Services des traiteurs;Hommes
2022;5629A;Restauration collective sous contrat;Femmes
2022;5629A;Restauration collective sous contrat;Hommes
2022;5629B;Autres services de restauration n.c.a.;Femmes
2022;5629B;Autres services de restauration n.c.a.;Hommes
2022;5630Z;Débits de boissons;Femmes
2022;5630Z;Débits de boissons;Hommes
2022;5811Z;Édition de livres;Femmes
2022;5811Z;Édition de livres;Hommes
2022;5812Z;Édition de répertoires et de fichiers d'adresses;Femmes
2022;5812Z;Édition de répertoires et de fichiers d'adresses;Hommes
2022;5813Z;Édition de journaux;Femmes
2022;5813Z;Édition de journaux;Hommes
2022;5814Z;Édition de revues et périodiques;Femmes
2022;5814Z;Édition de revues et périodiques;Hommes
2022;5819Z;Autres activités d'édition;Femmes
2022;5819Z;Autres activités d'édition;Hommes
2022;5821Z;Édition de jeux électroniques;Femmes
2022;5821Z;Édition de jeux électroniques;Hommes
2022;5829A;Édition de logiciels système et de réseau;Femmes
2022;5829A;Édition de logiciels système et de réseau;Hommes
2022;5829B;Édition de logiciels outils de développement et de langages;Femmes
2022;5829B;Édition de logiciels outils de développement et de langages;Hommes
2022;5829C;Édition de logiciels applicatifs;Femmes
2022;5829C;Édition de logiciels applicatifs;Hommes
2022;5911A;Production de films et de programmes pour la télévision;Femmes
2022;5911A;Production de films et de programmes pour la télévision;Hommes
2022;5911B;Production de films institutionnels et publicitaires;Femmes
2022;5911B;Production de films institutionnels et publicitaires;Hommes
2022;5911C;Production de films pour le cinéma;Femmes
2022;5911C;Production de films pour le cinéma;Hommes
2022;5912Z;Post-production de films cinématographiques, de vidéo et de programmes de télévision;Femmes
2022;5912Z;Post-production de films cinématographiques, de vidéo et de programmes de télévision;Hommes
2022;5913A;Distribution de films cinématographiques;Femmes
2022;5913A;Distribution de films cinématographiques;Hommes
2022;5913B;Édition et distribution vidéo;Femmes
2022;5913B;Édition et distribution vidéo;Hommes
2022;5914Z;Projection de films cinématographiques;Femmes
2022;5914Z;Projection de films cinématographiques;Hommes
2022;5920Z;Enregistrement sonore et édition musicale;Femmes
2022;5920Z;Enregistrement sonore et édition musicale;Hommes
2022;6010Z;Édition et diffusion de programmes radio;Femmes
2022;6010Z;Édition et diffusion de programmes radio;Hommes
2022;6020A;Édition de chaînes généralistes;Femmes
2022;6020A;Édition de chaînes généralistes;Hommes
2022;6020B;Édition de chaînes thématiques;Femmes
2022;6020B;Édition de chaînes thématiques;Hommes
2022;6110Z;Télécommunications filaires;Femmes
2022;6110Z;Télécommunications filaires;Hommes
2022;6120Z;Télécommunications sans fil;Femmes
2022;6120Z;Télécommunications sans fil;Hommes
2022;6130Z;Télécommunications par satellite;Femmes
2022;6130Z;Télécommunications par satellite;Hommes
2022;6190Z;Autres activités de télécommunication;Femmes
2022;6190Z;Autres activités de télécommunication;Hommes
2022;6201Z;Programmation informatique;Femmes
2022;6201Z;Programmation informatique;Hommes
2022;6202A;Conseil en systèmes et logiciels informatiques;Femmes
2022;6202A;Conseil en systèmes et logiciels informatiques;Hommes
2022;6202B;Tierce maintenance de systèmes et d'applications informatiques;Femmes
2022;6202B;Tierce maintenance de systèmes et d'applications informatiques;Hommes
2022;6203Z;Gestion d'installations informatiques;Femmes
2022;6203Z;Gestion d'installations informatiques;Hommes
2022;6209Z;Autres activités informatiques;Femmes
2022;6209Z;Autres activités informatiques;Hommes
2022;6311Z;Traitement de données, hébergement et activités connexes;Femmes
2022;6311Z;Traitement de données, hébergement et activités connexes;Hommes
2022;6312Z;Portails Internet;Femmes
2022;6312Z;Portails Internet;Hommes
2022;6391Z;Activités des agences de presse;Femmes
2022;6391Z;Activités des agences de presse;Hommes
2022;6399Z;Autres services d'information n.c.a.;Femmes
2022;6399Z;Autres services d'information n.c.a.;Hommes
2022;6411Z;Activités de banque centrale;Femmes
2022;6411Z;Activités de banque centrale;Hommes
2022;6419Z;Autres intermédiations monétaires;Femmes
2022;6419Z;Autres intermédiations monétaires;Hommes
2022;6420Z;Activités des sociétés holding;Femmes
2022;6420Z;Activités des sociétés holding;Hommes
2022;6430Z;Fonds de placement et entités financières similaires;Femmes
2022;6430Z;Fonds de placement et entités financières similaires;Hommes
2022;6491Z;Crédit-bail;Femmes
2022;6491Z;Crédit-bail;Hommes
2022;6492Z;Autre distribution de crédit;Femmes
2022;6492Z;Autre distribution de crédit;Hommes
2022;6499Z;Autres activités des services financiers, hors assurance et caisses de retraite, n.c.a.;Femmes
2022;6499Z;Autres activités des services financiers, hors assurance et caisses de retraite, n.c.a.;Hommes
2022;6511Z;Assurance vie;Femmes
2022;6511Z;Assurance vie;Hommes
2022;6512Z;Autres assurances;Femmes
2022;6512Z;Autres assurances;Hommes
2022;6520Z;Réassurance;Femmes
2022;6520Z;Réassurance;Hommes
2022;6530Z;Caisses de retraite;Femmes
2022;6530Z;Caisses de retraite;Hommes
2022;6611Z;Administration de marchés financiers;Femmes
2022;6611Z;Administration de marchés financiers;Hommes
2022;6612Z;Courtage de valeurs mobilières et de marchandises;Femmes
2022;6612Z;Courtage de valeurs mobilières et de marchandises;Hommes
2022;6619A;Supports juridiques de gestion de patrimoine mobilier;Femmes
2022;6619A;Supports juridiques de gestion de patrimoine mobilier;Hommes
2022;6619B;Autres activités auxiliaires de services financiers, hors assurance et caisses de retraite, n.c.a.;Femmes
2022;6619B;Autres activités auxiliaires de services financiers, hors assurance et caisses de retraite, n.c.a.;Hommes
2022;6621Z;Évaluation des risques et dommages;Femmes
2022;6621Z;Évaluation des risques et dommages;Hommes
2022;6622Z;Activités des agents et courtiers d'assurances;Femmes
2022;6622Z;Activités des agents et courtiers d'assurances;Hommes
2022;6629Z;Autres activités auxiliaires d'assurance et de caisses de retraite;Femmes
2022;6629Z;Autres activités auxiliaires d'assurance et de caisses de retraite;Hommes
2022;6630Z;Gestion de fonds;Femmes
2022;6630Z;Gestion de fonds;Hommes
2022;6810Z;Activités des marchands de biens immobiliers;Femmes
2022;6810Z;Activités des marchands de biens immobiliers;Hommes
2022;6820A;Location de logements;Femmes
2022;6820A;Location de logements;Hommes
2022;6820B;Location de terrains et d'autres biens immobiliers;Femmes
2022;6820B;Location de terrains et d'autres biens immobiliers;Hommes
2022;6831Z;Agences immobilières;Femmes
2022;6831Z;Agences immobilières;Hommes
2022;6832A;Administration d'immeubles et autres biens immobiliers;Femmes
2022;6832A;Administration d'immeubles et autres biens immobiliers;Hommes
2022;6832B;Supports juridiques de gestion de patrimoine immobilier;Femmes
2022;6832B;Supports juridiques de gestion de patrimoine immobilier;Hommes
2022;6910Z;Activités juridiques;Femmes
2022;6910Z;Activités juridiques;Hommes
2022;6920Z;Activités comptables;Femmes
2022;6920Z;Activités comptables;Hommes
2022;7010Z;Activités des sièges sociaux;Femmes
2022;7010Z;Activités des sièges sociaux;Hommes
2022;7021Z;Conseil en relations publiques et communication;Femmes
2022;7021Z;Conseil en relations publiques et communication;Hommes
2022;7022Z;Conseil pour les affaires et autres conseils de gestion;Femmes
2022;7022Z;Conseil pour les affaires et autres conseils de gestion;Hommes
2022;7111Z;Activités d'architecture;Femmes
2022;7111Z;Activités d'architecture;Hommes
2022;7112A;Activité des géomètres;Femmes
2022;7112A;Activité des géomètres;Hommes
2022;7112B;Ingénierie, études techniques;Femmes
2022;7112B;Ingénierie, études techniques;Hommes
2022;7120A;Contrôle technique automobile;Femmes
2022;7120A;Contrôle technique automobile;Hommes
2022;7120B;Analyses, essais et inspections techniques;Femmes
2022;7120B;Analyses, essais et inspections techniques;Hommes
2022;7211Z;Recherche-développement en biotechnologie;Femmes
2022;7211Z;Recherche-développement en biotechnologie;Hommes
2022;7219Z;Recherche-développement en autres sciences physiques et naturelles;Femmes
2022;7219Z;Recherche-développement en autres sciences physiques et naturelles;Hommes
2022;7220Z;Recherche-développement en sciences humaines et sociales;Femmes
2022;7220Z;Recherche-développement en sciences humaines et sociales;Hommes
2022;7311Z;Activités des agences de publicité;Femmes
2022;7311Z;Activités des agences de publicité;Hommes
2022;7312Z;Régie publicitaire de médias;Femmes
2022;7312Z;Régie publicitaire de médias;Hommes
2022;7320Z;Études de marché et sondages;Femmes
2022;7320Z;Études de marché et sondages;Hommes
2022;7410Z;Activités spécialisées de design;Femmes
2022;7410Z;Activités spécialisées de design;Hommes
2022;7420Z;Activités photographiques;Femmes
2022;7420Z;Activités photographiques;Hommes
2022;7430Z;Traduction et interprétation;Femmes
2022;7430Z;Traduction et interprétation;Hommes
2022;7490A;Activité des économistes de la construction;Femmes
2022;7490A;Activité des économistes de la construction;Hommes
2022;7490B;Activités spécialisées, scientifiques et techniques diverses;Femmes
2022;7490B;Activités spécialisées, scientifiques et techniques diverses;Hommes
2022;7500Z;Activités vétérinaires;Femmes
2022;7500Z;Activités vétérinaires;Hommes
2022;7711A;Location de courte durée de voitures et de véhicules automobiles légers;Femmes
2022;7711A;Location de courte durée de voitures et de véhicules automobiles légers;Hommes
2022;7711B;Location de longue durée de voitures et de véhicules automobiles légers;Femmes
2022;7711B;Location de longue durée de voitures et de véhicules automobiles légers;Hommes
2022;7712Z;Location et location-bail de camions;Femmes
2022;7712Z;Location et location-bail de camions;Hommes
2022;7721Z;Location et location-bail d'articles de loisirs et de sport;Femmes
2022;7721Z;Location et location-bail d'articles de loisirs et de sport;Hommes
2022;7722Z;Location de vidéocassettes et disques vidéo;Femmes
2022;7722Z;Location de vidéocassettes et disques vidéo;Hommes
2022;7729Z;Location et location-bail d'autres biens personnels et domestiques;Femmes
2022;7729Z;Location et location-bail d'autres biens personnels et domestiques;Hommes
2022;7731Z;Location et location-bail de machines et équipements agricoles;Femmes
2022;7731Z;Location et location-bail de machines et équipements agricoles;Hommes
2022;7732Z;Location et location-bail de machines et équipements pour la construction;Femmes
2022;7732Z;Location et location-bail de machines et équipements pour la construction;Hommes
2022;7733Z;Location et location-bail de machines de bureau et de matériel informatique;Femmes
2022;7733Z;Location et location-bail de machines de bureau et de matériel informatique;Hommes
2022;7734Z;Location et location-bail de matériels de transport par eau;Femmes
2022;7734Z;Location et location-bail de matériels de transport par eau;Hommes
2022;7735Z;Location et location-bail de matériels de transport aérien;Femmes
2022;7735Z;Location et location-bail de matériels de transport aérien;Hommes
2022;7739Z;Location et location-bail d'autres machines, équipements et biens matériels n.c.a.;Femmes
2022;7739Z;Location et location-bail d'autres machines, équipements et biens matériels n.c.a.;Hommes
2022;7740Z;Location-bail de propriété intellectuelle et de produits similaires, à l'exception des œuvres soumises à copyright;Femmes
2022;7740Z;Location-bail de propriété intellectuelle et de produits similaires, à l'exception des œuvres soumises à copyright;Hommes
2022;7810Z;Activités des agences de placement de main-d'œuvre;Femmes
2022;7810Z;Activités des agences de placement de main-d'œuvre;Hommes
2022;7820Z;Activités des agences de travail temporaire;Femmes
2022;7820Z;Activités des agences de travail temporaire;Hommes
2022;7830Z;Autre mise à disposition de ressources humaines;Femmes
2022;7830Z;Autre mise à disposition de ressources humaines;Hommes
2022;7911Z;Activités des agences de voyage;Femmes
2022;7911Z;Activités des agences de voyage;Hommes
2022;7912Z;Activités des voyagistes;Femmes
2022;7912Z;Activités des voyagistes;Hommes
2022;7990Z;Autres services de réservation et activités connexes;Femmes
2022;7990Z;Autres services de réservation et activités connexes;Hommes
2022;8010Z;Activités de sécurité privée;Femmes
2022;8010Z;Activités de sécurité privée;Hommes
2022;8020Z;Activités liées aux systèmes de sécurité;Femmes
2022;8020Z;Activités liées aux systèmes de sécurité;Hommes
2022;8030Z;Activités d'enquête;Femmes
2022;8030Z;Activités d'enquête;Hommes
2022;8110Z;Activités combinées de soutien lié aux bâtiments;Femmes
2022;8110Z;Activités combinées de soutien lié aux bâtiments;Hommes
2022;8121Z;Nettoyage courant des bâtiments;Femmes
2022;8121Z;Nettoyage courant des bâtiments;Hommes
2022;8122Z;Autres activités de nettoyage des bâtiments et nettoyage industriel;Femmes
2022;8122Z;Autres activités de nettoyage des bâtiments et nettoyage industriel;Hommes
2022;8129A;Désinfection, désinsectisation, dératisation;Femmes
2022;8129A;Désinfection, désinsectisation, dératisation;Hommes
2022;8129B;Autres activités de nettoyage n.c.a.;Femmes
2022;8129B;Autres activités de nettoyage n.c.a.;Hommes
2022;8130Z;Services d'aménagement paysager;Femmes
2022;8130Z;Services d'aménagement paysager;Hommes
2022;8211Z;Services administratifs combinés de bureau;Femmes
2022;8211Z;Services administratifs combinés de bureau;Hommes
2022;8219Z;Photocopie, préparation de documents et autres activités spécialisées de soutien de bureau;Femmes
2022;8219Z;Photocopie, préparation de documents et autres activités spécialisées de soutien de bureau;Hommes
2022;8220Z;Activités de centres d'appels;Femmes
2022;8220Z;Activités de centres d'appels;Hommes
2022;8230Z;Organisation de foires, salons professionnels et congrès;Femmes
2022;8230Z;Organisation de foires, salons professionnels et congrès;Hommes
2022;8291Z;Activités des agences de recouvrement de factures et des sociétés d'information financière sur la clientèle;Femmes
2022;8291Z;Activités des agences de recouvrement de factures et des sociétés d'information financière sur la clientèle;Hommes
2022;8292Z;Activités de conditionnement;Femmes
2022;8292Z;Activités de conditionnement;Hommes
2022;8299Z;Autres activités de soutien aux entreprises n.c.a.;Femmes
2022;8299Z;Autres activités de soutien aux entreprises n.c.a.;Hommes
2022;8411Z;Administration publique générale;Femmes
2022;8411Z;Administration publique générale;Hommes
2022;8412Z;Administration publique (tutelle) de la santé, de la formation, de la culture et des services sociaux, autre que sécurité sociale;Femmes
2022;8412Z;Administration publique (tutelle) de la santé, de la formation, de la culture et des services sociaux, autre que sécurité sociale;Hommes
2022;8413Z;Administration publique (tutelle) des activités économiques;Femmes
2022;8413Z;Administration publique (tutelle) des activités économiques;Hommes
2022;8421Z;Affaires étrangères;Femmes
2022;8421Z;Affaires étrangères;Hommes
2022;8422Z;Défense;Femmes
2022;8422Z;Défense;Hommes
2022;8423Z;Justice;Femmes
2022;8423Z;Justice;Hommes
2022;8424Z;Activités d'ordre public et de sécurité;Femmes
2022;8424Z;Activités d'ordre public et de sécurité;Hommes
2022;8425Z;Services du feu et de secours;Femmes
2022;8425Z;Services du feu et de secours;Hommes
2022;8430A;Activités générales de sécurité sociale;Femmes
2022;8430A;Activités générales de sécurité sociale;Hommes
2022;8430B;Gestion des retraites complémentaires;Femmes
2022;8430B;Gestion des retraites complémentaires;Hommes
2022;8430C;Distribution sociale de revenus;Femmes
2022;8430C;Distribution sociale de revenus;Hommes
2022;8510Z;Enseignement pré-primaire;Femmes
2022;8510Z;Enseignement pré-primaire;Hommes
2022;8520Z;Enseignement primaire;Femmes
2022;8520Z;Enseignement primaire;Hommes
2022;8531Z;Enseignement secondaire général;Femmes
2022;8531Z;Enseignement secondaire général;Hommes
2022;8532Z;Enseignement secondaire technique ou professionnel;Femmes
2022;8532Z;Enseignement secondaire technique ou professionnel;Hommes
2022;8541Z;Enseignement post-secondaire non supérieur;Femmes
2022;8541Z;Enseignement post-secondaire non supérieur;Hommes
2022;8542Z;Enseignement supérieur;Femmes
2022;8542Z;Enseignement supérieur;Hommes
2022;8551Z;Enseignement de disciplines sportives et d'activités de loisirs;Femmes
2022;8551Z;Enseignement de disciplines sportives et d'activités de loisirs;Hommes
2022;8552Z;Enseignement culturel;Femmes
2022;8552Z;Enseignement culturel;Hommes
2022;8553Z;Enseignement de la conduite;Femmes
2022;8553Z;Enseignement de la conduite;Hommes
2022;8559A;Formation continue d'adultes;Femmes
2022;8559A;Formation continue d'adultes;Hommes
2022;8559B;Autres enseignements;Femmes
2022;8559B;Autres enseignements;Hommes
2022;8560Z;Activités de soutien à l'enseignement;Femmes
2022;8560Z;Activités de soutien à l'enseignement;Hommes
2022;8610Z;Activités hospitalières;Femmes
2022;8610Z;Activités hospitalières;Hommes
2022;8621Z;Activité des médecins généralistes;Femmes
2022;8621Z;Activité des médecins généralistes;Hommes
2022;8622A;Activités de radiodiagnostic et de radiothérapie;Femmes
2022;8622A;Activités de radiodiagnostic et de radiothérapie;Hommes
2022;8622B;Activités chirurgicales;Femmes
2022;8622B;Activités chirurgicales;Hommes
2022;8622C;Autres activités des médecins spécialistes;Femmes
2022;8622C;Autres activités des médecins spécialistes;Hommes
2022;8623Z;Pratique dentaire;Femmes
2022;8623Z;Pratique dentaire;Hommes
2022;8690A;Ambulances;Femmes
2022;8690A;Ambulances;Hommes
2022;8690B;Laboratoires d'analyses médicales;Femmes
2022;8690B;Laboratoires d'analyses médicales;Hommes
2022;8690C;Centres de collecte et banques d'organes;Femmes
2022;8690C;Centres de collecte et banques d'organes;Hommes
2022;8690D;Activités des infirmiers et des sages-femmes;Femmes
2022;8690D;Activités des infirmiers et des sages-femmes;Hommes
2022;8690E;Activités des professionnels de la rééducation, de l'appareillage et des pédicures-podologues;Femmes
2022;8690E;Activités des professionnels de la rééducation, de l'appareillage et des pédicures-podologues;Hommes
2022;8690F;Activités de santé humaine non classées ailleurs;Femmes
2022;8690F;Activités de santé humaine non classées ailleurs;Hommes
2022;8710A;Hébergement médicalisé pour personnes âgées;Femmes
2022;8710A;Hébergement médicalisé pour personnes âgées;Hommes
2022;8710B;Hébergement médicalisé pour enfants handicapés;Femmes
2022;8710B;Hébergement médicalisé pour enfants handicapés;Hommes
2022;8710C;Hébergement médicalisé pour adultes handicapés et autre hébergement médicalisé;Femmes
2022;8710C;Hébergement médicalisé pour adultes handicapés et autre hébergement médicalisé;Hommes
2022;8720A;Hébergement social pour handicapés mentaux et malades mentaux;Femmes
2022;8720A;Hébergement social pour handicapés mentaux et malades mentaux;Hommes
2022;8720B;Hébergement social pour toxicomanes;Femmes
2022;8720B;Hébergement social pour toxicomanes;Hommes
2022;8730A;Hébergement social pour personnes âgées;Femmes
2022;8730A;Hébergement social pour personnes âgées;Hommes
2022;8730B;Hébergement social pour handicapés physiques;Femmes
2022;8730B;Hébergement social pour handicapés physiques;Hommes
2022;8790A;Hébergement social pour enfants en difficultés;Femmes
2022;8790A;Hébergement social pour enfants en difficultés;Hommes
2022;8790B;Hébergement social pour adultes et familles en difficultés et autre hébergement social;Femmes
2022;8790B;Hébergement social pour adultes et familles en difficultés et autre hébergement social;Hommes
2022;8810A;Aide à domicile;Femmes
2022;8810A;Aide à domicile;Hommes
2022;8810B;Accueil ou accompagnement sans hébergement d'adultes handicapés ou de personnes âgées;Femmes
2022;8810B;Accueil ou accompagnement sans hébergement d'adultes handicapés ou de personnes âgées;Hommes
2022;8810C;Aide par le travail;Femmes
2022;8810C;Aide par le travail;Hommes
2022;8891A;Accueil de jeunes enfants;Femmes
2022;8891A;Accueil de jeunes enfants;Hommes
2022;8891B;Accueil ou accompagnement sans hébergement d'enfants handicapés;Femmes
2022;8891B;Accueil ou accompagnement sans hébergement d'enfants handicapés;Hommes
2022;8899A;Autre accueil ou accompagnement sans hébergement d'enfants et d'adolescents;Femmes
2022;8899A;Autre accueil ou accompagnement sans hébergement d'enfants et d'adolescents;Hommes
2022;8899B;Action sociale sans hébergement n.c.a.;Femmes
2022;8899B;Action sociale sans hébergement n.c.a.;Hommes
2022;9001Z;Arts du spectacle vivant;Femmes
2022;9001Z;Arts du spectacle vivant;Hommes
2022;9002Z;Activités de soutien au spectacle vivant;Femmes
2022;9002Z;Activités de soutien au spectacle vivant;Hommes
2022;9003A;Création artistique relevant des arts plastiques;Femmes
2022;9003A;Création artistique relevant des arts plastiques;Hommes
2022;9003B;Autre création artistique;Femmes
2022;9003B;Autre création artistique;Hommes
2022;9004Z;Gestion de salles de spectacles;Femmes
2022;9004Z;Gestion de salles de spectacles;Hommes
2022;9101Z;Gestion des bibliothèques et des archives;Femmes
2022;9101Z;Gestion des bibliothèques et des archives;Hommes
2022;9102Z;Gestion des musées;Femmes
2022;9102Z;Gestion des musées;Hommes
2022;9103Z;Gestion des sites et monuments historiques et des attractions touristiques similaires;Femmes
2022;9103Z;Gestion des sites et monuments historiques et des attractions touristiques similaires;Hommes
2022;9104Z;Gestion des jardins botaniques et zoologiques et des réserves naturelles;Femmes
2022;9104Z;Gestion des jardins botaniques et zoologiques et des réserves naturelles;Hommes
2022;9200Z;Organisation de jeux de hasard et d'argent;Femmes
2022;9200Z;Organisation de jeux de hasard et d'argent;Hommes
2022;9311Z;Gestion d'installations sportives;Femmes
2022;9311Z;Gestion d'installations sportives;Hommes
2022;9312Z;Activités de clubs de sports;Femmes
2022;9312Z;Activités de clubs de sports;Hommes
2022;9313Z;Activités des centres de culture physique;Femmes
2022;9313Z;Activités des centres de culture physique;Hommes
2022;9319Z;Autres activités liées au sport;Femmes
2022;9319Z;Autres activités liées au sport;Hommes
2022;9321Z;Activités des parcs d'attractions et parcs à thèmes;Femmes
2022;9321Z;Activités des parcs d'attractions et parcs à thèmes;Hommes
2022;9329Z;Autres activités récréatives et de loisirs;Femmes
2022;9329Z;Autres activités récréatives et de loisirs;Hommes
2022;9411Z;Activités des organisations patronales et consulaires;Femmes
2022;9411Z;Activités des organisations patronales et consulaires;Hommes
2022;9412Z;Activités des organisations professionnelles;Femmes
2022;9412Z;Activités des organisations professionnelles;Hommes
2022;9420Z;Activités des syndicats de salariés;Femmes
2022;9420Z;Activités des syndicats de salariés;Hommes
2022;9491Z;Activités des organisations religieuses;Femmes
2022;9491Z;Activités des organisations religieuses;Hommes
2022;9492Z;Activités des organisations politiques;Femmes
2022;9492Z;Activités des organisations politiques;Hommes
2022;9499Z;Autres organisations fonctionnant par adhésion volontaire;Femmes
2022;9499Z;Autres organisations fonctionnant par adhésion volontaire;Hommes
2022;9511Z;Réparation d'ordinateurs et d'équipements périphériques;Femmes
2022;9511Z;Réparation d'ordinateurs et d'équipements périphériques;Hommes
2022;9512Z;Réparation d'équipements de communication;Femmes
2022;9512Z;Réparation d'équipements de communication;Hommes
2022;9521Z;Réparation de produits électroniques grand public;Femmes
2022;9521Z;Réparation de produits électroniques grand public;Hommes
2022;9522Z;Réparation d'appareils électroménagers et d'équipements pour la maison et le jardin;Femmes
2022;9522Z;Réparation d'appareils électroménagers et d'équipements pour la maison et le jardin;Hommes
2022;9523Z;Réparation de chaussures et d'articles en cuir;Femmes
2022;9523Z;Réparation de chaussures et d'articles en cuir;Hommes
2022;9524Z;Réparation de meubles et d'équipements du foyer;Femmes
2022;9524Z;Réparation de meubles et d'équipements du foyer;Hommes
2022;9525Z;Réparation d'articles d'horlogerie et de bijouterie;Femmes
2022;9525Z;Réparation d'articles d'horlogerie et de bijouterie;Hommes
2022;9529Z;Réparation d'autres biens personnels et domestiques;Femmes
2022;9529Z;Réparation d'autres biens personnels et domestiques;Hommes
2022;9601A;Blanchisserie-teinturerie de gros;Femmes
2022;9601A;Blanchisserie-teinturerie de gros;Hommes
2022;9601B;Blanchisserie-teinturerie de détail;Femmes
2022;9601B;Blanchisserie-teinturerie de détail;Hommes
2022;9602A;Coiffure;Femmes
2022;9602A;Coiffure;Hommes
2022;9602B;Soins de beauté;Femmes
2022;9602B;Soins de beauté;Hommes
2022;9603Z;Services funéraires;Femmes
2022;9603Z;Services funéraires;Hommes
2022;9604Z;Entretien corporel;Femmes
2022;9604Z;Entretien corporel;Hommes
2022;9609Z;Autres services personnels n.c.a.;Femmes
2022;9609Z;Autres services personnels n.c.a.;Hommes
2022;9700Z;Activités des ménages en tant qu'employeurs de personnel domestique;Femmes
2022;9700Z;Activités des ménages en tant qu'employeurs de personnel domestique;Hommes
2022;9810Z;Activités indifférenciées des ménages en tant que producteurs de biens pour usage propre;Femmes
2022;9810Z;Activités indifférenciées des ménages en tant que producteurs de biens pour usage propre;Hommes
2022;9820Z;Activités indifférenciées des ménages en tant que producteurs de services pour usage propre;Femmes
2022;9820Z;Activités indifférenciées des ménages en tant que producteurs de services pour usage propre;Hommes
2022;9900Z;Activités des organisations et organismes extraterritoriaux;Femmes
2022;9900Z;Activités des organisations et organismes extraterritoriaux;Hommes
2023;0111Z;Culture de céréales (à l'exception du riz), de légumineuses et de graines oléagineuses;Femmes
2023;0111Z;Culture de céréales (à l'exception du riz), de légumineuses et de graines oléagineuses;Hommes
2023;0112Z;Culture du riz;Femmes
2023;0112Z;Culture du riz;Hommes
2023;0113Z;Culture de légumes, de melons, de racines et de tubercules;Femmes
2023;0113Z;Culture de légumes, de melons, de racines et de tubercules;Hommes
2023;0114Z;Culture de la canne à sucre;Femmes
2023;0114Z;Culture de la canne à sucre;Hommes
2023;0115Z;Culture du tabac;Femmes
2023;0115Z;Culture du tabac;Hommes
2023;0116Z;Culture de plantes à fibres;Femmes
2023;0116Z;Culture de plantes à fibres;Hommes
2023;0119Z;Autres cultures non permanentes;Femmes
2023;0119Z;Autres cultures non permanentes;Hommes
2023;0121Z;Culture de la vigne;Femmes
2023;0121Z;Culture de la vigne;Hommes
2023;0122Z;Culture de fruits tropicaux et subtropicaux;Femmes
2023;0122Z;Culture de fruits tropicaux et subtropicaux;Hommes
2023;0123Z;Culture d'agrumes;Femmes
2023;0123Z;Culture d'agrumes;Hommes
2023;0124Z;Culture de fruits à pépins et à noyau;Femmes
2023;0124Z;Culture de fruits à pépins et à noyau;Hommes
2023;0125Z;Culture d'autres fruits d'arbres ou d'arbustes et de fruits à coque;Femmes
2023;0125Z;Culture d'autres fruits d'arbres ou d'arbustes et de fruits à coque;Hommes
2023;0126Z;Culture de fruits oléagineux;Femmes
2023;0126Z;Culture de fruits oléagineux;Hommes
2023;0127Z;Culture de plantes à boissons;Femmes
2023;0127Z;Culture de plantes à boissons;Hommes
2023;0128Z;Culture de plantes à épices, aromatiques, médicinales et pharmaceutiques;Femmes
2023;0128Z;Culture de plantes à épices, aromatiques, médicinales et pharmaceutiques;Hommes
2023;0129Z;Autres cultures permanentes;Femmes
2023;0129Z;Autres cultures permanentes;Hommes
2023;0130Z;Reproduction de plantes;Femmes
2023;0130Z;Reproduction de plantes;Hommes
2023;0141Z;Élevage de vaches laitières;Femmes
2023;0141Z;Élevage de vaches laitières;Hommes
2023;0142Z;Élevage d'autres bovins et de buffles;Femmes
2023;0142Z;Élevage d'autres bovins et de buffles;Hommes
2023;0143Z;Élevage de chevaux et d'autres équidés;Femmes
2023;0143Z;Élevage de chevaux et d'autres équidés;Hommes
2023;0144Z;Élevage de chameaux et d'autres camélidés;Femmes
2023;0144Z;Élevage de chameaux et d'autres camélidés;Hommes
2023;0145Z;Élevage d'ovins et de caprins;Femmes
2023;0145Z;Élevage d'ovins et de caprins;Hommes
2023;0146Z;Élevage de porcins;Femmes
2023;0146Z;Élevage de porcins;Hommes
2023;0147Z;Élevage de volailles;Femmes
2023;0147Z;Élevage de volailles;Hommes
2023;0149Z;Élevage d'autres animaux;Femmes
2023;0149Z;Élevage d'autres animaux;Hommes
2023;0150Z;Culture et élevage associés;Femmes
2023;0150Z;Culture et élevage associés;Hommes
2023;0161Z;Activités de soutien aux cultures;Femmes
2023;0161Z;Activités de soutien aux cultures;Hommes
2023;0162Z;Activités de soutien à la production animale;Femmes
2023;0162Z;Activités de soutien à la production animale;Hommes
2023;0163Z;Traitement primaire des récoltes;Femmes
2023;0163Z;Traitement primaire des récoltes;Hommes
2023;0164Z;Traitement des semences;Femmes
2023;0164Z;Traitement des semences;Hommes
2023;0170Z;Chasse, piégeage et services annexes;Femmes
2023;0170Z;Chasse, piégeage et services annexes;Hommes
2023;0210Z;Sylviculture et autres activités forestières;Femmes
2023;0210Z;Sylviculture et autres activités forestières;Hommes
2023;0220Z;Exploitation forestière;Femmes
2023;0220Z;Exploitation forestière;Hommes
2023;0230Z;Récolte de produits forestiers non ligneux poussant à l'état sauvage;Femmes
2023;0230Z;Récolte de produits forestiers non ligneux poussant à l'état sauvage;Hommes
2023;0240Z;Services de soutien à l'exploitation forestière;Femmes
2023;0240Z;Services de soutien à l'exploitation forestière;Hommes
2023;0311Z;Pêche en mer;Femmes
2023;0311Z;Pêche en mer;Hommes
2023;0312Z;Pêche en eau douce;Femmes
2023;0312Z;Pêche en eau douce;Hommes
2023;0321Z;Aquaculture en mer;Femmes
2023;0321Z;Aquaculture en mer;Hommes
2023;0322Z;Aquaculture en eau douce;Femmes
2023;0322Z;Aquaculture en eau douce;Hommes
2023;0510Z;Extraction de houille;Femmes
2023;0510Z;Extraction de houille;Hommes
2023;0520Z;Extraction de lignite;Femmes
2023;0520Z;Extraction de lignite;Hommes
2023;0610Z;Extraction de pétrole brut;Femmes
2023;0610Z;Extraction de pétrole brut;Hommes
2023;0620Z;Extraction de gaz naturel;Femmes
2023;0620Z;Extraction de gaz naturel;Hommes
2023;0710Z;Extraction de minerais de fer;Femmes
2023;0710Z;Extraction de minerais de fer;Hommes
2023;0721Z;Extraction de minerais d'uranium et de thorium;Femmes
2023;0721Z;Extraction de minerais d'uranium et de thorium;Hommes
2023;0729Z;Extraction d'autres minerais de métaux non ferreux;Femmes
2023;0729Z;Extraction d'autres minerais de métaux non ferreux;Hommes
2023;0811Z;Extraction de pierres ornementales et de construction, de calcaire industriel, de gypse, de craie et d'ardoise;Femmes
2023;0811Z;Extraction de pierres ornementales et de construction, de calcaire industriel, de gypse, de craie et d'ardoise;Hommes
2023;0812Z;Exploitation de gravières et sablières, extraction d'argiles et de kaolin;Femmes
2023;0812Z;Exploitation de gravières et sablières, extraction d'argiles et de kaolin;Hommes
2023;0891Z;Extraction des minéraux chimiques et d'engrais minéraux;Femmes
2023;0891Z;Extraction des minéraux chimiques et d'engrais minéraux;Hommes
2023;0892Z;Extraction de tourbe;Femmes
2023;0892Z;Extraction de tourbe;Hommes
2023;0893Z;Production de sel;Femmes
2023;0893Z;Production de sel;Hommes
2023;0899Z;Autres activités extractives n.c.a.;Femmes
2023;0899Z;Autres activités extractives n.c.a.;Hommes
2023;0910Z;Activités de soutien à l'extraction d'hydrocarbures;Femmes
2023;0910Z;Activités de soutien à l'extraction d'hydrocarbures;Hommes
2023;0990Z;Activités de soutien aux autres industries extractives;Femmes
2023;0990Z;Activités de soutien aux autres industries extractives;Hommes
2023;1011Z;Transformation et conservation de la viande de boucherie;Femmes
2023;1011Z;Transformation et conservation de la viande de boucherie;Hommes
2023;1012Z;Transformation et conservation de la viande de volaille;Femmes
2023;1012Z;Transformation et conservation de la viande de volaille;Hommes
2023;1013A;Préparation industrielle de produits à base de viande;Femmes
2023;1013A;Préparation industrielle de produits à base de viande;Hommes
2023;1013B;Charcuterie;Femmes
2023;1013B;Charcuterie;Hommes
2023;1020Z;Transformation et conservation de poisson, de crustacés et de mollusques;Femmes
2023;1020Z;Transformation et conservation de poisson, de crustacés et de mollusques;Hommes
2023;1031Z;Transformation et conservation de pommes de terre;Femmes
2023;1031Z;Transformation et conservation de pommes de terre;Hommes
2023;1032Z;Préparation de jus de fruits et légumes;Femmes
2023;1032Z;Préparation de jus de fruits et légumes;Hommes
2023;1039A;Autre transformation et conservation de légumes;Femmes
2023;1039A;Autre transformation et conservation de légumes;Hommes
2023;1039B;Transformation et conservation de fruits;Femmes
2023;1039B;Transformation et conservation de fruits;Hommes
2023;1041A;Fabrication d'huiles et graisses brutes;Femmes
2023;1041A;Fabrication d'huiles et graisses brutes;Hommes
2023;1041B;Fabrication d'huiles et graisses raffinées;Femmes
2023;1041B;Fabrication d'huiles et graisses raffinées;Hommes
2023;1042Z;Fabrication de margarine et graisses comestibles similaires;Femmes
2023;1042Z;Fabrication de margarine et graisses comestibles similaires;Hommes
2023;1051A;Fabrication de lait liquide et de produits frais;Femmes
2023;1051A;Fabrication de lait liquide et de produits frais;Hommes
2023;1051B;Fabrication de beurre;Femmes
2023;1051B;Fabrication de beurre;Hommes
2023;1051C;Fabrication de fromage;Femmes
2023;1051C;Fabrication de fromage;Hommes
2023;1051D;Fabrication d'autres produits laitiers;Femmes
2023;1051D;Fabrication d'autres produits laitiers;Hommes
2023;1052Z;Fabrication de glaces et sorbets;Femmes
2023;1052Z;Fabrication de glaces et sorbets;Hommes
2023;1061A;Meunerie;Femmes
2023;1061A;Meunerie;Hommes
2023;1061B;Autres activités du travail des grains;Femmes
2023;1061B;Autres activités du travail des grains;Hommes
2023;1062Z;Fabrication de produits amylacés;Femmes
2023;1062Z;Fabrication de produits amylacés;Hommes
2023;1071A;Fabrication industrielle de pain et de pâtisserie fraîche;Femmes
2023;1071A;Fabrication industrielle de pain et de pâtisserie fraîche;Hommes
2023;1071B;Cuisson de produits de boulangerie;Femmes
2023;1071B;Cuisson de produits de boulangerie;Hommes
2023;1071C;Boulangerie et boulangerie-pâtisserie;Femmes
2023;1071C;Boulangerie et boulangerie-pâtisserie;Hommes
2023;1071D;Pâtisserie;Femmes
2023;1071D;Pâtisserie;Hommes
2023;1072Z;Fabrication de biscuits, biscottes et pâtisseries de conservation;Femmes
2023;1072Z;Fabrication de biscuits, biscottes et pâtisseries de conservation;Hommes
2023;1073Z;Fabrication de pâtes alimentaires;Femmes
2023;1073Z;Fabrication de pâtes alimentaires;Hommes
2023;1081Z;Fabrication de sucre;Femmes
2023;1081Z;Fabrication de sucre;Hommes
2023;1082Z;Fabrication de cacao, chocolat et de produits de confiserie;Femmes
2023;1082Z;Fabrication de cacao, chocolat et de produits de confiserie;Hommes
2023;1083Z;Transformation du thé et du café;Femmes
2023;1083Z;Transformation du thé et du café;Hommes
2023;1084Z;Fabrication de condiments et assaisonnements;Femmes
2023;1084Z;Fabrication de condiments et assaisonnements;Hommes
2023;1085Z;Fabrication de plats préparés;Femmes
2023;1085Z;Fabrication de plats préparés;Hommes
2023;1086Z;Fabrication d'aliments homogénéisés et diététiques;Femmes
2023;1086Z;Fabrication d'aliments homogénéisés et diététiques;Hommes
2023;1089Z;Fabrication d'autres produits alimentaires n.c.a.;Femmes
2023;1089Z;Fabrication d'autres produits alimentaires n.c.a.;Hommes
2023;1091Z;Fabrication d'aliments pour animaux de ferme;Femmes
2023;1091Z;Fabrication d'aliments pour animaux de ferme;Hommes
2023;1092Z;Fabrication d'aliments pour animaux de compagnie;Femmes
2023;1092Z;Fabrication d'aliments pour animaux de compagnie;Hommes
2023;1101Z;Production de boissons alcooliques distillées;Femmes
2023;1101Z;Production de boissons alcooliques distillées;Hommes
2023;1102A;Fabrication de vins effervescents;Femmes
2023;1102A;Fabrication de vins effervescents;Hommes
2023;1102B;Vinification;Femmes
2023;1102B;Vinification;Hommes
2023;1103Z;Fabrication de cidre et de vins de fruits;Femmes
2023;1103Z;Fabrication de cidre et de vins de fruits;Hommes
2023;1104Z;Production d'autres boissons fermentées non distillées;Femmes
2023;1104Z;Production d'autres boissons fermentées non distillées;Hommes
2023;1105Z;Fabrication de bière;Femmes
2023;1105Z;Fabrication de bière;Hommes
2023;1106Z;Fabrication de malt;Femmes
2023;1106Z;Fabrication de malt;Hommes
2023;1107A;Industrie des eaux de table;Femmes
2023;1107A;Industrie des eaux de table;Hommes
2023;1107B;Production de boissons rafraîchissantes;Femmes
2023;1107B;Production de boissons rafraîchissantes;Hommes
2023;1200Z;Fabrication de produits à base de tabac;Femmes
2023;1200Z;Fabrication de produits à base de tabac;Hommes
2023;1310Z;Préparation de fibres textiles et filature;Femmes
2023;1310Z;Préparation de fibres textiles et filature;Hommes
2023;1320Z;Tissage;Femmes
2023;1320Z;Tissage;Hommes
2023;1330Z;Ennoblissement textile;Femmes
2023;1330Z;Ennoblissement textile;Hommes
2023;1391Z;Fabrication d'étoffes à mailles;Femmes
2023;1391Z;Fabrication d'étoffes à mailles;Hommes
2023;1392Z;Fabrication d'articles textiles, sauf habillement;Femmes
2023;1392Z;Fabrication d'articles textiles, sauf habillement;Hommes
2023;1393Z;Fabrication de tapis et moquettes;Femmes
2023;1393Z;Fabrication de tapis et moquettes;Hommes
2023;1394Z;Fabrication de ficelles, cordes et filets;Femmes
2023;1394Z;Fabrication de ficelles, cordes et filets;Hommes
2023;1395Z;Fabrication de non-tissés, sauf habillement;Femmes
2023;1395Z;Fabrication de non-tissés, sauf habillement;Hommes
2023;1396Z;Fabrication d'autres textiles techniques et industriels;Femmes
2023;1396Z;Fabrication d'autres textiles techniques et industriels;Hommes
2023;1399Z;Fabrication d'autres textiles n.c.a.;Femmes
2023;1399Z;Fabrication d'autres textiles n.c.a.;Hommes
2023;1411Z;Fabrication de vêtements en cuir;Femmes
2023;1411Z;Fabrication de vêtements en cuir;Hommes
2023;1412Z;Fabrication de vêtements de travail;Femmes
2023;1412Z;Fabrication de vêtements de travail;Hommes
2023;1413Z;Fabrication de vêtements de dessus;Femmes
2023;1413Z;Fabrication de vêtements de dessus;Hommes
2023;1414Z;Fabrication de vêtements de dessous;Femmes
2023;1414Z;Fabrication de vêtements de dessous;Hommes
2023;1419Z;Fabrication d'autres vêtements et accessoires;Femmes
2023;1419Z;Fabrication d'autres vêtements et accessoires;Hommes
2023;1420Z;Fabrication d'articles en fourrure;Femmes
2023;1420Z;Fabrication d'articles en fourrure;Hommes
2023;1431Z;Fabrication d'articles chaussants à mailles;Femmes
2023;1431Z;Fabrication d'articles chaussants à mailles;Hommes
2023;1439Z;Fabrication d'autres articles à mailles;Femmes
2023;1439Z;Fabrication d'autres articles à mailles;Hommes
2023;1511Z;"Apprêt et tannage des cuirs ; préparation et teinture des fourrures";Femmes
2023;1511Z;"Apprêt et tannage des cuirs ; préparation et teinture des fourrures";Hommes
2023;1512Z;Fabrication d'articles de voyage, de maroquinerie et de sellerie;Femmes
2023;1512Z;Fabrication d'articles de voyage, de maroquinerie et de sellerie;Hommes
2023;1520Z;Fabrication de chaussures;Femmes
2023;1520Z;Fabrication de chaussures;Hommes
2023;1610A;Sciage et rabotage du bois, hors imprégnation;Femmes
2023;1610A;Sciage et rabotage du bois, hors imprégnation;Hommes
2023;1610B;Imprégnation du bois;Femmes
2023;1610B;Imprégnation du bois;Hommes
2023;1621Z;Fabrication de placage et de panneaux de bois;Femmes
2023;1621Z;Fabrication de placage et de panneaux de bois;Hommes
2023;1622Z;Fabrication de parquets assemblés;Femmes
2023;1622Z;Fabrication de parquets assemblés;Hommes
2023;1623Z;Fabrication de charpentes et d'autres menuiseries;Femmes
2023;1623Z;Fabrication de charpentes et d'autres menuiseries;Hommes
2023;1624Z;Fabrication d'emballages en bois;Femmes
2023;1624Z;Fabrication d'emballages en bois;Hommes
2023;1629Z;"Fabrication d'objets divers en bois ; fabrication d'objets en liège, vannerie et sparterie";Femmes
2023;1629Z;"Fabrication d'objets divers en bois ; fabrication d'objets en liège, vannerie et sparterie";Hommes
2023;1711Z;Fabrication de pâte à papier;Femmes
2023;1711Z;Fabrication de pâte à papier;Hommes
2023;1712Z;Fabrication de papier et de carton;Femmes
2023;1712Z;Fabrication de papier et de carton;Hommes
2023;1721A;Fabrication de carton ondulé;Femmes
2023;1721A;Fabrication de carton ondulé;Hommes
2023;1721B;Fabrication de cartonnages;Femmes
2023;1721B;Fabrication de cartonnages;Hommes
2023;1721C;Fabrication d'emballages en papier;Femmes
2023;1721C;Fabrication d'emballages en papier;Hommes
2023;1722Z;Fabrication d'articles en papier à usage sanitaire ou domestique;Femmes
2023;1722Z;Fabrication d'articles en papier à usage sanitaire ou domestique;Hommes
2023;1723Z;Fabrication d'articles de papeterie;Femmes
2023;1723Z;Fabrication d'articles de papeterie;Hommes
2023;1724Z;Fabrication de papiers peints;Femmes
2023;1724Z;Fabrication de papiers peints;Hommes
2023;1729Z;Fabrication d'autres articles en papier ou en carton;Femmes
2023;1729Z;Fabrication d'autres articles en papier ou en carton;Hommes
2023;1811Z;Imprimerie de journaux;Femmes
2023;1811Z;Imprimerie de journaux;Hommes
2023;1812Z;Autre imprimerie (labeur);Femmes
2023;1812Z;Autre imprimerie (labeur);Hommes
2023;1813Z;Activités de pré-presse;Femmes
2023;1813Z;Activités de pré-presse;Hommes
2023;1814Z;Reliure et activités connexes;Femmes
2023;1814Z;Reliure et activités connexes;Hommes
2023;1820Z;Reproduction d'enregistrements;Femmes
2023;1820Z;Reproduction d'enregistrements;Hommes
2023;1910Z;Cokéfaction;Femmes
2023;1910Z;Cokéfaction;Hommes
2023;1920Z;Raffinage du pétrole;Femmes
2023;1920Z;Raffinage du pétrole;Hommes
2023;2011Z;Fabrication de gaz industriels;Femmes
2023;2011Z;Fabrication de gaz industriels;Hommes
2023;2012Z;Fabrication de colorants et de pigments;Femmes
2023;2012Z;Fabrication de colorants et de pigments;Hommes
2023;2013A;Enrichissement et retraitement de matières nucléaires;Femmes
2023;2013A;Enrichissement et retraitement de matières nucléaires;Hommes
2023;2013B;Fabrication d'autres produits chimiques inorganiques de base n.c.a.;Femmes
2023;2013B;Fabrication d'autres produits chimiques inorganiques de base n.c.a.;Hommes
2023;2014Z;Fabrication d'autres produits chimiques organiques de base;Femmes
2023;2014Z;Fabrication d'autres produits chimiques organiques de base;Hommes
2023;2015Z;Fabrication de produits azotés et d'engrais;Femmes
2023;2015Z;Fabrication de produits azotés et d'engrais;Hommes
2023;2016Z;Fabrication de matières plastiques de base;Femmes
2023;2016Z;Fabrication de matières plastiques de base;Hommes
2023;2017Z;Fabrication de caoutchouc synthétique;Femmes
2023;2017Z;Fabrication de caoutchouc synthétique;Hommes
2023;2020Z;Fabrication de pesticides et d'autres produits agrochimiques;Femmes
2023;2020Z;Fabrication de pesticides et d'autres produits agrochimiques;Hommes
2023;2030Z;Fabrication de peintures, vernis, encres et mastics;Femmes
2023;2030Z;Fabrication de peintures, vernis, encres et mastics;Hommes
2023;2041Z;Fabrication de savons, détergents et produits d'entretien;Femmes
2023;2041Z;Fabrication de savons, détergents et produits d'entretien;Hommes
2023;2042Z;Fabrication de parfums et de produits pour la toilette;Femmes
2023;2042Z;Fabrication de parfums et de produits pour la toilette;Hommes
2023;2051Z;Fabrication de produits explosifs;Femmes
2023;2051Z;Fabrication de produits explosifs;Hommes
2023;2052Z;Fabrication de colles;Femmes
2023;2052Z;Fabrication de colles;Hommes
2023;2053Z;Fabrication d'huiles essentielles;Femmes
2023;2053Z;Fabrication d'huiles essentielles;Hommes
2023;2059Z;Fabrication d'autres produits chimiques n.c.a.;Femmes
2023;2059Z;Fabrication d'autres produits chimiques n.c.a.;Hommes
2023;2060Z;Fabrication de fibres artificielles ou synthétiques;Femmes
2023;2060Z;Fabrication de fibres artificielles ou synthétiques;Hommes
2023;2110Z;Fabrication de produits pharmaceutiques de base;Femmes
2023;2110Z;Fabrication de produits pharmaceutiques de base;Hommes
2023;2120Z;Fabrication de préparations pharmaceutiques;Femmes
2023;2120Z;Fabrication de préparations pharmaceutiques;Hommes
2023;2211Z;Fabrication et rechapage de pneumatiques;Femmes
2023;2211Z;Fabrication et rechapage de pneumatiques;Hommes
2023;2219Z;Fabrication d'autres articles en caoutchouc;Femmes
2023;2219Z;Fabrication d'autres articles en caoutchouc;Hommes
2023;2221Z;Fabrication de plaques, feuilles, tubes et profilés en matières plastiques;Femmes
2023;2221Z;Fabrication de plaques, feuilles, tubes et profilés en matières plastiques;Hommes
2023;2222Z;Fabrication d'emballages en matières plastiques;Femmes
2023;2222Z;Fabrication d'emballages en matières plastiques;Hommes
2023;2223Z;Fabrication d'éléments en matières plastiques pour la construction;Femmes
2023;2223Z;Fabrication d'éléments en matières plastiques pour la construction;Hommes
2023;2229A;Fabrication de pièces techniques à base de matières plastiques;Femmes
2023;2229A;Fabrication de pièces techniques à base de matières plastiques;Hommes
2023;2229B;Fabrication de produits de consommation courante en matières plastiques;Femmes
2023;2229B;Fabrication de produits de consommation courante en matières plastiques;Hommes
2023;2311Z;Fabrication de verre plat;Femmes
2023;2311Z;Fabrication de verre plat;Hommes
2023;2312Z;Façonnage et transformation du verre plat;Femmes
2023;2312Z;Façonnage et transformation du verre plat;Hommes
2023;2313Z;Fabrication de verre creux;Femmes
2023;2313Z;Fabrication de verre creux;Hommes
2023;2314Z;Fabrication de fibres de verre;Femmes
2023;2314Z;Fabrication de fibres de verre;Hommes
2023;2319Z;Fabrication et façonnage d'autres articles en verre, y compris verre technique;Femmes
2023;2319Z;Fabrication et façonnage d'autres articles en verre, y compris verre technique;Hommes
2023;2320Z;Fabrication de produits réfractaires;Femmes
2023;2320Z;Fabrication de produits réfractaires;Hommes
2023;2331Z;Fabrication de carreaux en céramique;Femmes
2023;2331Z;Fabrication de carreaux en céramique;Hommes
2023;2332Z;Fabrication de briques, tuiles et produits de construction, en terre cuite;Femmes
2023;2332Z;Fabrication de briques, tuiles et produits de construction, en terre cuite;Hommes
2023;2341Z;Fabrication d'articles céramiques à usage domestique ou ornemental;Femmes
2023;2341Z;Fabrication d'articles céramiques à usage domestique ou ornemental;Hommes
2023;2342Z;Fabrication d'appareils sanitaires en céramique;Femmes
2023;2342Z;Fabrication d'appareils sanitaires en céramique;Hommes
2023;2343Z;Fabrication d'isolateurs et pièces isolantes en céramique;Femmes
2023;2343Z;Fabrication d'isolateurs et pièces isolantes en céramique;Hommes
2023;2344Z;Fabrication d'autres produits céramiques à usage technique;Femmes
2023;2344Z;Fabrication d'autres produits céramiques à usage technique;Hommes
2023;2349Z;Fabrication d'autres produits céramiques;Femmes
2023;2349Z;Fabrication d'autres produits céramiques;Hommes
2023;2351Z;Fabrication de ciment;Femmes
2023;2351Z;Fabrication de ciment;Hommes
2023;2352Z;Fabrication de chaux et plâtre;Femmes
2023;2352Z;Fabrication de chaux et plâtre;Hommes
2023;2361Z;Fabrication d'éléments en béton pour la construction;Femmes
2023;2361Z;Fabrication d'éléments en béton pour la construction;Hommes
2023;2362Z;Fabrication d'éléments en plâtre pour la construction;Femmes
2023;2362Z;Fabrication d'éléments en plâtre pour la construction;Hommes
2023;2363Z;Fabrication de béton prêt à l'emploi;Femmes
2023;2363Z;Fabrication de béton prêt à l'emploi;Hommes
2023;2364Z;Fabrication de mortiers et bétons secs;Femmes
2023;2364Z;Fabrication de mortiers et bétons secs;Hommes
2023;2365Z;Fabrication d'ouvrages en fibre-ciment;Femmes
2023;2365Z;Fabrication d'ouvrages en fibre-ciment;Hommes
2023;2369Z;Fabrication d'autres ouvrages en béton, en ciment ou en plâtre;Femmes
2023;2369Z;Fabrication d'autres ouvrages en béton, en ciment ou en plâtre;Hommes
2023;2370Z;Taille, façonnage et finissage de pierres;Femmes
2023;2370Z;Taille, façonnage et finissage de pierres;Hommes
2023;2391Z;Fabrication de produits abrasifs;Femmes
2023;2391Z;Fabrication de produits abrasifs;Hommes
2023;2399Z;Fabrication d'autres produits minéraux non métalliques n.c.a.;Femmes
2023;2399Z;Fabrication d'autres produits minéraux non métalliques n.c.a.;Hommes
2023;2410Z;Sidérurgie;Femmes
2023;2410Z;Sidérurgie;Hommes
2023;2420Z;Fabrication de tubes, tuyaux, profilés creux et accessoires correspondants en acier;Femmes
2023;2420Z;Fabrication de tubes, tuyaux, profilés creux et accessoires correspondants en acier;Hommes
2023;2431Z;Étirage à froid de barres;Femmes
2023;2431Z;Étirage à froid de barres;Hommes
2023;2432Z;Laminage à froid de feuillards;Femmes
2023;2432Z;Laminage à froid de feuillards;Hommes
2023;2433Z;Profilage à froid par formage ou pliage;Femmes
2023;2433Z;Profilage à froid par formage ou pliage;Hommes
2023;2434Z;Tréfilage à froid;Femmes
2023;2434Z;Tréfilage à froid;Hommes
2023;2441Z;Production de métaux précieux;Femmes
2023;2441Z;Production de métaux précieux;Hommes
2023;2442Z;Métallurgie de l'aluminium;Femmes
2023;2442Z;Métallurgie de l'aluminium;Hommes
2023;2443Z;Métallurgie du plomb, du zinc ou de l'étain;Femmes
2023;2443Z;Métallurgie du plomb, du zinc ou de l'étain;Hommes
2023;2444Z;Métallurgie du cuivre;Femmes
2023;2444Z;Métallurgie du cuivre;Hommes
2023;2445Z;Métallurgie des autres métaux non ferreux;Femmes
2023;2445Z;Métallurgie des autres métaux non ferreux;Hommes
2023;2446Z;Élaboration et transformation de matières nucléaires;Femmes
2023;2446Z;Élaboration et transformation de matières nucléaires;Hommes
2023;2451Z;Fonderie de fonte;Femmes
2023;2451Z;Fonderie de fonte;Hommes
2023;2452Z;Fonderie d'acier;Femmes
2023;2452Z;Fonderie d'acier;Hommes
2023;2453Z;Fonderie de métaux légers;Femmes
2023;2453Z;Fonderie de métaux légers;Hommes
2023;2454Z;Fonderie d'autres métaux non ferreux;Femmes
2023;2454Z;Fonderie d'autres métaux non ferreux;Hommes
2023;2511Z;Fabrication de structures métalliques et de parties de structures;Femmes
2023;2511Z;Fabrication de structures métalliques et de parties de structures;Hommes
2023;2512Z;Fabrication de portes et fenêtres en métal;Femmes
2023;2512Z;Fabrication de portes et fenêtres en métal;Hommes
2023;2521Z;Fabrication de radiateurs et de chaudières pour le chauffage central;Femmes
2023;2521Z;Fabrication de radiateurs et de chaudières pour le chauffage central;Hommes
2023;2529Z;Fabrication d'autres réservoirs, citernes et conteneurs métalliques;Femmes
2023;2529Z;Fabrication d'autres réservoirs, citernes et conteneurs métalliques;Hommes
2023;2530Z;Fabrication de générateurs de vapeur, à l'exception des chaudières pour le chauffage central;Femmes
2023;2530Z;Fabrication de générateurs de vapeur, à l'exception des chaudières pour le chauffage central;Hommes
2023;2540Z;Fabrication d'armes et de munitions;Femmes
2023;2540Z;Fabrication d'armes et de munitions;Hommes
2023;2550A;"Forge, estampage, matriçage ; métallurgie des poudres";Femmes
2023;2550A;"Forge, estampage, matriçage ; métallurgie des poudres";Hommes
2023;2550B;Découpage, emboutissage;Femmes
2023;2550B;Découpage, emboutissage;Hommes
2023;2561Z;Traitement et revêtement des métaux;Femmes
2023;2561Z;Traitement et revêtement des métaux;Hommes
2023;2562A;Décolletage;Femmes
2023;2562A;Décolletage;Hommes
2023;2562B;Mécanique industrielle;Femmes
2023;2562B;Mécanique industrielle;Hommes
2023;2571Z;Fabrication de coutellerie;Femmes
2023;2571Z;Fabrication de coutellerie;Hommes
2023;2572Z;Fabrication de serrures et de ferrures;Femmes
2023;2572Z;Fabrication de serrures et de ferrures;Hommes
2023;2573A;Fabrication de moules et modèles;Femmes
2023;2573A;Fabrication de moules et modèles;Hommes
2023;2573B;Fabrication d'autres outillages;Femmes
2023;2573B;Fabrication d'autres outillages;Hommes
2023;2591Z;Fabrication de fûts et emballages métalliques similaires;Femmes
2023;2591Z;Fabrication de fûts et emballages métalliques similaires;Hommes
2023;2592Z;Fabrication d'emballages métalliques légers;Femmes
2023;2592Z;Fabrication d'emballages métalliques légers;Hommes
2023;2593Z;Fabrication d'articles en fils métalliques, de chaînes et de ressorts;Femmes
2023;2593Z;Fabrication d'articles en fils métalliques, de chaînes et de ressorts;Hommes
2023;2594Z;Fabrication de vis et de boulons;Femmes
2023;2594Z;Fabrication de vis et de boulons;Hommes
2023;2599A;Fabrication d'articles métalliques ménagers;Femmes
2023;2599A;Fabrication d'articles métalliques ménagers;Hommes
2023;2599B;Fabrication d'autres articles métalliques;Femmes
2023;2599B;Fabrication d'autres articles métalliques;Hommes
2023;2611Z;Fabrication de composants électroniques;Femmes
2023;2611Z;Fabrication de composants électroniques;Hommes
2023;2612Z;Fabrication de cartes électroniques assemblées;Femmes
2023;2612Z;Fabrication de cartes électroniques assemblées;Hommes
2023;2620Z;Fabrication d'ordinateurs et d'équipements périphériques;Femmes
2023;2620Z;Fabrication d'ordinateurs et d'équipements périphériques;Hommes
2023;2630Z;Fabrication d'équipements de communication;Femmes
2023;2630Z;Fabrication d'équipements de communication;Hommes
2023;2640Z;Fabrication de produits électroniques grand public;Femmes
2023;2640Z;Fabrication de produits électroniques grand public;Hommes
2023;2651A;Fabrication d'équipements d'aide à la navigation;Femmes
2023;2651A;Fabrication d'équipements d'aide à la navigation;Hommes
2023;2651B;Fabrication d'instrumentation scientifique et technique;Femmes
2023;2651B;Fabrication d'instrumentation scientifique et technique;Hommes
2023;2652Z;Horlogerie;Femmes
2023;2652Z;Horlogerie;Hommes
2023;2660Z;Fabrication d'équipements d'irradiation médicale, d'équipements électromédicaux et électrothérapeutiques;Femmes
2023;2660Z;Fabrication d'équipements d'irradiation médicale, d'équipements électromédicaux et électrothérapeutiques;Hommes
2023;2670Z;Fabrication de matériels optique et photographique;Femmes
2023;2670Z;Fabrication de matériels optique et photographique;Hommes
2023;2680Z;Fabrication de supports magnétiques et optiques;Femmes
2023;2680Z;Fabrication de supports magnétiques et optiques;Hommes
2023;2711Z;Fabrication de moteurs, génératrices et transformateurs électriques;Femmes
2023;2711Z;Fabrication de moteurs, génératrices et transformateurs électriques;Hommes
2023;2712Z;Fabrication de matériel de distribution et de commande électrique;Femmes
2023;2712Z;Fabrication de matériel de distribution et de commande électrique;Hommes
2023;2720Z;Fabrication de piles et d'accumulateurs électriques;Femmes
2023;2720Z;Fabrication de piles et d'accumulateurs électriques;Hommes
2023;2731Z;Fabrication de câbles de fibres optiques;Femmes
2023;2731Z;Fabrication de câbles de fibres optiques;Hommes
2023;2732Z;Fabrication d'autres fils et câbles électroniques ou électriques;Femmes
2023;2732Z;Fabrication d'autres fils et câbles électroniques ou électriques;Hommes
2023;2733Z;Fabrication de matériel d'installation électrique;Femmes
2023;2733Z;Fabrication de matériel d'installation électrique;Hommes
2023;2740Z;Fabrication d'appareils d'éclairage électrique;Femmes
2023;2740Z;Fabrication d'appareils d'éclairage électrique;Hommes
2023;2751Z;Fabrication d'appareils électroménagers;Femmes
2023;2751Z;Fabrication d'appareils électroménagers;Hommes
2023;2752Z;Fabrication d'appareils ménagers non électriques;Femmes
2023;2752Z;Fabrication d'appareils ménagers non électriques;Hommes
2023;2790Z;Fabrication d'autres matériels électriques;Femmes
2023;2790Z;Fabrication d'autres matériels électriques;Hommes
2023;2811Z;Fabrication de moteurs et turbines, à l'exception des moteurs d'avions et de véhicules;Femmes
2023;2811Z;Fabrication de moteurs et turbines, à l'exception des moteurs d'avions et de véhicules;Hommes
2023;2812Z;Fabrication d'équipements hydrauliques et pneumatiques;Femmes
2023;2812Z;Fabrication d'équipements hydrauliques et pneumatiques;Hommes
2023;2813Z;Fabrication d'autres pompes et compresseurs;Femmes
2023;2813Z;Fabrication d'autres pompes et compresseurs;Hommes
2023;2814Z;Fabrication d'autres articles de robinetterie;Femmes
2023;2814Z;Fabrication d'autres articles de robinetterie;Hommes
2023;2815Z;Fabrication d'engrenages et d'organes mécaniques de transmission;Femmes
2023;2815Z;Fabrication d'engrenages et d'organes mécaniques de transmission;Hommes
2023;2821Z;Fabrication de fours et brûleurs;Femmes
2023;2821Z;Fabrication de fours et brûleurs;Hommes
2023;2822Z;Fabrication de matériel de levage et de manutention;Femmes
2023;2822Z;Fabrication de matériel de levage et de manutention;Hommes
2023;2823Z;Fabrication de machines et d'équipements de bureau (à l'exception des ordinateurs et équipements périphériques);Femmes
2023;2823Z;Fabrication de machines et d'équipements de bureau (à l'exception des ordinateurs et équipements périphériques);Hommes
2023;2824Z;Fabrication d'outillage portatif à moteur incorporé;Femmes
2023;2824Z;Fabrication d'outillage portatif à moteur incorporé;Hommes
2023;2825Z;Fabrication d'équipements aérauliques et frigorifiques industriels;Femmes
2023;2825Z;Fabrication d'équipements aérauliques et frigorifiques industriels;Hommes
2023;2829A;Fabrication d'équipements d'emballage, de conditionnement et de pesage;Femmes
2023;2829A;Fabrication d'équipements d'emballage, de conditionnement et de pesage;Hommes
2023;2829B;Fabrication d'autres machines d'usage général;Femmes
2023;2829B;Fabrication d'autres machines d'usage général;Hommes
2023;2830Z;Fabrication de machines agricoles et forestières;Femmes
2023;2830Z;Fabrication de machines agricoles et forestières;Hommes
2023;2841Z;Fabrication de machines-outils pour le travail des métaux;Femmes
2023;2841Z;Fabrication de machines-outils pour le travail des métaux;Hommes
2023;2849Z;Fabrication d'autres machines-outils;Femmes
2023;2849Z;Fabrication d'autres machines-outils;Hommes
2023;2891Z;Fabrication de machines pour la métallurgie;Femmes
2023;2891Z;Fabrication de machines pour la métallurgie;Hommes
2023;2892Z;Fabrication de machines pour l'extraction ou la construction;Femmes
2023;2892Z;Fabrication de machines pour l'extraction ou la construction;Hommes
2023;2893Z;Fabrication de machines pour l'industrie agro-alimentaire;Femmes
2023;2893Z;Fabrication de machines pour l'industrie agro-alimentaire;Hommes
2023;2894Z;Fabrication de machines pour les industries textiles;Femmes
2023;2894Z;Fabrication de machines pour les industries textiles;Hommes
2023;2895Z;Fabrication de machines pour les industries du papier et du carton;Femmes
2023;2895Z;Fabrication de machines pour les industries du papier et du carton;Hommes
2023;2896Z;Fabrication de machines pour le travail du caoutchouc ou des plastiques;Femmes
2023;2896Z;Fabrication de machines pour le travail du caoutchouc ou des plastiques;Hommes
2023;2899A;Fabrication de machines d'imprimerie;Femmes
2023;2899A;Fabrication de machines d'imprimerie;Hommes
2023;2899B;Fabrication d'autres machines spécialisées;Femmes
2023;2899B;Fabrication d'autres machines spécialisées;Hommes
2023;2910Z;Construction de véhicules automobiles;Femmes
2023;2910Z;Construction de véhicules automobiles;Hommes
2023;2920Z;Fabrication de carrosseries et remorques;Femmes
2023;2920Z;Fabrication de carrosseries et remorques;Hommes
2023;2931Z;Fabrication d'équipements électriques et électroniques automobiles;Femmes
2023;2931Z;Fabrication d'équipements électriques et électroniques automobiles;Hommes
2023;2932Z;Fabrication d'autres équipements automobiles;Femmes
2023;2932Z;Fabrication d'autres équipements automobiles;Hommes
2023;3011Z;Construction de navires et de structures flottantes;Femmes
2023;3011Z;Construction de navires et de structures flottantes;Hommes
2023;3012Z;Construction de bateaux de plaisance;Femmes
2023;3012Z;Construction de bateaux de plaisance;Hommes
2023;3020Z;Construction de locomotives et d'autre matériel ferroviaire roulant;Femmes
2023;3020Z;Construction de locomotives et d'autre matériel ferroviaire roulant;Hommes
2023;3030Z;Construction aéronautique et spatiale;Femmes
2023;3030Z;Construction aéronautique et spatiale;Hommes
2023;3040Z;Construction de véhicules militaires de combat;Femmes
2023;3040Z;Construction de véhicules militaires de combat;Hommes
2023;3091Z;Fabrication de motocycles;Femmes
2023;3091Z;Fabrication de motocycles;Hommes
2023;3092Z;Fabrication de bicyclettes et de véhicules pour invalides;Femmes
2023;3092Z;Fabrication de bicyclettes et de véhicules pour invalides;Hommes
2023;3099Z;Fabrication d'autres équipements de transport n.c.a.;Femmes
2023;3099Z;Fabrication d'autres équipements de transport n.c.a.;Hommes
2023;3101Z;Fabrication de meubles de bureau et de magasin;Femmes
2023;3101Z;Fabrication de meubles de bureau et de magasin;Hommes
2023;3102Z;Fabrication de meubles de cuisine;Femmes
2023;3102Z;Fabrication de meubles de cuisine;Hommes
2023;3103Z;Fabrication de matelas;Femmes
2023;3103Z;Fabrication de matelas;Hommes
2023;3109A;Fabrication de sièges d'ameublement d'intérieur;Femmes
2023;3109A;Fabrication de sièges d'ameublement d'intérieur;Hommes
2023;3109B;Fabrication d'autres meubles et industries connexes de l'ameublement;Femmes
2023;3109B;Fabrication d'autres meubles et industries connexes de l'ameublement;Hommes
2023;3211Z;Frappe de monnaie;Femmes
2023;3211Z;Frappe de monnaie;Hommes
2023;3212Z;Fabrication d'articles de joaillerie et bijouterie;Femmes
2023;3212Z;Fabrication d'articles de joaillerie et bijouterie;Hommes
2023;3213Z;Fabrication d'articles de bijouterie fantaisie et articles similaires;Femmes
2023;3213Z;Fabrication d'articles de bijouterie fantaisie et articles similaires;Hommes
2023;3220Z;Fabrication d'instruments de musique;Femmes
2023;3220Z;Fabrication d'instruments de musique;Hommes
2023;3230Z;Fabrication d'articles de sport;Femmes
2023;3230Z;Fabrication d'articles de sport;Hommes
2023;3240Z;Fabrication de jeux et jouets;Femmes
2023;3240Z;Fabrication de jeux et jouets;Hommes
2023;3250A;Fabrication de matériel médico-chirurgical et dentaire;Femmes
2023;3250A;Fabrication de matériel médico-chirurgical et dentaire;Hommes
2023;3250B;Fabrication de lunettes;Femmes
2023;3250B;Fabrication de lunettes;Hommes
2023;3291Z;Fabrication d'articles de brosserie;Femmes
2023;3291Z;Fabrication d'articles de brosserie;Hommes
2023;3299Z;Autres activités manufacturières n.c.a.;Femmes
2023;3299Z;Autres activités manufacturières n.c.a.;Hommes
2023;3311Z;Réparation d'ouvrages en métaux;Femmes
2023;3311Z;Réparation d'ouvrages en métaux;Hommes
2023;3312Z;Réparation de machines et équipements mécaniques;Femmes
2023;3312Z;Réparation de machines et équipements mécaniques;Hommes
2023;3313Z;Réparation de matériels électroniques et optiques;Femmes
2023;3313Z;Réparation de matériels électroniques et optiques;Hommes
2023;3314Z;Réparation d'équipements électriques;Femmes
2023;3314Z;Réparation d'équipements électriques;Hommes
2023;3315Z;Réparation et maintenance navale;Femmes
2023;3315Z;Réparation et maintenance navale;Hommes
2023;3316Z;Réparation et maintenance d'aéronefs et d'engins spatiaux;Femmes
2023;3316Z;Réparation et maintenance d'aéronefs et d'engins spatiaux;Hommes
2023;3317Z;Réparation et maintenance d'autres équipements de transport;Femmes
2023;3317Z;Réparation et maintenance d'autres équipements de transport;Hommes
2023;3319Z;Réparation d'autres équipements;Femmes
2023;3319Z;Réparation d'autres équipements;Hommes
2023;3320A;Installation de structures métalliques, chaudronnées et de tuyauterie;Femmes
2023;3320A;Installation de structures métalliques, chaudronnées et de tuyauterie;Hommes
2023;3320B;Installation de machines et équipements mécaniques;Femmes
2023;3320B;Installation de machines et équipements mécaniques;Hommes
2023;3320C;Conception d'ensemble et assemblage sur site industriel d'équipements de contrôle des processus industriels;Femmes
2023;3320C;Conception d'ensemble et assemblage sur site industriel d'équipements de contrôle des processus industriels;Hommes
2023;3320D;Installation d'équipements électriques, de matériels électroniques et optiques ou d'autres matériels;Femmes
2023;3320D;Installation d'équipements électriques, de matériels électroniques et optiques ou d'autres matériels;Hommes
2023;3511Z;Production d'électricité;Femmes
2023;3511Z;Production d'électricité;Hommes
2023;3512Z;Transport d'électricité;Femmes
2023;3512Z;Transport d'électricité;Hommes
2023;3513Z;Distribution d'électricité;Femmes
2023;3513Z;Distribution d'électricité;Hommes
2023;3514Z;Commerce d'électricité;Femmes
2023;3514Z;Commerce d'électricité;Hommes
2023;3521Z;Production de combustibles gazeux;Femmes
2023;3521Z;Production de combustibles gazeux;Hommes
2023;3522Z;Distribution de combustibles gazeux par conduites;Femmes
2023;3522Z;Distribution de combustibles gazeux par conduites;Hommes
2023;3523Z;Commerce de combustibles gazeux par conduites;Femmes
2023;3523Z;Commerce de combustibles gazeux par conduites;Hommes
2023;3530Z;Production et distribution de vapeur et d'air conditionné;Femmes
2023;3530Z;Production et distribution de vapeur et d'air conditionné;Hommes
2023;3600Z;Captage, traitement et distribution d'eau;Femmes
2023;3600Z;Captage, traitement et distribution d'eau;Hommes
2023;3700Z;Collecte et traitement des eaux usées;Femmes
2023;3700Z;Collecte et traitement des eaux usées;Hommes
2023;3811Z;Collecte des déchets non dangereux;Femmes
2023;3811Z;Collecte des déchets non dangereux;Hommes
2023;3812Z;Collecte des déchets dangereux;Femmes
2023;3812Z;Collecte des déchets dangereux;Hommes
2023;3821Z;Traitement et élimination des déchets non dangereux;Femmes
2023;3821Z;Traitement et élimination des déchets non dangereux;Hommes
2023;3822Z;Traitement et élimination des déchets dangereux;Femmes
2023;3822Z;Traitement et élimination des déchets dangereux;Hommes
2023;3831Z;Démantèlement d'épaves;Femmes
2023;3831Z;Démantèlement d'épaves;Hommes
2023;3832Z;Récupération de déchets triés;Femmes
2023;3832Z;Récupération de déchets triés;Hommes
2023;3900Z;Dépollution et autres services de gestion des déchets;Femmes
2023;3900Z;Dépollution et autres services de gestion des déchets;Hommes
2023;4110A;Promotion immobilière de logements;Femmes
2023;4110A;Promotion immobilière de logements;Hommes
2023;4110B;Promotion immobilière de bureaux;Femmes
2023;4110B;Promotion immobilière de bureaux;Hommes
2023;4110C;Promotion immobilière d'autres bâtiments;Femmes
2023;4110C;Promotion immobilière d'autres bâtiments;Hommes
2023;4110D;Supports juridiques de programmes;Femmes
2023;4110D;Supports juridiques de programmes;Hommes
2023;4120A;Construction de maisons individuelles;Femmes
2023;4120A;Construction de maisons individuelles;Hommes
2023;4120B;Construction d'autres bâtiments;Femmes
2023;4120B;Construction d'autres bâtiments;Hommes
2023;4211Z;Construction de routes et autoroutes;Femmes
2023;4211Z;Construction de routes et autoroutes;Hommes
2023;4212Z;Construction de voies ferrées de surface et souterraines;Femmes
2023;4212Z;Construction de voies ferrées de surface et souterraines;Hommes
2023;4213A;Construction d'ouvrages d'art;Femmes
2023;4213A;Construction d'ouvrages d'art;Hommes
2023;4213B;Construction et entretien de tunnels;Femmes
2023;4213B;Construction et entretien de tunnels;Hommes
2023;4221Z;Construction de réseaux pour fluides;Femmes
2023;4221Z;Construction de réseaux pour fluides;Hommes
2023;4222Z;Construction de réseaux électriques et de télécommunications;Femmes
2023;4222Z;Construction de réseaux électriques et de télécommunications;Hommes
2023;4291Z;Construction d'ouvrages maritimes et fluviaux;Femmes
2023;4291Z;Construction d'ouvrages maritimes et fluviaux;Hommes
2023;4299Z;Construction d'autres ouvrages de génie civil n.c.a.;Femmes
2023;4299Z;Construction d'autres ouvrages de génie civil n.c.a.;Hommes
2023;4311Z;Travaux de démolition;Femmes
2023;4311Z;Travaux de démolition;Hommes
2023;4312A;Travaux de terrassement courants et travaux préparatoires;Femmes
2023;4312A;Travaux de terrassement courants et travaux préparatoires;Hommes
2023;4312B;Travaux de terrassement spécialisés ou de grande masse;Femmes
2023;4312B;Travaux de terrassement spécialisés ou de grande masse;Hommes
2023;4313Z;Forages et sondages;Femmes
2023;4313Z;Forages et sondages;Hommes
2023;4321A;Travaux d'installation électrique dans tous locaux;Femmes
2023;4321A;Travaux d'installation électrique dans tous locaux;Hommes
2023;4321B;Travaux d'installation électrique sur la voie publique;Femmes
2023;4321B;Travaux d'installation électrique sur la voie publique;Hommes
2023;4322A;Travaux d'installation d'eau et de gaz en tous locaux;Femmes
2023;4322A;Travaux d'installation d'eau et de gaz en tous locaux;Hommes
2023;4322B;Travaux d'installation d'équipements thermiques et de climatisation;Femmes
2023;4322B;Travaux d'installation d'équipements thermiques et de climatisation;Hommes
2023;4329A;Travaux d'isolation;Femmes
2023;4329A;Travaux d'isolation;Hommes
2023;4329B;Autres travaux d'installation n.c.a.;Femmes
2023;4329B;Autres travaux d'installation n.c.a.;Hommes
2023;4331Z;Travaux de plâtrerie;Femmes
2023;4331Z;Travaux de plâtrerie;Hommes
2023;4332A;Travaux de menuiserie bois et PVC;Femmes
2023;4332A;Travaux de menuiserie bois et PVC;Hommes
2023;4332B;Travaux de menuiserie métallique et serrurerie;Femmes
2023;4332B;Travaux de menuiserie métallique et serrurerie;Hommes
2023;4332C;Agencement de lieux de vente;Femmes
2023;4332C;Agencement de lieux de vente;Hommes
2023;4333Z;Travaux de revêtement des sols et des murs;Femmes
2023;4333Z;Travaux de revêtement des sols et des murs;Hommes
2023;4334Z;Travaux de peinture et vitrerie;Femmes
2023;4334Z;Travaux de peinture et vitrerie;Hommes
2023;4339Z;Autres travaux de finition;Femmes
2023;4339Z;Autres travaux de finition;Hommes
2023;4391A;Travaux de charpente;Femmes
2023;4391A;Travaux de charpente;Hommes
2023;4391B;Travaux de couverture par éléments;Femmes
2023;4391B;Travaux de couverture par éléments;Hommes
2023;4399A;Travaux d'étanchéification;Femmes
2023;4399A;Travaux d'étanchéification;Hommes
2023;4399B;Travaux de montage de structures métalliques;Femmes
2023;4399B;Travaux de montage de structures métalliques;Hommes
2023;4399C;Travaux de maçonnerie générale et gros œuvre de bâtiment;Femmes
2023;4399C;Travaux de maçonnerie générale et gros œuvre de bâtiment;Hommes
2023;4399D;Autres travaux spécialisés de construction;Femmes
2023;4399D;Autres travaux spécialisés de construction;Hommes
2023;4399E;Location avec opérateur de matériel de construction;Femmes
2023;4399E;Location avec opérateur de matériel de construction;Hommes
2023;4511Z;Commerce de voitures et de véhicules automobiles légers;Femmes
2023;4511Z;Commerce de voitures et de véhicules automobiles légers;Hommes
2023;4519Z;Commerce d'autres véhicules automobiles;Femmes
2023;4519Z;Commerce d'autres véhicules automobiles;Hommes
2023;4520A;Entretien et réparation de véhicules automobiles légers;Femmes
2023;4520A;Entretien et réparation de véhicules automobiles légers;Hommes
2023;4520B;Entretien et réparation d'autres véhicules automobiles;Femmes
2023;4520B;Entretien et réparation d'autres véhicules automobiles;Hommes
2023;4531Z;Commerce de gros d'équipements automobiles;Femmes
2023;4531Z;Commerce de gros d'équipements automobiles;Hommes
2023;4532Z;Commerce de détail d'équipements automobiles;Femmes
2023;4532Z;Commerce de détail d'équipements automobiles;Hommes
2023;4540Z;Commerce et réparation de motocycles;Femmes
2023;4540Z;Commerce et réparation de motocycles;Hommes
2023;4611Z;Intermédiaires du commerce en matières premières agricoles, animaux vivants, matières premières textiles et produits semi-finis;Femmes
2023;4611Z;Intermédiaires du commerce en matières premières agricoles, animaux vivants, matières premières textiles et produits semi-finis;Hommes
2023;4612A;Centrales d'achat de carburant;Femmes
2023;4612A;Centrales d'achat de carburant;Hommes
2023;4612B;Autres intermédiaires du commerce en combustibles, métaux, minéraux et produits chimiques;Femmes
2023;4612B;Autres intermédiaires du commerce en combustibles, métaux, minéraux et produits chimiques;Hommes
2023;4613Z;Intermédiaires du commerce en bois et matériaux de construction;Femmes
2023;4613Z;Intermédiaires du commerce en bois et matériaux de construction;Hommes
2023;4614Z;Intermédiaires du commerce en machines, équipements industriels, navires et avions;Femmes
2023;4614Z;Intermédiaires du commerce en machines, équipements industriels, navires et avions;Hommes
2023;4615Z;Intermédiaires du commerce en meubles, articles de ménage et quincaillerie;Femmes
2023;4615Z;Intermédiaires du commerce en meubles, articles de ménage et quincaillerie;Hommes
2023;4616Z;Intermédiaires du commerce en textiles, habillement, fourrures, chaussures et articles en cuir;Femmes
2023;4616Z;Intermédiaires du commerce en textiles, habillement, fourrures, chaussures et articles en cuir;Hommes
2023;4617A;Centrales d'achat alimentaires;Femmes
2023;4617A;Centrales d'achat alimentaires;Hommes
2023;4617B;Autres intermédiaires du commerce en denrées, boissons et tabac;Femmes
2023;4617B;Autres intermédiaires du commerce en denrées, boissons et tabac;Hommes
2023;4618Z;Intermédiaires spécialisés dans le commerce d'autres produits spécifiques;Femmes
2023;4618Z;Intermédiaires spécialisés dans le commerce d'autres produits spécifiques;Hommes
2023;4619A;Centrales d'achat non alimentaires;Femmes
2023;4619A;Centrales d'achat non alimentaires;Hommes
2023;4619B;Autres intermédiaires du commerce en produits divers;Femmes
2023;4619B;Autres intermédiaires du commerce en produits divers;Hommes
2023;4621Z;Commerce de gros (commerce interentreprises) de céréales, de tabac non manufacturé, de semences et d'aliments pour le bétail;Femmes
2023;4621Z;Commerce de gros (commerce interentreprises) de céréales, de tabac non manufacturé, de semences et d'aliments pour le bétail;Hommes
2023;4622Z;Commerce de gros (commerce interentreprises) de fleurs et plantes;Femmes
2023;4622Z;Commerce de gros (commerce interentreprises) de fleurs et plantes;Hommes
2023;4623Z;Commerce de gros (commerce interentreprises) d'animaux vivants;Femmes
2023;4623Z;Commerce de gros (commerce interentreprises) d'animaux vivants;Hommes
2023;4624Z;Commerce de gros (commerce interentreprises) de cuirs et peaux;Femmes
2023;4624Z;Commerce de gros (commerce interentreprises) de cuirs et peaux;Hommes
2023;4631Z;Commerce de gros (commerce interentreprises) de fruits et légumes;Femmes
2023;4631Z;Commerce de gros (commerce interentreprises) de fruits et légumes;Hommes
2023;4632A;Commerce de gros (commerce interentreprises) de viandes de boucherie;Femmes
2023;4632A;Commerce de gros (commerce interentreprises) de viandes de boucherie;Hommes
2023;4632B;Commerce de gros (commerce interentreprises) de produits à base de viande;Femmes
2023;4632B;Commerce de gros (commerce interentreprises) de produits à base de viande;Hommes
2023;4632C;Commerce de gros (commerce interentreprises) de volailles et gibier;Femmes
2023;4632C;Commerce de gros (commerce interentreprises) de volailles et gibier;Hommes
2023;4633Z;Commerce de gros (commerce interentreprises) de produits laitiers, œufs, huiles et matières grasses comestibles;Femmes
2023;4633Z;Commerce de gros (commerce interentreprises) de produits laitiers, œufs, huiles et matières grasses comestibles;Hommes
2023;4634Z;Commerce de gros (commerce interentreprises) de boissons;Femmes
2023;4634Z;Commerce de gros (commerce interentreprises) de boissons;Hommes
2023;4635Z;Commerce de gros (commerce interentreprises) de produits à base de tabac;Femmes
2023;4635Z;Commerce de gros (commerce interentreprises) de produits à base de tabac;Hommes
2023;4636Z;Commerce de gros (commerce interentreprises) de sucre, chocolat et confiserie;Femmes
2023;4636Z;Commerce de gros (commerce interentreprises) de sucre, chocolat et confiserie;Hommes
2023;4637Z;Commerce de gros (commerce interentreprises) de café, thé, cacao et épices;Femmes
2023;4637Z;Commerce de gros (commerce interentreprises) de café, thé, cacao et épices;Hommes
2023;4638A;Commerce de gros (commerce interentreprises) de poissons, crustacés et mollusques;Femmes
2023;4638A;Commerce de gros (commerce interentreprises) de poissons, crustacés et mollusques;Hommes
2023;4638B;Commerce de gros (commerce interentreprises) alimentaire spécialisé divers;Femmes
2023;4638B;Commerce de gros (commerce interentreprises) alimentaire spécialisé divers;Hommes
2023;4639A;Commerce de gros (commerce interentreprises) de produits surgelés;Femmes
2023;4639A;Commerce de gros (commerce interentreprises) de produits surgelés;Hommes
2023;4639B;Commerce de gros (commerce interentreprises) alimentaire non spécialisé;Femmes
2023;4639B;Commerce de gros (commerce interentreprises) alimentaire non spécialisé;Hommes
2023;4641Z;Commerce de gros (commerce interentreprises) de textiles;Femmes
2023;4641Z;Commerce de gros (commerce interentreprises) de textiles;Hommes
2023;4642Z;Commerce de gros (commerce interentreprises) d'habillement et de chaussures;Femmes
2023;4642Z;Commerce de gros (commerce interentreprises) d'habillement et de chaussures;Hommes
2023;4643Z;Commerce de gros (commerce interentreprises) d'appareils électroménagers;Femmes
2023;4643Z;Commerce de gros (commerce interentreprises) d'appareils électroménagers;Hommes
2023;4644Z;Commerce de gros (commerce interentreprises) de vaisselle, verrerie et produits d'entretien;Femmes
2023;4644Z;Commerce de gros (commerce interentreprises) de vaisselle, verrerie et produits d'entretien;Hommes
2023;4645Z;Commerce de gros (commerce interentreprises) de parfumerie et de produits de beauté;Femmes
2023;4645Z;Commerce de gros (commerce interentreprises) de parfumerie et de produits de beauté;Hommes
2023;4646Z;Commerce de gros (commerce interentreprises) de produits pharmaceutiques;Femmes
2023;4646Z;Commerce de gros (commerce interentreprises) de produits pharmaceutiques;Hommes
2023;4647Z;Commerce de gros (commerce interentreprises) de meubles, de tapis et d'appareils d'éclairage;Femmes
2023;4647Z;Commerce de gros (commerce interentreprises) de meubles, de tapis et d'appareils d'éclairage;Hommes
2023;4648Z;Commerce de gros (commerce interentreprises) d'articles d'horlogerie et de bijouterie;Femmes
2023;4648Z;Commerce de gros (commerce interentreprises) d'articles d'horlogerie et de bijouterie;Hommes
2023;4649Z;Commerce de gros (commerce interentreprises) d'autres biens domestiques;Femmes
2023;4649Z;Commerce de gros (commerce interentreprises) d'autres biens domestiques;Hommes
2023;4651Z;Commerce de gros (commerce interentreprises) d'ordinateurs, d'équipements informatiques périphériques et de logiciels;Femmes
2023;4651Z;Commerce de gros (commerce interentreprises) d'ordinateurs, d'équipements informatiques périphériques et de logiciels;Hommes
2023;4652Z;Commerce de gros (commerce interentreprises) de composants et d'équipements électroniques et de télécommunication;Femmes
2023;4652Z;Commerce de gros (commerce interentreprises) de composants et d'équipements électroniques et de télécommunication;Hommes
2023;4661Z;Commerce de gros (commerce interentreprises) de matériel agricole;Femmes
2023;4661Z;Commerce de gros (commerce interentreprises) de matériel agricole;Hommes
2023;4662Z;Commerce de gros (commerce interentreprises) de machines-outils;Femmes
2023;4662Z;Commerce de gros (commerce interentreprises) de machines-outils;Hommes
2023;4663Z;Commerce de gros (commerce interentreprises) de machines pour l'extraction, la construction et le génie civil;Femmes
2023;4663Z;Commerce de gros (commerce interentreprises) de machines pour l'extraction, la construction et le génie civil;Hommes
2023;4664Z;Commerce de gros (commerce interentreprises) de machines pour l'industrie textile et l'habillement;Femmes
2023;4664Z;Commerce de gros (commerce interentreprises) de machines pour l'industrie textile et l'habillement;Hommes
2023;4665Z;Commerce de gros (commerce interentreprises) de mobilier de bureau;Femmes
2023;4665Z;Commerce de gros (commerce interentreprises) de mobilier de bureau;Hommes
2023;4666Z;Commerce de gros (commerce interentreprises) d'autres machines et équipements de bureau;Femmes
2023;4666Z;Commerce de gros (commerce interentreprises) d'autres machines et équipements de bureau;Hommes
2023;4669A;Commerce de gros (commerce interentreprises) de matériel électrique;Femmes
2023;4669A;Commerce de gros (commerce interentreprises) de matériel électrique;Hommes
2023;4669B;Commerce de gros (commerce interentreprises) de fournitures et équipements industriels divers;Femmes
2023;4669B;Commerce de gros (commerce interentreprises) de fournitures et équipements industriels divers;Hommes
2023;4669C;Commerce de gros (commerce interentreprises) de fournitures et équipements divers pour le commerce et les services;Femmes
2023;4669C;Commerce de gros (commerce interentreprises) de fournitures et équipements divers pour le commerce et les services;Hommes
2023;4671Z;Commerce de gros (commerce interentreprises) de combustibles et de produits annexes;Femmes
2023;4671Z;Commerce de gros (commerce interentreprises) de combustibles et de produits annexes;Hommes
2023;4672Z;Commerce de gros (commerce interentreprises) de minerais et métaux;Femmes
2023;4672Z;Commerce de gros (commerce interentreprises) de minerais et métaux;Hommes
2023;4673A;Commerce de gros (commerce interentreprises) de bois et de matériaux de construction;Femmes
2023;4673A;Commerce de gros (commerce interentreprises) de bois et de matériaux de construction;Hommes
2023;4673B;Commerce de gros (commerce interentreprises) d'appareils sanitaires et de produits de décoration;Femmes
2023;4673B;Commerce de gros (commerce interentreprises) d'appareils sanitaires et de produits de décoration;Hommes
2023;4674A;Commerce de gros (commerce interentreprises) de quincaillerie;Femmes
2023;4674A;Commerce de gros (commerce interentreprises) de quincaillerie;Hommes
2023;4674B;Commerce de gros (commerce interentreprises) de fournitures pour la plomberie et le chauffage;Femmes
2023;4674B;Commerce de gros (commerce interentreprises) de fournitures pour la plomberie et le chauffage;Hommes
2023;4675Z;Commerce de gros (commerce interentreprises) de produits chimiques;Femmes
2023;4675Z;Commerce de gros (commerce interentreprises) de produits chimiques;Hommes
2023;4676Z;Commerce de gros (commerce interentreprises) d'autres produits intermédiaires;Femmes
2023;4676Z;Commerce de gros (commerce interentreprises) d'autres produits intermédiaires;Hommes
2023;4677Z;Commerce de gros (commerce interentreprises) de déchets et débris;Femmes
2023;4677Z;Commerce de gros (commerce interentreprises) de déchets et débris;Hommes
2023;4690Z;Commerce de gros (commerce interentreprises) non spécialisé;Femmes
2023;4690Z;Commerce de gros (commerce interentreprises) non spécialisé;Hommes
2023;4711A;Commerce de détail de produits surgelés;Femmes
2023;4711A;Commerce de détail de produits surgelés;Hommes
2023;4711B;Commerce d'alimentation générale;Femmes
2023;4711B;Commerce d'alimentation générale;Hommes
2023;4711C;Supérettes;Femmes
2023;4711C;Supérettes;Hommes
2023;4711D;Supermarchés;Femmes
2023;4711D;Supermarchés;Hommes
2023;4711E;Magasins multi-commerces;Femmes
2023;4711E;Magasins multi-commerces;Hommes
2023;4711F;Hypermarchés;Femmes
2023;4711F;Hypermarchés;Hommes
2023;4719A;Grands magasins;Femmes
2023;4719A;Grands magasins;Hommes
2023;4719B;Autres commerces de détail en magasin non spécialisé;Femmes
2023;4719B;Autres commerces de détail en magasin non spécialisé;Hommes
2023;4721Z;Commerce de détail de fruits et légumes en magasin spécialisé;Femmes
2023;4721Z;Commerce de détail de fruits et légumes en magasin spécialisé;Hommes
2023;4722Z;Commerce de détail de viandes et de produits à base de viande en magasin spécialisé;Femmes
2023;4722Z;Commerce de détail de viandes et de produits à base de viande en magasin spécialisé;Hommes
2023;4723Z;Commerce de détail de poissons, crustacés et mollusques en magasin spécialisé;Femmes
2023;4723Z;Commerce de détail de poissons, crustacés et mollusques en magasin spécialisé;Hommes
2023;4724Z;Commerce de détail de pain, pâtisserie et confiserie en magasin spécialisé;Femmes
2023;4724Z;Commerce de détail de pain, pâtisserie et confiserie en magasin spécialisé;Hommes
2023;4725Z;Commerce de détail de boissons en magasin spécialisé;Femmes
2023;4725Z;Commerce de détail de boissons en magasin spécialisé;Hommes
2023;4726Z;Commerce de détail de produits à base de tabac en magasin spécialisé;Femmes
2023;4726Z;Commerce de détail de produits à base de tabac en magasin spécialisé;Hommes
2023;4729Z;Autres commerces de détail alimentaires en magasin spécialisé;Femmes
2023;4729Z;Autres commerces de détail alimentaires en magasin spécialisé;Hommes
2023;4730Z;Commerce de détail de carburants en magasin spécialisé;Femmes
2023;4730Z;Commerce de détail de carburants en magasin spécialisé;Hommes
2023;4741Z;Commerce de détail d'ordinateurs, d'unités périphériques et de logiciels en magasin spécialisé;Femmes
2023;4741Z;Commerce de détail d'ordinateurs, d'unités périphériques et de logiciels en magasin spécialisé;Hommes
2023;4742Z;Commerce de détail de matériels de télécommunication en magasin spécialisé;Femmes
2023;4742Z;Commerce de détail de matériels de télécommunication en magasin spécialisé;Hommes
2023;4743Z;Commerce de détail de matériels audio et vidéo en magasin spécialisé;Femmes
2023;4743Z;Commerce de détail de matériels audio et vidéo en magasin spécialisé;Hommes
2023;4751Z;Commerce de détail de textiles en magasin spécialisé;Femmes
2023;4751Z;Commerce de détail de textiles en magasin spécialisé;Hommes
2023;4752A;Commerce de détail de quincaillerie, peintures et verres en petites surfaces (moins de 400 m²);Femmes
2023;4752A;Commerce de détail de quincaillerie, peintures et verres en petites surfaces (moins de 400 m²);Hommes
2023;4752B;Commerce de détail de quincaillerie, peintures et verres en grandes surfaces (400 m² et plus);Femmes
2023;4752B;Commerce de détail de quincaillerie, peintures et verres en grandes surfaces (400 m² et plus);Hommes
2023;4753Z;Commerce de détail de tapis, moquettes et revêtements de murs et de sols en magasin spécialisé;Femmes
2023;4753Z;Commerce de détail de tapis, moquettes et revêtements de murs et de sols en magasin spécialisé;Hommes
2023;4754Z;Commerce de détail d'appareils électroménagers en magasin spécialisé;Femmes
2023;4754Z;Commerce de détail d'appareils électroménagers en magasin spécialisé;Hommes
2023;4759A;Commerce de détail de meubles;Femmes
2023;4759A;Commerce de détail de meubles;Hommes
2023;4759B;Commerce de détail d'autres équipements du foyer;Femmes
2023;4759B;Commerce de détail d'autres équipements du foyer;Hommes
2023;4761Z;Commerce de détail de livres en magasin spécialisé;Femmes
2023;4761Z;Commerce de détail de livres en magasin spécialisé;Hommes
2023;4762Z;Commerce de détail de journaux et papeterie en magasin spécialisé;Femmes
2023;4762Z;Commerce de détail de journaux et papeterie en magasin spécialisé;Hommes
2023;4763Z;Commerce de détail d'enregistrements musicaux et vidéo en magasin spécialisé;Femmes
2023;4763Z;Commerce de détail d'enregistrements musicaux et vidéo en magasin spécialisé;Hommes
2023;4764Z;Commerce de détail d'articles de sport en magasin spécialisé;Femmes
2023;4764Z;Commerce de détail d'articles de sport en magasin spécialisé;Hommes
2023;4765Z;Commerce de détail de jeux et jouets en magasin spécialisé;Femmes
2023;4765Z;Commerce de détail de jeux et jouets en magasin spécialisé;Hommes
2023;4771Z;Commerce de détail d'habillement en magasin spécialisé;Femmes
2023;4771Z;Commerce de détail d'habillement en magasin spécialisé;Hommes
2023;4772A;Commerce de détail de la chaussure;Femmes
2023;4772A;Commerce de détail de la chaussure;Hommes
2023;4772B;Commerce de détail de maroquinerie et d'articles de voyage;Femmes
2023;4772B;Commerce de détail de maroquinerie et d'articles de voyage;Hommes
2023;4773Z;Commerce de détail de produits pharmaceutiques en magasin spécialisé;Femmes
2023;4773Z;Commerce de détail de produits pharmaceutiques en magasin spécialisé;Hommes
2023;4774Z;Commerce de détail d'articles médicaux et orthopédiques en magasin spécialisé;Femmes
2023;4774Z;Commerce de détail d'articles médicaux et orthopédiques en magasin spécialisé;Hommes
2023;4775Z;Commerce de détail de parfumerie et de produits de beauté en magasin spécialisé;Femmes
2023;4775Z;Commerce de détail de parfumerie et de produits de beauté en magasin spécialisé;Hommes
2023;4776Z;Commerce de détail de fleurs, plantes, graines, engrais, animaux de compagnie et aliments pour ces animaux en magasin spécialisé;Femmes
2023;4776Z;Commerce de détail de fleurs, plantes, graines, engrais, animaux de compagnie et aliments pour ces animaux en magasin spécialisé;Hommes
2023;4777Z;Commerce de détail d'articles d'horlogerie et de bijouterie en magasin spécialisé;Femmes
2023;4777Z;Commerce de détail d'articles d'horlogerie et de bijouterie en magasin spécialisé;Hommes
2023;4778A;Commerces de détail d'optique;Femmes
2023;4778A;Commerces de détail d'optique;Hommes
2023;4778B;Commerces de détail de charbons et combustibles;Femmes
2023;4778B;Commerces de détail de charbons et combustibles;Hommes
2023;4778C;Autres commerces de détail spécialisés divers;Femmes
2023;4778C;Autres commerces de détail spécialisés divers;Hommes
2023;4779Z;Commerce de détail de biens d'occasion en magasin;Femmes
2023;4779Z;Commerce de détail de biens d'occasion en magasin;Hommes
2023;4781Z;Commerce de détail alimentaire sur éventaires et marchés;Femmes
2023;4781Z;Commerce de détail alimentaire sur éventaires et marchés;Hommes
2023;4782Z;Commerce de détail de textiles, d'habillement et de chaussures sur éventaires et marchés;Femmes
2023;4782Z;Commerce de détail de textiles, d'habillement et de chaussures sur éventaires et marchés;Hommes
2023;4789Z;Autres commerces de détail sur éventaires et marchés;Femmes
2023;4789Z;Autres commerces de détail sur éventaires et marchés;Hommes
2023;4791A;Vente à distance sur catalogue général;Femmes
2023;4791A;Vente à distance sur catalogue général;Hommes
2023;4791B;Vente à distance sur catalogue spécialisé;Femmes
2023;4791B;Vente à distance sur catalogue spécialisé;Hommes
2023;4799A;Vente à domicile;Femmes
2023;4799A;Vente à domicile;Hommes
2023;4799B;Vente par automates et autres commerces de détail hors magasin, éventaires ou marchés n.c.a.;Femmes
2023;4799B;Vente par automates et autres commerces de détail hors magasin, éventaires ou marchés n.c.a.;Hommes
2023;4910Z;Transport ferroviaire interurbain de voyageurs;Femmes
2023;4910Z;Transport ferroviaire interurbain de voyageurs;Hommes
2023;4920Z;Transports ferroviaires de fret;Femmes
2023;4920Z;Transports ferroviaires de fret;Hommes
2023;4931Z;Transports urbains et suburbains de voyageurs;Femmes
2023;4931Z;Transports urbains et suburbains de voyageurs;Hommes
2023;4932Z;Transports de voyageurs par taxis;Femmes
2023;4932Z;Transports de voyageurs par taxis;Hommes
2023;4939A;Transports routiers réguliers de voyageurs;Femmes
2023;4939A;Transports routiers réguliers de voyageurs;Hommes
2023;4939B;Autres transports routiers de voyageurs;Femmes
2023;4939B;Autres transports routiers de voyageurs;Hommes
2023;4939C;Téléphériques et remontées mécaniques;Femmes
2023;4939C;Téléphériques et remontées mécaniques;Hommes
2023;4941A;Transports routiers de fret interurbains;Femmes
2023;4941A;Transports routiers de fret interurbains;Hommes
2023;4941B;Transports routiers de fret de proximité;Femmes
2023;4941B;Transports routiers de fret de proximité;Hommes
2023;4941C;Location de camions avec chauffeur;Femmes
2023;4941C;Location de camions avec chauffeur;Hommes
2023;4942Z;Services de déménagement;Femmes
2023;4942Z;Services de déménagement;Hommes
2023;4950Z;Transports par conduites;Femmes
2023;4950Z;Transports par conduites;Hommes
2023;5010Z;Transports maritimes et côtiers de passagers;Femmes
2023;5010Z;Transports maritimes et côtiers de passagers;Hommes
2023;5020Z;Transports maritimes et côtiers de fret;Femmes
2023;5020Z;Transports maritimes et côtiers de fret;Hommes
2023;5030Z;Transports fluviaux de passagers;Femmes
2023;5030Z;Transports fluviaux de passagers;Hommes
2023;5040Z;Transports fluviaux de fret;Femmes
2023;5040Z;Transports fluviaux de fret;Hommes
2023;5110Z;Transports aériens de passagers;Femmes
2023;5110Z;Transports aériens de passagers;Hommes
2023;5121Z;Transports aériens de fret;Femmes
2023;5121Z;Transports aériens de fret;Hommes
2023;5122Z;Transports spatiaux;Femmes
2023;5122Z;Transports spatiaux;Hommes
2023;5210A;Entreposage et stockage frigorifique;Femmes
2023;5210A;Entreposage et stockage frigorifique;Hommes
2023;5210B;Entreposage et stockage non frigorifique;Femmes
2023;5210B;Entreposage et stockage non frigorifique;Hommes
2023;5221Z;Services auxiliaires des transports terrestres;Femmes
2023;5221Z;Services auxiliaires des transports terrestres;Hommes
2023;5222Z;Services auxiliaires des transports par eau;Femmes
2023;5222Z;Services auxiliaires des transports par eau;Hommes
2023;5223Z;Services auxiliaires des transports aériens;Femmes
2023;5223Z;Services auxiliaires des transports aériens;Hommes
2023;5224A;Manutention portuaire;Femmes
2023;5224A;Manutention portuaire;Hommes
2023;5224B;Manutention non portuaire;Femmes
2023;5224B;Manutention non portuaire;Hommes
2023;5229A;Messagerie, fret express;Femmes
2023;5229A;Messagerie, fret express;Hommes
2023;5229B;Affrètement et organisation des transports;Femmes
2023;5229B;Affrètement et organisation des transports;Hommes
2023;5310Z;Activités de poste dans le cadre d'une obligation de service universel;Femmes
2023;5310Z;Activités de poste dans le cadre d'une obligation de service universel;Hommes
2023;5320Z;Autres activités de poste et de courrier;Femmes
2023;5320Z;Autres activités de poste et de courrier;Hommes
2023;5510Z;Hôtels et hébergement similaire;Femmes
2023;5510Z;Hôtels et hébergement similaire;Hommes
2023;5520Z;Hébergement touristique et autre hébergement de courte durée;Femmes
2023;5520Z;Hébergement touristique et autre hébergement de courte durée;Hommes
2023;5530Z;Terrains de camping et parcs pour caravanes ou véhicules de loisirs;Femmes
2023;5530Z;Terrains de camping et parcs pour caravanes ou véhicules de loisirs;Hommes
2023;5590Z;Autres hébergements;Femmes
2023;5590Z;Autres hébergements;Hommes
2023;5610A;Restauration traditionnelle;Femmes
2023;5610A;Restauration traditionnelle;Hommes
2023;5610B;Cafétérias et autres libres-services;Femmes
2023;5610B;Cafétérias et autres libres-services;Hommes
2023;5610C;Restauration de type rapide;Femmes
2023;5610C;Restauration de type rapide;Hommes
2023;5621Z;Services des traiteurs;Femmes
2023;5621Z;Services des traiteurs;Hommes
2023;5629A;Restauration collective sous contrat;Femmes
2023;5629A;Restauration collective sous contrat;Hommes
2023;5629B;Autres services de restauration n.c.a.;Femmes
2023;5629B;Autres services de restauration n.c.a.;Hommes
2023;5630Z;Débits de boissons;Femmes
2023;5630Z;Débits de boissons;Hommes
2023;5811Z;Édition de livres;Femmes
2023;5811Z;Édition de livres;Hommes
2023;5812Z;Édition de répertoires et de fichiers d'adresses;Femmes
2023;5812Z;Édition de répertoires et de fichiers d'adresses;Hommes
2023;5813Z;Édition de journaux;Femmes
2023;5813Z;Édition de journaux;Hommes
2023;5814Z;Édition de revues et périodiques;Femmes
2023;5814Z;Édition de revues et périodiques;Hommes
2023;5819Z;Autres activités d'édition;Femmes
2023;5819Z;Autres activités d'édition;Hommes
2023;5821Z;Édition de jeux électroniques;Femmes
2023;5821Z;Édition de jeux électroniques;Hommes
2023;5829A;Édition de logiciels système et de réseau;Femmes
2023;5829A;Édition de logiciels système et de réseau;Hommes
2023;5829B;Édition de logiciels outils de développement et de langages;Femmes
2023;5829B;Édition de logiciels outils de développement et de langages;Hommes
2023;5829C;Édition de logiciels applicatifs;Femmes
2023;5829C;Édition de logiciels applicatifs;Hommes
2023;5911A;Production de films et de programmes pour la télévision;Femmes
2023;5911A;Production de films et de programmes pour la télévision;Hommes
2023;5911B;Production de films institutionnels et publicitaires;Femmes
2023;5911B;Production de films institutionnels et publicitaires;Hommes
2023;5911C;Production de films pour le cinéma;Femmes
2023;5911C;Production de films pour le cinéma;Hommes
2023;5912Z;Post-production de films cinématographiques, de vidéo et de programmes de télévision;Femmes
2023;5912Z;Post-production de films cinématographiques, de vidéo et de programmes de télévision;Hommes
2023;5913A;Distribution de films cinématographiques;Femmes
2023;5913A;Distribution de films cinématographiques;Hommes
2023;5913B;Édition et distribution vidéo;Femmes
2023;5913B;Édition et distribution vidéo;Hommes
2023;5914Z;Projection de films cinématographiques;Femmes
2023;5914Z;Projection de films cinématographiques;Hommes
2023;5920Z;Enregistrement sonore et édition musicale;Femmes
2023;5920Z;Enregistrement sonore et édition musicale;Hommes
2023;6010Z;Édition et diffusion de programmes radio;Femmes
2023;6010Z;Édition et diffusion de programmes radio;Hommes
2023;6020A;Édition de chaînes généralistes;Femmes
2023;6020A;Édition de chaînes généralistes;Hommes
2023;6020B;Édition de chaînes thématiques;Femmes
2023;6020B;Édition de chaînes thématiques;Hommes
2023;6110Z;Télécommunications filaires;Femmes
2023;6110Z;Télécommunications filaires;Hommes
2023;6120Z;Télécommunications sans fil;Femmes
2023;6120Z;Télécommunications sans fil;Hommes
2023;6130Z;Télécommunications par satellite;Femmes
2023;6130Z;Télécommunications par satellite;Hommes
2023;6190Z;Autres activités de télécommunication;Femmes
2023;6190Z;Autres activités de télécommunication;Hommes
2023;6201Z;Programmation informatique;Femmes
2023;6201Z;Programmation informatique;Hommes
2023;6202A;Conseil en systèmes et logiciels informatiques;Femmes
2023;6202A;Conseil en systèmes et logiciels informatiques;Hommes
2023;6202B;Tierce maintenance de systèmes et d'applications informatiques;Femmes
2023;6202B;Tierce maintenance de systèmes et d'applications informatiques;Hommes
2023;6203Z;Gestion d'installations informatiques;Femmes
2023;6203Z;Gestion d'installations informatiques;Hommes
2023;6209Z;Autres activités informatiques;Femmes
2023;6209Z;Autres activités informatiques;Hommes
2023;6311Z;Traitement de données, hébergement et activités connexes;Femmes
2023;6311Z;Traitement de données, hébergement et activités connexes;Hommes
2023;6312Z;Portails Internet;Femmes
2023;6312Z;Portails Internet;Hommes
2023;6391Z;Activités des agences de presse;Femmes
2023;6391Z;Activités des agences de presse;Hommes
2023;6399Z;Autres services d'information n.c.a.;Femmes
2023;6399Z;Autres services d'information n.c.a.;Hommes
2023;6411Z;Activités de banque centrale;Femmes
2023;6411Z;Activités de banque centrale;Hommes
2023;6419Z;Autres intermédiations monétaires;Femmes
2023;6419Z;Autres intermédiations monétaires;Hommes
2023;6420Z;Activités des sociétés holding;Femmes
2023;6420Z;Activités des sociétés holding;Hommes
2023;6430Z;Fonds de placement et entités financières similaires;Femmes
2023;6430Z;Fonds de placement et entités financières similaires;Hommes
2023;6491Z;Crédit-bail;Femmes
2023;6491Z;Crédit-bail;Hommes
2023;6492Z;Autre distribution de crédit;Femmes
2023;6492Z;Autre distribution de crédit;Hommes
2023;6499Z;Autres activités des services financiers, hors assurance et caisses de retraite, n.c.a.;Femmes
2023;6499Z;Autres activités des services financiers, hors assurance et caisses de retraite, n.c.a.;Hommes
2023;6511Z;Assurance vie;Femmes
2023;6511Z;Assurance vie;Hommes
2023;6512Z;Autres assurances;Femmes
2023;6512Z;Autres assurances;Hommes
2023;6520Z;Réassurance;Femmes
2023;6520Z;Réassurance;Hommes
2023;6530Z;Caisses de retraite;Femmes
2023;6530Z;Caisses de retraite;Hommes
2023;6611Z;Administration de marchés financiers;Femmes
2023;6611Z;Administration de marchés financiers;Hommes
2023;6612Z;Courtage de valeurs mobilières et de marchandises;Femmes
2023;6612Z;Courtage de valeurs mobilières et de marchandises;Hommes
2023;6619A;Supports juridiques de gestion de patrimoine mobilier;Femmes
2023;6619A;Supports juridiques de gestion de patrimoine mobilier;Hommes
2023;6619B;Autres activités auxiliaires de services financiers, hors assurance et caisses de retraite, n.c.a.;Femmes
2023;6619B;Autres activités auxiliaires de services financiers, hors assurance et caisses de retraite, n.c.a.;Hommes
2023;6621Z;Évaluation des risques et dommages;Femmes
2023;6621Z;Évaluation des risques et dommages;Hommes
2023;6622Z;Activités des agents et courtiers d'assurances;Femmes
2023;6622Z;Activités des agents et courtiers d'assurances;Hommes
2023;6629Z;Autres activités auxiliaires d'assurance et de caisses de retraite;Femmes
2023;6629Z;Autres activités auxiliaires d'assurance et de caisses de retraite;Hommes
2023;6630Z;Gestion de fonds;Femmes
2023;6630Z;Gestion de fonds;Hommes
2023;6810Z;Activités des marchands de biens immobiliers;Femmes
2023;6810Z;Activités des marchands de biens immobiliers;Hommes
2023;6820A;Location de logements;Femmes
2023;6820A;Location de logements;Hommes
2023;6820B;Location de terrains et d'autres biens immobiliers;Femmes
2023;6820B;Location de terrains et d'autres biens immobiliers;Hommes
2023;6831Z;Agences immobilières;Femmes
2023;6831Z;Agences immobilières;Hommes
2023;6832A;Administration d'immeubles et autres biens immobiliers;Femmes
2023;6832A;Administration d'immeubles et autres biens immobiliers;Hommes
2023;6832B;Supports juridiques de gestion de patrimoine immobilier;Femmes
2023;6832B;Supports juridiques de gestion de patrimoine immobilier;Hommes
2023;6910Z;Activités juridiques;Femmes
2023;6910Z;Activités juridiques;Hommes
2023;6920Z;Activités comptables;Femmes
2023;6920Z;Activités comptables;Hommes
2023;7010Z;Activités des sièges sociaux;Femmes
2023;7010Z;Activités des sièges sociaux;Hommes
2023;7021Z;Conseil en relations publiques et communication;Femmes
2023;7021Z;Conseil en relations publiques et communication;Hommes
2023;7022Z;Conseil pour les affaires et autres conseils de gestion;Femmes
2023;7022Z;Conseil pour les affaires et autres conseils de gestion;Hommes
2023;7111Z;Activités d'architecture;Femmes
2023;7111Z;Activités d'architecture;Hommes
2023;7112A;Activité des géomètres;Femmes
2023;7112A;Activité des géomètres;Hommes
2023;7112B;Ingénierie, études techniques;Femmes
2023;7112B;Ingénierie, études techniques;Hommes
2023;7120A;Contrôle technique automobile;Femmes
2023;7120A;Contrôle technique automobile;Hommes
2023;7120B;Analyses, essais et inspections techniques;Femmes
2023;7120B;Analyses, essais et inspections techniques;Hommes
2023;7211Z;Recherche-développement en biotechnologie;Femmes
2023;7211Z;Recherche-développement en biotechnologie;Hommes
2023;7219Z;Recherche-développement en autres sciences physiques et naturelles;Femmes
2023;7219Z;Recherche-développement en autres sciences physiques et naturelles;Hommes
2023;7220Z;Recherche-développement en sciences humaines et sociales;Femmes
2023;7220Z;Recherche-développement en sciences humaines et sociales;Hommes
2023;7311Z;Activités des agences de publicité;Femmes
2023;7311Z;Activités des agences de publicité;Hommes
2023;7312Z;Régie publicitaire de médias;Femmes
2023;7312Z;Régie publicitaire de médias;Hommes
2023;7320Z;Études de marché et sondages;Femmes
2023;7320Z;Études de marché et sondages;Hommes
2023;7410Z;Activités spécialisées de design;Femmes
2023;7410Z;Activités spécialisées de design;Hommes
2023;7420Z;Activités photographiques;Femmes
2023;7420Z;Activités photographiques;Hommes
2023;7430Z;Traduction et interprétation;Femmes
2023;7430Z;Traduction et interprétation;Hommes
2023;7490A;Activité des économistes de la construction;Femmes
2023;7490A;Activité des économistes de la construction;Hommes
2023;7490B;Activités spécialisées, scientifiques et techniques diverses;Femmes
2023;7490B;Activités spécialisées, scientifiques et techniques diverses;Hommes
2023;7500Z;Activités vétérinaires;Femmes
2023;7500Z;Activités vétérinaires;Hommes
2023;7711A;Location de courte durée de voitures et de véhicules automobiles légers;Femmes
2023;7711A;Location de courte durée de voitures et de véhicules automobiles légers;Hommes
2023;7711B;Location de longue durée de voitures et de véhicules automobiles légers;Femmes
2023;7711B;Location de longue durée de voitures et de véhicules automobiles légers;Hommes
2023;7712Z;Location et location-bail de camions;Femmes
2023;7712Z;Location et location-bail de camions;Hommes
2023;7721Z;Location et location-bail d'articles de loisirs et de sport;Femmes
2023;7721Z;Location et location-bail d'articles de loisirs et de sport;Hommes
2023;7722Z;Location de vidéocassettes et disques vidéo;Femmes
2023;7722Z;Location de vidéocassettes et disques vidéo;Hommes
2023;7729Z;Location et location-bail d'autres biens personnels et domestiques;Femmes
2023;7729Z;Location et location-bail d'autres biens personnels et domestiques;Hommes
2023;7731Z;Location et location-bail de machines et équipements agricoles;Femmes
2023;7731Z;Location et location-bail de machines et équipements agricoles;Hommes
2023;7732Z;Location et location-bail de machines et équipements pour la construction;Femmes
2023;7732Z;Location et location-bail de machines et équipements pour la construction;Hommes
2023;7733Z;Location et location-bail de machines de bureau et de matériel informatique;Femmes
2023;7733Z;Location et location-bail de machines de bureau et de matériel informatique;Hommes
2023;7734Z;Location et location-bail de matériels de transport par eau;Femmes
2023;7734Z;Location et location-bail de matériels de transport par eau;Hommes
2023;7735Z;Location et location-bail de matériels de transport aérien;Femmes
2023;7735Z;Location et location-bail de matériels de transport aérien;Hommes
2023;7739Z;Location et location-bail d'autres machines, équipements et biens matériels n.c.a.;Femmes
2023;7739Z;Location et location-bail d'autres machines, équipements et biens matériels n.c.a.;Hommes
2023;7740Z;Location-bail de propriété intellectuelle et de produits similaires, à l'exception des œuvres soumises à copyright;Femmes
2023;7740Z;Location-bail de propriété intellectuelle et de produits similaires, à l'exception des œuvres soumises à copyright;Hommes
2023;7810Z;Activités des agences de placement de main-d'œuvre;Femmes
2023;7810Z;Activités des agences de placement de main-d'œuvre;Hommes
2023;7820Z;Activités des agences de travail temporaire;Femmes
2023;7820Z;Activités des agences de travail temporaire;Hommes
2023;7830Z;Autre mise à disposition de ressources humaines;Femmes
2023;7830Z;Autre mise à disposition de ressources humaines;Hommes
2023;7911Z;Activités des agences de voyage;Femmes
2023;7911Z;Activités des agences de voyage;Hommes
2023;7912Z;Activités des voyagistes;Femmes
2023;7912Z;Activités des voyagistes;Hommes
2023;7990Z;Autres services de réservation et activités connexes;Femmes
2023;7990Z;Autres services de réservation et activités connexes;Hommes
2023;8010Z;Activités de sécurité privée;Femmes
2023;8010Z;Activités de sécurité privée;Hommes
2023;8020Z;Activités liées aux systèmes de sécurité;Femmes
2023;8020Z;Activités liées aux systèmes de sécurité;Hommes
2023;8030Z;Activités d'enquête;Femmes
2023;8030Z;Activités d'enquête;Hommes
2023;8110Z;Activités combinées de soutien lié aux bâtiments;Femmes
2023;8110Z;Activités combinées de soutien lié aux bâtiments;Hommes
2023;8121Z;Nettoyage courant des bâtiments;Femmes
2023;8121Z;Nettoyage courant des bâtiments;Hommes
2023;8122Z;Autres activités de nettoyage des bâtiments et nettoyage industriel;Femmes
2023;8122Z;Autres activités de nettoyage des bâtiments et nettoyage industriel;Hommes
2023;8129A;Désinfection, désinsectisation, dératisation;Femmes
2023;8129A;Désinfection, désinsectisation, dératisation;Hommes
2023;8129B;Autres activités de nettoyage n.c.a.;Femmes
2023;8129B;Autres activités de nettoyage n.c.a.;Hommes
2023;8130Z;Services d'aménagement paysager;Femmes
2023;8130Z;Services d'aménagement paysager;Hommes
2023;8211Z;Services administratifs combinés de bureau;Femmes
2023;8211Z;Services administratifs combinés de bureau;Hommes
2023;8219Z;Photocopie, préparation de documents et autres activités spécialisées de soutien de bureau;Femmes
2023;8219Z;Photocopie, préparation de documents et autres activités spécialisées de soutien de bureau;Hommes
2023;8220Z;Activités de centres d'appels;Femmes
2023;8220Z;Activités de centres d'appels;Hommes
2023;8230Z;Organisation de foires, salons professionnels et congrès;Femmes
2023;8230Z;Organisation de foires, salons professionnels et congrès;Hommes
2023;8291Z;Activités des agences de recouvrement de factures et des sociétés d'information financière sur la clientèle;Femmes
2023;8291Z;Activités des agences de recouvrement de factures et des sociétés d'information financière sur la clientèle;Hommes
2023;8292Z;Activités de conditionnement;Femmes
2023;8292Z;Activités de conditionnement;Hommes
2023;8299Z;Autres activités de soutien aux entreprises n.c.a.;Femmes
2023;8299Z;Autres activités de soutien aux entreprises n.c.a.;Hommes
2023;8411Z;Administration publique générale;Femmes
2023;8411Z;Administration publique générale;Hommes
2023;8412Z;Administration publique (tutelle) de la santé, de la formation, de la culture et des services sociaux, autre que sécurité sociale;Femmes
2023;8412Z;Administration publique (tutelle) de la santé, de la formation, de la culture et des services sociaux, autre que sécurité sociale;Hommes
2023;8413Z;Administration publique (tutelle) des activités économiques;Femmes
2023;8413Z;Administration publique (tutelle) des activités économiques;Hommes
2023;8421Z;Affaires étrangères;Femmes
2023;8421Z;Affaires étrangères;Hommes
2023;8422Z;Défense;Femmes
2023;8422Z;Défense;Hommes
2023;8423Z;Justice;Femmes
2023;8423Z;Justice;Hommes
2023;8424Z;Activités d'ordre public et de sécurité;Femmes
2023;8424Z;Activités d'ordre public et de sécurité;Hommes
2023;8425Z;Services du feu et de secours;Femmes
2023;8425Z;Services du feu et de secours;Hommes
2023;8430A;Activités générales de sécurité sociale;Femmes
2023;8430A;Activités générales de sécurité sociale;Hommes
2023;8430B;Gestion des retraites complémentaires;Femmes
2023;8430B;Gestion des retraites complémentaires;Hommes
2023;8430C;Distribution sociale de revenus;Femmes
2023;8430C;Distribution sociale de revenus;Hommes
2023;8510Z;Enseignement pré-primaire;Femmes
2023;8510Z;Enseignement pré-primaire;Hommes
2023;8520Z;Enseignement primaire;Femmes
2023;8520Z;Enseignement primaire;Hommes
2023;8531Z;Enseignement secondaire général;Femmes
2023;8531Z;Enseignement secondaire général;Hommes
2023;8532Z;Enseignement secondaire technique ou professionnel;Femmes
2023;8532Z;Enseignement secondaire technique ou professionnel;Hommes
2023;8541Z;Enseignement post-secondaire non supérieur;Femmes
2023;8541Z;Enseignement post-secondaire non supérieur;Hommes
2023;8542Z;Enseignement supérieur;Femmes
2023;8542Z;Enseignement supérieur;Hommes
2023;8551Z;Enseignement de disciplines sportives et d'activités de loisirs;Femmes
2023;8551Z;Enseignement de disciplines sportives et d'activités de loisirs;Hommes
2023;8552Z;Enseignement culturel;Femmes
2023;8552Z;Enseignement culturel;Hommes
2023;8553Z;Enseignement de la conduite;Femmes
2023;8553Z;Enseignement de la conduite;Hommes
2023;8559A;Formation continue d'adultes;Femmes
2023;8559A;Formation continue d'adultes;Hommes
2023;8559B;Autres enseignements;Femmes
2023;8559B;Autres enseignements;Hommes
2023;8560Z;Activités de soutien à l'enseignement;Femmes
2023;8560Z;Activités de soutien à l'enseignement;Hommes
2023;8610Z;Activités hospitalières;Femmes
2023;8610Z;Activités hospitalières;Hommes
2023;8621Z;Activité des médecins généralistes;Femmes
2023;8621Z;Activité des médecins généralistes;Hommes
2023;8622A;Activités de radiodiagnostic et de radiothérapie;Femmes
2023;8622A;Activités de radiodiagnostic et de radiothérapie;Hommes
2023;8622B;Activités chirurgicales;Femmes
2023;8622B;Activités chirurgicales;Hommes
2023;8622C;Autres activités des médecins spécialistes;Femmes
2023;8622C;Autres activités des médecins spécialistes;Hommes
2023;8623Z;Pratique dentaire;Femmes
2023;8623Z;Pratique dentaire;Hommes
2023;8690A;Ambulances;Femmes
2023;8690A;Ambulances;Hommes
2023;8690B;Laboratoires d'analyses médicales;Femmes
2023;8690B;Laboratoires d'analyses médicales;Hommes
2023;8690C;Centres de collecte et banques d'organes;Femmes
2023;8690C;Centres de collecte et banques d'organes;Hommes
2023;8690D;Activités des infirmiers et des sages-femmes;Femmes
2023;8690D;Activités des infirmiers et des sages-femmes;Hommes
2023;8690E;Activités des professionnels de la rééducation, de l'appareillage et des pédicures-podologues;Femmes
2023;8690E;Activités des professionnels de la rééducation, de l'appareillage et des pédicures-podologues;Hommes
2023;8690F;Activités de santé humaine non classées ailleurs;Femmes
2023;8690F;Activités de santé humaine non classées ailleurs;Hommes
2023;8710A;Hébergement médicalisé pour personnes âgées;Femmes
2023;8710A;Hébergement médicalisé pour personnes âgées;Hommes
2023;8710B;Hébergement médicalisé pour enfants handicapés;Femmes
2023;8710B;Hébergement médicalisé pour enfants handicapés;Hommes
2023;8710C;Hébergement médicalisé pour adultes handicapés et autre hébergement médicalisé;Femmes
2023;8710C;Hébergement médicalisé pour adultes handicapés et autre hébergement médicalisé;Hommes
2023;8720A;Hébergement social pour handicapés mentaux et malades mentaux;Femmes
2023;8720A;Hébergement social pour handicapés mentaux et malades mentaux;Hommes
2023;8720B;Hébergement social pour toxicomanes;Femmes
2023;8720B;Hébergement social pour toxicomanes;Hommes
2023;8730A;Hébergement social pour personnes âgées;Femmes
2023;8730A;Hébergement social pour personnes âgées;Hommes
2023;8730B;Hébergement social pour handicapés physiques;Femmes
2023;8730B;Hébergement social pour handicapés physiques;Hommes
2023;8790A;Hébergement social pour enfants en difficultés;Femmes
2023;8790A;Hébergement social pour enfants en difficultés;Hommes
2023;8790B;Hébergement social pour adultes et familles en difficultés et autre hébergement social;Femmes
2023;8790B;Hébergement social pour adultes et familles en difficultés et autre hébergement social;Hommes
2023;8810A;Aide à domicile;Femmes
2023;8810A;Aide à domicile;Hommes
2023;8810B;Accueil ou accompagnement sans hébergement d'adultes handicapés ou de personnes âgées;Femmes
2023;8810B;Accueil ou accompagnement sans hébergement d'adultes handicapés ou de personnes âgées;Hommes
2023;8810C;Aide par le travail;Femmes
2023;8810C;Aide par le travail;Hommes
2023;8891A;Accueil de jeunes enfants;Femmes
2023;8891A;Accueil de jeunes enfants;Hommes
2023;8891B;Accueil ou accompagnement sans hébergement d'enfants handicapés;Femmes
2023;8891B;Accueil ou accompagnement sans hébergement d'enfants handicapés;Hommes
2023;8899A;Autre accueil ou accompagnement sans hébergement d'enfants et d'adolescents;Femmes
2023;8899A;Autre accueil ou accompagnement sans hébergement d'enfants et d'adolescents;Hommes
2023;8899B;Action sociale sans hébergement n.c.a.;Femmes
2023;8899B;Action sociale sans hébergement n.c.a.;Hommes
2023;9001Z;Arts du spectacle vivant;Femmes
2023;9001Z;Arts du spectacle vivant;Hommes
2023;9002Z;Activités de soutien au spectacle vivant;Femmes
2023;9002Z;Activités de soutien au spectacle vivant;Hommes
2023;9003A;Création artistique relevant des arts plastiques;Femmes
2023;9003A;Création artistique relevant des arts plastiques;Hommes
2023;9003B;Autre création artistique;Femmes
2023;9003B;Autre création artistique;Hommes
2023;9004Z;Gestion de salles de spectacles;Femmes
2023;9004Z;Gestion de salles de spectacles;Hommes
2023;9101Z;Gestion des bibliothèques et des archives;Femmes
2023;9101Z;Gestion des bibliothèques et des archives;Hommes
2023;9102Z;Gestion des musées;Femmes
2023;9102Z;Gestion des musées;Hommes
2023;9103Z;Gestion des sites et monuments historiques et des attractions touristiques similaires;Femmes
2023;9103Z;Gestion des sites et monuments historiques et des attractions touristiques similaires;Hommes
2023;9104Z;Gestion des jardins botaniques et zoologiques et des réserves naturelles;Femmes
2023;9104Z;Gestion des jardins botaniques et zoologiques et des réserves naturelles;Hommes
2023;9200Z;Organisation de jeux de hasard et d'argent;Femmes
2023;9200Z;Organisation de jeux de hasard et d'argent;Hommes
2023;9311Z;Gestion d'installations sportives;Femmes
2023;9311Z;Gestion d'installations sportives;Hommes
2023;9312Z;Activités de clubs de sports;Femmes
2023;9312Z;Activités de clubs de sports;Hommes
2023;9313Z;Activités des centres de culture physique;Femmes
2023;9313Z;Activités des centres de culture physique;Hommes
2023;9319Z;Autres activités liées au sport;Femmes
2023;9319Z;Autres activités liées au sport;Hommes
2023;9321Z;Activités des parcs d'attractions et parcs à thèmes;Femmes
2023;9321Z;Activités des parcs d'attractions et parcs à thèmes;Hommes
2023;9329Z;Autres activités récréatives et de loisirs;Femmes
2023;9329Z;Autres activités récréatives et de loisirs;Hommes
2023;9411Z;Activités des organisations patronales et consulaires;Femmes
2023;9411Z;Activités des organisations patronales et consulaires;Hommes
2023;9412Z;Activités des organisations professionnelles;Femmes
2023;9412Z;Activités des organisations professionnelles;Hommes
2023;9420Z;Activités des syndicats de salariés;Femmes
2023;9420Z;Activités des syndicats de salariés;Hommes
2023;9491Z;Activités des organisations religieuses;Femmes
2023;9491Z;Activités des organisations religieuses;Hommes
2023;9492Z;Activités des organisations politiques;Femmes
2023;9492Z;Activités des organisations politiques;Hommes
2023;9499Z;Autres organisations fonctionnant par adhésion volontaire;Femmes
2023;9499Z;Autres organisations fonctionnant par adhésion volontaire;Hommes
2023;9511Z;Réparation d'ordinateurs et d'équipements périphériques;Femmes
2023;9511Z;Réparation d'ordinateurs et d'équipements périphériques;Hommes
2023;9512Z;Réparation d'équipements de communication;Femmes
2023;9512Z;Réparation d'équipements de communication;Hommes
2023;9521Z;Réparation de produits électroniques grand public;Femmes
2023;9521Z;Réparation de produits électroniques grand public;Hommes
2023;9522Z;Réparation d'appareils électroménagers et d'équipements pour la maison et le jardin;Femmes
2023;9522Z;Réparation d'appareils électroménagers et d'équipements pour la maison et le jardin;Hommes
2023;9523Z;Réparation de chaussures et d'articles en cuir;Femmes
2023;9523Z;Réparation de chaussures et d'articles en cuir;Hommes
2023;9524Z;Réparation de meubles et d'équipements du foyer;Femmes
2023;9524Z;Réparation de meubles et d'équipements du foyer;Hommes
2023;9525Z;Réparation d'articles d'horlogerie et de bijouterie;Femmes
2023;9525Z;Réparation d'articles d'horlogerie et de bijouterie;Hommes
2023;9529Z;Réparation d'autres biens personnels et domestiques;Femmes
2023;9529Z;Réparation d'autres biens personnels et domestiques;Hommes
2023;9601A;Blanchisserie-teinturerie de gros;Femmes
2023;9601A;Blanchisserie-teinturerie de gros;Hommes
2023;9601B;Blanchisserie-teinturerie de détail;Femmes
2023;9601B;Blanchisserie-teinturerie de détail;Hommes
2023;9602A;Coiffure;Femmes
2023;9602A;Coiffure;Hommes
2023;9602B;Soins de beauté;Femmes
2023;9602B;Soins de beauté;Hommes
2023;9603Z;Services funéraires;Femmes
2023;9603Z;Services funéraires;Hommes
2023;9604Z;Entretien corporel;Femmes
2023;9604Z;Entretien corporel;Hommes
2023;9609Z;Autres services personnels n.c.a.;Femmes
2023;9609Z;Autres services personnels n.c.a.;Hommes
2023;9700Z;Activités des ménages en tant qu'employeurs de personnel domestique;Femmes
2023;9700Z;Activités des ménages en tant qu'employeurs de personnel domestique;Hommes
2023;9810Z;Activités indifférenciées des ménages en tant que producteurs de biens pour usage propre;Femmes
2023;9810Z;Activités indifférenciées des ménages en tant que producteurs de biens pour usage propre;Hommes
2023;9820Z;Activités indifférenciées des ménages en tant que producteurs de services pour usage propre;Femmes
2023;9820Z;Activités indifférenciées des ménages en tant que producteurs de services pour usage propre;Hommes
2023;9900Z;Activités des organisations et organismes extraterritoriaux;Femmes
2023;9900Z;Activités des organisations et organismes extraterritoriaux;Hommes
2024;0111Z;Culture de céréales (à l'exception du riz), de légumineuses et de graines oléagineuses;Femmes
2024;0111Z;Culture de céréales (à l'exception du riz), de légumineuses et de graines oléagineuses;Hommes
2024;0112Z;Culture du riz;Femmes
2024;0112Z;Culture du riz;Hommes
2024;0113Z;Culture de légumes, de melons, de racines et de tubercules;Femmes
2024;0113Z;Culture de légumes, de melons, de racines et de tubercules;Hommes
2024;0114Z;Culture de la canne à sucre;Femmes
2024;0114Z;Culture de la canne à sucre;Hommes
2024;0115Z;Culture du tabac;Femmes
2024;0115Z;Culture du tabac;Hommes
2024;0116Z;Culture de plantes à fibres;Femmes
2024;0116Z;Culture de plantes à fibres;Hommes
2024;0119Z;Autres cultures non permanentes;Femmes
2024;0119Z;Autres cultures non permanentes;Hommes
2024;0121Z;Culture de la vigne;Femmes
2024;0121Z;Culture de la vigne;Hommes
2024;0122Z;Culture de fruits tropicaux et subtropicaux;Femmes
2024;0122Z;Culture de fruits tropicaux et subtropicaux;Hommes
2024;0123Z;Culture d'agrumes;Femmes
2024;0123Z;Culture d'agrumes;Hommes
2024;0124Z;Culture de fruits à pépins et à noyau;Femmes
2024;0124Z;Culture de fruits à pépins et à noyau;Hommes
2024;0125Z;Culture d'autres fruits d'arbres ou d'arbustes et de fruits à coque;Femmes
2024;0125Z;Culture d'autres fruits d'arbres ou d'arbustes et de fruits à coque;Hommes
2024;0126Z;Culture de fruits oléagineux;Femmes
2024;0126Z;Culture de fruits oléagineux;Hommes
2024;0127Z;Culture de plantes à boissons;Femmes
2024;0127Z;Culture de plantes à boissons;Hommes
2024;0128Z;Culture de plantes à épices, aromatiques, médicinales et pharmaceutiques;Femmes
2024;0128Z;Culture de plantes à épices, aromatiques, médicinales et pharmaceutiques;Hommes
2024;0129Z;Autres cultures permanentes;Femmes
2024;0129Z;Autres cultures permanentes;Hommes
2024;0130Z;Reproduction de plantes;Femmes
2024;0130Z;Reproduction de plantes;Hommes
2024;0141Z;Élevage de vaches laitières;Femmes
2024;0141Z;Élevage de vaches laitières;Hommes
2024;0142Z;Élevage d'autres bovins et de buffles;Femmes
2024;0142Z;Élevage d'autres bovins et de buffles;Hommes
2024;0143Z;Élevage de chevaux et d'autres équidés;Femmes
2024;0143Z;Élevage de chevaux et d'autres équidés;Hommes
2024;0144Z;Élevage de chameaux et d'autres camélidés;Femmes
2024;0144Z;Élevage de chameaux et d'autres camélidés;Hommes
2024;0145Z;Élevage d'ovins et de caprins;Femmes
2024;0145Z;Élevage d'ovins et de caprins;Hommes
2024;0146Z;Élevage de porcins;Femmes
2024;0146Z;Élevage de porcins;Hommes
2024;0147Z;Élevage de volailles;Femmes
2024;0147Z;Élevage de volailles;Hommes
2024;0149Z;Élevage d'autres animaux;Femmes
2024;0149Z;Élevage d'autres animaux;Hommes
2024;0150Z;Culture et élevage associés;Femmes
2024;0150Z;Culture et élevage associés;Hommes
2024;0161Z;Activités de soutien aux cultures;Femmes
2024;0161Z;Activités de soutien aux cultures;Hommes
2024;0162Z;Activités de soutien à la production animale;Femmes
2024;0162Z;Activités de soutien à la production animale;Hommes
2024;0163Z;Traitement primaire des récoltes;Femmes
2024;0163Z;Traitement primaire des récoltes;Hommes
2024;0164Z;Traitement des semences;Femmes
2024;0164Z;Traitement des semences;Hommes
2024;0170Z;Chasse, piégeage et services annexes;Femmes
2024;0170Z;Chasse, piégeage et services annexes;Hommes
2024;0210Z;Sylviculture et autres activités forestières;Femmes
2024;0210Z;Sylviculture et autres activités forestières;Hommes
2024;0220Z;Exploitation forestière;Femmes
2024;0220Z;Exploitation forestière;Hommes
2024;0230Z;Récolte de produits forestiers non ligneux poussant à l'état sauvage;Femmes
2024;0230Z;Récolte de produits forestiers non ligneux poussant à l'état sauvage;Hommes
2024;0240Z;Services de soutien à l'exploitation forestière;Femmes
2024;0240Z;Services de soutien à l'exploitation forestière;Hommes
2024;0311Z;Pêche en mer;Femmes
2024;0311Z;Pêche en mer;Hommes
2024;0312Z;Pêche en eau douce;Femmes
2024;0312Z;Pêche en eau douce;Hommes
2024;0321Z;Aquaculture en mer;Femmes
2024;0321Z;Aquaculture en mer;Hommes
2024;0322Z;Aquaculture en eau douce;Femmes
2024;0322Z;Aquaculture en eau douce;Hommes
2024;0510Z;Extraction de houille;Femmes
2024;0510Z;Extraction de houille;Hommes
2024;0520Z;Extraction de lignite;Femmes
2024;0520Z;Extraction de lignite;Hommes
2024;0610Z;Extraction de pétrole brut;Femmes
2024;0610Z;Extraction de pétrole brut;Hommes
2024;0620Z;Extraction de gaz naturel;Femmes
2024;0620Z;Extraction de gaz naturel;Hommes
2024;0710Z;Extraction de minerais de fer;Femmes
2024;0710Z;Extraction de minerais de fer;Hommes
2024;0721Z;Extraction de minerais d'uranium et de thorium;Femmes
2024;0721Z;Extraction de minerais d'uranium et de thorium;Hommes
2024;0729Z;Extraction d'autres minerais de métaux non ferreux;Femmes
2024;0729Z;Extraction d'autres minerais de métaux non ferreux;Hommes
2024;0811Z;Extraction de pierres ornementales et de construction, de calcaire industriel, de gypse, de craie et d'ardoise;Femmes
2024;0811Z;Extraction de pierres ornementales et de construction, de calcaire industriel, de gypse, de craie et d'ardoise;Hommes
2024;0812Z;Exploitation de gravières et sablières, extraction d'argiles et de kaolin;Femmes
2024;0812Z;Exploitation de gravières et sablières, extraction d'argiles et de kaolin;Hommes
2024;0891Z;Extraction des minéraux chimiques et d'engrais minéraux;Femmes
2024;0891Z;Extraction des minéraux chimiques et d'engrais minéraux;Hommes
2024;0892Z;Extraction de tourbe;Femmes
2024;0892Z;Extraction de tourbe;Hommes
2024;0893Z;Production de sel;Femmes
2024;0893Z;Production de sel;Hommes
2024;0899Z;Autres activités extractives n.c.a.;Femmes
2024;0899Z;Autres activités extractives n.c.a.;Hommes
2024;0910Z;Activités de soutien à l'extraction d'hydrocarbures;Femmes
2024;0910Z;Activités de soutien à l'extraction d'hydrocarbures;Hommes
2024;0990Z;Activités de soutien aux autres industries extractives;Femmes
2024;0990Z;Activités de soutien aux autres industries extractives;Hommes
2024;1011Z;Transformation et conservation de la viande de boucherie;Femmes
2024;1011Z;Transformation et conservation de la viande de boucherie;Hommes
2024;1012Z;Transformation et conservation de la viande de volaille;Femmes
2024;1012Z;Transformation et conservation de la viande de volaille;Hommes
2024;1013A;Préparation industrielle de produits à base de viande;Femmes
2024;1013A;Préparation industrielle de produits à base de viande;Hommes
2024;1013B;Charcuterie;Femmes
2024;1013B;Charcuterie;Hommes
2024;1020Z;Transformation et conservation de poisson, de crustacés et de mollusques;Femmes
2024;1020Z;Transformation et conservation de poisson, de crustacés et de mollusques;Hommes
2024;1031Z;Transformation et conservation de pommes de terre;Femmes
2024;1031Z;Transformation et conservation de pommes de terre;Hommes
2024;1032Z;Préparation de jus de fruits et légumes;Femmes
2024;1032Z;Préparation de jus de fruits et légumes;Hommes
2024;1039A;Autre transformation et conservation de légumes;Femmes
2024;1039A;Autre transformation et conservation de légumes;Hommes
2024;1039B;Transformation et conservation de fruits;Femmes
2024;1039B;Transformation et conservation de fruits;Hommes
2024;1041A;Fabrication d'huiles et graisses brutes;Femmes
2024;1041A;Fabrication d'huiles et graisses brutes;Hommes
2024;1041B;Fabrication d'huiles et graisses raffinées;Femmes
2024;1041B;Fabrication d'huiles et graisses raffinées;Hommes
2024;1042Z;Fabrication de margarine et graisses comestibles similaires;Femmes
2024;1042Z;Fabrication de margarine et graisses comestibles similaires;Hommes
2024;1051A;Fabrication de lait liquide et de produits frais;Femmes
2024;1051A;Fabrication de lait liquide et de produits frais;Hommes
2024;1051B;Fabrication de beurre;Femmes
2024;1051B;Fabrication de beurre;Hommes
2024;1051C;Fabrication de fromage;Femmes
2024;1051C;Fabrication de fromage;Hommes
2024;1051D;Fabrication d'autres produits laitiers;Femmes
2024;1051D;Fabrication d'autres produits laitiers;Hommes
2024;1052Z;Fabrication de glaces et sorbets;Femmes
2024;1052Z;Fabrication de glaces et sorbets;Hommes
2024;1061A;Meunerie;Femmes
2024;1061A;Meunerie;Hommes
2024;1061B;Autres activités du travail des grains;Femmes
2024;1061B;Autres activités du travail des grains;Hommes
2024;1062Z;Fabrication de produits amylacés;Femmes
2024;1062Z;Fabrication de produits amylacés;Hommes
2024;1071A;Fabrication industrielle de pain et de pâtisserie fraîche;Femmes
2024;1071A;Fabrication industrielle de pain et de pâtisserie fraîche;Hommes
2024;1071B;Cuisson de produits de boulangerie;Femmes
2024;1071B;Cuisson de produits de boulangerie;Hommes
2024;1071C;Boulangerie et boulangerie-pâtisserie;Femmes
2024;1071C;Boulangerie et boulangerie-pâtisserie;Hommes
2024;1071D;Pâtisserie;Femmes
2024;1071D;Pâtisserie;Hommes
2024;1072Z;Fabrication de biscuits, biscottes et pâtisseries de conservation;Femmes
2024;1072Z;Fabrication de biscuits, biscottes et pâtisseries de conservation;Hommes
2024;1073Z;Fabrication de pâtes alimentaires;Femmes
2024;1073Z;Fabrication de pâtes alimentaires;Hommes
2024;1081Z;Fabrication de sucre;Femmes
2024;1081Z;Fabrication de sucre;Hommes
2024;1082Z;Fabrication de cacao, chocolat et de produits de confiserie;Femmes
2024;1082Z;Fabrication de cacao, chocolat et de produits de confiserie;Hommes
2024;1083Z;Transformation du thé et du café;Femmes
2024;1083Z;Transformation du thé et du café;Hommes
2024;1084Z;Fabrication de condiments et assaisonnements;Femmes
2024;1084Z;Fabrication de condiments et assaisonnements;Hommes
2024;1085Z;Fabrication de plats préparés;Femmes
2024;1085Z;Fabrication de plats préparés;Hommes
2024;1086Z;Fabrication d'aliments homogénéisés et diététiques;Femmes
2024;1086Z;Fabrication d'aliments homogénéisés et diététiques;Hommes
2024;1089Z;Fabrication d'autres produits alimentaires n.c.a.;Femmes
2024;1089Z;Fabrication d'autres produits alimentaires n.c.a.;Hommes
2024;1091Z;Fabrication d'aliments pour animaux de ferme;Femmes
2024;1091Z;Fabrication d'aliments pour animaux de ferme;Hommes
2024;1092Z;Fabrication d'aliments pour animaux de compagnie;Femmes
2024;1092Z;Fabrication d'aliments pour animaux de compagnie;Hommes
2024;1101Z;Production de boissons alcooliques distillées;Femmes
2024;1101Z;Production de boissons alcooliques distillées;Hommes
2024;1102A;Fabrication de vins effervescents;Femmes
2024;1102A;Fabrication de vins effervescents;Hommes
2024;1102B;Vinification;Femmes
2024;1102B;Vinification;Hommes
2024;1103Z;Fabrication de cidre et de vins de fruits;Femmes
2024;1103Z;Fabrication de cidre et de vins de fruits;Hommes
2024;1104Z;Production d'autres boissons fermentées non distillées;Femmes
2024;1104Z;Production d'autres boissons fermentées non distillées;Hommes
2024;1105Z;Fabrication de bière;Femmes
2024;1105Z;Fabrication de bière;Hommes
2024;1106Z;Fabrication de malt;Femmes
2024;1106Z;Fabrication de malt;Hommes
2024;1107A;Industrie des eaux de table;Femmes
2024;1107A;Industrie des eaux de table;Hommes
2024;1107B;Production de boissons rafraîchissantes;Femmes
2024;1107B;Production de boissons rafraîchissantes;Hommes
2024;1200Z;Fabrication de produits à base de tabac;Femmes
2024;1200Z;Fabrication de produits à base de tabac;Hommes
2024;1310Z;Préparation de fibres textiles et filature;Femmes
2024;1310Z;Préparation de fibres textiles et filature;Hommes
2024;1320Z;Tissage;Femmes
2024;1320Z;Tissage;Hommes
2024;1330Z;Ennoblissement textile;Femmes
2024;1330Z;Ennoblissement textile;Hommes
2024;1391Z;Fabrication d'étoffes à mailles;Femmes
2024;1391Z;Fabrication d'étoffes à mailles;Hommes
2024;1392Z;Fabrication d'articles textiles, sauf habillement;Femmes
2024;1392Z;Fabrication d'articles textiles, sauf habillement;Hommes
2024;1393Z;Fabrication de tapis et moquettes;Femmes
2024;1393Z;Fabrication de tapis et moquettes;Hommes
2024;1394Z;Fabrication de ficelles, cordes et filets;Femmes
2024;1394Z;Fabrication de ficelles, cordes et filets;Hommes
2024;1395Z;Fabrication de non-tissés, sauf habillement;Femmes
2024;1395Z;Fabrication de non-tissés, sauf habillement;Hommes
2024;1396Z;Fabrication d'autres textiles techniques et industriels;Femmes
2024;1396Z;Fabrication d'autres textiles techniques et industriels;Hommes
2024;1399Z;Fabrication d'autres textiles n.c.a.;Femmes
2024;1399Z;Fabrication d'autres textiles n.c.a.;Hommes
2024;1411Z;Fabrication de vêtements en cuir;Femmes
2024;1411Z;Fabrication de vêtements en cuir;Hommes
2024;1412Z;Fabrication de vêtements de travail;Femmes
2024;1412Z;Fabrication de vêtements de travail;Hommes
2024;1413Z;Fabrication de vêtements de dessus;Femmes
2024;1413Z;Fabrication de vêtements de dessus;Hommes
2024;1414Z;Fabrication de vêtements de dessous;Femmes
2024;1414Z;Fabrication de vêtements de dessous;Hommes
2024;1419Z;Fabrication d'autres vêtements et accessoires;Femmes
2024;1419Z;Fabrication d'autres vêtements et accessoires;Hommes
2024;1420Z;Fabrication d'articles en fourrure;Femmes
2024;1420Z;Fabrication d'articles en fourrure;Hommes
2024;1431Z;Fabrication d'articles chaussants à mailles;Femmes
2024;1431Z;Fabrication d'articles chaussants à mailles;Hommes
2024;1439Z;Fabrication d'autres articles à mailles;Femmes
2024;1439Z;Fabrication d'autres articles à mailles;Hommes
2024;1511Z;"Apprêt et tannage des cuirs ; préparation et teinture des fourrures";Femmes
2024;1511Z;"Apprêt et tannage des cuirs ; préparation et teinture des fourrures";Hommes
2024;1512Z;Fabrication d'articles de voyage, de maroquinerie et de sellerie;Femmes
2024;1512Z;Fabrication d'articles de voyage, de maroquinerie et de sellerie;Hommes
2024;1520Z;Fabrication de chaussures;Femmes
2024;1520Z;Fabrication de chaussures;Hommes
2024;1610A;Sciage et rabotage du bois, hors imprégnation;Femmes
2024;1610A;Sciage et rabotage du bois, hors imprégnation;Hommes
2024;1610B;Imprégnation du bois;Femmes
2024;1610B;Imprégnation du bois;Hommes
2024;1621Z;Fabrication de placage et de panneaux de bois;Femmes
2024;1621Z;Fabrication de placage et de panneaux de bois;Hommes
2024;1622Z;Fabrication de parquets assemblés;Femmes
2024;1622Z;Fabrication de parquets assemblés;Hommes
2024;1623Z;Fabrication de charpentes et d'autres menuiseries;Femmes
2024;1623Z;Fabrication de charpentes et d'autres menuiseries;Hommes
2024;1624Z;Fabrication d'emballages en bois;Femmes
2024;1624Z;Fabrication d'emballages en bois;Hommes
2024;1629Z;"Fabrication d'objets divers en bois ; fabrication d'objets en liège, vannerie et sparterie";Femmes
2024;1629Z;"Fabrication d'objets divers en bois ; fabrication d'objets en liège, vannerie et sparterie";Hommes
2024;1711Z;Fabrication de pâte à papier;Femmes
2024;1711Z;Fabrication de pâte à papier;Hommes
2024;1712Z;Fabrication de papier et de carton;Femmes
2024;1712Z;Fabrication de papier et de carton;Hommes
2024;1721A;Fabrication de carton ondulé;Femmes
2024;1721A;Fabrication de carton ondulé;Hommes
2024;1721B;Fabrication de cartonnages;Femmes
2024;1721B;Fabrication de cartonnages;Hommes
2024;1721C;Fabrication d'emballages en papier;Femmes
2024;1721C;Fabrication d'emballages en papier;Hommes
2024;1722Z;Fabrication d'articles en papier à usage sanitaire ou domestique;Femmes
2024;1722Z;Fabrication d'articles en papier à usage sanitaire ou domestique;Hommes
2024;1723Z;Fabrication d'articles de papeterie;Femmes
2024;1723Z;Fabrication d'articles de papeterie;Hommes
2024;1724Z;Fabrication de papiers peints;Femmes
2024;1724Z;Fabrication de papiers peints;Hommes
2024;1729Z;Fabrication d'autres articles en papier ou en carton;Femmes
2024;1729Z;Fabrication d'autres articles en papier ou en carton;Hommes
2024;1811Z;Imprimerie de journaux;Femmes
2024;1811Z;Imprimerie de journaux;Hommes
2024;1812Z;Autre imprimerie (labeur);Femmes
2024;1812Z;Autre imprimerie (labeur);Hommes
2024;1813Z;Activités de pré-presse;Femmes
2024;1813Z;Activités de pré-presse;Hommes
2024;1814Z;Reliure et activités connexes;Femmes
2024;1814Z;Reliure et activités connexes;Hommes
2024;1820Z;Reproduction d'enregistrements;Femmes
2024;1820Z;Reproduction d'enregistrements;Hommes
2024;1910Z;Cokéfaction;Femmes
2024;1910Z;Cokéfaction;Hommes
2024;1920Z;Raffinage du pétrole;Femmes
2024;1920Z;Raffinage du pétrole;Hommes
2024;2011Z;Fabrication de gaz industriels;Femmes
2024;2011Z;Fabrication de gaz industriels;Hommes
2024;2012Z;Fabrication de colorants et de pigments;Femmes
2024;2012Z;Fabrication de colorants et de pigments;Hommes
2024;2013A;Enrichissement et retraitement de matières nucléaires;Femmes
2024;2013A;Enrichissement et retraitement de matières nucléaires;Hommes
2024;2013B;Fabrication d'autres produits chimiques inorganiques de base n.c.a.;Femmes
2024;2013B;Fabrication d'autres produits chimiques inorganiques de base n.c.a.;Hommes
2024;2014Z;Fabrication d'autres produits chimiques organiques de base;Femmes
2024;2014Z;Fabrication d'autres produits chimiques organiques de base;Hommes
2024;2015Z;Fabrication de produits azotés et d'engrais;Femmes
2024;2015Z;Fabrication de produits azotés et d'engrais;Hommes
2024;2016Z;Fabrication de matières plastiques de base;Femmes
2024;2016Z;Fabrication de matières plastiques de base;Hommes
2024;2017Z;Fabrication de caoutchouc synthétique;Femmes
2024;2017Z;Fabrication de caoutchouc synthétique;Hommes
2024;2020Z;Fabrication de pesticides et d'autres produits agrochimiques;Femmes
2024;2020Z;Fabrication de pesticides et d'autres produits agrochimiques;Hommes
2024;2030Z;Fabrication de peintures, vernis, encres et mastics;Femmes
2024;2030Z;Fabrication de peintures, vernis, encres et mastics;Hommes
2024;2041Z;Fabrication de savons, détergents et produits d'entretien;Femmes
2024;2041Z;Fabrication de savons, détergents et produits d'entretien;Hommes
2024;2042Z;Fabrication de parfums et de produits pour la toilette;Femmes
2024;2042Z;Fabrication de parfums et de produits pour la toilette;Hommes
2024;2051Z;Fabrication de produits explosifs;Femmes
2024;2051Z;Fabrication de produits explosifs;Hommes
2024;2052Z;Fabrication de colles;Femmes
2024;2052Z;Fabrication de colles;Hommes
2024;2053Z;Fabrication d'huiles essentielles;Femmes
2024;2053Z;Fabrication d'huiles essentielles;Hommes
2024;2059Z;Fabrication d'autres produits chimiques n.c.a.;Femmes
2024;2059Z;Fabrication d'autres produits chimiques n.c.a.;Hommes
2024;2060Z;Fabrication de fibres artificielles ou synthétiques;Femmes
2024;2060Z;Fabrication de fibres artificielles ou synthétiques;Hommes
2024;2110Z;Fabrication de produits pharmaceutiques de base;Femmes
2024;2110Z;Fabrication de produits pharmaceutiques de base;Hommes
2024;2120Z;Fabrication de préparations pharmaceutiques;Femmes
2024;2120Z;Fabrication de préparations pharmaceutiques;Hommes
2024;2211Z;Fabrication et rechapage de pneumatiques;Femmes
2024;2211Z;Fabrication et rechapage de pneumatiques;Hommes
2024;2219Z;Fabrication d'autres articles en caoutchouc;Femmes
2024;2219Z;Fabrication d'autres articles en caoutchouc;Hommes
2024;2221Z;Fabrication de plaques, feuilles, tubes et profilés en matières plastiques;Femmes
2024;2221Z;Fabrication de plaques, feuilles, tubes et profilés en matières plastiques;Hommes
2024;2222Z;Fabrication d'emballages en matières plastiques;Femmes
2024;2222Z;Fabrication d'emballages en matières plastiques;Hommes
2024;2223Z;Fabrication d'éléments en matières plastiques pour la construction;Femmes
2024;2223Z;Fabrication d'éléments en matières plastiques pour la construction;Hommes
2024;2229A;Fabrication de pièces techniques à base de matières plastiques;Femmes
2024;2229A;Fabrication de pièces techniques à base de matières plastiques;Hommes
2024;2229B;Fabrication de produits de consommation courante en matières plastiques;Femmes
2024;2229B;Fabrication de produits de consommation courante en matières plastiques;Hommes
2024;2311Z;Fabrication de verre plat;Femmes
2024;2311Z;Fabrication de verre plat;Hommes
2024;2312Z;Façonnage et transformation du verre plat;Femmes
2024;2312Z;Façonnage et transformation du verre plat;Hommes
2024;2313Z;Fabrication de verre creux;Femmes
2024;2313Z;Fabrication de verre creux;Hommes
2024;2314Z;Fabrication de fibres de verre;Femmes
2024;2314Z;Fabrication de fibres de verre;Hommes
2024;2319Z;Fabrication et façonnage d'autres articles en verre, y compris verre technique;Femmes
2024;2319Z;Fabrication et façonnage d'autres articles en verre, y compris verre technique;Hommes
2024;2320Z;Fabrication de produits réfractaires;Femmes
2024;2320Z;Fabrication de produits réfractaires;Hommes
2024;2331Z;Fabrication de carreaux en céramique;Femmes
2024;2331Z;Fabrication de carreaux en céramique;Hommes
2024;2332Z;Fabrication de briques, tuiles et produits de construction, en terre cuite;Femmes
2024;2332Z;Fabrication de briques, tuiles et produits de construction, en terre cuite;Hommes
2024;2341Z;Fabrication d'articles céramiques à usage domestique ou ornemental;Femmes
2024;2341Z;Fabrication d'articles céramiques à usage domestique ou ornemental;Hommes
2024;2342Z;Fabrication d'appareils sanitaires en céramique;Femmes
2024;2342Z;Fabrication d'appareils sanitaires en céramique;Hommes
2024;2343Z;Fabrication d'isolateurs et pièces isolantes en céramique;Femmes
2024;2343Z;Fabrication d'isolateurs et pièces isolantes en céramique;Hommes
2024;2344Z;Fabrication d'autres produits céramiques à usage technique;Femmes
2024;2344Z;Fabrication d'autres produits céramiques à usage technique;Hommes
2024;2349Z;Fabrication d'autres produits céramiques;Femmes
2024;2349Z;Fabrication d'autres produits céramiques;Hommes
2024;2351Z;Fabrication de ciment;Femmes
2024;2351Z;Fabrication de ciment;Hommes
2024;2352Z;Fabrication de chaux et plâtre;Femmes
2024;2352Z;Fabrication de chaux et plâtre;Hommes
2024;2361Z;Fabrication d'éléments en béton pour la construction;Femmes
2024;2361Z;Fabrication d'éléments en béton pour la construction;Hommes
2024;2362Z;Fabrication d'éléments en plâtre pour la construction;Femmes
2024;2362Z;Fabrication d'éléments en plâtre pour la construction;Hommes
2024;2363Z;Fabrication de béton prêt à l'emploi;Femmes
2024;2363Z;Fabrication de béton prêt à l'emploi;Hommes
2024;2364Z;Fabrication de mortiers et bétons secs;Femmes
2024;2364Z;Fabrication de mortiers et bétons secs;Hommes
2024;2365Z;Fabrication d'ouvrages en fibre-ciment;Femmes
2024;2365Z;Fabrication d'ouvrages en fibre-ciment;Hommes
2024;2369Z;Fabrication d'autres ouvrages en béton, en ciment ou en plâtre;Femmes
2024;2369Z;Fabrication d'autres ouvrages en béton, en ciment ou en plâtre;Hommes
2024;2370Z;Taille, façonnage et finissage de pierres;Femmes
2024;2370Z;Taille, façonnage et finissage de pierres;Hommes
2024;2391Z;Fabrication de produits abrasifs;Femmes
2024;2391Z;Fabrication de produits abrasifs;Hommes
2024;2399Z;Fabrication d'autres produits minéraux non métalliques n.c.a.;Femmes
2024;2399Z;Fabrication d'autres produits minéraux non métalliques n.c.a.;Hommes
2024;2410Z;Sidérurgie;Femmes
2024;2410Z;Sidérurgie;Hommes
2024;2420Z;Fabrication de tubes, tuyaux, profilés creux et accessoires correspondants en acier;Femmes
2024;2420Z;Fabrication de tubes, tuyaux, profilés creux et accessoires correspondants en acier;Hommes
2024;2431Z;Étirage à froid de barres;Femmes
2024;2431Z;Étirage à froid de barres;Hommes
2024;2432Z;Laminage à froid de feuillards;Femmes
2024;2432Z;Laminage à froid de feuillards;Hommes
2024;2433Z;Profilage à froid par formage ou pliage;Femmes
2024;2433Z;Profilage à froid par formage ou pliage;Hommes
2024;2434Z;Tréfilage à froid;Femmes
2024;2434Z;Tréfilage à froid;Hommes
2024;2441Z;Production de métaux précieux;Femmes
2024;2441Z;Production de métaux précieux;Hommes
2024;2442Z;Métallurgie de l'aluminium;Femmes
2024;2442Z;Métallurgie de l'aluminium;Hommes
2024;2443Z;Métallurgie du plomb, du zinc ou de l'étain;Femmes
2024;2443Z;Métallurgie du plomb, du zinc ou de l'étain;Hommes
2024;2444Z;Métallurgie du cuivre;Femmes
2024;2444Z;Métallurgie du cuivre;Hommes
2024;2445Z;Métallurgie des autres métaux non ferreux;Femmes
2024;2445Z;Métallurgie des autres métaux non ferreux;Hommes
2024;2446Z;Élaboration et transformation de matières nucléaires;Femmes
2024;2446Z;Élaboration et transformation de matières nucléaires;Hommes
2024;2451Z;Fonderie de fonte;Femmes
2024;2451Z;Fonderie de fonte;Hommes
2024;2452Z;Fonderie d'acier;Femmes
2024;2452Z;Fonderie d'acier;Hommes
2024;2453Z;Fonderie de métaux légers;Femmes
2024;2453Z;Fonderie de métaux légers;Hommes
2024;2454Z;Fonderie d'autres métaux non ferreux;Femmes
2024;2454Z;Fonderie d'autres métaux non ferreux;Hommes
2024;2511Z;Fabrication de structures métalliques et de parties de structures;Femmes
2024;2511Z;Fabrication de structures métalliques et de parties de structures;Hommes
2024;2512Z;Fabrication de portes et fenêtres en métal;Femmes
2024;2512Z;Fabrication de portes et fenêtres en métal;Hommes
2024;2521Z;Fabrication de radiateurs et de chaudières pour le chauffage central;Femmes
2024;2521Z;Fabrication de radiateurs et de chaudières pour le chauffage central;Hommes
2024;2529Z;Fabrication d'autres réservoirs, citernes et conteneurs métalliques;Femmes
2024;2529Z;Fabrication d'autres réservoirs, citernes et conteneurs métalliques;Hommes
2024;2530Z;Fabrication de générateurs de vapeur, à l'exception des chaudières pour le chauffage central;Femmes
2024;2530Z;Fabrication de générateurs de vapeur, à l'exception des chaudières pour le chauffage central;Hommes
2024;2540Z;Fabrication d'armes et de munitions;Femmes
2024;2540Z;Fabrication d'armes et de munitions;Hommes
2024;2550A;"Forge, estampage, matriçage ; métallurgie des poudres";Femmes
2024;2550A;"Forge, estampage, matriçage ; métallurgie des poudres";Hommes
2024;2550B;Découpage, emboutissage;Femmes
2024;2550B;Découpage, emboutissage;Hommes
2024;2561Z;Traitement et revêtement des métaux;Femmes
2024;2561Z;Traitement et revêtement des métaux;Hommes
2024;2562A;Décolletage;Femmes
2024;2562A;Décolletage;Hommes
2024;2562B;Mécanique industrielle;Femmes
2024;2562B;Mécanique industrielle;Hommes
2024;2571Z;Fabrication de coutellerie;Femmes
2024;2571Z;Fabrication de coutellerie;Hommes
2024;2572Z;Fabrication de serrures et de ferrures;Femmes
2024;2572Z;Fabrication de serrures et de ferrures;Hommes
2024;2573A;Fabrication de moules et modèles;Femmes
2024;2573A;Fabrication de moules et modèles;Hommes
2024;2573B;Fabrication d'autres outillages;Femmes
2024;2573B;Fabrication d'autres outillages;Hommes
2024;2591Z;Fabrication de fûts et emballages métalliques similaires;Femmes
2024;2591Z;Fabrication de fûts et emballages métalliques similaires;Hommes
2024;2592Z;Fabrication d'emballages métalliques légers;Femmes
2024;2592Z;Fabrication d'emballages métalliques légers;Hommes
2024;2593Z;Fabrication d'articles en fils métalliques, de chaînes et de ressorts;Femmes
2024;2593Z;Fabrication d'articles en fils métalliques, de chaînes et de ressorts;Hommes
2024;2594Z;Fabrication de vis et de boulons;Femmes
2024;2594Z;Fabrication de vis et de boulons;Hommes
2024;2599A;Fabrication d'articles métalliques ménagers;Femmes
2024;2599A;Fabrication d'articles métalliques ménagers;Hommes
2024;2599B;Fabrication d'autres articles métalliques;Femmes
2024;2599B;Fabrication d'autres articles métalliques;Hommes
2024;2611Z;Fabrication de composants électroniques;Femmes
2024;2611Z;Fabrication de composants électroniques;Hommes
2024;2612Z;Fabrication de cartes électroniques assemblées;Femmes
2024;2612Z;Fabrication de cartes électroniques assemblées;Hommes
2024;2620Z;Fabrication d'ordinateurs et d'équipements périphériques;Femmes
2024;2620Z;Fabrication d'ordinateurs et d'équipements périphériques;Hommes
2024;2630Z;Fabrication d'équipements de communication;Femmes
2024;2630Z;Fabrication d'équipements de communication;Hommes
2024;2640Z;Fabrication de produits électroniques grand public;Femmes
2024;2640Z;Fabrication de produits électroniques grand public;Hommes
2024;2651A;Fabrication d'équipements d'aide à la navigation;Femmes
2024;2651A;Fabrication d'équipements d'aide à la navigation;Hommes
2024;2651B;Fabrication d'instrumentation scientifique et technique;Femmes
2024;2651B;Fabrication d'instrumentation scientifique et technique;Hommes
2024;2652Z;Horlogerie;Femmes
2024;2652Z;Horlogerie;Hommes
2024;2660Z;Fabrication d'équipements d'irradiation médicale, d'équipements électromédicaux et électrothérapeutiques;Femmes
2024;2660Z;Fabrication d'équipements d'irradiation médicale, d'équipements électromédicaux et électrothérapeutiques;Hommes
2024;2670Z;Fabrication de matériels optique et photographique;Femmes
2024;2670Z;Fabrication de matériels optique et photographique;Hommes
2024;2680Z;Fabrication de supports magnétiques et optiques;Femmes
2024;2680Z;Fabrication de supports magnétiques et optiques;Hommes
2024;2711Z;Fabrication de moteurs, génératrices et transformateurs électriques;Femmes
2024;2711Z;Fabrication de moteurs, génératrices et transformateurs électriques;Hommes
2024;2712Z;Fabrication de matériel de distribution et de commande électrique;Femmes
2024;2712Z;Fabrication de matériel de distribution et de commande électrique;Hommes
2024;2720Z;Fabrication de piles et d'accumulateurs électriques;Femmes
2024;2720Z;Fabrication de piles et d'accumulateurs électriques;Hommes
2024;2731Z;Fabrication de câbles de fibres optiques;Femmes
2024;2731Z;Fabrication de câbles de fibres optiques;Hommes
2024;2732Z;Fabrication d'autres fils et câbles électroniques ou électriques;Femmes
2024;2732Z;Fabrication d'autres fils et câbles électroniques ou électriques;Hommes
2024;2733Z;Fabrication de matériel d'installation électrique;Femmes
2024;2733Z;Fabrication de matériel d'installation électrique;Hommes
2024;2740Z;Fabrication d'appareils d'éclairage électrique;Femmes
2024;2740Z;Fabrication d'appareils d'éclairage électrique;Hommes
2024;2751Z;Fabrication d'appareils électroménagers;Femmes
2024;2751Z;Fabrication d'appareils électroménagers;Hommes
2024;2752Z;Fabrication d'appareils ménagers non électriques;Femmes
2024;2752Z;Fabrication d'appareils ménagers non électriques;Hommes
2024;2790Z;Fabrication d'autres matériels électriques;Femmes
2024;2790Z;Fabrication d'autres matériels électriques;Hommes
2024;2811Z;Fabrication de moteurs et turbines, à l'exception des moteurs d'avions et de véhicules;Femmes
2024;2811Z;Fabrication de moteurs et turbines, à l'exception des moteurs d'avions et de véhicules;Hommes
2024;2812Z;Fabrication d'équipements hydrauliques et pneumatiques;Femmes
2024;2812Z;Fabrication d'équipements hydrauliques et pneumatiques;Hommes
2024;2813Z;Fabrication d'autres pompes et compresseurs;Femmes
2024;2813Z;Fabrication d'autres pompes et compresseurs;Hommes
2024;2814Z;Fabrication d'autres articles de robinetterie;Femmes
2024;2814Z;Fabrication d'autres articles de robinetterie;Hommes
2024;2815Z;Fabrication d'engrenages et d'organes mécaniques de transmission;Femmes
2024;2815Z;Fabrication d'engrenages et d'organes mécaniques de transmission;Hommes
2024;2821Z;Fabrication de fours et brûleurs;Femmes
2024;2821Z;Fabrication de fours et brûleurs;Hommes
2024;2822Z;Fabrication de matériel de levage et de manutention;Femmes
2024;2822Z;Fabrication de matériel de levage et de manutention;Hommes
2024;2823Z;Fabrication de machines et d'équipements de bureau (à l'exception des ordinateurs et équipements périphériques);Femmes
2024;2823Z;Fabrication de machines et d'équipements de bureau (à l'exception des ordinateurs et équipements périphériques);Hommes
2024;2824Z;Fabrication d'outillage portatif à moteur incorporé;Femmes
2024;2824Z;Fabrication d'outillage portatif à moteur incorporé;Hommes
2024;2825Z;Fabrication d'équipements aérauliques et frigorifiques industriels;Femmes
2024;2825Z;Fabrication d'équipements aérauliques et frigorifiques industriels;Hommes
2024;2829A;Fabrication d'équipements d'emballage, de conditionnement et de pesage;Femmes
2024;2829A;Fabrication d'équipements d'emballage, de conditionnement et de pesage;Hommes
2024;2829B;Fabrication d'autres machines d'usage général;Femmes
2024;2829B;Fabrication d'autres machines d'usage général;Hommes
2024;2830Z;Fabrication de machines agricoles et forestières;Femmes
2024;2830Z;Fabrication de machines agricoles et forestières;Hommes
2024;2841Z;Fabrication de machines-outils pour le travail des métaux;Femmes
2024;2841Z;Fabrication de machines-outils pour le travail des métaux;Hommes
2024;2849Z;Fabrication d'autres machines-outils;Femmes
2024;2849Z;Fabrication d'autres machines-outils;Hommes
2024;2891Z;Fabrication de machines pour la métallurgie;Femmes
2024;2891Z;Fabrication de machines pour la métallurgie;Hommes
2024;2892Z;Fabrication de machines pour l'extraction ou la construction;Femmes
2024;2892Z;Fabrication de machines pour l'extraction ou la construction;Hommes
2024;2893Z;Fabrication de machines pour l'industrie agro-alimentaire;Femmes
2024;2893Z;Fabrication de machines pour l'industrie agro-alimentaire;Hommes
2024;2894Z;Fabrication de machines pour les industries textiles;Femmes
2024;2894Z;Fabrication de machines pour les industries textiles;Hommes
2024;2895Z;Fabrication de machines pour les industries du papier et du carton;Femmes
2024;2895Z;Fabrication de machines pour les industries du papier et du carton;Hommes
2024;2896Z;Fabrication de machines pour le travail du caoutchouc ou des plastiques;Femmes
2024;2896Z;Fabrication de machines pour le travail du caoutchouc ou des plastiques;Hommes
2024;2899A;Fabrication de machines d'imprimerie;Femmes
2024;2899A;Fabrication de machines d'imprimerie;Hommes
2024;2899B;Fabrication d'autres machines spécialisées;Femmes
2024;2899B;Fabrication d'autres machines spécialisées;Hommes
2024;2910Z;Construction de véhicules automobiles;Femmes
2024;2910Z;Construction de véhicules automobiles;Hommes
2024;2920Z;Fabrication de carrosseries et remorques;Femmes
2024;2920Z;Fabrication de carrosseries et remorques;Hommes
2024;2931Z;Fabrication d'équipements électriques et électroniques automobiles;Femmes
2024;2931Z;Fabrication d'équipements électriques et électroniques automobiles;Hommes
2024;2932Z;Fabrication d'autres équipements automobiles;Femmes
2024;2932Z;Fabrication d'autres équipements automobiles;Hommes
2024;3011Z;Construction de navires et de structures flottantes;Femmes
2024;3011Z;Construction de navires et de structures flottantes;Hommes
2024;3012Z;Construction de bateaux de plaisance;Femmes
2024;3012Z;Construction de bateaux de plaisance;Hommes
2024;3020Z;Construction de locomotives et d'autre matériel ferroviaire roulant;Femmes
2024;3020Z;Construction de locomotives et d'autre matériel ferroviaire roulant;Hommes
2024;3030Z;Construction aéronautique et spatiale;Femmes
2024;3030Z;Construction aéronautique et spatiale;Hommes
2024;3040Z;Construction de véhicules militaires de combat;Femmes
2024;3040Z;Construction de véhicules militaires de combat;Hommes
2024;3091Z;Fabrication de motocycles;Femmes
2024;3091Z;Fabrication de motocycles;Hommes
2024;3092Z;Fabrication de bicyclettes et de véhicules pour invalides;Femmes
2024;3092Z;Fabrication de bicyclettes et de véhicules pour invalides;Hommes
2024;3099Z;Fabrication d'autres équipements de transport n.c.a.;Femmes
2024;3099Z;Fabrication d'autres équipements de transport n.c.a.;Hommes
2024;3101Z;Fabrication de meubles de bureau et de magasin;Femmes
2024;3101Z;Fabrication de meubles de bureau et de magasin;Hommes
2024;3102Z;Fabrication de meubles de cuisine;Femmes
2024;3102Z;Fabrication de meubles de cuisine;Hommes
2024;3103Z;Fabrication de matelas;Femmes
2024;3103Z;Fabrication de matelas;Hommes
2024;3109A;Fabrication de sièges d'ameublement d'intérieur;Femmes
2024;3109A;Fabrication de sièges d'ameublement d'intérieur;Hommes
2024;3109B;Fabrication d'autres meubles et industries connexes de l'ameublement;Femmes
2024;3109B;Fabrication d'autres meubles et industries connexes de l'ameublement;Hommes
2024;3211Z;Frappe de monnaie;Femmes
2024;3211Z;Frappe de monnaie;Hommes
2024;3212Z;Fabrication d'articles de joaillerie et bijouterie;Femmes
2024;3212Z;Fabrication d'articles de joaillerie et bijouterie;Hommes
2024;3213Z;Fabrication d'articles de bijouterie fantaisie et articles similaires;Femmes
2024;3213Z;Fabrication d'articles de bijouterie fantaisie et articles similaires;Hommes
2024;3220Z;Fabrication d'instruments de musique;Femmes
2024;3220Z;Fabrication d'instruments de musique;Hommes
2024;3230Z;Fabrication d'articles de sport;Femmes
2024;3230Z;Fabrication d'articles de sport;Hommes
2024;3240Z;Fabrication de jeux et jouets;Femmes
2024;3240Z;Fabrication de jeux et jouets;Hommes
2024;3250A;Fabrication de matériel médico-chirurgical et dentaire;Femmes
2024;3250A;Fabrication de matériel médico-chirurgical et dentaire;Hommes
2024;3250B;Fabrication de lunettes;Femmes
2024;3250B;Fabrication de lunettes;Hommes
2024;3291Z;Fabrication d'articles de brosserie;Femmes
2024;3291Z;Fabrication d'articles de brosserie;Hommes
2024;3299Z;Autres activités manufacturières n.c.a.;Femmes
2024;3299Z;Autres activités manufacturières n.c.a.;Hommes
2024;3311Z;Réparation d'ouvrages en métaux;Femmes
2024;3311Z;Réparation d'ouvrages en métaux;Hommes
2024;3312Z;Réparation de machines et équipements mécaniques;Femmes
2024;3312Z;Réparation de machines et équipements mécaniques;Hommes
2024;3313Z;Réparation de matériels électroniques et optiques;Femmes
2024;3313Z;Réparation de matériels électroniques et optiques;Hommes
2024;3314Z;Réparation d'équipements électriques;Femmes
2024;3314Z;Réparation d'équipements électriques;Hommes
2024;3315Z;Réparation et maintenance navale;Femmes
2024;3315Z;Réparation et maintenance navale;Hommes
2024;3316Z;Réparation et maintenance d'aéronefs et d'engins spatiaux;Femmes
2024;3316Z;Réparation et maintenance d'aéronefs et d'engins spatiaux;Hommes
2024;3317Z;Réparation et maintenance d'autres équipements de transport;Femmes
2024;3317Z;Réparation et maintenance d'autres équipements de transport;Hommes
2024;3319Z;Réparation d'autres équipements;Femmes
2024;3319Z;Réparation d'autres équipements;Hommes
2024;3320A;Installation de structures métalliques, chaudronnées et de tuyauterie;Femmes
2024;3320A;Installation de structures métalliques, chaudronnées et de tuyauterie;Hommes
2024;3320B;Installation de machines et équipements mécaniques;Femmes
2024;3320B;Installation de machines et équipements mécaniques;Hommes
2024;3320C;Conception d'ensemble et assemblage sur site industriel d'équipements de contrôle des processus industriels;Femmes
2024;3320C;Conception d'ensemble et assemblage sur site industriel d'équipements de contrôle des processus industriels;Hommes
2024;3320D;Installation d'équipements électriques, de matériels électroniques et optiques ou d'autres matériels;Femmes
2024;3320D;Installation d'équipements électriques, de matériels électroniques et optiques ou d'autres matériels;Hommes
2024;3511Z;Production d'électricité;Femmes
2024;3511Z;Production d'électricité;Hommes
2024;3512Z;Transport d'électricité;Femmes
2024;3512Z;Transport d'électricité;Hommes
2024;3513Z;Distribution d'électricité;Femmes
2024;3513Z;Distribution d'électricité;Hommes
2024;3514Z;Commerce d'électricité;Femmes
2024;3514Z;Commerce d'électricité;Hommes
2024;3521Z;Production de combustibles gazeux;Femmes
2024;3521Z;Production de combustibles gazeux;Hommes
2024;3522Z;Distribution de combustibles gazeux par conduites;Femmes
2024;3522Z;Distribution de combustibles gazeux par conduites;Hommes
2024;3523Z;Commerce de combustibles gazeux par conduites;Femmes
2024;3523Z;Commerce de combustibles gazeux par conduites;Hommes
2024;3530Z;Production et distribution de vapeur et d'air conditionné;Femmes
2024;3530Z;Production et distribution de vapeur et d'air conditionné;Hommes
2024;3600Z;Captage, traitement et distribution d'eau;Femmes
2024;3600Z;Captage, traitement et distribution d'eau;Hommes
2024;3700Z;Collecte et traitement des eaux usées;Femmes
2024;3700Z;Collecte et traitement des eaux usées;Hommes
2024;3811Z;Collecte des déchets non dangereux;Femmes
2024;3811Z;Collecte des déchets non dangereux;Hommes
2024;3812Z;Collecte des déchets dangereux;Femmes
2024;3812Z;Collecte des déchets dangereux;Hommes
2024;3821Z;Traitement et élimination des déchets non dangereux;Femmes
2024;3821Z;Traitement et élimination des déchets non dangereux;Hommes
2024;3822Z;Traitement et élimination des déchets dangereux;Femmes
2024;3822Z;Traitement et élimination des déchets dangereux;Hommes
2024;3831Z;Démantèlement d'épaves;Femmes
2024;3831Z;Démantèlement d'épaves;Hommes
2024;3832Z;Récupération de déchets triés;Femmes
2024;3832Z;Récupération de déchets triés;Hommes
2024;3900Z;Dépollution et autres services de gestion des déchets;Femmes
2024;3900Z;Dépollution et autres services de gestion des déchets;Hommes
2024;4110A;Promotion immobilière de logements;Femmes
2024;4110A;Promotion immobilière de logements;Hommes
2024;4110B;Promotion immobilière de bureaux;Femmes
2024;4110B;Promotion immobilière de bureaux;Hommes
2024;4110C;Promotion immobilière d'autres bâtiments;Femmes
2024;4110C;Promotion immobilière d'autres bâtiments;Hommes
2024;4110D;Supports juridiques de programmes;Femmes
2024;4110D;Supports juridiques de programmes;Hommes
2024;4120A;Construction de maisons individuelles;Femmes
2024;4120A;Construction de maisons individuelles;Hommes
2024;4120B;Construction d'autres bâtiments;Femmes
2024;4120B;Construction d'autres bâtiments;Hommes
2024;4211Z;Construction de routes et autoroutes;Femmes
2024;4211Z;Construction de routes et autoroutes;Hommes
2024;4212Z;Construction de voies ferrées de surface et souterraines;Femmes
2024;4212Z;Construction de voies ferrées de surface et souterraines;Hommes
2024;4213A;Construction d'ouvrages d'art;Femmes
2024;4213A;Construction d'ouvrages d'art;Hommes
2024;4213B;Construction et entretien de tunnels;Femmes
2024;4213B;Construction et entretien de tunnels;Hommes
2024;4221Z;Construction de réseaux pour fluides;Femmes
2024;4221Z;Construction de réseaux pour fluides;Hommes
2024;4222Z;Construction de réseaux électriques et de télécommunications;Femmes
2024;4222Z;Construction de réseaux électriques et de télécommunications;Hommes
2024;4291Z;Construction d'ouvrages maritimes et fluviaux;Femmes
2024;4291Z;Construction d'ouvrages maritimes et fluviaux;Hommes
2024;4299Z;Construction d'autres ouvrages de génie civil n.c.a.;Femmes
2024;4299Z;Construction d'autres ouvrages de génie civil n.c.a.;Hommes
2024;4311Z;Travaux de démolition;Femmes
2024;4311Z;Travaux de démolition;Hommes
2024;4312A;Travaux de terrassement courants et travaux préparatoires;Femmes
2024;4312A;Travaux de terrassement courants et travaux préparatoires;Hommes
2024;4312B;Travaux de terrassement spécialisés ou de grande masse;Femmes
2024;4312B;Travaux de terrassement spécialisés ou de grande masse;Hommes
2024;4313Z;Forages et sondages;Femmes
2024;4313Z;Forages et sondages;Hommes
2024;4321A;Travaux d'installation électrique dans tous locaux;Femmes
2024;4321A;Travaux d'installation électrique dans tous locaux;Hommes
2024;4321B;Travaux d'installation électrique sur la voie publique;Femmes
2024;4321B;Travaux d'installation électrique sur la voie publique;Hommes
2024;4322A;Travaux d'installation d'eau et de gaz en tous locaux;Femmes
2024;4322A;Travaux d'installation d'eau et de gaz en tous locaux;Hommes
2024;4322B;Travaux d'installation d'équipements thermiques et de climatisation;Femmes
2024;4322B;Travaux d'installation d'équipements thermiques et de climatisation;Hommes
2024;4329A;Travaux d'isolation;Femmes
2024;4329A;Travaux d'isolation;Hommes
2024;4329B;Autres travaux d'installation n.c.a.;Femmes
2024;4329B;Autres travaux d'installation n.c.a.;Hommes
2024;4331Z;Travaux de plâtrerie;Femmes
2024;4331Z;Travaux de plâtrerie;Hommes
2024;4332A;Travaux de menuiserie bois et PVC;Femmes
2024;4332A;Travaux de menuiserie bois et PVC;Hommes
2024;4332B;Travaux de menuiserie métallique et serrurerie;Femmes
2024;4332B;Travaux de menuiserie métallique et serrurerie;Hommes
2024;4332C;Agencement de lieux de vente;Femmes
2024;4332C;Agencement de lieux de vente;Hommes
2024;4333Z;Travaux de revêtement des sols et des murs;Femmes
2024;4333Z;Travaux de revêtement des sols et des murs;Hommes
2024;4334Z;Travaux de peinture et vitrerie;Femmes
2024;4334Z;Travaux de peinture et vitrerie;Hommes
2024;4339Z;Autres travaux de finition;Femmes
2024;4339Z;Autres travaux de finition;Hommes
2024;4391A;Travaux de charpente;Femmes
2024;4391A;Travaux de charpente;Hommes
2024;4391B;Travaux de couverture par éléments;Femmes
2024;4391B;Travaux de couverture par éléments;Hommes
2024;4399A;Travaux d'étanchéification;Femmes
2024;4399A;Travaux d'étanchéification;Hommes
2024;4399B;Travaux de montage de structures métalliques;Femmes
2024;4399B;Travaux de montage de structures métalliques;Hommes
2024;4399C;Travaux de maçonnerie générale et gros œuvre de bâtiment;Femmes
2024;4399C;Travaux de maçonnerie générale et gros œuvre de bâtiment;Hommes
2024;4399D;Autres travaux spécialisés de construction;Femmes
2024;4399D;Autres travaux spécialisés de construction;Hommes
2024;4399E;Location avec opérateur de matériel de construction;Femmes
2024;4399E;Location avec opérateur de matériel de construction;Hommes
2024;4511Z;Commerce de voitures et de véhicules automobiles légers;Femmes
2024;4511Z;Commerce de voitures et de véhicules automobiles légers;Hommes
2024;4519Z;Commerce d'autres véhicules automobiles;Femmes
2024;4519Z;Commerce d'autres véhicules automobiles;Hommes
2024;4520A;Entretien et réparation de véhicules automobiles légers;Femmes
2024;4520A;Entretien et réparation de véhicules automobiles légers;Hommes
2024;4520B;Entretien et réparation d'autres véhicules automobiles;Femmes
2024;4520B;Entretien et réparation d'autres véhicules automobiles;Hommes
2024;4531Z;Commerce de gros d'équipements automobiles;Femmes
2024;4531Z;Commerce de gros d'équipements automobiles;Hommes
2024;4532Z;Commerce de détail d'équipements automobiles;Femmes
2024;4532Z;Commerce de détail d'équipements automobiles;Hommes
2024;4540Z;Commerce et réparation de motocycles;Femmes
2024;4540Z;Commerce et réparation de motocycles;Hommes
2024;4611Z;Intermédiaires du commerce en matières premières agricoles, animaux vivants, matières premières textiles et produits semi-finis;Femmes
2024;4611Z;Intermédiaires du commerce en matières premières agricoles, animaux vivants, matières premières textiles et produits semi-finis;Hommes
2024;4612A;Centrales d'achat de carburant;Femmes
2024;4612A;Centrales d'achat de carburant;Hommes
2024;4612B;Autres intermédiaires du commerce en combustibles, métaux, minéraux et produits chimiques;Femmes
2024;4612B;Autres intermédiaires du commerce en combustibles, métaux, minéraux et produits chimiques;Hommes
2024;4613Z;Intermédiaires du commerce en bois et matériaux de construction;Femmes
2024;4613Z;Intermédiaires du commerce en bois et matériaux de construction;Hommes
2024;4614Z;Intermédiaires du commerce en machines, équipements industriels, navires et avions;Femmes
2024;4614Z;Intermédiaires du commerce en machines, équipements industriels, navires et avions;Hommes
2024;4615Z;Intermédiaires du commerce en meubles, articles de ménage et quincaillerie;Femmes
2024;4615Z;Intermédiaires du commerce en meubles, articles de ménage et quincaillerie;Hommes
2024;4616Z;Intermédiaires du commerce en textiles, habillement, fourrures, chaussures et articles en cuir;Femmes
2024;4616Z;Intermédiaires du commerce en textiles, habillement, fourrures, chaussures et articles en cuir;Hommes
2024;4617A;Centrales d'achat alimentaires;Femmes
2024;4617A;Centrales d'achat alimentaires;Hommes
2024;4617B;Autres intermédiaires du commerce en denrées, boissons et tabac;Femmes
2024;4617B;Autres intermédiaires du commerce en denrées, boissons et tabac;Hommes
2024;4618Z;Intermédiaires spécialisés dans le commerce d'autres produits spécifiques;Femmes
2024;4618Z;Intermédiaires spécialisés dans le commerce d'autres produits spécifiques;Hommes
2024;4619A;Centrales d'achat non alimentaires;Femmes
2024;4619A;Centrales d'achat non alimentaires;Hommes
2024;4619B;Autres intermédiaires du commerce en produits divers;Femmes
2024;4619B;Autres intermédiaires du commerce en produits divers;Hommes
2024;4621Z;Commerce de gros (commerce interentreprises) de céréales, de tabac non manufacturé, de semences et d'aliments pour le bétail;Femmes
2024;4621Z;Commerce de gros (commerce interentreprises) de céréales, de tabac non manufacturé, de semences et d'aliments pour le bétail;Hommes
2024;4622Z;Commerce de gros (commerce interentreprises) de fleurs et plantes;Femmes
2024;4622Z;Commerce de gros (commerce interentreprises) de fleurs et plantes;Hommes
2024;4623Z;Commerce de gros (commerce interentreprises) d'animaux vivants;Femmes
2024;4623Z;Commerce de gros (commerce interentreprises) d'animaux vivants;Hommes
2024;4624Z;Commerce de gros (commerce interentreprises) de cuirs et peaux;Femmes
2024;4624Z;Commerce de gros (commerce interentreprises) de cuirs et peaux;Hommes
2024;4631Z;Commerce de gros (commerce interentreprises) de fruits et légumes;Femmes
2024;4631Z;Commerce de gros (commerce interentreprises) de fruits et légumes;Hommes
2024;4632A;Commerce de gros (commerce interentreprises) de viandes de boucherie;Femmes
2024;4632A;Commerce de gros (commerce interentreprises) de viandes de boucherie;Hommes
2024;4632B;Commerce de gros (commerce interentreprises) de produits à base de viande;Femmes
2024;4632B;Commerce de gros (commerce interentreprises) de produits à base de viande;Hommes
2024;4632C;Commerce de gros (commerce interentreprises) de volailles et gibier;Femmes
2024;4632C;Commerce de gros (commerce interentreprises) de volailles et gibier;Hommes
2024;4633Z;Commerce de gros (commerce interentreprises) de produits laitiers, œufs, huiles et matières grasses comestibles;Femmes
2024;4633Z;Commerce de gros (commerce interentreprises) de produits laitiers, œufs, huiles et matières grasses comestibles;Hommes
2024;4634Z;Commerce de gros (commerce interentreprises) de boissons;Femmes
2024;4634Z;Commerce de gros (commerce interentreprises) de boissons;Hommes
2024;4635Z;Commerce de gros (commerce interentreprises) de produits à base de tabac;Femmes
2024;4635Z;Commerce de gros (commerce interentreprises) de produits à base de tabac;Hommes
2024;4636Z;Commerce de gros (commerce interentreprises) de sucre, chocolat et confiserie;Femmes
2024;4636Z;Commerce de gros (commerce interentreprises) de sucre, chocolat et confiserie;Hommes
2024;4637Z;Commerce de gros (commerce interentreprises) de café, thé, cacao et épices;Femmes
2024;4637Z;Commerce de gros (commerce interentreprises) de café, thé, cacao et épices;Hommes
2024;4638A;Commerce de gros (commerce interentreprises) de poissons, crustacés et mollusques;Femmes
2024;4638A;Commerce de gros (commerce interentreprises) de poissons, crustacés et mollusques;Hommes
2024;4638B;Commerce de gros (commerce interentreprises) alimentaire spécialisé divers;Femmes
2024;4638B;Commerce de gros (commerce interentreprises) alimentaire spécialisé divers;Hommes
2024;4639A;Commerce de gros (commerce interentreprises) de produits surgelés;Femmes
2024;4639A;Commerce de gros (commerce interentreprises) de produits surgelés;Hommes
2024;4639B;Commerce de gros (commerce interentreprises) alimentaire non spécialisé;Femmes
2024;4639B;Commerce de gros (commerce interentreprises) alimentaire non spécialisé;Hommes
2024;4641Z;Commerce de gros (commerce interentreprises) de textiles;Femmes
2024;4641Z;Commerce de gros (commerce interentreprises) de textiles;Hommes
2024;4642Z;Commerce de gros (commerce interentreprises) d'habillement et de chaussures;Femmes
2024;4642Z;Commerce de gros (commerce interentreprises) d'habillement et de chaussures;Hommes
2024;4643Z;Commerce de gros (commerce interentreprises) d'appareils électroménagers;Femmes
2024;4643Z;Commerce de gros (commerce interentreprises) d'appareils électroménagers;Hommes
2024;4644Z;Commerce de gros (commerce interentreprises) de vaisselle, verrerie et produits d'entretien;Femmes
2024;4644Z;Commerce de gros (commerce interentreprises) de vaisselle, verrerie et produits d'entretien;Hommes
2024;4645Z;Commerce de gros (commerce interentreprises) de parfumerie et de produits de beauté;Femmes
2024;4645Z;Commerce de gros (commerce interentreprises) de parfumerie et de produits de beauté;Hommes
2024;4646Z;Commerce de gros (commerce interentreprises) de produits pharmaceutiques;Femmes
2024;4646Z;Commerce de gros (commerce interentreprises) de produits pharmaceutiques;Hommes
2024;4647Z;Commerce de gros (commerce interentreprises) de meubles, de tapis et d'appareils d'éclairage;Femmes
2024;4647Z;Commerce de gros (commerce interentreprises) de meubles, de tapis et d'appareils d'éclairage;Hommes
2024;4648Z;Commerce de gros (commerce interentreprises) d'articles d'horlogerie et de bijouterie;Femmes
2024;4648Z;Commerce de gros (commerce interentreprises) d'articles d'horlogerie et de bijouterie;Hommes
2024;4649Z;Commerce de gros (commerce interentreprises) d'autres biens domestiques;Femmes
2024;4649Z;Commerce de gros (commerce interentreprises) d'autres biens domestiques;Hommes
2024;4651Z;Commerce de gros (commerce interentreprises) d'ordinateurs, d'équipements informatiques périphériques et de logiciels;Femmes
2024;4651Z;Commerce de gros (commerce interentreprises) d'ordinateurs, d'équipements informatiques périphériques et de logiciels;Hommes
2024;4652Z;Commerce de gros (commerce interentreprises) de composants et d'équipements électroniques et de télécommunication;Femmes
2024;4652Z;Commerce de gros (commerce interentreprises) de composants et d'équipements électroniques et de télécommunication;Hommes
2024;4661Z;Commerce de gros (commerce interentreprises) de matériel agricole;Femmes
2024;4661Z;Commerce de gros (commerce interentreprises) de matériel agricole;Hommes
2024;4662Z;Commerce de gros (commerce interentreprises) de machines-outils;Femmes
2024;4662Z;Commerce de gros (commerce interentreprises) de machines-outils;Hommes
2024;4663Z;Commerce de gros (commerce interentreprises) de machines pour l'extraction, la construction et le génie civil;Femmes
2024;4663Z;Commerce de gros (commerce interentreprises) de machines pour l'extraction, la construction et le génie civil;Hommes
2024;4664Z;Commerce de gros (commerce interentreprises) de machines pour l'industrie textile et l'habillement;Femmes
2024;4664Z;Commerce de gros (commerce interentreprises) de machines pour l'industrie textile et l'habillement;Hommes
2024;4665Z;Commerce de gros (commerce interentreprises) de mobilier de bureau;Femmes
2024;4665Z;Commerce de gros (commerce interentreprises) de mobilier de bureau;Hommes
2024;4666Z;Commerce de gros (commerce interentreprises) d'autres machines et équipements de bureau;Femmes
2024;4666Z;Commerce de gros (commerce interentreprises) d'autres machines et équipements de bureau;Hommes
2024;4669A;Commerce de gros (commerce interentreprises) de matériel électrique;Femmes
2024;4669A;Commerce de gros (commerce interentreprises) de matériel électrique;Hommes
2024;4669B;Commerce de gros (commerce interentreprises) de fournitures et équipements industriels divers;Femmes
2024;4669B;Commerce de gros (commerce interentreprises) de fournitures et équipements industriels divers;Hommes
2024;4669C;Commerce de gros (commerce interentreprises) de fournitures et équipements divers pour le commerce et les services;Femmes
2024;4669C;Commerce de gros (commerce interentreprises) de fournitures et équipements divers pour le commerce et les services;Hommes
2024;4671Z;Commerce de gros (commerce interentreprises) de combustibles et de produits annexes;Femmes
2024;4671Z;Commerce de gros (commerce interentreprises) de combustibles et de produits annexes;Hommes
2024;4672Z;Commerce de gros (commerce interentreprises) de minerais et métaux;Femmes
2024;4672Z;Commerce de gros (commerce interentreprises) de minerais et métaux;Hommes
2024;4673A;Commerce de gros (commerce interentreprises) de bois et de matériaux de construction;Femmes
2024;4673A;Commerce de gros (commerce interentreprises) de bois et de matériaux de construction;Hommes
2024;4673B;Commerce de gros (commerce interentreprises) d'appareils sanitaires et de produits de décoration;Femmes
2024;4673B;Commerce de gros (commerce interentreprises) d'appareils sanitaires et de produits de décoration;Hommes
2024;4674A;Commerce de gros (commerce interentreprises) de quincaillerie;Femmes
2024;4674A;Commerce de gros (commerce interentreprises) de quincaillerie;Hommes
2024;4674B;Commerce de gros (commerce interentreprises) de fournitures pour la plomberie et le chauffage;Femmes
2024;4674B;Commerce de gros (commerce interentreprises) de fournitures pour la plomberie et le chauffage;Hommes
2024;4675Z;Commerce de gros (commerce interentreprises) de produits chimiques;Femmes
2024;4675Z;Commerce de gros (commerce interentreprises) de produits chimiques;Hommes
2024;4676Z;Commerce de gros (commerce interentreprises) d'autres produits intermédiaires;Femmes
2024;4676Z;Commerce de gros (commerce interentreprises) d'autres produits intermédiaires;Hommes
2024;4677Z;Commerce de gros (commerce interentreprises) de déchets et débris;Femmes
2024;4677Z;Commerce de gros (commerce interentreprises) de déchets et débris;Hommes
2024;4690Z;Commerce de gros (commerce interentreprises) non spécialisé;Femmes
2024;4690Z;Commerce de gros (commerce interentreprises) non spécialisé;Hommes
2024;4711A;Commerce de détail de produits surgelés;Femmes
2024;4711A;Commerce de détail de produits surgelés;Hommes
2024;4711B;Commerce d'alimentation générale;Femmes
2024;4711B;Commerce d'alimentation générale;Hommes
2024;4711C;Supérettes;Femmes
2024;4711C;Supérettes;Hommes
2024;4711D;Supermarchés;Femmes
2024;4711D;Supermarchés;Hommes
2024;4711E;Magasins multi-commerces;Femmes
2024;4711E;Magasins multi-commerces;Hommes
2024;4711F;Hypermarchés;Femmes
2024;4711F;Hypermarchés;Hommes
2024;4719A;Grands magasins;Femmes
2024;4719A;Grands magasins;Hommes
2024;4719B;Autres commerces de détail en magasin non spécialisé;Femmes
2024;4719B;Autres commerces de détail en magasin non spécialisé;Hommes
2024;4721Z;Commerce de détail de fruits et légumes en magasin spécialisé;Femmes
2024;4721Z;Commerce de détail de fruits et légumes en magasin spécialisé;Hommes
2024;4722Z;Commerce de détail de viandes et de produits à base de viande en magasin spécialisé;Femmes
2024;4722Z;Commerce de détail de viandes et de produits à base de viande en magasin spécialisé;Hommes
2024;4723Z;Commerce de détail de poissons, crustacés et mollusques en magasin spécialisé;Femmes
2024;4723Z;Commerce de détail de poissons, crustacés et mollusques en magasin spécialisé;Hommes
2024;4724Z;Commerce de détail de pain, pâtisserie et confiserie en magasin spécialisé;Femmes
2024;4724Z;Commerce de détail de pain, pâtisserie et confiserie en magasin spécialisé;Hommes
2024;4725Z;Commerce de détail de boissons en magasin spécialisé;Femmes
2024;4725Z;Commerce de détail de boissons en magasin spécialisé;Hommes
2024;4726Z;Commerce de détail de produits à base de tabac en magasin spécialisé;Femmes
2024;4726Z;Commerce de détail de produits à base de tabac en magasin spécialisé;Hommes
2024;4729Z;Autres commerces de détail alimentaires en magasin spécialisé;Femmes
2024;4729Z;Autres commerces de détail alimentaires en magasin spécialisé;Hommes
2024;4730Z;Commerce de détail de carburants en magasin spécialisé;Femmes
2024;4730Z;Commerce de détail de carburants en magasin spécialisé;Hommes
2024;4741Z;Commerce de détail d'ordinateurs, d'unités périphériques et de logiciels en magasin spécialisé;Femmes
2024;4741Z;Commerce de détail d'ordinateurs, d'unités périphériques et de logiciels en magasin spécialisé;Hommes
2024;4742Z;Commerce de détail de matériels de télécommunication en magasin spécialisé;Femmes
2024;4742Z;Commerce de détail de matériels de télécommunication en magasin spécialisé;Hommes
2024;4743Z;Commerce de détail de matériels audio et vidéo en magasin spécialisé;Femmes
2024;4743Z;Commerce de détail de matériels audio et vidéo en magasin spécialisé;Hommes
2024;4751Z;Commerce de détail de textiles en magasin spécialisé;Femmes
2024;4751Z;Commerce de détail de textiles en magasin spécialisé;Hommes
2024;4752A;Commerce de détail de quincaillerie, peintures et verres en petites surfaces (moins de 400 m²);Femmes
2024;4752A;Commerce de détail de quincaillerie, peintures et verres en petites surfaces (moins de 400 m²);Hommes
2024;4752B;Commerce de détail de quincaillerie, peintures et verres en grandes surfaces (400 m² et plus);Femmes
2024;4752B;Commerce de détail de quincaillerie, peintures et verres en grandes surfaces (400 m² et plus);Hommes
2024;4753Z;Commerce de détail de tapis, moquettes et revêtements de murs et de sols en magasin spécialisé;Femmes
2024;4753Z;Commerce de détail de tapis, moquettes et revêtements de murs et de sols en magasin spécialisé;Hommes
2024;4754Z;Commerce de détail d'appareils électroménagers en magasin spécialisé;Femmes
2024;4754Z;Commerce de détail d'appareils électroménagers en magasin spécialisé;Hommes
2024;4759A;Commerce de détail de meubles;Femmes
2024;4759A;Commerce de détail de meubles;Hommes
2024;4759B;Commerce de détail d'autres équipements du foyer;Femmes
2024;4759B;Commerce de détail d'autres équipements du foyer;Hommes
2024;4761Z;Commerce de détail de livres en magasin spécialisé;Femmes
2024;4761Z;Commerce de détail de livres en magasin spécialisé;Hommes
2024;4762Z;Commerce de détail de journaux et papeterie en magasin spécialisé;Femmes
2024;4762Z;Commerce de détail de journaux et papeterie en magasin spécialisé;Hommes
2024;4763Z;Commerce de détail d'enregistrements musicaux et vidéo en magasin spécialisé;Femmes
2024;4763Z;Commerce de détail d'enregistrements musicaux et vidéo en magasin spécialisé;Hommes
2024;4764Z;Commerce de détail d'articles de sport en magasin spécialisé;Femmes
2024;4764Z;Commerce de détail d'articles de sport en magasin spécialisé;Hommes
2024;4765Z;Commerce de détail de jeux et jouets en magasin spécialisé;Femmes
2024;4765Z;Commerce de détail de jeux et jouets en magasin spécialisé;Hommes
2024;4771Z;Commerce de détail d'habillement en magasin spécialisé;Femmes
2024;4771Z;Commerce de détail d'habillement en magasin spécialisé;Hommes
2024;4772A;Commerce de détail de la chaussure;Femmes
2024;4772A;Commerce de détail de la chaussure;Hommes
2024;4772B;Commerce de détail de maroquinerie et d'articles de voyage;Femmes
2024;4772B;Commerce de détail de maroquinerie et d'articles de voyage;Hommes
2024;4773Z;Commerce de détail de produits pharmaceutiques en magasin spécialisé;Femmes
2024;4773Z;Commerce de détail de produits pharmaceutiques en magasin spécialisé;Hommes
2024;4774Z;Commerce de détail d'articles médicaux et orthopédiques en magasin spécialisé;Femmes
2024;4774Z;Commerce de détail d'articles médicaux et orthopédiques en magasin spécialisé;Hommes
2024;4775Z;Commerce de détail de parfumerie et de produits de beauté en magasin spécialisé;Femmes
2024;4775Z;Commerce de détail de parfumerie et de produits de beauté en magasin spécialisé;Hommes
2024;4776Z;Commerce de détail de fleurs, plantes, graines, engrais, animaux de compagnie et aliments pour ces animaux en magasin spécialisé;Femmes
2024;4776Z;Commerce de détail de fleurs, plantes, graines, engrais, animaux de compagnie et aliments pour ces animaux en magasin spécialisé;Hommes
2024;4777Z;Commerce de détail d'articles d'horlogerie et de bijouterie en magasin spécialisé;Femmes
2024;4777Z;Commerce de détail d'articles d'horlogerie et de bijouterie en magasin spécialisé;Hommes
2024;4778A;Commerces de détail d'optique;Femmes
2024;4778A;Commerces de détail d'optique;Hommes
2024;4778B;Commerces de détail de charbons et combustibles;Femmes
2024;4778B;Commerces de détail de charbons et combustibles;Hommes
2024;4778C;Autres commerces de détail spécialisés divers;Femmes
2024;4778C;Autres commerces de détail spécialisés divers;Hommes
2024;4779Z;Commerce de détail de biens d'occasion en magasin;Femmes
2024;4779Z;Commerce de détail de biens d'occasion en magasin;Hommes
2024;4781Z;Commerce de détail alimentaire sur éventaires et marchés;Femmes
2024;4781Z;Commerce de détail alimentaire sur éventaires et marchés;Hommes
2024;4782Z;Commerce de détail de textiles, d'habillement et de chaussures sur éventaires et marchés;Femmes
2024;4782Z;Commerce de détail de textiles, d'habillement et de chaussures sur éventaires et marchés;Hommes
2024;4789Z;Autres commerces de détail sur éventaires et marchés;Femmes
2024;4789Z;Autres commerces de détail sur éventaires et marchés;Hommes
2024;4791A;Vente à distance sur catalogue général;Femmes
2024;4791A;Vente à distance sur catalogue général;Hommes
2024;4791B;Vente à distance sur catalogue spécialisé;Femmes
2024;4791B;Vente à distance sur catalogue spécialisé;Hommes
2024;4799A;Vente à domicile;Femmes
2024;4799A;Vente à domicile;Hommes
2024;4799B;Vente par automates et autres commerces de détail hors magasin, éventaires ou marchés n.c.a.;Femmes
2024;4799B;Vente par automates et autres commerces de détail hors magasin, éventaires ou marchés n.c.a.;Hommes
2024;4910Z;Transport ferroviaire interurbain de voyageurs;Femmes
2024;4910Z;Transport ferroviaire interurbain de voyageurs;Hommes
2024;4920Z;Transports ferroviaires de fret;Femmes
2024;4920Z;Transports ferroviaires de fret;Hommes
2024;4931Z;Transports urbains et suburbains de voyageurs;Femmes
2024;4931Z;Transports urbains et suburbains de voyageurs;Hommes
2024;4932Z;Transports de voyageurs par taxis;Femmes
2024;4932Z;Transports de voyageurs par taxis;Hommes
2024;4939A;Transports routiers réguliers de voyageurs;Femmes
2024;4939A;Transports routiers réguliers de voyageurs;Hommes
2024;4939B;Autres transports routiers de voyageurs;Femmes
2024;4939B;Autres transports routiers de voyageurs;Hommes
2024;4939C;Téléphériques et remontées mécaniques;Femmes
2024;4939C;Téléphériques et remontées mécaniques;Hommes
2024;4941A;Transports routiers de fret interurbains;Femmes
2024;4941A;Transports routiers de fret interurbains;Hommes
2024;4941B;Transports routiers de fret de proximité;Femmes
2024;4941B;Transports routiers de fret de proximité;Hommes
2024;4941C;Location de camions avec chauffeur;Femmes
2024;4941C;Location de camions avec chauffeur;Hommes
2024;4942Z;Services de déménagement;Femmes
2024;4942Z;Services de déménagement;Hommes
2024;4950Z;Transports par conduites;Femmes
2024;4950Z;Transports par conduites;Hommes
2024;5010Z;Transports maritimes et côtiers de passagers;Femmes
2024;5010Z;Transports maritimes et côtiers de passagers;Hommes
2024;5020Z;Transports maritimes et côtiers de fret;Femmes
2024;5020Z;Transports maritimes et côtiers de fret;Hommes
2024;5030Z;Transports fluviaux de passagers;Femmes
2024;5030Z;Transports fluviaux de passagers;Hommes
2024;5040Z;Transports fluviaux de fret;Femmes
2024;5040Z;Transports fluviaux de fret;Hommes
2024;5110Z;Transports aériens de passagers;Femmes
2024;5110Z;Transports aériens de passagers;Hommes
2024;5121Z;Transports aériens de fret;Femmes
2024;5121Z;Transports aériens de fret;Hommes
2024;5122Z;Transports spatiaux;Femmes
2024;5122Z;Transports spatiaux;Hommes
2024;5210A;Entreposage et stockage frigorifique;Femmes
2024;5210A;Entreposage et stockage frigorifique;Hommes
2024;5210B;Entreposage et stockage non frigorifique;Femmes
2024;5210B;Entreposage et stockage non frigorifique;Hommes
2024;5221Z;Services auxiliaires des transports terrestres;Femmes
2024;5221Z;Services auxiliaires des transports terrestres;Hommes
2024;5222Z;Services auxiliaires des transports par eau;Femmes
2024;5222Z;Services auxiliaires des transports par eau;Hommes
2024;5223Z;Services auxiliaires des transports aériens;Femmes
2024;5223Z;Services auxiliaires des transports aériens;Hommes
2024;5224A;Manutention portuaire;Femmes
2024;5224A;Manutention portuaire;Hommes
2024;5224B;Manutention non portuaire;Femmes
2024;5224B;Manutention non portuaire;Hommes
2024;5229A;Messagerie, fret express;Femmes
2024;5229A;Messagerie, fret express;Hommes
2024;5229B;Affrètement et organisation des transports;Femmes
2024;5229B;Affrètement et organisation des transports;Hommes
2024;5310Z;Activités de poste dans le cadre d'une obligation de service universel;Femmes
2024;5310Z;Activités de poste dans le cadre d'une obligation de service universel;Hommes
2024;5320Z;Autres activités de poste et de courrier;Femmes
2024;5320Z;Autres activités de poste et de courrier;Hommes
2024;5510Z;Hôtels et hébergement similaire;Femmes
2024;5510Z;Hôtels et hébergement similaire;Hommes
2024;5520Z;Hébergement touristique et autre hébergement de courte durée;Femmes
2024;5520Z;Hébergement touristique et autre hébergement de courte durée;Hommes
2024;5530Z;Terrains de camping et parcs pour caravanes ou véhicules de loisirs;Femmes
2024;5530Z;Terrains de camping et parcs pour caravanes ou véhicules de loisirs;Hommes
2024;5590Z;Autres hébergements;Femmes
2024;5590Z;Autres hébergements;Hommes
2024;5610A;Restauration traditionnelle;Femmes
2024;5610A;Restauration traditionnelle;Hommes
2024;5610B;Cafétérias et autres libres-services;Femmes
2024;5610B;Cafétérias et autres libres-services;Hommes
2024;5610C;Restauration de type rapide;Femmes
2024;5610C;Restauration de type rapide;Hommes
2024;5621Z;Services des traiteurs;Femmes
2024;5621Z;Services des traiteurs;Hommes
2024;5629A;Restauration collective sous contrat;Femmes
2024;5629A;Restauration collective sous contrat;Hommes
2024;5629B;Autres services de restauration n.c.a.;Femmes
2024;5629B;Autres services de restauration n.c.a.;Hommes
2024;5630Z;Débits de boissons;Femmes
2024;5630Z;Débits de boissons;Hommes
2024;5811Z;Édition de livres;Femmes
2024;5811Z;Édition de livres;Hommes
2024;5812Z;Édition de répertoires et de fichiers d'adresses;Femmes
2024;5812Z;Édition de répertoires et de fichiers d'adresses;Hommes
2024;5813Z;Édition de journaux;Femmes
2024;5813Z;Édition de journaux;Hommes
2024;5814Z;Édition de revues et périodiques;Femmes
2024;5814Z;Édition de revues et périodiques;Hommes
2024;5819Z;Autres activités d'édition;Femmes
2024;5819Z;Autres activités d'édition;Hommes
2024;5821Z;Édition de jeux électroniques;Femmes
2024;5821Z;Édition de jeux électroniques;Hommes
2024;5829A;Édition de logiciels système et de réseau;Femmes
2024;5829A;Édition de logiciels système et de réseau;Hommes
2024;5829B;Édition de logiciels outils de développement et de langages;Femmes
2024;5829B;Édition de logiciels outils de développement et de langages;Hommes
2024;5829C;Édition de logiciels applicatifs;Femmes
2024;5829C;Édition de logiciels applicatifs;Hommes
2024;5911A;Production de films et de programmes pour la télévision;Femmes
2024;5911A;Production de films et de programmes pour la télévision;Hommes
2024;5911B;Production de films institutionnels et publicitaires;Femmes
2024;5911B;Production de films institutionnels et publicitaires;Hommes
2024;5911C;Production de films pour le cinéma;Femmes
2024;5911C;Production de films pour le cinéma;Hommes
2024;5912Z;Post-production de films cinématographiques, de vidéo et de programmes de télévision;Femmes
2024;5912Z;Post-production de films cinématographiques, de vidéo et de programmes de télévision;Hommes
2024;5913A;Distribution de films cinématographiques;Femmes
2024;5913A;Distribution de films cinématographiques;Hommes
2024;5913B;Édition et distribution vidéo;Femmes
2024;5913B;Édition et distribution vidéo;Hommes
2024;5914Z;Projection de films cinématographiques;Femmes
2024;5914Z;Projection de films cinématographiques;Hommes
2024;5920Z;Enregistrement sonore et édition musicale;Femmes
2024;5920Z;Enregistrement sonore et édition musicale;Hommes
2024;6010Z;Édition et diffusion de programmes radio;Femmes
2024;6010Z;Édition et diffusion de programmes radio;Hommes
2024;6020A;Édition de chaînes généralistes;Femmes
2024;6020A;Édition de chaînes généralistes;Hommes
2024;6020B;Édition de chaînes thématiques;Femmes
2024;6020B;Édition de chaînes thématiques;Hommes
2024;6110Z;Télécommunications filaires;Femmes
2024;6110Z;Télécommunications filaires;Hommes
2024;6120Z;Télécommunications sans fil;Femmes
2024;6120Z;Télécommunications sans fil;Hommes
2024;6130Z;Télécommunications par satellite;Femmes
2024;6130Z;Télécommunications par satellite;Hommes
2024;6190Z;Autres activités de télécommunication;Femmes
2024;6190Z;Autres activités de télécommunication;Hommes
2024;6201Z;Programmation informatique;Femmes
2024;6201Z;Programmation informatique;Hommes
2024;6202A;Conseil en systèmes et logiciels informatiques;Femmes
2024;6202A;Conseil en systèmes et logiciels informatiques;Hommes
2024;6202B;Tierce maintenance de systèmes et d'applications informatiques;Femmes
2024;6202B;Tierce maintenance de systèmes et d'applications informatiques;Hommes
2024;6203Z;Gestion d'installations informatiques;Femmes
2024;6203Z;Gestion d'installations informatiques;Hommes
2024;6209Z;Autres activités informatiques;Femmes
2024;6209Z;Autres activités informatiques;Hommes
2024;6311Z;Traitement de données, hébergement et activités connexes;Femmes
2024;6311Z;Traitement de données, hébergement et activités connexes;Hommes
2024;6312Z;Portails Internet;Femmes
2024;6312Z;Portails Internet;Hommes
2024;6391Z;Activités des agences de presse;Femmes
2024;6391Z;Activités des agences de presse;Hommes
2024;6399Z;Autres services d'information n.c.a.;Femmes
2024;6399Z;Autres services d'information n.c.a.;Hommes
2024;6411Z;Activités de banque centrale;Femmes
2024;6411Z;Activités de banque centrale;Hommes
2024;6419Z;Autres intermédiations monétaires;Femmes
2024;6419Z;Autres intermédiations monétaires;Hommes
2024;6420Z;Activités des sociétés holding;Femmes
2024;6420Z;Activités des sociétés holding;Hommes
2024;6430Z;Fonds de placement et entités financières similaires;Femmes
2024;6430Z;Fonds de placement et entités financières similaires;Hommes
2024;6491Z;Crédit-bail;Femmes
2024;6491Z;Crédit-bail;Hommes
2024;6492Z;Autre distribution de crédit;Femmes
2024;6492Z;Autre distribution de crédit;Hommes
2024;6499Z;Autres activités des services financiers, hors assurance et caisses de retraite, n.c.a.;Femmes
2024;6499Z;Autres activités des services financiers, hors assurance et caisses de retraite, n.c.a.;Hommes
2024;6511Z;Assurance vie;Femmes
2024;6511Z;Assurance vie;Hommes
2024;6512Z;Autres assurances;Femmes
2024;6512Z;Autres assurances;Hommes
2024;6520Z;Réassurance;Femmes
2024;6520Z;Réassurance;Hommes
2024;6530Z;Caisses de retraite;Femmes
2024;6530Z;Caisses de retraite;Hommes
2024;6611Z;Administration de marchés financiers;Femmes
2024;6611Z;Administration de marchés financiers;Hommes
2024;6612Z;Courtage de valeurs mobilières et de marchandises;Femmes
2024;6612Z;Courtage de valeurs mobilières et de marchandises;Hommes
2024;6619A;Supports juridiques de gestion de patrimoine mobilier;Femmes
2024;6619A;Supports juridiques de gestion de patrimoine mobilier;Hommes
2024;6619B;Autres activités auxiliaires de services financiers, hors assurance et caisses de retraite, n.c.a.;Femmes
2024;6619B;Autres activités auxiliaires de services financiers, hors assurance et caisses de retraite, n.c.a.;Hommes
2024;6621Z;Évaluation des risques et dommages;Femmes
2024;6621Z;Évaluation des risques et dommages;Hommes
2024;6622Z;Activités des agents et courtiers d'assurances;Femmes
2024;6622Z;Activités des agents et courtiers d'assurances;Hommes
2024;6629Z;Autres activités auxiliaires d'assurance et de caisses de retraite;Femmes
2024;6629Z;Autres activités auxiliaires d'assurance et de caisses de retraite;Hommes
2024;6630Z;Gestion de fonds;Femmes
2024;6630Z;Gestion de fonds;Hommes
2024;6810Z;Activités des marchands de biens immobiliers;Femmes
2024;6810Z;Activités des marchands de biens immobiliers;Hommes
2024;6820A;Location de logements;Femmes
2024;6820A;Location de logements;Hommes
2024;6820B;Location de terrains et d'autres biens immobiliers;Femmes
2024;6820B;Location de terrains et d'autres biens immobiliers;Hommes
2024;6831Z;Agences immobilières;Femmes
2024;6831Z;Agences immobilières;Hommes
2024;6832A;Administration d'immeubles et autres biens immobiliers;Femmes
2024;6832A;Administration d'immeubles et autres biens immobiliers;Hommes
2024;6832B;Supports juridiques de gestion de patrimoine immobilier;Femmes
2024;6832B;Supports juridiques de gestion de patrimoine immobilier;Hommes
2024;6910Z;Activités juridiques;Femmes
2024;6910Z;Activités juridiques;Hommes
2024;6920Z;Activités comptables;Femmes
2024;6920Z;Activités comptables;Hommes
2024;7010Z;Activités des sièges sociaux;Femmes
2024;7010Z;Activités des sièges sociaux;Hommes
2024;7021Z;Conseil en relations publiques et communication;Femmes
2024;7021Z;Conseil en relations publiques et communication;Hommes
2024;7022Z;Conseil pour les affaires et autres conseils de gestion;Femmes
2024;7022Z;Conseil pour les affaires et autres conseils de gestion;Hommes
2024;7111Z;Activités d'architecture;Femmes
2024;7111Z;Activités d'architecture;Hommes
2024;7112A;Activité des géomètres;Femmes
2024;7112A;Activité des géomètres;Hommes
2024;7112B;Ingénierie, études techniques;Femmes
2024;7112B;Ingénierie, études techniques;Hommes
2024;7120A;Contrôle technique automobile;Femmes
2024;7120A;Contrôle technique automobile;Hommes
2024;7120B;Analyses, essais et inspections techniques;Femmes
2024;7120B;Analyses, essais et inspections techniques;Hommes
2024;7211Z;Recherche-développement en biotechnologie;Femmes
2024;7211Z;Recherche-développement en biotechnologie;Hommes
2024;7219Z;Recherche-développement en autres sciences physiques et naturelles;Femmes
2024;7219Z;Recherche-développement en autres sciences physiques et naturelles;Hommes
2024;7220Z;Recherche-développement en sciences humaines et sociales;Femmes
2024;7220Z;Recherche-développement en sciences humaines et sociales;Hommes
2024;7311Z;Activités des agences de publicité;Femmes
2024;7311Z;Activités des agences de publicité;Hommes
2024;7312Z;Régie publicitaire de médias;Femmes
2024;7312Z;Régie publicitaire de médias;Hommes
2024;7320Z;Études de marché et sondages;Femmes
2024;7320Z;Études de marché et sondages;Hommes
2024;7410Z;Activités spécialisées de design;Femmes
2024;7410Z;Activités spécialisées de design;Hommes
2024;7420Z;Activités photographiques;Femmes
2024;7420Z;Activités photographiques;Hommes
2024;7430Z;Traduction et interprétation;Femmes
2024;7430Z;Traduction et interprétation;Hommes
2024;7490A;Activité des économistes de la construction;Femmes
2024;7490A;Activité des économistes de la construction;Hommes
2024;7490B;Activités spécialisées, scientifiques et techniques diverses;Femmes
2024;7490B;Activités spécialisées, scientifiques et techniques diverses;Hommes
2024;7500Z;Activités vétérinaires;Femmes
2024;7500Z;Activités vétérinaires;Hommes
2024;7711A;Location de courte durée de voitures et de véhicules automobiles légers;Femmes
2024;7711A;Location de courte durée de voitures et de véhicules automobiles légers;Hommes
2024;7711B;Location de longue durée de voitures et de véhicules automobiles légers;Femmes
2024;7711B;Location de longue durée de voitures et de véhicules automobiles légers;Hommes
2024;7712Z;Location et location-bail de camions;Femmes
2024;7712Z;Location et location-bail de camions;Hommes
2024;7721Z;Location et location-bail d'articles de loisirs et de sport;Femmes
2024;7721Z;Location et location-bail d'articles de loisirs et de sport;Hommes
2024;7722Z;Location de vidéocassettes et disques vidéo;Femmes
2024;7722Z;Location de vidéocassettes et disques vidéo;Hommes
2024;7729Z;Location et location-bail d'autres biens personnels et domestiques;Femmes
2024;7729Z;Location et location-bail d'autres biens personnels et domestiques;Hommes
2024;7731Z;Location et location-bail de machines et équipements agricoles;Femmes
2024;7731Z;Location et location-bail de machines et équipements agricoles;Hommes
2024;7732Z;Location et location-bail de machines et équipements pour la construction;Femmes
2024;7732Z;Location et location-bail de machines et équipements pour la construction;Hommes
2024;7733Z;Location et location-bail de machines de bureau et de matériel informatique;Femmes
2024;7733Z;Location et location-bail de machines de bureau et de matériel informatique;Hommes
2024;7734Z;Location et location-bail de matériels de transport par eau;Femmes
2024;7734Z;Location et location-bail de matériels de transport par eau;Hommes
2024;7735Z;Location et location-bail de matériels de transport aérien;Femmes
2024;7735Z;Location et location-bail de matériels de transport aérien;Hommes
2024;7739Z;Location et location-bail d'autres machines, équipements et biens matériels n.c.a.;Femmes
2024;7739Z;Location et location-bail d'autres machines, équipements et biens matériels n.c.a.;Hommes
2024;7740Z;Location-bail de propriété intellectuelle et de produits similaires, à l'exception des œuvres soumises à copyright;Femmes
2024;7740Z;Location-bail de propriété intellectuelle et de produits similaires, à l'exception des œuvres soumises à copyright;Hommes
2024;7810Z;Activités des agences de placement de main-d'œuvre;Femmes
2024;7810Z;Activités des agences de placement de main-d'œuvre;Hommes
2024;7820Z;Activités des agences de travail temporaire;Femmes
2024;7820Z;Activités des agences de travail temporaire;Hommes
2024;7830Z;Autre mise à disposition de ressources humaines;Femmes
2024;7830Z;Autre mise à disposition de ressources humaines;Hommes
2024;7911Z;Activités des agences de voyage;Femmes
2024;7911Z;Activités des agences de voyage;Hommes
2024;7912Z;Activités des voyagistes;Femmes
2024;7912Z;Activités des voyagistes;Hommes
2024;7990Z;Autres services de réservation et activités connexes;Femmes
2024;7990Z;Autres services de réservation et activités connexes;Hommes
2024;8010Z;Activités de sécurité privée;Femmes
2024;8010Z;Activités de sécurité privée;Hommes
2024;8020Z;Activités liées aux systèmes de sécurité;Femmes
2024;8020Z;Activités liées aux systèmes de sécurité;Hommes
2024;8030Z;Activités d'enquête;Femmes
2024;8030Z;Activités d'enquête;Hommes
2024;8110Z;Activités combinées de soutien lié aux bâtiments;Femmes
2024;8110Z;Activités combinées de soutien lié aux bâtiments;Hommes
2024;8121Z;Nettoyage courant des bâtiments;Femmes
2024;8121Z;Nettoyage courant des bâtiments;Hommes
2024;8122Z;Autres activités de nettoyage des bâtiments et nettoyage industriel;Femmes
2024;8122Z;Autres activités de nettoyage des bâtiments et nettoyage industriel;Hommes
2024;8129A;Désinfection, désinsectisation, dératisation;Femmes
2024;8129A;Désinfection, désinsectisation, dératisation;Hommes
2024;8129B;Autres activités de nettoyage n.c.a.;Femmes
2024;8129B;Autres activités de nettoyage n.c.a.;Hommes
2024;8130Z;Services d'aménagement paysager;Femmes
2024;8130Z;Services d'aménagement paysager;Hommes
2024;8211Z;Services administratifs combinés de bureau;Femmes
2024;8211Z;Services administratifs combinés de bureau;Hommes
2024;8219Z;Photocopie, préparation de documents et autres activités spécialisées de soutien de bureau;Femmes
2024;8219Z;Photocopie, préparation de documents et autres activités spécialisées de soutien de bureau;Hommes
2024;8220Z;Activités de centres d'appels;Femmes
2024;8220Z;Activités de centres d'appels;Hommes
2024;8230Z;Organisation de foires, salons professionnels et congrès;Femmes
2024;8230Z;Organisation de foires, salons professionnels et congrès;Hommes
2024;8291Z;Activités des agences de recouvrement de factures et des sociétés d'information financière sur la clientèle;Femmes
2024;8291Z;Activités des agences de recouvrement de factures et des sociétés d'information financière sur la clientèle;Hommes
2024;8292Z;Activités de conditionnement;Femmes
2024;8292Z;Activités de conditionnement;Hommes
2024;8299Z;Autres activités de soutien aux entreprises n.c.a.;Femmes
2024;8299Z;Autres activités de soutien aux entreprises n.c.a.;Hommes
2024;8411Z;Administration publique générale;Femmes
2024;8411Z;Administration publique générale;Hommes
2024;8412Z;Administration publique (tutelle) de la santé, de la formation, de la culture et des services sociaux, autre que sécurité sociale;Femmes
2024;8412Z;Administration publique (tutelle) de la santé, de la formation, de la culture et des services sociaux, autre que sécurité sociale;Hommes
2024;8413Z;Administration publique (tutelle) des activités économiques;Femmes
2024;8413Z;Administration publique (tutelle) des activités économiques;Hommes
2024;8421Z;Affaires étrangères;Femmes
2024;8421Z;Affaires étrangères;Hommes
2024;8422Z;Défense;Femmes
2024;8422Z;Défense;Hommes
2024;8423Z;Justice;Femmes
2024;8423Z;Justice;Hommes
2024;8424Z;Activités d'ordre public et de sécurité;Femmes
2024;8424Z;Activités d'ordre public et de sécurité;Hommes
2024;8425Z;Services du feu et de secours;Femmes
2024;8425Z;Services du feu et de secours;Hommes
2024;8430A;Activités générales de sécurité sociale;Femmes
2024;8430A;Activités générales de sécurité sociale;Hommes
2024;8430B;Gestion des retraites complémentaires;Femmes
2024;8430B;Gestion des retraites complémentaires;Hommes
2024;8430C;Distribution sociale de revenus;Femmes
2024;8430C;Distribution sociale de revenus;Hommes
2024;8510Z;Enseignement pré-primaire;Femmes
2024;8510Z;Enseignement pré-primaire;Hommes
2024;8520Z;Enseignement primaire;Femmes
2024;8520Z;Enseignement primaire;Hommes
2024;8531Z;Enseignement secondaire général;Femmes
2024;8531Z;Enseignement secondaire général;Hommes
2024;8532Z;Enseignement secondaire technique ou professionnel;Femmes
2024;8532Z;Enseignement secondaire technique ou professionnel;Hommes
2024;8541Z;Enseignement post-secondaire non supérieur;Femmes
2024;8541Z;Enseignement post-secondaire non supérieur;Hommes
2024;8542Z;Enseignement supérieur;Femmes
2024;8542Z;Enseignement supérieur;Hommes
2024;8551Z;Enseignement de disciplines sportives et d'activités de loisirs;Femmes
2024;8551Z;Enseignement de disciplines sportives et d'activités de loisirs;Hommes
2024;8552Z;Enseignement culturel;Femmes
2024;8552Z;Enseignement culturel;Hommes
2024;8553Z;Enseignement de la conduite;Femmes
2024;8553Z;Enseignement de la conduite;Hommes
2024;8559A;Formation continue d'adultes;Femmes
2024;8559A;Formation continue d'adultes;Hommes
2024;8559B;Autres enseignements;Femmes
2024;8559B;Autres enseignements;Hommes
2024;8560Z;Activités de soutien à l'enseignement;Femmes
2024;8560Z;Activités de soutien à l'enseignement;Hommes
2024;8610Z;Activités hospitalières;Femmes
2024;8610Z;Activités hospitalières;Hommes
2024;8621Z;Activité des médecins généralistes;Femmes
2024;8621Z;Activité des médecins généralistes;Hommes
2024;8622A;Activités de radiodiagnostic et de radiothérapie;Femmes
2024;8622A;Activités de radiodiagnostic et de radiothérapie;Hommes
2024;8622B;Activités chirurgicales;Femmes
2024;8622B;Activités chirurgicales;Hommes
2024;8622C;Autres activités des médecins spécialistes;Femmes
2024;8622C;Autres activités des médecins spécialistes;Hommes
2024;8623Z;Pratique dentaire;Femmes
2024;8623Z;Pratique dentaire;Hommes
2024;8690A;Ambulances;Femmes
2024;8690A;Ambulances;Hommes
2024;8690B;Laboratoires d'analyses médicales;Femmes
2024;8690B;Laboratoires d'analyses médicales;Hommes
2024;8690C;Centres de collecte et banques d'organes;Femmes
2024;8690C;Centres de collecte et banques d'organes;Hommes
2024;8690D;Activités des infirmiers et des sages-femmes;Femmes
2024;8690D;Activités des infirmiers et des sages-femmes;Hommes
2024;8690E;Activités des professionnels de la rééducation, de l'appareillage et des pédicures-podologues;Femmes
2024;8690E;Activités des professionnels de la rééducation, de l'appareillage et des pédicures-podologues;Hommes
2024;8690F;Activités de santé humaine non classées ailleurs;Femmes
2024;8690F;Activités de santé humaine non classées ailleurs;Hommes
2024;8710A;Hébergement médicalisé pour personnes âgées;Femmes
2024;8710A;Hébergement médicalisé pour personnes âgées;Hommes
2024;8710B;Hébergement médicalisé pour enfants handicapés;Femmes
2024;8710B;Hébergement médicalisé pour enfants handicapés;Hommes
2024;8710C;Hébergement médicalisé pour adultes handicapés et autre hébergement médicalisé;Femmes
2024;8710C;Hébergement médicalisé pour adultes handicapés et autre hébergement médicalisé;Hommes
2024;8720A;Hébergement social pour handicapés mentaux et malades mentaux;Femmes
2024;8720A;Hébergement social pour handicapés mentaux et malades mentaux;Hommes
2024;8720B;Hébergement social pour toxicomanes;Femmes
2024;8720B;Hébergement social pour toxicomanes;Hommes
2024;8730A;Hébergement social pour personnes âgées;Femmes
2024;8730A;Hébergement social pour personnes âgées;Hommes
2024;8730B;Hébergement social pour handicapés physiques;Femmes
2024;8730B;Hébergement social pour handicapés physiques;Hommes
2024;8790A;Hébergement social pour enfants en difficultés;Femmes
2024;8790A;Hébergement social pour enfants en difficultés;Hommes
2024;8790B;Hébergement social pour adultes et familles en difficultés et autre hébergement social;Femmes
2024;8790B;Hébergement social pour adultes et familles en difficultés et autre hébergement social;Hommes
2024;8810A;Aide à domicile;Femmes
2024;8810A;Aide à domicile;Hommes
2024;8810B;Accueil ou accompagnement sans hébergement d'adultes handicapés ou de personnes âgées;Femmes
2024;8810B;Accueil ou accompagnement sans hébergement d'adultes handicapés ou de personnes âgées;Hommes
2024;8810C;Aide par le travail;Femmes
2024;8810C;Aide par le travail;Hommes
2024;8891A;Accueil de jeunes enfants;Femmes
2024;8891A;Accueil de jeunes enfants;Hommes
2024;8891B;Accueil ou accompagnement sans hébergement d'enfants handicapés;Femmes
2024;8891B;Accueil ou accompagnement sans hébergement d'enfants handicapés;Hommes
2024;8899A;Autre accueil ou accompagnement sans hébergement d'enfants et d'adolescents;Femmes
2024;8899A;Autre accueil ou accompagnement sans hébergement d'enfants et d'adolescents;Hommes
2024;8899B;Action sociale sans hébergement n.c.a.;Femmes
2024;8899B;Action sociale sans hébergement n.c.a.;Hommes
2024;9001Z;Arts du spectacle vivant;Femmes
2024;9001Z;Arts du spectacle vivant;Hommes
2024;9002Z;Activités de soutien au spectacle vivant;Femmes
2024;9002Z;Activités de soutien au spectacle vivant;Hommes
2024;9003A;Création artistique relevant des arts plastiques;Femmes
2024;9003A;Création artistique relevant des arts plastiques;Hommes
2024;9003B;Autre création artistique;Femmes
2024;9003B;Autre création artistique;Hommes
2024;9004Z;Gestion de salles de spectacles;Femmes
2024;9004Z;Gestion de salles de spectacles;Hommes
2024;9101Z;Gestion des bibliothèques et des archives;Femmes
2024;9101Z;Gestion des bibliothèques et des archives;Hommes
2024;9102Z;Gestion des musées;Femmes
2024;9102Z;Gestion des musées;Hommes
2024;9103Z;Gestion des sites et monuments historiques et des attractions touristiques similaires;Femmes
2024;9103Z;Gestion des sites et monuments historiques et des attractions touristiques similaires;Hommes
2024;9104Z;Gestion des jardins botaniques et zoologiques et des réserves naturelles;Femmes
2024;9104Z;Gestion des jardins botaniques et zoologiques et des réserves naturelles;Hommes
2024;9200Z;Organisation de jeux de hasard et d'argent;Femmes
2024;9200Z;Organisation de jeux de hasard et d'argent;Hommes
2024;9311Z;Gestion d'installations sportives;Femmes
2024;9311Z;Gestion d'installations sportives;Hommes
2024;9312Z;Activités de clubs de sports;Femmes
2024;9312Z;Activités de clubs de sports;Hommes
2024;9313Z;Activités des centres de culture physique;Femmes
2024;9313Z;Activités des centres de culture physique;Hommes
2024;9319Z;Autres activités liées au sport;Femmes
2024;9319Z;Autres activités liées au sport;Hommes
2024;9321Z;Activités des parcs d'attractions et parcs à thèmes;Femmes
2024;9321Z;Activités des parcs d'attractions et parcs à thèmes;Hommes
2024;9329Z;Autres activités récréatives et de loisirs;Femmes
2024;9329Z;Autres activités récréatives et de loisirs;Hommes
2024;9411Z;Activités des organisations patronales et consulaires;Femmes
2024;9411Z;Activités des organisations patronales et consulaires;Hommes
2024;9412Z;Activités des organisations professionnelles;Femmes
2024;9412Z;Activités des organisations professionnelles;Hommes
2024;9420Z;Activités des syndicats de salariés;Femmes
2024;9420Z;Activités des syndicats de salariés;Hommes
2024;9491Z;Activités des organisations religieuses;Femmes
2024;9491Z;Activités des organisations religieuses;Hommes
2024;9492Z;Activités des organisations politiques;Femmes
2024;9492Z;Activités des organisations politiques;Hommes
2024;9499Z;Autres organisations fonctionnant par adhésion volontaire;Femmes
2024;9499Z;Autres organisations fonctionnant par adhésion volontaire;Hommes
2024;9511Z;Réparation d'ordinateurs et d'équipements périphériques;Femmes
2024;9511Z;Réparation d'ordinateurs et d'équipements périphériques;Hommes
2024;9512Z;Réparation d'équipements de communication;Femmes
2024;9512Z;Réparation d'équipements de communication;Hommes
2024;9521Z;Réparation de produits électroniques grand public;Femmes
2024;9521Z;Réparation de produits électroniques grand public;Hommes
2024;9522Z;Réparation d'appareils électroménagers et d'équipements pour la maison et le jardin;Femmes
2024;9522Z;Réparation d'appareils électroménagers et d'équipements pour la maison et le jardin;Hommes
2024;9523Z;Réparation de chaussures et d'articles en cuir;Femmes
2024;9523Z;Réparation de chaussures et d'articles en cuir;Hommes
2024;9524Z;Réparation de meubles et d'équipements du foyer;Femmes
2024;9524Z;Réparation de meubles et d'équipements du foyer;Hommes
2024;9525Z;Réparation d'articles d'horlogerie et de bijouterie;Femmes
2024;9525Z;Réparation d'articles d'horlogerie et de bijouterie;Hommes
2024;9529Z;Réparation d'autres biens personnels et domestiques;Femmes
2024;9529Z;Réparation d'autres biens personnels et domestiques;Hommes
2024;9601A;Blanchisserie-teinturerie de gros;Femmes
2024;9601A;Blanchisserie-teinturerie de gros;Hommes
2024;9601B;Blanchisserie-teinturerie de détail;Femmes
2024;9601B;Blanchisserie-teinturerie de détail;Hommes
2024;9602A;Coiffure;Femmes
2024;9602A;Coiffure;Hommes
2024;9602B;Soins de beauté;Femmes
2024;9602B;Soins de beauté;Hommes
2024;9603Z;Services funéraires;Femmes
2024;9603Z;Services funéraires;Hommes
2024;9604Z;Entretien corporel;Femmes
2024;9604Z;Entretien corporel;Hommes
2024;9609Z;Autres services personnels n.c.a.;Femmes
2024;9609Z;Autres services personnels n.c.a.;Hommes
2024;9700Z;Activités des ménages en tant qu'employeurs de personnel domestique;Femmes
2024;9700Z;Activités des ménages en tant qu'employeurs de personnel domestique;Hommes
2024;9810Z;Activités indifférenciées des ménages en tant que producteurs de biens pour usage propre;Femmes
2024;9810Z;Activités indifférenciées des ménages en tant que producteurs de biens pour usage propre;Hommes
2024;9820Z;Activités indifférenciées des ménages en tant que producteurs de services pour usage propre;Femmes
2024;9820Z;Activités indifférenciées des ménages en tant que producteurs de services pour usage propre;Hommes
2024;9900Z;Activités des organisations et organismes extraterritoriaux;Femmes
2024;9900Z;Activités des organisations et organismes extraterritoriaux;Hommes
