annee;risque;code_naf1;libelle_naf1;naf1;code_naf5;libelle_naf5;naf5;nb_sinistres;nb_salaries;indice_frequence;nb_sinistres_int;nb_salaries_int;indice_frequence_int
2024;Accidents de trajet;A;Agriculture, sylviculture et pêche;A - Agriculture, sylviculture et pêche;0111Z;Culture de céréales (à l'exception du riz), de légumineuses et de graines oléagineuses;0111Z - Culture de céréales (à l'exception du riz), de légumineuses et de graines oléagineuses;7;434;NC;7;434;
2024;Accidents de trajet;A;Agriculture, sylviculture et pêche;A - Agriculture, sylviculture et pêche;0112Z;Culture du riz;0112Z - Culture du riz;0;15;NC;0;15;
2024;Accidents de trajet;A;Agriculture, sylviculture et pêche;A - Agriculture, sylviculture et pêche;0113Z;Culture de légumes, de melons, de racines et de tubercules;0113Z - Culture de légumes, de melons, de racines et de tubercules;3;1300;2.3;3;1300;2.3
2024;Accidents de trajet;A;Agriculture, sylviculture et pêche;A - Agriculture, sylviculture et pêche;0114Z;Culture de la canne à sucre;0114Z - Culture de la canne à sucre;0;1373;0;0;1373;0.0
2024;Accidents de trajet;A;Agriculture, sylviculture et pêche;A - Agriculture, sylviculture et pêche;0115Z;Culture du tabac;0115Z - Culture du tabac;0;7;NC;0;7;
2024;Accidents de trajet;A;Agriculture, sylviculture et pêche;A - Agriculture, sylviculture et pêche;0116Z;Culture de plantes à fibres;0116Z - Culture de plantes à fibres;NS;NS;NC;;;
2024;Accidents de trajet;A;Agriculture, sylviculture et pêche;A - Agriculture, sylviculture et pêche;0119Z;Autres cultures non permanentes;0119Z - Autres cultures non permanentes;0;86;NC;0;86;
2024;Accidents de trajet;A;Agriculture, sylviculture et pêche;A - Agriculture, sylviculture et pêche;0121Z;Culture de la vigne;0121Z - Culture de la vigne;3;183;NC;3;183;
2024;Accidents de trajet;A;Agriculture, sylviculture et pêche;A - Agriculture, sylviculture et pêche;0122Z;Culture de fruits tropicaux et subtropicaux;0122Z - Culture de fruits tropicaux et subtropicaux;6;3576;1.7;6;3576;1.7
2024;Accidents de trajet;A;Agriculture, sylviculture et pêche;A - Agriculture, sylviculture et pêche;0123Z;Culture d'agrumes;0123Z - Culture d'agrumes;0;6;NC;0;6;
2024;Accidents de trajet;A;Agriculture, sylviculture et pêche;A - Agriculture, sylviculture et pêche;0124Z;Culture de fruits à pépins et à noyau;0124Z - Culture de fruits à pépins et à noyau;1;399;NC;1;399;
2024;Accidents de trajet;A;Agriculture, sylviculture et pêche;A - Agriculture, sylviculture et pêche;0125Z;Culture d'autres fruits d'arbres ou d'arbustes et de fruits à coque;0125Z - Culture d'autres fruits d'arbres ou d'arbustes et de fruits à coque;0;15;NC;0;15;
2024;Accidents de trajet;A;Agriculture, sylviculture et pêche;A - Agriculture, sylviculture et pêche;0126Z;Culture de fruits oléagineux;0126Z - Culture de fruits oléagineux;NS;NS;NC;;;
2024;Accidents de trajet;A;Agriculture, sylviculture et pêche;A - Agriculture, sylviculture et pêche;0127Z;Culture de plantes à boissons;0127Z - Culture de plantes à boissons;NS;NS;NC;;;
2024;Accidents de trajet;A;Agriculture, sylviculture et pêche;A - Agriculture, sylviculture et pêche;0128Z;Culture de plantes à épices, aromatiques, médicinales et pharmaceutiques;0128Z - Culture de plantes à épices, aromatiques, médicinales et pharmaceutiques;1;73;NC;1;73;
2024;Accidents de trajet;A;Agriculture, sylviculture et pêche;A - Agriculture, sylviculture et pêche;0129Z;Autres cultures permanentes;0129Z - Autres cultures permanentes;0;14;NC;0;14;
2024;Accidents de trajet;A;Agriculture, sylviculture et pêche;A - Agriculture, sylviculture et pêche;0130Z;Reproduction de plantes;0130Z - Reproduction de plantes;3;524;NC;3;524;
2024;Accidents de trajet;A;Agriculture, sylviculture et pêche;A - Agriculture, sylviculture et pêche;0141Z;Élevage de vaches laitières;0141Z - Élevage de vaches laitières;0;28;NC;0;28;
2024;Accidents de trajet;A;Agriculture, sylviculture et pêche;A - Agriculture, sylviculture et pêche;0142Z;Élevage d'autres bovins et de buffles;0142Z - Élevage d'autres bovins et de buffles;2;235;NC;2;235;
2024;Accidents de trajet;A;Agriculture, sylviculture et pêche;A - Agriculture, sylviculture et pêche;0143Z;Élevage de chevaux et d'autres équidés;0143Z - Élevage de chevaux et d'autres équidés;0;77;NC;0;77;
2024;Accidents de trajet;A;Agriculture, sylviculture et pêche;A - Agriculture, sylviculture et pêche;0144Z;Élevage de chameaux et d'autres camélidés;0144Z - Élevage de chameaux et d'autres camélidés;0;0;NC;0;0;
2024;Accidents de trajet;A;Agriculture, sylviculture et pêche;A - Agriculture, sylviculture et pêche;0145Z;Élevage d'ovins et de caprins;0145Z - Élevage d'ovins et de caprins;0;24;NC;0;24;
2024;Accidents de trajet;A;Agriculture, sylviculture et pêche;A - Agriculture, sylviculture et pêche;0146Z;Élevage de porcins;0146Z - Élevage de porcins;1;114;NC;1;114;
2024;Accidents de trajet;A;Agriculture, sylviculture et pêche;A - Agriculture, sylviculture et pêche;0147Z;Élevage de volailles;0147Z - Élevage de volailles;0;419;NC;0;419;
2024;Accidents de trajet;A;Agriculture, sylviculture et pêche;A - Agriculture, sylviculture et pêche;0149Z;Élevage d'autres animaux;0149Z - Élevage d'autres animaux;0;97;NC;0;97;
2024;Accidents de trajet;A;Agriculture, sylviculture et pêche;A - Agriculture, sylviculture et pêche;0150Z;Culture et élevage associés;0150Z - Culture et élevage associés;0;559;NC;0;559;
2024;Accidents de trajet;A;Agriculture, sylviculture et pêche;A - Agriculture, sylviculture et pêche;0161Z;Activités de soutien aux cultures;0161Z - Activités de soutien aux cultures;1;663;NC;1;663;
2024;Accidents de trajet;A;Agriculture, sylviculture et pêche;A - Agriculture, sylviculture et pêche;0162Z;Activités de soutien à la production animale;0162Z - Activités de soutien à la production animale;3;748;NC;3;748;
2024;Accidents de trajet;A;Agriculture, sylviculture et pêche;A - Agriculture, sylviculture et pêche;0163Z;Traitement primaire des récoltes;0163Z - Traitement primaire des récoltes;0;6;NC;0;6;
2024;Accidents de trajet;A;Agriculture, sylviculture et pêche;A - Agriculture, sylviculture et pêche;0164Z;Traitement des semences;0164Z - Traitement des semences;NS;NS;NC;;;
2024;Accidents de trajet;A;Agriculture, sylviculture et pêche;A - Agriculture, sylviculture et pêche;0170Z;Chasse, piégeage et services annexes;0170Z - Chasse, piégeage et services annexes;0;4;NC;0;4;
2024;Accidents de trajet;A;Agriculture, sylviculture et pêche;A - Agriculture, sylviculture et pêche;0210Z;Sylviculture et autres activités forestières;0210Z - Sylviculture et autres activités forestières;0;81;NC;0;81;
2024;Accidents de trajet;A;Agriculture, sylviculture et pêche;A - Agriculture, sylviculture et pêche;0220Z;Exploitation forestière;0220Z - Exploitation forestière;2;1023;2;2;1023;2.0
2024;Accidents de trajet;A;Agriculture, sylviculture et pêche;A - Agriculture, sylviculture et pêche;0230Z;Récolte de produits forestiers non ligneux poussant à l'état sauvage;0230Z - Récolte de produits forestiers non ligneux poussant à l'état sauvage;0;2;NC;0;2;
2024;Accidents de trajet;A;Agriculture, sylviculture et pêche;A - Agriculture, sylviculture et pêche;0240Z;Services de soutien à l'exploitation forestière;0240Z - Services de soutien à l'exploitation forestière;NS;NS;NS;;;
2024;Accidents de trajet;A;Agriculture, sylviculture et pêche;A - Agriculture, sylviculture et pêche;0311Z;Pêche en mer;0311Z - Pêche en mer;2;1249;1.6;2;1249;1.6
2024;Accidents de trajet;A;Agriculture, sylviculture et pêche;A - Agriculture, sylviculture et pêche;0312Z;Pêche en eau douce;0312Z - Pêche en eau douce;0;4;NC;0;4;
2024;Accidents de trajet;A;Agriculture, sylviculture et pêche;A - Agriculture, sylviculture et pêche;0321Z;Aquaculture en mer;0321Z - Aquaculture en mer;1;123;NC;1;123;
2024;Accidents de trajet;A;Agriculture, sylviculture et pêche;A - Agriculture, sylviculture et pêche;0322Z;Aquaculture en eau douce;0322Z - Aquaculture en eau douce;0;37;NC;0;37;
2024;Accidents de trajet;A;Agriculture, sylviculture et pêche;A - Agriculture, sylviculture et pêche;TOUS;Total Agriculture, sylviculture et pêche;Total Agriculture, sylviculture et pêche;39;16062;2.4;39;16062;2.4
2024;Accidents de trajet;B;Industries extractives;B - Industries extractives;0510Z;Extraction de houille;0510Z - Extraction de houille;NS;NS;NC;;;
2024;Accidents de trajet;B;Industries extractives;B - Industries extractives;0520Z;Extraction de lignite;0520Z - Extraction de lignite;0;0;NC;0;0;
2024;Accidents de trajet;B;Industries extractives;B - Industries extractives;0610Z;Extraction de pétrole brut;0610Z - Extraction de pétrole brut;0;205;NC;0;205;
2024;Accidents de trajet;B;Industries extractives;B - Industries extractives;0620Z;Extraction de gaz naturel;0620Z - Extraction de gaz naturel;NS;NS;NC;;;
2024;Accidents de trajet;B;Industries extractives;B - Industries extractives;0710Z;Extraction de minerais de fer;0710Z - Extraction de minerais de fer;NS;NS;NC;;;
2024;Accidents de trajet;B;Industries extractives;B - Industries extractives;0721Z;Extraction de minerais d'uranium et de thorium;0721Z - Extraction de minerais d'uranium et de thorium;0;0;NC;0;0;
2024;Accidents de trajet;B;Industries extractives;B - Industries extractives;0729Z;Extraction d'autres minerais de métaux non ferreux;0729Z - Extraction d'autres minerais de métaux non ferreux;0;484;NC;0;484;
2024;Accidents de trajet;B;Industries extractives;B - Industries extractives;0811Z;Extraction de pierres ornementales et de construction, de calcaire industriel, de gypse, de craie et d'ardoise;0811Z - Extraction de pierres ornementales et de construction, de calcaire industriel, de gypse, de craie et d'ardoise;12;3258;3.7;12;3258;3.7
2024;Accidents de trajet;B;Industries extractives;B - Industries extractives;0812Z;Exploitation de gravières et sablières, extraction d'argiles et de kaolin;0812Z - Exploitation de gravières et sablières, extraction d'argiles et de kaolin;30;14028;2.1;30;14028;2.1
2024;Accidents de trajet;B;Industries extractives;B - Industries extractives;0891Z;Extraction des minéraux chimiques et d'engrais minéraux;0891Z - Extraction des minéraux chimiques et d'engrais minéraux;0;102;NC;0;102;
2024;Accidents de trajet;B;Industries extractives;B - Industries extractives;0892Z;Extraction de tourbe;0892Z - Extraction de tourbe;1;312;NC;1;312;
2024;Accidents de trajet;B;Industries extractives;B - Industries extractives;0893Z;Production de sel;0893Z - Production de sel;0;150;NC;0;150;
2024;Accidents de trajet;B;Industries extractives;B - Industries extractives;0899Z;Autres activités extractives n.c.a.;0899Z - Autres activités extractives n.c.a.;3;403;NC;3;403;
2024;Accidents de trajet;B;Industries extractives;B - Industries extractives;0910Z;Activités de soutien à l'extraction d'hydrocarbures;0910Z - Activités de soutien à l'extraction d'hydrocarbures;NS;NS;NC;;;
2024;Accidents de trajet;B;Industries extractives;B - Industries extractives;0990Z;Activités de soutien aux autres industries extractives;0990Z - Activités de soutien aux autres industries extractives;0;412;NC;0;412;
2024;Accidents de trajet;B;Industries extractives;B - Industries extractives;TOUS;Total Industries extractives;Total Industries extractives;46;20280;2.3;46;20280;2.3
2024;Accidents de trajet;C;Industrie manufacturière;C - Industrie manufacturière;1011Z;Transformation et conservation de la viande de boucherie;1011Z - Transformation et conservation de la viande de boucherie;172;39693;4.3;172;39693;4.3
2024;Accidents de trajet;C;Industrie manufacturière;C - Industrie manufacturière;1012Z;Transformation et conservation de la viande de volaille;1012Z - Transformation et conservation de la viande de volaille;94;20443;4.6;94;20443;4.6
2024;Accidents de trajet;C;Industrie manufacturière;C - Industrie manufacturière;1013A;Préparation industrielle de produits à base de viande;1013A - Préparation industrielle de produits à base de viande;88;22688;3.9;88;22688;3.9
2024;Accidents de trajet;C;Industrie manufacturière;C - Industrie manufacturière;1013B;Charcuterie;1013B - Charcuterie;53;8985;5.9;53;8985;5.9
2024;Accidents de trajet;C;Industrie manufacturière;C - Industrie manufacturière;1020Z;Transformation et conservation de poisson, de crustacés et de mollusques;1020Z - Transformation et conservation de poisson, de crustacés et de mollusques;40;10428;3.8;40;10428;3.8
2024;Accidents de trajet;C;Industrie manufacturière;C - Industrie manufacturière;1031Z;Transformation et conservation de pommes de terre;1031Z - Transformation et conservation de pommes de terre;9;2672;3.4;9;2672;3.4
2024;Accidents de trajet;C;Industrie manufacturière;C - Industrie manufacturière;1032Z;Préparation de jus de fruits et légumes;1032Z - Préparation de jus de fruits et légumes;9;1423;6.3;9;1423;6.3
2024;Accidents de trajet;C;Industrie manufacturière;C - Industrie manufacturière;1039A;Autre transformation et conservation de légumes;1039A - Autre transformation et conservation de légumes;48;10544;4.6;48;10544;4.6
2024;Accidents de trajet;C;Industrie manufacturière;C - Industrie manufacturière;1039B;Transformation et conservation de fruits;1039B - Transformation et conservation de fruits;30;7679;3.9;30;7679;3.9
2024;Accidents de trajet;C;Industrie manufacturière;C - Industrie manufacturière;1041A;Fabrication d'huiles et graisses brutes;1041A - Fabrication d'huiles et graisses brutes;4;1582;2.5;4;1582;2.5
2024;Accidents de trajet;C;Industrie manufacturière;C - Industrie manufacturière;1041B;Fabrication d'huiles et graisses raffinées;1041B - Fabrication d'huiles et graisses raffinées;2;1034;1.9;2;1034;1.9
2024;Accidents de trajet;C;Industrie manufacturière;C - Industrie manufacturière;1042Z;Fabrication de margarine et graisses comestibles similaires;1042Z - Fabrication de margarine et graisses comestibles similaires;0;232;NC;0;232;
2024;Accidents de trajet;C;Industrie manufacturière;C - Industrie manufacturière;1051A;Fabrication de lait liquide et de produits frais;1051A - Fabrication de lait liquide et de produits frais;29;9450;3.1;29;9450;3.1
2024;Accidents de trajet;C;Industrie manufacturière;C - Industrie manufacturière;1051B;Fabrication de beurre;1051B - Fabrication de beurre;2;786;NC;2;786;
2024;Accidents de trajet;C;Industrie manufacturière;C - Industrie manufacturière;1051C;Fabrication de fromage;1051C - Fabrication de fromage;68;21097;3.2;68;21097;3.2
2024;Accidents de trajet;C;Industrie manufacturière;C - Industrie manufacturière;1051D;Fabrication d'autres produits laitiers;1051D - Fabrication d'autres produits laitiers;9;3970;2.3;9;3970;2.3
2024;Accidents de trajet;C;Industrie manufacturière;C - Industrie manufacturière;1052Z;Fabrication de glaces et sorbets;1052Z - Fabrication de glaces et sorbets;23;5355;4.3;23;5355;4.3
2024;Accidents de trajet;C;Industrie manufacturière;C - Industrie manufacturière;1061A;Meunerie;1061A - Meunerie;9;5692;1.6;9;5692;1.6
2024;Accidents de trajet;C;Industrie manufacturière;C - Industrie manufacturière;1061B;Autres activités du travail des grains;1061B - Autres activités du travail des grains;4;2499;1.6;4;2499;1.6
2024;Accidents de trajet;C;Industrie manufacturière;C - Industrie manufacturière;1062Z;Fabrication de produits amylacés;1062Z - Fabrication de produits amylacés;3;4482;0.7;3;4482;0.7
2024;Accidents de trajet;C;Industrie manufacturière;C - Industrie manufacturière;1071A;Fabrication industrielle de pain et de pâtisserie fraîche;1071A - Fabrication industrielle de pain et de pâtisserie fraîche;237;35928;6.6;237;35928;6.6
2024;Accidents de trajet;C;Industrie manufacturière;C - Industrie manufacturière;1071B;Cuisson de produits de boulangerie;1071B - Cuisson de produits de boulangerie;63;7571;8.3;63;7571;8.3
2024;Accidents de trajet;C;Industrie manufacturière;C - Industrie manufacturière;1071C;Boulangerie et boulangerie-pâtisserie;1071C - Boulangerie et boulangerie-pâtisserie;1297;175885;7.4;1297;175885;7.4
2024;Accidents de trajet;C;Industrie manufacturière;C - Industrie manufacturière;1071D;Pâtisserie;1071D - Pâtisserie;88;17139;5.1;88;17139;5.1
2024;Accidents de trajet;C;Industrie manufacturière;C - Industrie manufacturière;1072Z;Fabrication de biscuits, biscottes et pâtisseries de conservation;1072Z - Fabrication de biscuits, biscottes et pâtisseries de conservation;65;14361;4.5;65;14361;4.5
2024;Accidents de trajet;C;Industrie manufacturière;C - Industrie manufacturière;1073Z;Fabrication de pâtes alimentaires;1073Z - Fabrication de pâtes alimentaires;20;3213;6.2;20;3213;6.2
2024;Accidents de trajet;C;Industrie manufacturière;C - Industrie manufacturière;1081Z;Fabrication de sucre;1081Z - Fabrication de sucre;2;1721;1.2;2;1721;1.2
2024;Accidents de trajet;C;Industrie manufacturière;C - Industrie manufacturière;1082Z;Fabrication de cacao, chocolat et de produits de confiserie;1082Z - Fabrication de cacao, chocolat et de produits de confiserie;86;19225;4.5;86;19225;4.5
2024;Accidents de trajet;C;Industrie manufacturière;C - Industrie manufacturière;1083Z;Transformation du thé et du café;1083Z - Transformation du thé et du café;36;6401;5.6;36;6401;5.6
2024;Accidents de trajet;C;Industrie manufacturière;C - Industrie manufacturière;1084Z;Fabrication de condiments et assaisonnements;1084Z - Fabrication de condiments et assaisonnements;17;3947;4.3;17;3947;4.3
2024;Accidents de trajet;C;Industrie manufacturière;C - Industrie manufacturière;1085Z;Fabrication de plats préparés;1085Z - Fabrication de plats préparés;71;24111;2.9;71;24111;2.9
2024;Accidents de trajet;C;Industrie manufacturière;C - Industrie manufacturière;1086Z;Fabrication d'aliments homogénéisés et diététiques;1086Z - Fabrication d'aliments homogénéisés et diététiques;20;6034;3.3;20;6034;3.3
2024;Accidents de trajet;C;Industrie manufacturière;C - Industrie manufacturière;1089Z;Fabrication d'autres produits alimentaires n.c.a.;1089Z - Fabrication d'autres produits alimentaires n.c.a.;69;18235;3.8;69;18235;3.8
2024;Accidents de trajet;C;Industrie manufacturière;C - Industrie manufacturière;1091Z;Fabrication d'aliments pour animaux de ferme;1091Z - Fabrication d'aliments pour animaux de ferme;15;7765;1.9;15;7765;1.9
2024;Accidents de trajet;C;Industrie manufacturière;C - Industrie manufacturière;1092Z;Fabrication d'aliments pour animaux de compagnie;1092Z - Fabrication d'aliments pour animaux de compagnie;13;7526;1.7;13;7526;1.7
2024;Accidents de trajet;C;Industrie manufacturière;C - Industrie manufacturière;1101Z;Production de boissons alcooliques distillées;1101Z - Production de boissons alcooliques distillées;18;8713;2.1;18;8713;2.1
2024;Accidents de trajet;C;Industrie manufacturière;C - Industrie manufacturière;1102A;Fabrication de vins effervescents;1102A - Fabrication de vins effervescents;10;5041;2;10;5041;2.0
2024;Accidents de trajet;C;Industrie manufacturière;C - Industrie manufacturière;1102B;Vinification;1102B - Vinification;14;3125;4.5;14;3125;4.5
2024;Accidents de trajet;C;Industrie manufacturière;C - Industrie manufacturière;1103Z;Fabrication de cidre et de vins de fruits;1103Z - Fabrication de cidre et de vins de fruits;4;423;NC;4;423;
2024;Accidents de trajet;C;Industrie manufacturière;C - Industrie manufacturière;1104Z;Production d'autres boissons fermentées non distillées;1104Z - Production d'autres boissons fermentées non distillées;0;216;NC;0;216;
2024;Accidents de trajet;C;Industrie manufacturière;C - Industrie manufacturière;1105Z;Fabrication de bière;1105Z - Fabrication de bière;22;7292;3;22;7292;3.0
2024;Accidents de trajet;C;Industrie manufacturière;C - Industrie manufacturière;1106Z;Fabrication de malt;1106Z - Fabrication de malt;0;501;NC;0;501;
2024;Accidents de trajet;C;Industrie manufacturière;C - Industrie manufacturière;1107A;Industrie des eaux de table;1107A - Industrie des eaux de table;12;7063;1.7;12;7063;1.7
2024;Accidents de trajet;C;Industrie manufacturière;C - Industrie manufacturière;1107B;Production de boissons rafraîchissantes;1107B - Production de boissons rafraîchissantes;18;7962;2.3;18;7962;2.3
2024;Accidents de trajet;C;Industrie manufacturière;C - Industrie manufacturière;1200Z;Fabrication de produits à base de tabac;1200Z - Fabrication de produits à base de tabac;0;789;NC;0;789;
2024;Accidents de trajet;C;Industrie manufacturière;C - Industrie manufacturière;1310Z;Préparation de fibres textiles et filature;1310Z - Préparation de fibres textiles et filature;5;1776;2.8;5;1776;2.8
2024;Accidents de trajet;C;Industrie manufacturière;C - Industrie manufacturière;1320Z;Tissage;1320Z - Tissage;17;4976;3.4;17;4976;3.4
2024;Accidents de trajet;C;Industrie manufacturière;C - Industrie manufacturière;1330Z;Ennoblissement textile;1330Z - Ennoblissement textile;6;2397;2.5;6;2397;2.5
2024;Accidents de trajet;C;Industrie manufacturière;C - Industrie manufacturière;1391Z;Fabrication d'étoffes à mailles;1391Z - Fabrication d'étoffes à mailles;5;632;NC;5;632;
2024;Accidents de trajet;C;Industrie manufacturière;C - Industrie manufacturière;1392Z;Fabrication d'articles textiles, sauf habillement;1392Z - Fabrication d'articles textiles, sauf habillement;36;11211;3.2;36;11211;3.2
2024;Accidents de trajet;C;Industrie manufacturière;C - Industrie manufacturière;1393Z;Fabrication de tapis et moquettes;1393Z - Fabrication de tapis et moquettes;4;1131;3.5;4;1131;3.5
2024;Accidents de trajet;C;Industrie manufacturière;C - Industrie manufacturière;1394Z;Fabrication de ficelles, cordes et filets;1394Z - Fabrication de ficelles, cordes et filets;4;906;NC;4;906;
2024;Accidents de trajet;C;Industrie manufacturière;C - Industrie manufacturière;1395Z;Fabrication de non-tissés, sauf habillement;1395Z - Fabrication de non-tissés, sauf habillement;5;2374;2.1;5;2374;2.1
2024;Accidents de trajet;C;Industrie manufacturière;C - Industrie manufacturière;1396Z;Fabrication d'autres textiles techniques et industriels;1396Z - Fabrication d'autres textiles techniques et industriels;19;7319;2.6;19;7319;2.6
2024;Accidents de trajet;C;Industrie manufacturière;C - Industrie manufacturière;1399Z;Fabrication d'autres textiles n.c.a.;1399Z - Fabrication d'autres textiles n.c.a.;10;2602;3.8;10;2602;3.8
2024;Accidents de trajet;C;Industrie manufacturière;C - Industrie manufacturière;1411Z;Fabrication de vêtements en cuir;1411Z - Fabrication de vêtements en cuir;1;356;NC;1;356;
2024;Accidents de trajet;C;Industrie manufacturière;C - Industrie manufacturière;1412Z;Fabrication de vêtements de travail;1412Z - Fabrication de vêtements de travail;5;1721;2.9;5;1721;2.9
2024;Accidents de trajet;C;Industrie manufacturière;C - Industrie manufacturière;1413Z;Fabrication de vêtements de dessus;1413Z - Fabrication de vêtements de dessus;79;17260;4.6;79;17260;4.6
2024;Accidents de trajet;C;Industrie manufacturière;C - Industrie manufacturière;1414Z;Fabrication de vêtements de dessous;1414Z - Fabrication de vêtements de dessous;19;4675;4.1;19;4675;4.1
2024;Accidents de trajet;C;Industrie manufacturière;C - Industrie manufacturière;1419Z;Fabrication d'autres vêtements et accessoires;1419Z - Fabrication d'autres vêtements et accessoires;20;4345;4.6;20;4345;4.6
2024;Accidents de trajet;C;Industrie manufacturière;C - Industrie manufacturière;1420Z;Fabrication d'articles en fourrure;1420Z - Fabrication d'articles en fourrure;0;101;NC;0;101;
2024;Accidents de trajet;C;Industrie manufacturière;C - Industrie manufacturière;1431Z;Fabrication d'articles chaussants à mailles;1431Z - Fabrication d'articles chaussants à mailles;7;1459;4.8;7;1459;4.8
2024;Accidents de trajet;C;Industrie manufacturière;C - Industrie manufacturière;1439Z;Fabrication d'autres articles à mailles;1439Z - Fabrication d'autres articles à mailles;2;1574;1.3;2;1574;1.3
2024;Accidents de trajet;C;Industrie manufacturière;C - Industrie manufacturière;1511Z;"Apprêt et tannage des cuirs ; préparation et teinture des fourrures";"1511Z - Apprêt et tannage des cuirs ; préparation et teinture des fourrures";6;1792;3.3;6;1792;3.3
2024;Accidents de trajet;C;Industrie manufacturière;C - Industrie manufacturière;1512Z;Fabrication d'articles de voyage, de maroquinerie et de sellerie;1512Z - Fabrication d'articles de voyage, de maroquinerie et de sellerie;187;36484;5.1;187;36484;5.1
2024;Accidents de trajet;C;Industrie manufacturière;C - Industrie manufacturière;1520Z;Fabrication de chaussures;1520Z - Fabrication de chaussures;13;3648;3.6;13;3648;3.6
2024;Accidents de trajet;C;Industrie manufacturière;C - Industrie manufacturière;1610A;Sciage et rabotage du bois, hors imprégnation;1610A - Sciage et rabotage du bois, hors imprégnation;25;6442;3.9;25;6442;3.9
2024;Accidents de trajet;C;Industrie manufacturière;C - Industrie manufacturière;1610B;Imprégnation du bois;1610B - Imprégnation du bois;9;2685;3.4;9;2685;3.4
2024;Accidents de trajet;C;Industrie manufacturière;C - Industrie manufacturière;1621Z;Fabrication de placage et de panneaux de bois;1621Z - Fabrication de placage et de panneaux de bois;16;5234;3.1;16;5234;3.1
2024;Accidents de trajet;C;Industrie manufacturière;C - Industrie manufacturière;1622Z;Fabrication de parquets assemblés;1622Z - Fabrication de parquets assemblés;2;647;NC;2;647;
2024;Accidents de trajet;C;Industrie manufacturière;C - Industrie manufacturière;1623Z;Fabrication de charpentes et d'autres menuiseries;1623Z - Fabrication de charpentes et d'autres menuiseries;55;20188;2.7;55;20188;2.7
2024;Accidents de trajet;C;Industrie manufacturière;C - Industrie manufacturière;1624Z;Fabrication d'emballages en bois;1624Z - Fabrication d'emballages en bois;41;11998;3.4;41;11998;3.4
2024;Accidents de trajet;C;Industrie manufacturière;C - Industrie manufacturière;1629Z;"Fabrication d'objets divers en bois ; fabrication d'objets en liège, vannerie et sparterie";"1629Z - Fabrication d'objets divers en bois ; fabrication d'objets en liège, vannerie et sparterie";20;4681;4.3;20;4681;4.3
2024;Accidents de trajet;C;Industrie manufacturière;C - Industrie manufacturière;1711Z;Fabrication de pâte à papier;1711Z - Fabrication de pâte à papier;3;1121;2.7;3;1121;2.7
2024;Accidents de trajet;C;Industrie manufacturière;C - Industrie manufacturière;1712Z;Fabrication de papier et de carton;1712Z - Fabrication de papier et de carton;24;12656;1.9;24;12656;1.9
2024;Accidents de trajet;C;Industrie manufacturière;C - Industrie manufacturière;1721A;Fabrication de carton ondulé;1721A - Fabrication de carton ondulé;29;14853;2;29;14853;2.0
2024;Accidents de trajet;C;Industrie manufacturière;C - Industrie manufacturière;1721B;Fabrication de cartonnages;1721B - Fabrication de cartonnages;45;9960;4.5;45;9960;4.5
2024;Accidents de trajet;C;Industrie manufacturière;C - Industrie manufacturière;1721C;Fabrication d'emballages en papier;1721C - Fabrication d'emballages en papier;14;2721;5.1;14;2721;5.1
2024;Accidents de trajet;C;Industrie manufacturière;C - Industrie manufacturière;1722Z;Fabrication d'articles en papier à usage sanitaire ou domestique;1722Z - Fabrication d'articles en papier à usage sanitaire ou domestique;22;7131;3.1;22;7131;3.1
2024;Accidents de trajet;C;Industrie manufacturière;C - Industrie manufacturière;1723Z;Fabrication d'articles de papeterie;1723Z - Fabrication d'articles de papeterie;16;3100;5.2;16;3100;5.2
2024;Accidents de trajet;C;Industrie manufacturière;C - Industrie manufacturière;1724Z;Fabrication de papiers peints;1724Z - Fabrication de papiers peints;2;175;NC;2;175;
2024;Accidents de trajet;C;Industrie manufacturière;C - Industrie manufacturière;1729Z;Fabrication d'autres articles en papier ou en carton;1729Z - Fabrication d'autres articles en papier ou en carton;31;6971;4.4;31;6971;4.4
2024;Accidents de trajet;C;Industrie manufacturière;C - Industrie manufacturière;1811Z;Imprimerie de journaux;1811Z - Imprimerie de journaux;9;2719;3.3;9;2719;3.3
2024;Accidents de trajet;C;Industrie manufacturière;C - Industrie manufacturière;1812Z;Autre imprimerie (labeur);1812Z - Autre imprimerie (labeur);104;31432;3.3;104;31432;3.3
2024;Accidents de trajet;C;Industrie manufacturière;C - Industrie manufacturière;1813Z;Activités de pré-presse;1813Z - Activités de pré-presse;14;7921;1.8;14;7921;1.8
2024;Accidents de trajet;C;Industrie manufacturière;C - Industrie manufacturière;1814Z;Reliure et activités connexes;1814Z - Reliure et activités connexes;15;1488;10.1;15;1488;10.1
2024;Accidents de trajet;C;Industrie manufacturière;C - Industrie manufacturière;1820Z;Reproduction d'enregistrements;1820Z - Reproduction d'enregistrements;0;582;NC;0;582;
2024;Accidents de trajet;C;Industrie manufacturière;C - Industrie manufacturière;1910Z;Cokéfaction;1910Z - Cokéfaction;0;0;NC;0;0;
2024;Accidents de trajet;C;Industrie manufacturière;C - Industrie manufacturière;1920Z;Raffinage du pétrole;1920Z - Raffinage du pétrole;22;8837;2.5;22;8837;2.5
2024;Accidents de trajet;C;Industrie manufacturière;C - Industrie manufacturière;2011Z;Fabrication de gaz industriels;2011Z - Fabrication de gaz industriels;13;4135;3.1;13;4135;3.1
2024;Accidents de trajet;C;Industrie manufacturière;C - Industrie manufacturière;2012Z;Fabrication de colorants et de pigments;2012Z - Fabrication de colorants et de pigments;5;1637;3.1;5;1637;3.1
2024;Accidents de trajet;C;Industrie manufacturière;C - Industrie manufacturière;2013A;Enrichissement et retraitement de matières nucléaires;2013A - Enrichissement et retraitement de matières nucléaires;3;686;NC;3;686;
2024;Accidents de trajet;C;Industrie manufacturière;C - Industrie manufacturière;2013B;Fabrication d'autres produits chimiques inorganiques de base n.c.a.;2013B - Fabrication d'autres produits chimiques inorganiques de base n.c.a.;18;8160;2.2;18;8160;2.2
2024;Accidents de trajet;C;Industrie manufacturière;C - Industrie manufacturière;2014Z;Fabrication d'autres produits chimiques organiques de base;2014Z - Fabrication d'autres produits chimiques organiques de base;50;19090;2.6;50;19090;2.6
2024;Accidents de trajet;C;Industrie manufacturière;C - Industrie manufacturière;2015Z;Fabrication de produits azotés et d'engrais;2015Z - Fabrication de produits azotés et d'engrais;7;4233;1.7;7;4233;1.7
2024;Accidents de trajet;C;Industrie manufacturière;C - Industrie manufacturière;2016Z;Fabrication de matières plastiques de base;2016Z - Fabrication de matières plastiques de base;21;11318;1.9;21;11318;1.9
2024;Accidents de trajet;C;Industrie manufacturière;C - Industrie manufacturière;2017Z;Fabrication de caoutchouc synthétique;2017Z - Fabrication de caoutchouc synthétique;1;1238;0.8;1;1238;0.8
2024;Accidents de trajet;C;Industrie manufacturière;C - Industrie manufacturière;2020Z;Fabrication de pesticides et d'autres produits agrochimiques;2020Z - Fabrication de pesticides et d'autres produits agrochimiques;11;5558;2;11;5558;2.0
2024;Accidents de trajet;C;Industrie manufacturière;C - Industrie manufacturière;2030Z;Fabrication de peintures, vernis, encres et mastics;2030Z - Fabrication de peintures, vernis, encres et mastics;28;11046;2.5;28;11046;2.5
2024;Accidents de trajet;C;Industrie manufacturière;C - Industrie manufacturière;2041Z;Fabrication de savons, détergents et produits d'entretien;2041Z - Fabrication de savons, détergents et produits d'entretien;22;7591;2.9;22;7591;2.9
2024;Accidents de trajet;C;Industrie manufacturière;C - Industrie manufacturière;2042Z;Fabrication de parfums et de produits pour la toilette;2042Z - Fabrication de parfums et de produits pour la toilette;145;46526;3.1;145;46526;3.1
2024;Accidents de trajet;C;Industrie manufacturière;C - Industrie manufacturière;2051Z;Fabrication de produits explosifs;2051Z - Fabrication de produits explosifs;8;3687;2.2;8;3687;2.2
2024;Accidents de trajet;C;Industrie manufacturière;C - Industrie manufacturière;2052Z;Fabrication de colles;2052Z - Fabrication de colles;8;2879;2.8;8;2879;2.8
2024;Accidents de trajet;C;Industrie manufacturière;C - Industrie manufacturière;2053Z;Fabrication d'huiles essentielles;2053Z - Fabrication d'huiles essentielles;24;6977;3.4;24;6977;3.4
2024;Accidents de trajet;C;Industrie manufacturière;C - Industrie manufacturière;2059Z;Fabrication d'autres produits chimiques n.c.a.;2059Z - Fabrication d'autres produits chimiques n.c.a.;39;13553;2.9;39;13553;2.9
2024;Accidents de trajet;C;Industrie manufacturière;C - Industrie manufacturière;2060Z;Fabrication de fibres artificielles ou synthétiques;2060Z - Fabrication de fibres artificielles ou synthétiques;0;737;NC;0;737;
2024;Accidents de trajet;C;Industrie manufacturière;C - Industrie manufacturière;2110Z;Fabrication de produits pharmaceutiques de base;2110Z - Fabrication de produits pharmaceutiques de base;36;13729;2.6;36;13729;2.6
2024;Accidents de trajet;C;Industrie manufacturière;C - Industrie manufacturière;2120Z;Fabrication de préparations pharmaceutiques;2120Z - Fabrication de préparations pharmaceutiques;216;68380;3.2;216;68380;3.2
2024;Accidents de trajet;C;Industrie manufacturière;C - Industrie manufacturière;2211Z;Fabrication et rechapage de pneumatiques;2211Z - Fabrication et rechapage de pneumatiques;48;18956;2.5;48;18956;2.5
2024;Accidents de trajet;C;Industrie manufacturière;C - Industrie manufacturière;2219Z;Fabrication d'autres articles en caoutchouc;2219Z - Fabrication d'autres articles en caoutchouc;54;18156;3;54;18156;3.0
2024;Accidents de trajet;C;Industrie manufacturière;C - Industrie manufacturière;2221Z;Fabrication de plaques, feuilles, tubes et profilés en matières plastiques;2221Z - Fabrication de plaques, feuilles, tubes et profilés en matières plastiques;38;16447;2.3;38;16447;2.3
2024;Accidents de trajet;C;Industrie manufacturière;C - Industrie manufacturière;2222Z;Fabrication d'emballages en matières plastiques;2222Z - Fabrication d'emballages en matières plastiques;72;27533;2.6;72;27533;2.6
2024;Accidents de trajet;C;Industrie manufacturière;C - Industrie manufacturière;2223Z;Fabrication d'éléments en matières plastiques pour la construction;2223Z - Fabrication d'éléments en matières plastiques pour la construction;59;24769;2.4;59;24769;2.4
2024;Accidents de trajet;C;Industrie manufacturière;C - Industrie manufacturière;2229A;Fabrication de pièces techniques à base de matières plastiques;2229A - Fabrication de pièces techniques à base de matières plastiques;113;30741;3.7;113;30741;3.7
2024;Accidents de trajet;C;Industrie manufacturière;C - Industrie manufacturière;2229B;Fabrication de produits de consommation courante en matières plastiques;2229B - Fabrication de produits de consommation courante en matières plastiques;39;10376;3.8;39;10376;3.8
2024;Accidents de trajet;C;Industrie manufacturière;C - Industrie manufacturière;2311Z;Fabrication de verre plat;2311Z - Fabrication de verre plat;1;1766;0.6;1;1766;0.6
2024;Accidents de trajet;C;Industrie manufacturière;C - Industrie manufacturière;2312Z;Façonnage et transformation du verre plat;2312Z - Façonnage et transformation du verre plat;21;9066;2.3;21;9066;2.3
2024;Accidents de trajet;C;Industrie manufacturière;C - Industrie manufacturière;2313Z;Fabrication de verre creux;2313Z - Fabrication de verre creux;25;17329;1.4;25;17329;1.4
2024;Accidents de trajet;C;Industrie manufacturière;C - Industrie manufacturière;2314Z;Fabrication de fibres de verre;2314Z - Fabrication de fibres de verre;8;1844;4.3;8;1844;4.3
2024;Accidents de trajet;C;Industrie manufacturière;C - Industrie manufacturière;2319Z;Fabrication et façonnage d'autres articles en verre, y compris verre technique;2319Z - Fabrication et façonnage d'autres articles en verre, y compris verre technique;9;3706;2.4;9;3706;2.4
2024;Accidents de trajet;C;Industrie manufacturière;C - Industrie manufacturière;2320Z;Fabrication de produits réfractaires;2320Z - Fabrication de produits réfractaires;8;2024;4;8;2024;4.0
2024;Accidents de trajet;C;Industrie manufacturière;C - Industrie manufacturière;2331Z;Fabrication de carreaux en céramique;2331Z - Fabrication de carreaux en céramique;4;832;NC;4;832;
2024;Accidents de trajet;C;Industrie manufacturière;C - Industrie manufacturière;2332Z;Fabrication de briques, tuiles et produits de construction, en terre cuite;2332Z - Fabrication de briques, tuiles et produits de construction, en terre cuite;10;4604;2.2;10;4604;2.2
2024;Accidents de trajet;C;Industrie manufacturière;C - Industrie manufacturière;2341Z;Fabrication d'articles céramiques à usage domestique ou ornemental;2341Z - Fabrication d'articles céramiques à usage domestique ou ornemental;19;2845;6.7;19;2845;6.7
2024;Accidents de trajet;C;Industrie manufacturière;C - Industrie manufacturière;2342Z;Fabrication d'appareils sanitaires en céramique;2342Z - Fabrication d'appareils sanitaires en céramique;2;854;NC;2;854;
2024;Accidents de trajet;C;Industrie manufacturière;C - Industrie manufacturière;2343Z;Fabrication d'isolateurs et pièces isolantes en céramique;2343Z - Fabrication d'isolateurs et pièces isolantes en céramique;3;545;NC;3;545;
2024;Accidents de trajet;C;Industrie manufacturière;C - Industrie manufacturière;2344Z;Fabrication d'autres produits céramiques à usage technique;2344Z - Fabrication d'autres produits céramiques à usage technique;1;563;NC;1;563;
2024;Accidents de trajet;C;Industrie manufacturière;C - Industrie manufacturière;2349Z;Fabrication d'autres produits céramiques;2349Z - Fabrication d'autres produits céramiques;1;340;NC;1;340;
2024;Accidents de trajet;C;Industrie manufacturière;C - Industrie manufacturière;2351Z;Fabrication de ciment;2351Z - Fabrication de ciment;3;4317;0.7;3;4317;0.7
2024;Accidents de trajet;C;Industrie manufacturière;C - Industrie manufacturière;2352Z;Fabrication de chaux et plâtre;2352Z - Fabrication de chaux et plâtre;3;966;NC;3;966;
2024;Accidents de trajet;C;Industrie manufacturière;C - Industrie manufacturière;2361Z;Fabrication d'éléments en béton pour la construction;2361Z - Fabrication d'éléments en béton pour la construction;59;16327;3.6;59;16327;3.6
2024;Accidents de trajet;C;Industrie manufacturière;C - Industrie manufacturière;2362Z;Fabrication d'éléments en plâtre pour la construction;2362Z - Fabrication d'éléments en plâtre pour la construction;5;2146;2.3;5;2146;2.3
2024;Accidents de trajet;C;Industrie manufacturière;C - Industrie manufacturière;2363Z;Fabrication de béton prêt à l'emploi;2363Z - Fabrication de béton prêt à l'emploi;22;9088;2.4;22;9088;2.4
2024;Accidents de trajet;C;Industrie manufacturière;C - Industrie manufacturière;2364Z;Fabrication de mortiers et bétons secs;2364Z - Fabrication de mortiers et bétons secs;8;2040;3.9;8;2040;3.9
2024;Accidents de trajet;C;Industrie manufacturière;C - Industrie manufacturière;2365Z;Fabrication d'ouvrages en fibre-ciment;2365Z - Fabrication d'ouvrages en fibre-ciment;0;347;NC;0;347;
2024;Accidents de trajet;C;Industrie manufacturière;C - Industrie manufacturière;2369Z;Fabrication d'autres ouvrages en béton, en ciment ou en plâtre;2369Z - Fabrication d'autres ouvrages en béton, en ciment ou en plâtre;4;1305;3.1;4;1305;3.1
2024;Accidents de trajet;C;Industrie manufacturière;C - Industrie manufacturière;2370Z;Taille, façonnage et finissage de pierres;2370Z - Taille, façonnage et finissage de pierres;22;7266;3;22;7266;3.0
2024;Accidents de trajet;C;Industrie manufacturière;C - Industrie manufacturière;2391Z;Fabrication de produits abrasifs;2391Z - Fabrication de produits abrasifs;2;894;NC;2;894;
2024;Accidents de trajet;C;Industrie manufacturière;C - Industrie manufacturière;2399Z;Fabrication d'autres produits minéraux non métalliques n.c.a.;2399Z - Fabrication d'autres produits minéraux non métalliques n.c.a.;14;7743;1.8;14;7743;1.8
2024;Accidents de trajet;C;Industrie manufacturière;C - Industrie manufacturière;2410Z;Sidérurgie;2410Z - Sidérurgie;59;24775;2.4;59;24775;2.4
2024;Accidents de trajet;C;Industrie manufacturière;C - Industrie manufacturière;2420Z;Fabrication de tubes, tuyaux, profilés creux et accessoires correspondants en acier;2420Z - Fabrication de tubes, tuyaux, profilés creux et accessoires correspondants en acier;26;6209;4.2;26;6209;4.2
2024;Accidents de trajet;C;Industrie manufacturière;C - Industrie manufacturière;2431Z;Étirage à froid de barres;2431Z - Étirage à froid de barres;2;322;NC;2;322;
2024;Accidents de trajet;C;Industrie manufacturière;C - Industrie manufacturière;2432Z;Laminage à froid de feuillards;2432Z - Laminage à froid de feuillards;0;281;NC;0;281;
2024;Accidents de trajet;C;Industrie manufacturière;C - Industrie manufacturière;2433Z;Profilage à froid par formage ou pliage;2433Z - Profilage à froid par formage ou pliage;15;4155;3.6;15;4155;3.6
2024;Accidents de trajet;C;Industrie manufacturière;C - Industrie manufacturière;2434Z;Tréfilage à froid;2434Z - Tréfilage à froid;1;1100;0.9;1;1100;0.9
2024;Accidents de trajet;C;Industrie manufacturière;C - Industrie manufacturière;2441Z;Production de métaux précieux;2441Z - Production de métaux précieux;2;321;NC;2;321;
2024;Accidents de trajet;C;Industrie manufacturière;C - Industrie manufacturière;2442Z;Métallurgie de l'aluminium;2442Z - Métallurgie de l'aluminium;18;7756;2.3;18;7756;2.3
2024;Accidents de trajet;C;Industrie manufacturière;C - Industrie manufacturière;2443Z;Métallurgie du plomb, du zinc ou de l'étain;2443Z - Métallurgie du plomb, du zinc ou de l'étain;4;1053;3.8;4;1053;3.8
2024;Accidents de trajet;C;Industrie manufacturière;C - Industrie manufacturière;2444Z;Métallurgie du cuivre;2444Z - Métallurgie du cuivre;4;1631;2.5;4;1631;2.5
2024;Accidents de trajet;C;Industrie manufacturière;C - Industrie manufacturière;2445Z;Métallurgie des autres métaux non ferreux;2445Z - Métallurgie des autres métaux non ferreux;14;4184;3.3;14;4184;3.3
2024;Accidents de trajet;C;Industrie manufacturière;C - Industrie manufacturière;2446Z;Élaboration et transformation de matières nucléaires;2446Z - Élaboration et transformation de matières nucléaires;10;8496;1.2;10;8496;1.2
2024;Accidents de trajet;C;Industrie manufacturière;C - Industrie manufacturière;2451Z;Fonderie de fonte;2451Z - Fonderie de fonte;21;8120;2.6;21;8120;2.6
2024;Accidents de trajet;C;Industrie manufacturière;C - Industrie manufacturière;2452Z;Fonderie d'acier;2452Z - Fonderie d'acier;9;2675;3.4;9;2675;3.4
2024;Accidents de trajet;C;Industrie manufacturière;C - Industrie manufacturière;2453Z;Fonderie de métaux légers;2453Z - Fonderie de métaux légers;14;4945;2.8;14;4945;2.8
2024;Accidents de trajet;C;Industrie manufacturière;C - Industrie manufacturière;2454Z;Fonderie d'autres métaux non ferreux;2454Z - Fonderie d'autres métaux non ferreux;9;2888;3.1;9;2888;3.1
2024;Accidents de trajet;C;Industrie manufacturière;C - Industrie manufacturière;2511Z;Fabrication de structures métalliques et de parties de structures;2511Z - Fabrication de structures métalliques et de parties de structures;145;53731;2.7;145;53731;2.7
2024;Accidents de trajet;C;Industrie manufacturière;C - Industrie manufacturière;2512Z;Fabrication de portes et fenêtres en métal;2512Z - Fabrication de portes et fenêtres en métal;80;22144;3.6;80;22144;3.6
2024;Accidents de trajet;C;Industrie manufacturière;C - Industrie manufacturière;2521Z;Fabrication de radiateurs et de chaudières pour le chauffage central;2521Z - Fabrication de radiateurs et de chaudières pour le chauffage central;18;4318;4.2;18;4318;4.2
2024;Accidents de trajet;C;Industrie manufacturière;C - Industrie manufacturière;2529Z;Fabrication d'autres réservoirs, citernes et conteneurs métalliques;2529Z - Fabrication d'autres réservoirs, citernes et conteneurs métalliques;10;2958;3.4;10;2958;3.4
2024;Accidents de trajet;C;Industrie manufacturière;C - Industrie manufacturière;2530Z;Fabrication de générateurs de vapeur, à l'exception des chaudières pour le chauffage central;2530Z - Fabrication de générateurs de vapeur, à l'exception des chaudières pour le chauffage central;NS;NS;NS;;;
2024;Accidents de trajet;C;Industrie manufacturière;C - Industrie manufacturière;2540Z;Fabrication d'armes et de munitions;2540Z - Fabrication d'armes et de munitions;14;5160;2.7;14;5160;2.7
2024;Accidents de trajet;C;Industrie manufacturière;C - Industrie manufacturière;2550A;"Forge, estampage, matriçage ; métallurgie des poudres";"2550A - Forge, estampage, matriçage ; métallurgie des poudres";27;10412;2.6;27;10412;2.6
2024;Accidents de trajet;C;Industrie manufacturière;C - Industrie manufacturière;2550B;Découpage, emboutissage;2550B - Découpage, emboutissage;83;25062;3.3;83;25062;3.3
2024;Accidents de trajet;C;Industrie manufacturière;C - Industrie manufacturière;2561Z;Traitement et revêtement des métaux;2561Z - Traitement et revêtement des métaux;97;24225;4;97;24225;4.0
2024;Accidents de trajet;C;Industrie manufacturière;C - Industrie manufacturière;2562A;Décolletage;2562A - Décolletage;33;9928;3.3;33;9928;3.3
2024;Accidents de trajet;C;Industrie manufacturière;C - Industrie manufacturière;2562B;Mécanique industrielle;2562B - Mécanique industrielle;203;63756;3.2;203;63756;3.2
2024;Accidents de trajet;C;Industrie manufacturière;C - Industrie manufacturière;2571Z;Fabrication de coutellerie;2571Z - Fabrication de coutellerie;3;1510;2;3;1510;2.0
2024;Accidents de trajet;C;Industrie manufacturière;C - Industrie manufacturière;2572Z;Fabrication de serrures et de ferrures;2572Z - Fabrication de serrures et de ferrures;21;6012;3.5;21;6012;3.5
2024;Accidents de trajet;C;Industrie manufacturière;C - Industrie manufacturière;2573A;Fabrication de moules et modèles;2573A - Fabrication de moules et modèles;10;4808;2.1;10;4808;2.1
2024;Accidents de trajet;C;Industrie manufacturière;C - Industrie manufacturière;2573B;Fabrication d'autres outillages;2573B - Fabrication d'autres outillages;16;8118;2;16;8118;2.0
2024;Accidents de trajet;C;Industrie manufacturière;C - Industrie manufacturière;2591Z;Fabrication de fûts et emballages métalliques similaires;2591Z - Fabrication de fûts et emballages métalliques similaires;3;478;NC;3;478;
2024;Accidents de trajet;C;Industrie manufacturière;C - Industrie manufacturière;2592Z;Fabrication d'emballages métalliques légers;2592Z - Fabrication d'emballages métalliques légers;26;7089;3.7;26;7089;3.7
2024;Accidents de trajet;C;Industrie manufacturière;C - Industrie manufacturière;2593Z;Fabrication d'articles en fils métalliques, de chaînes et de ressorts;2593Z - Fabrication d'articles en fils métalliques, de chaînes et de ressorts;37;9546;3.9;37;9546;3.9
2024;Accidents de trajet;C;Industrie manufacturière;C - Industrie manufacturière;2594Z;Fabrication de vis et de boulons;2594Z - Fabrication de vis et de boulons;23;6879;3.3;23;6879;3.3
2024;Accidents de trajet;C;Industrie manufacturière;C - Industrie manufacturière;2599A;Fabrication d'articles métalliques ménagers;2599A - Fabrication d'articles métalliques ménagers;18;4272;4.2;18;4272;4.2
2024;Accidents de trajet;C;Industrie manufacturière;C - Industrie manufacturière;2599B;Fabrication d'autres articles métalliques;2599B - Fabrication d'autres articles métalliques;37;15423;2.4;37;15423;2.4
2024;Accidents de trajet;C;Industrie manufacturière;C - Industrie manufacturière;2611Z;Fabrication de composants électroniques;2611Z - Fabrication de composants électroniques;95;29660;3.2;95;29660;3.2
2024;Accidents de trajet;C;Industrie manufacturière;C - Industrie manufacturière;2612Z;Fabrication de cartes électroniques assemblées;2612Z - Fabrication de cartes électroniques assemblées;62;17414;3.6;62;17414;3.6
2024;Accidents de trajet;C;Industrie manufacturière;C - Industrie manufacturière;2620Z;Fabrication d'ordinateurs et d'équipements périphériques;2620Z - Fabrication d'ordinateurs et d'équipements périphériques;14;4957;2.8;14;4957;2.8
2024;Accidents de trajet;C;Industrie manufacturière;C - Industrie manufacturière;2630Z;Fabrication d'équipements de communication;2630Z - Fabrication d'équipements de communication;44;16004;2.7;44;16004;2.7
2024;Accidents de trajet;C;Industrie manufacturière;C - Industrie manufacturière;2640Z;Fabrication de produits électroniques grand public;2640Z - Fabrication de produits électroniques grand public;2;1964;1;2;1964;1.0
2024;Accidents de trajet;C;Industrie manufacturière;C - Industrie manufacturière;2651A;Fabrication d'équipements d'aide à la navigation;2651A - Fabrication d'équipements d'aide à la navigation;62;27441;2.3;62;27441;2.3
2024;Accidents de trajet;C;Industrie manufacturière;C - Industrie manufacturière;2651B;Fabrication d'instrumentation scientifique et technique;2651B - Fabrication d'instrumentation scientifique et technique;71;24934;2.8;71;24934;2.8
2024;Accidents de trajet;C;Industrie manufacturière;C - Industrie manufacturière;2652Z;Horlogerie;2652Z - Horlogerie;3;1511;2;3;1511;2.0
2024;Accidents de trajet;C;Industrie manufacturière;C - Industrie manufacturière;2660Z;Fabrication d'équipements d'irradiation médicale, d'équipements électromédicaux et électrothérapeutiques;2660Z - Fabrication d'équipements d'irradiation médicale, d'équipements électromédicaux et électrothérapeutiques;14;5259;2.7;14;5259;2.7
2024;Accidents de trajet;C;Industrie manufacturière;C - Industrie manufacturière;2670Z;Fabrication de matériels optique et photographique;2670Z - Fabrication de matériels optique et photographique;12;3890;3.1;12;3890;3.1
2024;Accidents de trajet;C;Industrie manufacturière;C - Industrie manufacturière;2680Z;Fabrication de supports magnétiques et optiques;2680Z - Fabrication de supports magnétiques et optiques;0;50;NC;0;50;
2024;Accidents de trajet;C;Industrie manufacturière;C - Industrie manufacturière;2711Z;Fabrication de moteurs, génératrices et transformateurs électriques;2711Z - Fabrication de moteurs, génératrices et transformateurs électriques;44;15349;2.9;44;15349;2.9
2024;Accidents de trajet;C;Industrie manufacturière;C - Industrie manufacturière;2712Z;Fabrication de matériel de distribution et de commande électrique;2712Z - Fabrication de matériel de distribution et de commande électrique;82;30955;2.6;82;30955;2.6
2024;Accidents de trajet;C;Industrie manufacturière;C - Industrie manufacturière;2720Z;Fabrication de piles et d'accumulateurs électriques;2720Z - Fabrication de piles et d'accumulateurs électriques;21;6514;3.2;21;6514;3.2
2024;Accidents de trajet;C;Industrie manufacturière;C - Industrie manufacturière;2731Z;Fabrication de câbles de fibres optiques;2731Z - Fabrication de câbles de fibres optiques;2;1264;1.6;2;1264;1.6
2024;Accidents de trajet;C;Industrie manufacturière;C - Industrie manufacturière;2732Z;Fabrication d'autres fils et câbles électroniques ou électriques;2732Z - Fabrication d'autres fils et câbles électroniques ou électriques;18;8357;2.2;18;8357;2.2
2024;Accidents de trajet;C;Industrie manufacturière;C - Industrie manufacturière;2733Z;Fabrication de matériel d'installation électrique;2733Z - Fabrication de matériel d'installation électrique;42;11449;3.7;42;11449;3.7
2024;Accidents de trajet;C;Industrie manufacturière;C - Industrie manufacturière;2740Z;Fabrication d'appareils d'éclairage électrique;2740Z - Fabrication d'appareils d'éclairage électrique;35;10764;3.3;35;10764;3.3
2024;Accidents de trajet;C;Industrie manufacturière;C - Industrie manufacturière;2751Z;Fabrication d'appareils électroménagers;2751Z - Fabrication d'appareils électroménagers;33;7977;4.1;33;7977;4.1
2024;Accidents de trajet;C;Industrie manufacturière;C - Industrie manufacturière;2752Z;Fabrication d'appareils ménagers non électriques;2752Z - Fabrication d'appareils ménagers non électriques;2;1858;1.1;2;1858;1.1
2024;Accidents de trajet;C;Industrie manufacturière;C - Industrie manufacturière;2790Z;Fabrication d'autres matériels électriques;2790Z - Fabrication d'autres matériels électriques;36;13219;2.7;36;13219;2.7
2024;Accidents de trajet;C;Industrie manufacturière;C - Industrie manufacturière;2811Z;Fabrication de moteurs et turbines, à l'exception des moteurs d'avions et de véhicules;2811Z - Fabrication de moteurs et turbines, à l'exception des moteurs d'avions et de véhicules;19;8782;2.2;19;8782;2.2
2024;Accidents de trajet;C;Industrie manufacturière;C - Industrie manufacturière;2812Z;Fabrication d'équipements hydrauliques et pneumatiques;2812Z - Fabrication d'équipements hydrauliques et pneumatiques;18;6787;2.7;18;6787;2.7
2024;Accidents de trajet;C;Industrie manufacturière;C - Industrie manufacturière;2813Z;Fabrication d'autres pompes et compresseurs;2813Z - Fabrication d'autres pompes et compresseurs;25;11809;2.1;25;11809;2.1
2024;Accidents de trajet;C;Industrie manufacturière;C - Industrie manufacturière;2814Z;Fabrication d'autres articles de robinetterie;2814Z - Fabrication d'autres articles de robinetterie;19;9535;2;19;9535;2.0
2024;Accidents de trajet;C;Industrie manufacturière;C - Industrie manufacturière;2815Z;Fabrication d'engrenages et d'organes mécaniques de transmission;2815Z - Fabrication d'engrenages et d'organes mécaniques de transmission;31;10279;3;31;10279;3.0
2024;Accidents de trajet;C;Industrie manufacturière;C - Industrie manufacturière;2821Z;Fabrication de fours et brûleurs;2821Z - Fabrication de fours et brûleurs;7;1868;3.7;7;1868;3.7
2024;Accidents de trajet;C;Industrie manufacturière;C - Industrie manufacturière;2822Z;Fabrication de matériel de levage et de manutention;2822Z - Fabrication de matériel de levage et de manutention;82;23951;3.4;82;23951;3.4
2024;Accidents de trajet;C;Industrie manufacturière;C - Industrie manufacturière;2823Z;Fabrication de machines et d'équipements de bureau (à l'exception des ordinateurs et équipements périphériques);2823Z - Fabrication de machines et d'équipements de bureau (à l'exception des ordinateurs et équipements périphériques);2;1294;1.5;2;1294;1.5
2024;Accidents de trajet;C;Industrie manufacturière;C - Industrie manufacturière;2824Z;Fabrication d'outillage portatif à moteur incorporé;2824Z - Fabrication d'outillage portatif à moteur incorporé;5;322;NC;5;322;
2024;Accidents de trajet;C;Industrie manufacturière;C - Industrie manufacturière;2825Z;Fabrication d'équipements aérauliques et frigorifiques industriels;2825Z - Fabrication d'équipements aérauliques et frigorifiques industriels;57;20043;2.8;57;20043;2.8
2024;Accidents de trajet;C;Industrie manufacturière;C - Industrie manufacturière;2829A;Fabrication d'équipements d'emballage, de conditionnement et de pesage;2829A - Fabrication d'équipements d'emballage, de conditionnement et de pesage;11;5534;2;11;5534;2.0
2024;Accidents de trajet;C;Industrie manufacturière;C - Industrie manufacturière;2829B;Fabrication d'autres machines d'usage général;2829B - Fabrication d'autres machines d'usage général;47;13688;3.4;47;13688;3.4
2024;Accidents de trajet;C;Industrie manufacturière;C - Industrie manufacturière;2830Z;Fabrication de machines agricoles et forestières;2830Z - Fabrication de machines agricoles et forestières;52;19354;2.7;52;19354;2.7
2024;Accidents de trajet;C;Industrie manufacturière;C - Industrie manufacturière;2841Z;Fabrication de machines-outils pour le travail des métaux;2841Z - Fabrication de machines-outils pour le travail des métaux;5;4075;1.2;5;4075;1.2
2024;Accidents de trajet;C;Industrie manufacturière;C - Industrie manufacturière;2849Z;Fabrication d'autres machines-outils;2849Z - Fabrication d'autres machines-outils;3;1613;1.9;3;1613;1.9
2024;Accidents de trajet;C;Industrie manufacturière;C - Industrie manufacturière;2891Z;Fabrication de machines pour la métallurgie;2891Z - Fabrication de machines pour la métallurgie;1;635;NC;1;635;
2024;Accidents de trajet;C;Industrie manufacturière;C - Industrie manufacturière;2892Z;Fabrication de machines pour l'extraction ou la construction;2892Z - Fabrication de machines pour l'extraction ou la construction;32;8133;3.9;32;8133;3.9
2024;Accidents de trajet;C;Industrie manufacturière;C - Industrie manufacturière;2893Z;Fabrication de machines pour l'industrie agro-alimentaire;2893Z - Fabrication de machines pour l'industrie agro-alimentaire;31;9282;3.3;31;9282;3.3
2024;Accidents de trajet;C;Industrie manufacturière;C - Industrie manufacturière;2894Z;Fabrication de machines pour les industries textiles;2894Z - Fabrication de machines pour les industries textiles;13;2361;5.5;13;2361;5.5
2024;Accidents de trajet;C;Industrie manufacturière;C - Industrie manufacturière;2895Z;Fabrication de machines pour les industries du papier et du carton;2895Z - Fabrication de machines pour les industries du papier et du carton;8;1705;4.7;8;1705;4.7
2024;Accidents de trajet;C;Industrie manufacturière;C - Industrie manufacturière;2896Z;Fabrication de machines pour le travail du caoutchouc ou des plastiques;2896Z - Fabrication de machines pour le travail du caoutchouc ou des plastiques;3;1672;1.8;3;1672;1.8
2024;Accidents de trajet;C;Industrie manufacturière;C - Industrie manufacturière;2899A;Fabrication de machines d'imprimerie;2899A - Fabrication de machines d'imprimerie;2;916;NC;2;916;
2024;Accidents de trajet;C;Industrie manufacturière;C - Industrie manufacturière;2899B;Fabrication d'autres machines spécialisées;2899B - Fabrication d'autres machines spécialisées;33;10751;3.1;33;10751;3.1
2024;Accidents de trajet;C;Industrie manufacturière;C - Industrie manufacturière;2910Z;Construction de véhicules automobiles;2910Z - Construction de véhicules automobiles;147;79635;1.8;147;79635;1.8
2024;Accidents de trajet;C;Industrie manufacturière;C - Industrie manufacturière;2920Z;Fabrication de carrosseries et remorques;2920Z - Fabrication de carrosseries et remorques;99;26001;3.8;99;26001;3.8
2024;Accidents de trajet;C;Industrie manufacturière;C - Industrie manufacturière;2931Z;Fabrication d'équipements électriques et électroniques automobiles;2931Z - Fabrication d'équipements électriques et électroniques automobiles;16;10701;1.5;16;10701;1.5
2024;Accidents de trajet;C;Industrie manufacturière;C - Industrie manufacturière;2932Z;Fabrication d'autres équipements automobiles;2932Z - Fabrication d'autres équipements automobiles;145;51822;2.8;145;51822;2.8
2024;Accidents de trajet;C;Industrie manufacturière;C - Industrie manufacturière;3011Z;Construction de navires et de structures flottantes;3011Z - Construction de navires et de structures flottantes;79;21388;3.7;79;21388;3.7
2024;Accidents de trajet;C;Industrie manufacturière;C - Industrie manufacturière;3012Z;Construction de bateaux de plaisance;3012Z - Construction de bateaux de plaisance;41;9822;4.2;41;9822;4.2
2024;Accidents de trajet;C;Industrie manufacturière;C - Industrie manufacturière;3020Z;Construction de locomotives et d'autre matériel ferroviaire roulant;3020Z - Construction de locomotives et d'autre matériel ferroviaire roulant;36;16579;2.2;36;16579;2.2
2024;Accidents de trajet;C;Industrie manufacturière;C - Industrie manufacturière;3030Z;Construction aéronautique et spatiale;3030Z - Construction aéronautique et spatiale;376;124431;3;376;124431;3.0
2024;Accidents de trajet;C;Industrie manufacturière;C - Industrie manufacturière;3040Z;Construction de véhicules militaires de combat;3040Z - Construction de véhicules militaires de combat;2;2377;0.8;2;2377;0.8
2024;Accidents de trajet;C;Industrie manufacturière;C - Industrie manufacturière;3091Z;Fabrication de motocycles;3091Z - Fabrication de motocycles;8;2130;3.8;8;2130;3.8
2024;Accidents de trajet;C;Industrie manufacturière;C - Industrie manufacturière;3092Z;Fabrication de bicyclettes et de véhicules pour invalides;3092Z - Fabrication de bicyclettes et de véhicules pour invalides;10;1946;5.1;10;1946;5.1
2024;Accidents de trajet;C;Industrie manufacturière;C - Industrie manufacturière;3099Z;Fabrication d'autres équipements de transport n.c.a.;3099Z - Fabrication d'autres équipements de transport n.c.a.;0;167;NC;0;167;
2024;Accidents de trajet;C;Industrie manufacturière;C - Industrie manufacturière;3101Z;Fabrication de meubles de bureau et de magasin;3101Z - Fabrication de meubles de bureau et de magasin;34;10446;3.3;34;10446;3.3
2024;Accidents de trajet;C;Industrie manufacturière;C - Industrie manufacturière;3102Z;Fabrication de meubles de cuisine;3102Z - Fabrication de meubles de cuisine;19;6880;2.8;19;6880;2.8
2024;Accidents de trajet;C;Industrie manufacturière;C - Industrie manufacturière;3103Z;Fabrication de matelas;3103Z - Fabrication de matelas;14;2915;4.8;14;2915;4.8
2024;Accidents de trajet;C;Industrie manufacturière;C - Industrie manufacturière;3109A;Fabrication de sièges d'ameublement d'intérieur;3109A - Fabrication de sièges d'ameublement d'intérieur;8;1715;4.7;8;1715;4.7
2024;Accidents de trajet;C;Industrie manufacturière;C - Industrie manufacturière;3109B;Fabrication d'autres meubles et industries connexes de l'ameublement;3109B - Fabrication d'autres meubles et industries connexes de l'ameublement;42;15086;2.8;42;15086;2.8
2024;Accidents de trajet;C;Industrie manufacturière;C - Industrie manufacturière;3211Z;Frappe de monnaie;3211Z - Frappe de monnaie;NS;NS;NC;;;
2024;Accidents de trajet;C;Industrie manufacturière;C - Industrie manufacturière;3212Z;Fabrication d'articles de joaillerie et bijouterie;3212Z - Fabrication d'articles de joaillerie et bijouterie;66;11113;5.9;66;11113;5.9
2024;Accidents de trajet;C;Industrie manufacturière;C - Industrie manufacturière;3213Z;Fabrication d'articles de bijouterie fantaisie et articles similaires;3213Z - Fabrication d'articles de bijouterie fantaisie et articles similaires;19;3155;6;19;3155;6.0
2024;Accidents de trajet;C;Industrie manufacturière;C - Industrie manufacturière;3220Z;Fabrication d'instruments de musique;3220Z - Fabrication d'instruments de musique;3;1414;2.1;3;1414;2.1
2024;Accidents de trajet;C;Industrie manufacturière;C - Industrie manufacturière;3230Z;Fabrication d'articles de sport;3230Z - Fabrication d'articles de sport;22;4623;4.8;22;4623;4.8
2024;Accidents de trajet;C;Industrie manufacturière;C - Industrie manufacturière;3240Z;Fabrication de jeux et jouets;3240Z - Fabrication de jeux et jouets;7;1921;3.6;7;1921;3.6
2024;Accidents de trajet;C;Industrie manufacturière;C - Industrie manufacturière;3250A;Fabrication de matériel médico-chirurgical et dentaire;3250A - Fabrication de matériel médico-chirurgical et dentaire;164;42840;3.8;164;42840;3.8
2024;Accidents de trajet;C;Industrie manufacturière;C - Industrie manufacturière;3250B;Fabrication de lunettes;3250B - Fabrication de lunettes;18;7004;2.6;18;7004;2.6
2024;Accidents de trajet;C;Industrie manufacturière;C - Industrie manufacturière;3291Z;Fabrication d'articles de brosserie;3291Z - Fabrication d'articles de brosserie;3;1173;2.6;3;1173;2.6
2024;Accidents de trajet;C;Industrie manufacturière;C - Industrie manufacturière;3299Z;Autres activités manufacturières n.c.a.;3299Z - Autres activités manufacturières n.c.a.;27;7928;3.4;27;7928;3.4
2024;Accidents de trajet;C;Industrie manufacturière;C - Industrie manufacturière;3311Z;Réparation d'ouvrages en métaux;3311Z - Réparation d'ouvrages en métaux;39;14280;2.7;39;14280;2.7
2024;Accidents de trajet;C;Industrie manufacturière;C - Industrie manufacturière;3312Z;Réparation de machines et équipements mécaniques;3312Z - Réparation de machines et équipements mécaniques;145;41284;3.5;145;41284;3.5
2024;Accidents de trajet;C;Industrie manufacturière;C - Industrie manufacturière;3313Z;Réparation de matériels électroniques et optiques;3313Z - Réparation de matériels électroniques et optiques;18;6936;2.6;18;6936;2.6
2024;Accidents de trajet;C;Industrie manufacturière;C - Industrie manufacturière;3314Z;Réparation d'équipements électriques;3314Z - Réparation d'équipements électriques;30;9037;3.3;30;9037;3.3
2024;Accidents de trajet;C;Industrie manufacturière;C - Industrie manufacturière;3315Z;Réparation et maintenance navale;3315Z - Réparation et maintenance navale;43;9371;4.6;43;9371;4.6
2024;Accidents de trajet;C;Industrie manufacturière;C - Industrie manufacturière;3316Z;Réparation et maintenance d'aéronefs et d'engins spatiaux;3316Z - Réparation et maintenance d'aéronefs et d'engins spatiaux;37;11772;3.1;37;11772;3.1
2024;Accidents de trajet;C;Industrie manufacturière;C - Industrie manufacturière;3317Z;Réparation et maintenance d'autres équipements de transport;3317Z - Réparation et maintenance d'autres équipements de transport;11;2187;5;11;2187;5.0
2024;Accidents de trajet;C;Industrie manufacturière;C - Industrie manufacturière;3319Z;Réparation d'autres équipements;3319Z - Réparation d'autres équipements;10;2232;4.5;10;2232;4.5
2024;Accidents de trajet;C;Industrie manufacturière;C - Industrie manufacturière;3320A;Installation de structures métalliques, chaudronnées et de tuyauterie;3320A - Installation de structures métalliques, chaudronnées et de tuyauterie;92;28962;3.2;92;28962;3.2
2024;Accidents de trajet;C;Industrie manufacturière;C - Industrie manufacturière;3320B;Installation de machines et équipements mécaniques;3320B - Installation de machines et équipements mécaniques;66;25342;2.6;66;25342;2.6
2024;Accidents de trajet;C;Industrie manufacturière;C - Industrie manufacturière;3320C;Conception d'ensemble et assemblage sur site industriel d'équipements de contrôle des processus industriels;3320C - Conception d'ensemble et assemblage sur site industriel d'équipements de contrôle des processus industriels;37;16566;2.2;37;16566;2.2
2024;Accidents de trajet;C;Industrie manufacturière;C - Industrie manufacturière;3320D;Installation d'équipements électriques, de matériels électroniques et optiques ou d'autres matériels;3320D - Installation d'équipements électriques, de matériels électroniques et optiques ou d'autres matériels;21;11418;1.8;21;11418;1.8
2024;Accidents de trajet;C;Industrie manufacturière;C - Industrie manufacturière;TOUS;Total Industrie manufacturière;Total Industrie manufacturière;9475;2750410;3.4;9475;2750410;3.4
2024;Accidents de trajet;D;Production et distribution d'électricité, de gaz, de vapeur et d'air conditionné;D - Production et distribution d'électricité, de gaz, de vapeur et d'air conditionné;3511Z;Production d'électricité;3511Z - Production d'électricité;13;14149;0.9;13;14149;0.9
2024;Accidents de trajet;D;Production et distribution d'électricité, de gaz, de vapeur et d'air conditionné;D - Production et distribution d'électricité, de gaz, de vapeur et d'air conditionné;3512Z;Transport d'électricité;3512Z - Transport d'électricité;NS;NS;NC;;;
2024;Accidents de trajet;D;Production et distribution d'électricité, de gaz, de vapeur et d'air conditionné;D - Production et distribution d'électricité, de gaz, de vapeur et d'air conditionné;3513Z;Distribution d'électricité;3513Z - Distribution d'électricité;5;8779;0.6;5;8779;0.6
2024;Accidents de trajet;D;Production et distribution d'électricité, de gaz, de vapeur et d'air conditionné;D - Production et distribution d'électricité, de gaz, de vapeur et d'air conditionné;3514Z;Commerce d'électricité;3514Z - Commerce d'électricité;6;3220;1.9;6;3220;1.9
2024;Accidents de trajet;D;Production et distribution d'électricité, de gaz, de vapeur et d'air conditionné;D - Production et distribution d'électricité, de gaz, de vapeur et d'air conditionné;3521Z;Production de combustibles gazeux;3521Z - Production de combustibles gazeux;0;311;NC;0;311;
2024;Accidents de trajet;D;Production et distribution d'électricité, de gaz, de vapeur et d'air conditionné;D - Production et distribution d'électricité, de gaz, de vapeur et d'air conditionné;3522Z;Distribution de combustibles gazeux par conduites;3522Z - Distribution de combustibles gazeux par conduites;NS;NS;NS;;;
2024;Accidents de trajet;D;Production et distribution d'électricité, de gaz, de vapeur et d'air conditionné;D - Production et distribution d'électricité, de gaz, de vapeur et d'air conditionné;3523Z;Commerce de combustibles gazeux par conduites;3523Z - Commerce de combustibles gazeux par conduites;1;1017;1;1;1017;1.0
2024;Accidents de trajet;D;Production et distribution d'électricité, de gaz, de vapeur et d'air conditionné;D - Production et distribution d'électricité, de gaz, de vapeur et d'air conditionné;3530Z;Production et distribution de vapeur et d'air conditionné;3530Z - Production et distribution de vapeur et d'air conditionné;87;24873;3.5;87;24873;3.5
2024;Accidents de trajet;D;Production et distribution d'électricité, de gaz, de vapeur et d'air conditionné;D - Production et distribution d'électricité, de gaz, de vapeur et d'air conditionné;TOUS;Total Production et distribution d'électricité, de gaz, de vapeur et d'air conditionné;Total Production et distribution d'électricité, de gaz, de vapeur et d'air conditionné;113;55376;2;113;55376;2.0
2024;Accidents de trajet;E;"Production et distribution d'eau ; assainissement, gestion des déchets et dépollution";"E - Production et distribution d'eau ; assainissement, gestion des déchets et dépollution";3600Z;Captage, traitement et distribution d'eau;3600Z - Captage, traitement et distribution d'eau;108;41060;2.6;108;41060;2.6
2024;Accidents de trajet;E;"Production et distribution d'eau ; assainissement, gestion des déchets et dépollution";"E - Production et distribution d'eau ; assainissement, gestion des déchets et dépollution";3700Z;Collecte et traitement des eaux usées;3700Z - Collecte et traitement des eaux usées;63;18165;3.5;63;18165;3.5
2024;Accidents de trajet;E;"Production et distribution d'eau ; assainissement, gestion des déchets et dépollution";"E - Production et distribution d'eau ; assainissement, gestion des déchets et dépollution";3811Z;Collecte des déchets non dangereux;3811Z - Collecte des déchets non dangereux;200;41232;4.9;200;41232;4.9
2024;Accidents de trajet;E;"Production et distribution d'eau ; assainissement, gestion des déchets et dépollution";"E - Production et distribution d'eau ; assainissement, gestion des déchets et dépollution";3812Z;Collecte des déchets dangereux;3812Z - Collecte des déchets dangereux;20;3683;5.4;20;3683;5.4
2024;Accidents de trajet;E;"Production et distribution d'eau ; assainissement, gestion des déchets et dépollution";"E - Production et distribution d'eau ; assainissement, gestion des déchets et dépollution";3821Z;Traitement et élimination des déchets non dangereux;3821Z - Traitement et élimination des déchets non dangereux;65;15879;4.1;65;15879;4.1
2024;Accidents de trajet;E;"Production et distribution d'eau ; assainissement, gestion des déchets et dépollution";"E - Production et distribution d'eau ; assainissement, gestion des déchets et dépollution";3822Z;Traitement et élimination des déchets dangereux;3822Z - Traitement et élimination des déchets dangereux;26;9923;2.6;26;9923;2.6
2024;Accidents de trajet;E;"Production et distribution d'eau ; assainissement, gestion des déchets et dépollution";"E - Production et distribution d'eau ; assainissement, gestion des déchets et dépollution";3831Z;Démantèlement d'épaves;3831Z - Démantèlement d'épaves;13;2772;4.7;13;2772;4.7
2024;Accidents de trajet;E;"Production et distribution d'eau ; assainissement, gestion des déchets et dépollution";"E - Production et distribution d'eau ; assainissement, gestion des déchets et dépollution";3832Z;Récupération de déchets triés;3832Z - Récupération de déchets triés;195;34385;5.7;195;34385;5.7
2024;Accidents de trajet;E;"Production et distribution d'eau ; assainissement, gestion des déchets et dépollution";"E - Production et distribution d'eau ; assainissement, gestion des déchets et dépollution";3900Z;Dépollution et autres services de gestion des déchets;3900Z - Dépollution et autres services de gestion des déchets;28;10790;2.6;28;10790;2.6
2024;Accidents de trajet;E;"Production et distribution d'eau ; assainissement, gestion des déchets et dépollution";"E - Production et distribution d'eau ; assainissement, gestion des déchets et dépollution";TOUS;"Total Production et distribution d'eau ; assainissement, gestion des déchets et dépollution";"Total Production et distribution d'eau ; assainissement, gestion des déchets et dépollution";718;177889;4;718;177889;4.0
2024;Accidents de trajet;F;Construction;F - Construction;4110A;Promotion immobilière de logements;4110A - Promotion immobilière de logements;35;20628;1.7;35;20628;1.7
2024;Accidents de trajet;F;Construction;F - Construction;4110B;Promotion immobilière de bureaux;4110B - Promotion immobilière de bureaux;2;1391;1.4;2;1391;1.4
2024;Accidents de trajet;F;Construction;F - Construction;4110C;Promotion immobilière d'autres bâtiments;4110C - Promotion immobilière d'autres bâtiments;11;3434;3.2;11;3434;3.2
2024;Accidents de trajet;F;Construction;F - Construction;4110D;Supports juridiques de programmes;4110D - Supports juridiques de programmes;5;1819;2.7;5;1819;2.7
2024;Accidents de trajet;F;Construction;F - Construction;4120A;Construction de maisons individuelles;4120A - Construction de maisons individuelles;101;56285;1.8;101;56285;1.8
2024;Accidents de trajet;F;Construction;F - Construction;4120B;Construction d'autres bâtiments;4120B - Construction d'autres bâtiments;183;75742;2.4;183;75742;2.4
2024;Accidents de trajet;F;Construction;F - Construction;4211Z;Construction de routes et autoroutes;4211Z - Construction de routes et autoroutes;175;68722;2.5;175;68722;2.5
2024;Accidents de trajet;F;Construction;F - Construction;4212Z;Construction de voies ferrées de surface et souterraines;4212Z - Construction de voies ferrées de surface et souterraines;44;11649;3.8;44;11649;3.8
2024;Accidents de trajet;F;Construction;F - Construction;4213A;Construction d'ouvrages d'art;4213A - Construction d'ouvrages d'art;26;8009;3.2;26;8009;3.2
2024;Accidents de trajet;F;Construction;F - Construction;4213B;Construction et entretien de tunnels;4213B - Construction et entretien de tunnels;4;3496;1.1;4;3496;1.1
2024;Accidents de trajet;F;Construction;F - Construction;4221Z;Construction de réseaux pour fluides;4221Z - Construction de réseaux pour fluides;68;29455;2.3;68;29455;2.3
2024;Accidents de trajet;F;Construction;F - Construction;4222Z;Construction de réseaux électriques et de télécommunications;4222Z - Construction de réseaux électriques et de télécommunications;108;43407;2.5;108;43407;2.5
2024;Accidents de trajet;F;Construction;F - Construction;4291Z;Construction d'ouvrages maritimes et fluviaux;4291Z - Construction d'ouvrages maritimes et fluviaux;6;4321;1.4;6;4321;1.4
2024;Accidents de trajet;F;Construction;F - Construction;4299Z;Construction d'autres ouvrages de génie civil n.c.a.;4299Z - Construction d'autres ouvrages de génie civil n.c.a.;39;12808;3;39;12808;3.0
2024;Accidents de trajet;F;Construction;F - Construction;4311Z;Travaux de démolition;4311Z - Travaux de démolition;19;8158;2.3;19;8158;2.3
2024;Accidents de trajet;F;Construction;F - Construction;4312A;Travaux de terrassement courants et travaux préparatoires;4312A - Travaux de terrassement courants et travaux préparatoires;186;74796;2.5;186;74796;2.5
2024;Accidents de trajet;F;Construction;F - Construction;4312B;Travaux de terrassement spécialisés ou de grande masse;4312B - Travaux de terrassement spécialisés ou de grande masse;40;18200;2.2;40;18200;2.2
2024;Accidents de trajet;F;Construction;F - Construction;4313Z;Forages et sondages;4313Z - Forages et sondages;8;3160;2.5;8;3160;2.5
2024;Accidents de trajet;F;Construction;F - Construction;4321A;Travaux d'installation électrique dans tous locaux;4321A - Travaux d'installation électrique dans tous locaux;595;213099;2.8;595;213099;2.8
2024;Accidents de trajet;F;Construction;F - Construction;4321B;Travaux d'installation électrique sur la voie publique;4321B - Travaux d'installation électrique sur la voie publique;20;5724;3.5;20;5724;3.5
2024;Accidents de trajet;F;Construction;F - Construction;4322A;Travaux d'installation d'eau et de gaz en tous locaux;4322A - Travaux d'installation d'eau et de gaz en tous locaux;233;75343;3.1;233;75343;3.1
2024;Accidents de trajet;F;Construction;F - Construction;4322B;Travaux d'installation d'équipements thermiques et de climatisation;4322B - Travaux d'installation d'équipements thermiques et de climatisation;380;126934;3;380;126934;3.0
2024;Accidents de trajet;F;Construction;F - Construction;4329A;Travaux d'isolation;4329A - Travaux d'isolation;72;28666;2.5;72;28666;2.5
2024;Accidents de trajet;F;Construction;F - Construction;4329B;Autres travaux d'installation n.c.a.;4329B - Autres travaux d'installation n.c.a.;62;26551;2.3;62;26551;2.3
2024;Accidents de trajet;F;Construction;F - Construction;4331Z;Travaux de plâtrerie;4331Z - Travaux de plâtrerie;87;49209;1.8;87;49209;1.8
2024;Accidents de trajet;F;Construction;F - Construction;4332A;Travaux de menuiserie bois et PVC;4332A - Travaux de menuiserie bois et PVC;292;100481;2.9;292;100481;2.9
2024;Accidents de trajet;F;Construction;F - Construction;4332B;Travaux de menuiserie métallique et serrurerie;4332B - Travaux de menuiserie métallique et serrurerie;185;52020;3.6;185;52020;3.6
2024;Accidents de trajet;F;Construction;F - Construction;4332C;Agencement de lieux de vente;4332C - Agencement de lieux de vente;31;8998;3.4;31;8998;3.4
2024;Accidents de trajet;F;Construction;F - Construction;4333Z;Travaux de revêtement des sols et des murs;4333Z - Travaux de revêtement des sols et des murs;81;39165;2.1;81;39165;2.1
2024;Accidents de trajet;F;Construction;F - Construction;4334Z;Travaux de peinture et vitrerie;4334Z - Travaux de peinture et vitrerie;246;96625;2.5;246;96625;2.5
2024;Accidents de trajet;F;Construction;F - Construction;4339Z;Autres travaux de finition;4339Z - Autres travaux de finition;39;13402;2.9;39;13402;2.9
2024;Accidents de trajet;F;Construction;F - Construction;4391A;Travaux de charpente;4391A - Travaux de charpente;113;33816;3.3;113;33816;3.3
2024;Accidents de trajet;F;Construction;F - Construction;4391B;Travaux de couverture par éléments;4391B - Travaux de couverture par éléments;173;51774;3.3;173;51774;3.3
2024;Accidents de trajet;F;Construction;F - Construction;4399A;Travaux d'étanchéification;4399A - Travaux d'étanchéification;30;24907;1.2;30;24907;1.2
2024;Accidents de trajet;F;Construction;F - Construction;4399B;Travaux de montage de structures métalliques;4399B - Travaux de montage de structures métalliques;34;15524;2.2;34;15524;2.2
2024;Accidents de trajet;F;Construction;F - Construction;4399C;Travaux de maçonnerie générale et gros œuvre de bâtiment;4399C - Travaux de maçonnerie générale et gros œuvre de bâtiment;576;221374;2.6;576;221374;2.6
2024;Accidents de trajet;F;Construction;F - Construction;4399D;Autres travaux spécialisés de construction;4399D - Autres travaux spécialisés de construction;61;26061;2.3;61;26061;2.3
2024;Accidents de trajet;F;Construction;F - Construction;4399E;Location avec opérateur de matériel de construction;4399E - Location avec opérateur de matériel de construction;12;6678;1.8;12;6678;1.8
2024;Accidents de trajet;F;Construction;F - Construction;TOUS;Total Construction;Total Construction;4382;1661831;2.6;4382;1661831;2.6
2024;Accidents de trajet;G;"Commerce ; réparation d'automobiles et de motocycles";"G - Commerce ; réparation d'automobiles et de motocycles";4511Z;Commerce de voitures et de véhicules automobiles légers;4511Z - Commerce de voitures et de véhicules automobiles légers;819;172351;4.8;819;172351;4.8
2024;Accidents de trajet;G;"Commerce ; réparation d'automobiles et de motocycles";"G - Commerce ; réparation d'automobiles et de motocycles";4519Z;Commerce d'autres véhicules automobiles;4519Z - Commerce d'autres véhicules automobiles;66;16311;4;66;16311;4.0
2024;Accidents de trajet;G;"Commerce ; réparation d'automobiles et de motocycles";"G - Commerce ; réparation d'automobiles et de motocycles";4520A;Entretien et réparation de véhicules automobiles légers;4520A - Entretien et réparation de véhicules automobiles légers;704;150472;4.7;704;150472;4.7
2024;Accidents de trajet;G;"Commerce ; réparation d'automobiles et de motocycles";"G - Commerce ; réparation d'automobiles et de motocycles";4520B;Entretien et réparation d'autres véhicules automobiles;4520B - Entretien et réparation d'autres véhicules automobiles;63;12945;4.9;63;12945;4.9
2024;Accidents de trajet;G;"Commerce ; réparation d'automobiles et de motocycles";"G - Commerce ; réparation d'automobiles et de motocycles";4531Z;Commerce de gros d'équipements automobiles;4531Z - Commerce de gros d'équipements automobiles;164;40296;4.1;164;40296;4.1
2024;Accidents de trajet;G;"Commerce ; réparation d'automobiles et de motocycles";"G - Commerce ; réparation d'automobiles et de motocycles";4532Z;Commerce de détail d'équipements automobiles;4532Z - Commerce de détail d'équipements automobiles;199;36246;5.5;199;36246;5.5
2024;Accidents de trajet;G;"Commerce ; réparation d'automobiles et de motocycles";"G - Commerce ; réparation d'automobiles et de motocycles";4540Z;Commerce et réparation de motocycles;4540Z - Commerce et réparation de motocycles;180;15569;11.6;180;15569;11.6
2024;Accidents de trajet;G;"Commerce ; réparation d'automobiles et de motocycles";"G - Commerce ; réparation d'automobiles et de motocycles";4611Z;Intermédiaires du commerce en matières premières agricoles, animaux vivants, matières premières textiles et produits semi-finis;4611Z - Intermédiaires du commerce en matières premières agricoles, animaux vivants, matières premières textiles et produits semi-finis;2;1185;1.7;2;1185;1.7
2024;Accidents de trajet;G;"Commerce ; réparation d'automobiles et de motocycles";"G - Commerce ; réparation d'automobiles et de motocycles";4612A;Centrales d'achat de carburant;4612A - Centrales d'achat de carburant;0;38;NC;0;38;
2024;Accidents de trajet;G;"Commerce ; réparation d'automobiles et de motocycles";"G - Commerce ; réparation d'automobiles et de motocycles";4612B;Autres intermédiaires du commerce en combustibles, métaux, minéraux et produits chimiques;4612B - Autres intermédiaires du commerce en combustibles, métaux, minéraux et produits chimiques;2;1841;1.1;2;1841;1.1
2024;Accidents de trajet;G;"Commerce ; réparation d'automobiles et de motocycles";"G - Commerce ; réparation d'automobiles et de motocycles";4613Z;Intermédiaires du commerce en bois et matériaux de construction;4613Z - Intermédiaires du commerce en bois et matériaux de construction;10;3228;3.1;10;3228;3.1
2024;Accidents de trajet;G;"Commerce ; réparation d'automobiles et de motocycles";"G - Commerce ; réparation d'automobiles et de motocycles";4614Z;Intermédiaires du commerce en machines, équipements industriels, navires et avions;4614Z - Intermédiaires du commerce en machines, équipements industriels, navires et avions;8;3475;2.3;8;3475;2.3
2024;Accidents de trajet;G;"Commerce ; réparation d'automobiles et de motocycles";"G - Commerce ; réparation d'automobiles et de motocycles";4615Z;Intermédiaires du commerce en meubles, articles de ménage et quincaillerie;4615Z - Intermédiaires du commerce en meubles, articles de ménage et quincaillerie;5;1423;3.5;5;1423;3.5
2024;Accidents de trajet;G;"Commerce ; réparation d'automobiles et de motocycles";"G - Commerce ; réparation d'automobiles et de motocycles";4616Z;Intermédiaires du commerce en textiles, habillement, fourrures, chaussures et articles en cuir;4616Z - Intermédiaires du commerce en textiles, habillement, fourrures, chaussures et articles en cuir;6;1606;3.7;6;1606;3.7
2024;Accidents de trajet;G;"Commerce ; réparation d'automobiles et de motocycles";"G - Commerce ; réparation d'automobiles et de motocycles";4617A;Centrales d'achat alimentaires;4617A - Centrales d'achat alimentaires;67;15883;4.2;67;15883;4.2
2024;Accidents de trajet;G;"Commerce ; réparation d'automobiles et de motocycles";"G - Commerce ; réparation d'automobiles et de motocycles";4617B;Autres intermédiaires du commerce en denrées, boissons et tabac;4617B - Autres intermédiaires du commerce en denrées, boissons et tabac;10;3513;2.8;10;3513;2.8
2024;Accidents de trajet;G;"Commerce ; réparation d'automobiles et de motocycles";"G - Commerce ; réparation d'automobiles et de motocycles";4618Z;Intermédiaires spécialisés dans le commerce d'autres produits spécifiques;4618Z - Intermédiaires spécialisés dans le commerce d'autres produits spécifiques;27;15329;1.8;27;15329;1.8
2024;Accidents de trajet;G;"Commerce ; réparation d'automobiles et de motocycles";"G - Commerce ; réparation d'automobiles et de motocycles";4619A;Centrales d'achat non alimentaires;4619A - Centrales d'achat non alimentaires;50;12105;4.1;50;12105;4.1
2024;Accidents de trajet;G;"Commerce ; réparation d'automobiles et de motocycles";"G - Commerce ; réparation d'automobiles et de motocycles";4619B;Autres intermédiaires du commerce en produits divers;4619B - Autres intermédiaires du commerce en produits divers;26;12401;2.1;26;12401;2.1
2024;Accidents de trajet;G;"Commerce ; réparation d'automobiles et de motocycles";"G - Commerce ; réparation d'automobiles et de motocycles";4621Z;Commerce de gros (commerce interentreprises) de céréales, de tabac non manufacturé, de semences et d'aliments pour le bétail;4621Z - Commerce de gros (commerce interentreprises) de céréales, de tabac non manufacturé, de semences et d'aliments pour le bétail;22;12088;1.8;22;12088;1.8
2024;Accidents de trajet;G;"Commerce ; réparation d'automobiles et de motocycles";"G - Commerce ; réparation d'automobiles et de motocycles";4622Z;Commerce de gros (commerce interentreprises) de fleurs et plantes;4622Z - Commerce de gros (commerce interentreprises) de fleurs et plantes;11;3298;3.3;11;3298;3.3
2024;Accidents de trajet;G;"Commerce ; réparation d'automobiles et de motocycles";"G - Commerce ; réparation d'automobiles et de motocycles";4623Z;Commerce de gros (commerce interentreprises) d'animaux vivants;4623Z - Commerce de gros (commerce interentreprises) d'animaux vivants;3;2743;1.1;3;2743;1.1
2024;Accidents de trajet;G;"Commerce ; réparation d'automobiles et de motocycles";"G - Commerce ; réparation d'automobiles et de motocycles";4624Z;Commerce de gros (commerce interentreprises) de cuirs et peaux;4624Z - Commerce de gros (commerce interentreprises) de cuirs et peaux;1;457;NC;1;457;
2024;Accidents de trajet;G;"Commerce ; réparation d'automobiles et de motocycles";"G - Commerce ; réparation d'automobiles et de motocycles";4631Z;Commerce de gros (commerce interentreprises) de fruits et légumes;4631Z - Commerce de gros (commerce interentreprises) de fruits et légumes;187;29948;6.2;187;29948;6.2
2024;Accidents de trajet;G;"Commerce ; réparation d'automobiles et de motocycles";"G - Commerce ; réparation d'automobiles et de motocycles";4632A;Commerce de gros (commerce interentreprises) de viandes de boucherie;4632A - Commerce de gros (commerce interentreprises) de viandes de boucherie;26;5808;4.5;26;5808;4.5
2024;Accidents de trajet;G;"Commerce ; réparation d'automobiles et de motocycles";"G - Commerce ; réparation d'automobiles et de motocycles";4632B;Commerce de gros (commerce interentreprises) de produits à base de viande;4632B - Commerce de gros (commerce interentreprises) de produits à base de viande;6;2904;2.1;6;2904;2.1
2024;Accidents de trajet;G;"Commerce ; réparation d'automobiles et de motocycles";"G - Commerce ; réparation d'automobiles et de motocycles";4632C;Commerce de gros (commerce interentreprises) de volailles et gibier;4632C - Commerce de gros (commerce interentreprises) de volailles et gibier;4;2342;1.7;4;2342;1.7
2024;Accidents de trajet;G;"Commerce ; réparation d'automobiles et de motocycles";"G - Commerce ; réparation d'automobiles et de motocycles";4633Z;Commerce de gros (commerce interentreprises) de produits laitiers, œufs, huiles et matières grasses comestibles;4633Z - Commerce de gros (commerce interentreprises) de produits laitiers, œufs, huiles et matières grasses comestibles;45;10931;4.1;45;10931;4.1
2024;Accidents de trajet;G;"Commerce ; réparation d'automobiles et de motocycles";"G - Commerce ; réparation d'automobiles et de motocycles";4634Z;Commerce de gros (commerce interentreprises) de boissons;4634Z - Commerce de gros (commerce interentreprises) de boissons;102;36936;2.8;102;36936;2.8
2024;Accidents de trajet;G;"Commerce ; réparation d'automobiles et de motocycles";"G - Commerce ; réparation d'automobiles et de motocycles";4635Z;Commerce de gros (commerce interentreprises) de produits à base de tabac;4635Z - Commerce de gros (commerce interentreprises) de produits à base de tabac;3;1433;2.1;3;1433;2.1
2024;Accidents de trajet;G;"Commerce ; réparation d'automobiles et de motocycles";"G - Commerce ; réparation d'automobiles et de motocycles";4636Z;Commerce de gros (commerce interentreprises) de sucre, chocolat et confiserie;4636Z - Commerce de gros (commerce interentreprises) de sucre, chocolat et confiserie;8;5142;1.6;8;5142;1.6
2024;Accidents de trajet;G;"Commerce ; réparation d'automobiles et de motocycles";"G - Commerce ; réparation d'automobiles et de motocycles";4637Z;Commerce de gros (commerce interentreprises) de café, thé, cacao et épices;4637Z - Commerce de gros (commerce interentreprises) de café, thé, cacao et épices;13;3023;4.3;13;3023;4.3
2024;Accidents de trajet;G;"Commerce ; réparation d'automobiles et de motocycles";"G - Commerce ; réparation d'automobiles et de motocycles";4638A;Commerce de gros (commerce interentreprises) de poissons, crustacés et mollusques;4638A - Commerce de gros (commerce interentreprises) de poissons, crustacés et mollusques;28;6649;4.2;28;6649;4.2
2024;Accidents de trajet;G;"Commerce ; réparation d'automobiles et de motocycles";"G - Commerce ; réparation d'automobiles et de motocycles";4638B;Commerce de gros (commerce interentreprises) alimentaire spécialisé divers;4638B - Commerce de gros (commerce interentreprises) alimentaire spécialisé divers;68;20253;3.4;68;20253;3.4
2024;Accidents de trajet;G;"Commerce ; réparation d'automobiles et de motocycles";"G - Commerce ; réparation d'automobiles et de motocycles";4639A;Commerce de gros (commerce interentreprises) de produits surgelés;4639A - Commerce de gros (commerce interentreprises) de produits surgelés;66;13139;5;66;13139;5.0
2024;Accidents de trajet;G;"Commerce ; réparation d'automobiles et de motocycles";"G - Commerce ; réparation d'automobiles et de motocycles";4639B;Commerce de gros (commerce interentreprises) alimentaire non spécialisé;4639B - Commerce de gros (commerce interentreprises) alimentaire non spécialisé;201;41105;4.9;201;41105;4.9
2024;Accidents de trajet;G;"Commerce ; réparation d'automobiles et de motocycles";"G - Commerce ; réparation d'automobiles et de motocycles";4641Z;Commerce de gros (commerce interentreprises) de textiles;4641Z - Commerce de gros (commerce interentreprises) de textiles;26;6507;4;26;6507;4.0
2024;Accidents de trajet;G;"Commerce ; réparation d'automobiles et de motocycles";"G - Commerce ; réparation d'automobiles et de motocycles";4642Z;Commerce de gros (commerce interentreprises) d'habillement et de chaussures;4642Z - Commerce de gros (commerce interentreprises) d'habillement et de chaussures;106;26014;4.1;106;26014;4.1
2024;Accidents de trajet;G;"Commerce ; réparation d'automobiles et de motocycles";"G - Commerce ; réparation d'automobiles et de motocycles";4643Z;Commerce de gros (commerce interentreprises) d'appareils électroménagers;4643Z - Commerce de gros (commerce interentreprises) d'appareils électroménagers;53;12840;4.1;53;12840;4.1
2024;Accidents de trajet;G;"Commerce ; réparation d'automobiles et de motocycles";"G - Commerce ; réparation d'automobiles et de motocycles";4644Z;Commerce de gros (commerce interentreprises) de vaisselle, verrerie et produits d'entretien;4644Z - Commerce de gros (commerce interentreprises) de vaisselle, verrerie et produits d'entretien;17;8740;1.9;17;8740;1.9
2024;Accidents de trajet;G;"Commerce ; réparation d'automobiles et de motocycles";"G - Commerce ; réparation d'automobiles et de motocycles";4645Z;Commerce de gros (commerce interentreprises) de parfumerie et de produits de beauté;4645Z - Commerce de gros (commerce interentreprises) de parfumerie et de produits de beauté;101;22305;4.5;101;22305;4.5
2024;Accidents de trajet;G;"Commerce ; réparation d'automobiles et de motocycles";"G - Commerce ; réparation d'automobiles et de motocycles";4646Z;Commerce de gros (commerce interentreprises) de produits pharmaceutiques;4646Z - Commerce de gros (commerce interentreprises) de produits pharmaceutiques;181;62412;2.9;181;62412;2.9
2024;Accidents de trajet;G;"Commerce ; réparation d'automobiles et de motocycles";"G - Commerce ; réparation d'automobiles et de motocycles";4647Z;Commerce de gros (commerce interentreprises) de meubles, de tapis et d'appareils d'éclairage;4647Z - Commerce de gros (commerce interentreprises) de meubles, de tapis et d'appareils d'éclairage;18;5826;3.1;18;5826;3.1
2024;Accidents de trajet;G;"Commerce ; réparation d'automobiles et de motocycles";"G - Commerce ; réparation d'automobiles et de motocycles";4648Z;Commerce de gros (commerce interentreprises) d'articles d'horlogerie et de bijouterie;4648Z - Commerce de gros (commerce interentreprises) d'articles d'horlogerie et de bijouterie;9;3050;3;9;3050;3.0
2024;Accidents de trajet;G;"Commerce ; réparation d'automobiles et de motocycles";"G - Commerce ; réparation d'automobiles et de motocycles";4649Z;Commerce de gros (commerce interentreprises) d'autres biens domestiques;4649Z - Commerce de gros (commerce interentreprises) d'autres biens domestiques;154;44777;3.4;154;44777;3.4
2024;Accidents de trajet;G;"Commerce ; réparation d'automobiles et de motocycles";"G - Commerce ; réparation d'automobiles et de motocycles";4651Z;Commerce de gros (commerce interentreprises) d'ordinateurs, d'équipements informatiques périphériques et de logiciels;4651Z - Commerce de gros (commerce interentreprises) d'ordinateurs, d'équipements informatiques périphériques et de logiciels;103;33516;3.1;103;33516;3.1
2024;Accidents de trajet;G;"Commerce ; réparation d'automobiles et de motocycles";"G - Commerce ; réparation d'automobiles et de motocycles";4652Z;Commerce de gros (commerce interentreprises) de composants et d'équipements électroniques et de télécommunication;4652Z - Commerce de gros (commerce interentreprises) de composants et d'équipements électroniques et de télécommunication;85;26725;3.2;85;26725;3.2
2024;Accidents de trajet;G;"Commerce ; réparation d'automobiles et de motocycles";"G - Commerce ; réparation d'automobiles et de motocycles";4661Z;Commerce de gros (commerce interentreprises) de matériel agricole;4661Z - Commerce de gros (commerce interentreprises) de matériel agricole;111;41052;2.7;111;41052;2.7
2024;Accidents de trajet;G;"Commerce ; réparation d'automobiles et de motocycles";"G - Commerce ; réparation d'automobiles et de motocycles";4662Z;Commerce de gros (commerce interentreprises) de machines-outils;4662Z - Commerce de gros (commerce interentreprises) de machines-outils;7;4557;1.5;7;4557;1.5
2024;Accidents de trajet;G;"Commerce ; réparation d'automobiles et de motocycles";"G - Commerce ; réparation d'automobiles et de motocycles";4663Z;Commerce de gros (commerce interentreprises) de machines pour l'extraction, la construction et le génie civil;4663Z - Commerce de gros (commerce interentreprises) de machines pour l'extraction, la construction et le génie civil;35;14449;2.4;35;14449;2.4
2024;Accidents de trajet;G;"Commerce ; réparation d'automobiles et de motocycles";"G - Commerce ; réparation d'automobiles et de motocycles";4664Z;Commerce de gros (commerce interentreprises) de machines pour l'industrie textile et l'habillement;4664Z - Commerce de gros (commerce interentreprises) de machines pour l'industrie textile et l'habillement;2;412;NC;2;412;
2024;Accidents de trajet;G;"Commerce ; réparation d'automobiles et de motocycles";"G - Commerce ; réparation d'automobiles et de motocycles";4665Z;Commerce de gros (commerce interentreprises) de mobilier de bureau;4665Z - Commerce de gros (commerce interentreprises) de mobilier de bureau;9;3381;2.7;9;3381;2.7
2024;Accidents de trajet;G;"Commerce ; réparation d'automobiles et de motocycles";"G - Commerce ; réparation d'automobiles et de motocycles";4666Z;Commerce de gros (commerce interentreprises) d'autres machines et équipements de bureau;4666Z - Commerce de gros (commerce interentreprises) d'autres machines et équipements de bureau;49;13725;3.6;49;13725;3.6
2024;Accidents de trajet;G;"Commerce ; réparation d'automobiles et de motocycles";"G - Commerce ; réparation d'automobiles et de motocycles";4669A;Commerce de gros (commerce interentreprises) de matériel électrique;4669A - Commerce de gros (commerce interentreprises) de matériel électrique;94;34677;2.7;94;34677;2.7
2024;Accidents de trajet;G;"Commerce ; réparation d'automobiles et de motocycles";"G - Commerce ; réparation d'automobiles et de motocycles";4669B;Commerce de gros (commerce interentreprises) de fournitures et équipements industriels divers;4669B - Commerce de gros (commerce interentreprises) de fournitures et équipements industriels divers;276;96891;2.8;276;96891;2.8
2024;Accidents de trajet;G;"Commerce ; réparation d'automobiles et de motocycles";"G - Commerce ; réparation d'automobiles et de motocycles";4669C;Commerce de gros (commerce interentreprises) de fournitures et équipements divers pour le commerce et les services;4669C - Commerce de gros (commerce interentreprises) de fournitures et équipements divers pour le commerce et les services;109;26098;4.2;109;26098;4.2
2024;Accidents de trajet;G;"Commerce ; réparation d'automobiles et de motocycles";"G - Commerce ; réparation d'automobiles et de motocycles";4671Z;Commerce de gros (commerce interentreprises) de combustibles et de produits annexes;4671Z - Commerce de gros (commerce interentreprises) de combustibles et de produits annexes;29;13631;2.1;29;13631;2.1
2024;Accidents de trajet;G;"Commerce ; réparation d'automobiles et de motocycles";"G - Commerce ; réparation d'automobiles et de motocycles";4672Z;Commerce de gros (commerce interentreprises) de minerais et métaux;4672Z - Commerce de gros (commerce interentreprises) de minerais et métaux;61;15480;3.9;61;15480;3.9
2024;Accidents de trajet;G;"Commerce ; réparation d'automobiles et de motocycles";"G - Commerce ; réparation d'automobiles et de motocycles";4673A;Commerce de gros (commerce interentreprises) de bois et de matériaux de construction;4673A - Commerce de gros (commerce interentreprises) de bois et de matériaux de construction;275;84801;3.2;275;84801;3.2
2024;Accidents de trajet;G;"Commerce ; réparation d'automobiles et de motocycles";"G - Commerce ; réparation d'automobiles et de motocycles";4673B;Commerce de gros (commerce interentreprises) d'appareils sanitaires et de produits de décoration;4673B - Commerce de gros (commerce interentreprises) d'appareils sanitaires et de produits de décoration;56;18172;3.1;56;18172;3.1
2024;Accidents de trajet;G;"Commerce ; réparation d'automobiles et de motocycles";"G - Commerce ; réparation d'automobiles et de motocycles";4674A;Commerce de gros (commerce interentreprises) de quincaillerie;4674A - Commerce de gros (commerce interentreprises) de quincaillerie;80;25817;3.1;80;25817;3.1
2024;Accidents de trajet;G;"Commerce ; réparation d'automobiles et de motocycles";"G - Commerce ; réparation d'automobiles et de motocycles";4674B;Commerce de gros (commerce interentreprises) de fournitures pour la plomberie et le chauffage;4674B - Commerce de gros (commerce interentreprises) de fournitures pour la plomberie et le chauffage;102;26105;3.9;102;26105;3.9
2024;Accidents de trajet;G;"Commerce ; réparation d'automobiles et de motocycles";"G - Commerce ; réparation d'automobiles et de motocycles";4675Z;Commerce de gros (commerce interentreprises) de produits chimiques;4675Z - Commerce de gros (commerce interentreprises) de produits chimiques;38;19330;2;38;19330;2.0
2024;Accidents de trajet;G;"Commerce ; réparation d'automobiles et de motocycles";"G - Commerce ; réparation d'automobiles et de motocycles";4676Z;Commerce de gros (commerce interentreprises) d'autres produits intermédiaires;4676Z - Commerce de gros (commerce interentreprises) d'autres produits intermédiaires;42;10979;3.8;42;10979;3.8
2024;Accidents de trajet;G;"Commerce ; réparation d'automobiles et de motocycles";"G - Commerce ; réparation d'automobiles et de motocycles";4677Z;Commerce de gros (commerce interentreprises) de déchets et débris;4677Z - Commerce de gros (commerce interentreprises) de déchets et débris;15;3189;4.7;15;3189;4.7
2024;Accidents de trajet;G;"Commerce ; réparation d'automobiles et de motocycles";"G - Commerce ; réparation d'automobiles et de motocycles";4690Z;Commerce de gros (commerce interentreprises) non spécialisé;4690Z - Commerce de gros (commerce interentreprises) non spécialisé;130;38279;3.4;130;38279;3.4
2024;Accidents de trajet;G;"Commerce ; réparation d'automobiles et de motocycles";"G - Commerce ; réparation d'automobiles et de motocycles";4711A;Commerce de détail de produits surgelés;4711A - Commerce de détail de produits surgelés;46;7922;5.8;46;7922;5.8
2024;Accidents de trajet;G;"Commerce ; réparation d'automobiles et de motocycles";"G - Commerce ; réparation d'automobiles et de motocycles";4711B;Commerce d'alimentation générale;4711B - Commerce d'alimentation générale;202;50757;4;202;50757;4.0
2024;Accidents de trajet;G;"Commerce ; réparation d'automobiles et de motocycles";"G - Commerce ; réparation d'automobiles et de motocycles";4711C;Supérettes;4711C - Supérettes;140;22335;6.3;140;22335;6.3
2024;Accidents de trajet;G;"Commerce ; réparation d'automobiles et de motocycles";"G - Commerce ; réparation d'automobiles et de motocycles";4711D;Supermarchés;4711D - Supermarchés;1847;247990;7.4;1847;247990;7.4
2024;Accidents de trajet;G;"Commerce ; réparation d'automobiles et de motocycles";"G - Commerce ; réparation d'automobiles et de motocycles";4711E;Magasins multi-commerces;4711E - Magasins multi-commerces;38;3956;9.6;38;3956;9.6
2024;Accidents de trajet;G;"Commerce ; réparation d'automobiles et de motocycles";"G - Commerce ; réparation d'automobiles et de motocycles";4711F;Hypermarchés;4711F - Hypermarchés;2375;281135;8.4;2375;281135;8.4
2024;Accidents de trajet;G;"Commerce ; réparation d'automobiles et de motocycles";"G - Commerce ; réparation d'automobiles et de motocycles";4719A;Grands magasins;4719A - Grands magasins;125;11123;11.2;125;11123;11.2
2024;Accidents de trajet;G;"Commerce ; réparation d'automobiles et de motocycles";"G - Commerce ; réparation d'automobiles et de motocycles";4719B;Autres commerces de détail en magasin non spécialisé;4719B - Autres commerces de détail en magasin non spécialisé;354;38345;9.2;354;38345;9.2
2024;Accidents de trajet;G;"Commerce ; réparation d'automobiles et de motocycles";"G - Commerce ; réparation d'automobiles et de motocycles";4721Z;Commerce de détail de fruits et légumes en magasin spécialisé;4721Z - Commerce de détail de fruits et légumes en magasin spécialisé;83;15855;5.2;83;15855;5.2
2024;Accidents de trajet;G;"Commerce ; réparation d'automobiles et de motocycles";"G - Commerce ; réparation d'automobiles et de motocycles";4722Z;Commerce de détail de viandes et de produits à base de viande en magasin spécialisé;4722Z - Commerce de détail de viandes et de produits à base de viande en magasin spécialisé;233;43087;5.4;233;43087;5.4
2024;Accidents de trajet;G;"Commerce ; réparation d'automobiles et de motocycles";"G - Commerce ; réparation d'automobiles et de motocycles";4723Z;Commerce de détail de poissons, crustacés et mollusques en magasin spécialisé;4723Z - Commerce de détail de poissons, crustacés et mollusques en magasin spécialisé;20;4206;4.8;20;4206;4.8
2024;Accidents de trajet;G;"Commerce ; réparation d'automobiles et de motocycles";"G - Commerce ; réparation d'automobiles et de motocycles";4724Z;Commerce de détail de pain, pâtisserie et confiserie en magasin spécialisé;4724Z - Commerce de détail de pain, pâtisserie et confiserie en magasin spécialisé;78;11290;6.9;78;11290;6.9
2024;Accidents de trajet;G;"Commerce ; réparation d'automobiles et de motocycles";"G - Commerce ; réparation d'automobiles et de motocycles";4725Z;Commerce de détail de boissons en magasin spécialisé;4725Z - Commerce de détail de boissons en magasin spécialisé;28;9838;2.8;28;9838;2.8
2024;Accidents de trajet;G;"Commerce ; réparation d'automobiles et de motocycles";"G - Commerce ; réparation d'automobiles et de motocycles";4726Z;Commerce de détail de produits à base de tabac en magasin spécialisé;4726Z - Commerce de détail de produits à base de tabac en magasin spécialisé;41;11001;3.7;41;11001;3.7
2024;Accidents de trajet;G;"Commerce ; réparation d'automobiles et de motocycles";"G - Commerce ; réparation d'automobiles et de motocycles";4729Z;Autres commerces de détail alimentaires en magasin spécialisé;4729Z - Autres commerces de détail alimentaires en magasin spécialisé;171;30467;5.6;171;30467;5.6
2024;Accidents de trajet;G;"Commerce ; réparation d'automobiles et de motocycles";"G - Commerce ; réparation d'automobiles et de motocycles";4730Z;Commerce de détail de carburants en magasin spécialisé;4730Z - Commerce de détail de carburants en magasin spécialisé;90;19709;4.6;90;19709;4.6
2024;Accidents de trajet;G;"Commerce ; réparation d'automobiles et de motocycles";"G - Commerce ; réparation d'automobiles et de motocycles";4741Z;Commerce de détail d'ordinateurs, d'unités périphériques et de logiciels en magasin spécialisé;4741Z - Commerce de détail d'ordinateurs, d'unités périphériques et de logiciels en magasin spécialisé;104;13476;7.7;104;13476;7.7
2024;Accidents de trajet;G;"Commerce ; réparation d'automobiles et de motocycles";"G - Commerce ; réparation d'automobiles et de motocycles";4742Z;Commerce de détail de matériels de télécommunication en magasin spécialisé;4742Z - Commerce de détail de matériels de télécommunication en magasin spécialisé;110;17089;6.4;110;17089;6.4
2024;Accidents de trajet;G;"Commerce ; réparation d'automobiles et de motocycles";"G - Commerce ; réparation d'automobiles et de motocycles";4743Z;Commerce de détail de matériels audio et vidéo en magasin spécialisé;4743Z - Commerce de détail de matériels audio et vidéo en magasin spécialisé;36;5103;7.1;36;5103;7.1
2024;Accidents de trajet;G;"Commerce ; réparation d'automobiles et de motocycles";"G - Commerce ; réparation d'automobiles et de motocycles";4751Z;Commerce de détail de textiles en magasin spécialisé;4751Z - Commerce de détail de textiles en magasin spécialisé;49;8287;5.9;49;8287;5.9
2024;Accidents de trajet;G;"Commerce ; réparation d'automobiles et de motocycles";"G - Commerce ; réparation d'automobiles et de motocycles";4752A;Commerce de détail de quincaillerie, peintures et verres en petites surfaces (moins de 400 m²);4752A - Commerce de détail de quincaillerie, peintures et verres en petites surfaces (moins de 400 m²);67;16737;4;67;16737;4.0
2024;Accidents de trajet;G;"Commerce ; réparation d'automobiles et de motocycles";"G - Commerce ; réparation d'automobiles et de motocycles";4752B;Commerce de détail de quincaillerie, peintures et verres en grandes surfaces (400 m² et plus);4752B - Commerce de détail de quincaillerie, peintures et verres en grandes surfaces (400 m² et plus);503;78975;6.4;503;78975;6.4
2024;Accidents de trajet;G;"Commerce ; réparation d'automobiles et de motocycles";"G - Commerce ; réparation d'automobiles et de motocycles";4753Z;Commerce de détail de tapis, moquettes et revêtements de murs et de sols en magasin spécialisé;4753Z - Commerce de détail de tapis, moquettes et revêtements de murs et de sols en magasin spécialisé;13;3416;3.8;13;3416;3.8
2024;Accidents de trajet;G;"Commerce ; réparation d'automobiles et de motocycles";"G - Commerce ; réparation d'automobiles et de motocycles";4754Z;Commerce de détail d'appareils électroménagers en magasin spécialisé;4754Z - Commerce de détail d'appareils électroménagers en magasin spécialisé;164;23479;7;164;23479;7.0
2024;Accidents de trajet;G;"Commerce ; réparation d'automobiles et de motocycles";"G - Commerce ; réparation d'automobiles et de motocycles";4759A;Commerce de détail de meubles;4759A - Commerce de détail de meubles;230;51778;4.4;230;51778;4.4
2024;Accidents de trajet;G;"Commerce ; réparation d'automobiles et de motocycles";"G - Commerce ; réparation d'automobiles et de motocycles";4759B;Commerce de détail d'autres équipements du foyer;4759B - Commerce de détail d'autres équipements du foyer;125;24171;5.2;125;24171;5.2
2024;Accidents de trajet;G;"Commerce ; réparation d'automobiles et de motocycles";"G - Commerce ; réparation d'automobiles et de motocycles";4761Z;Commerce de détail de livres en magasin spécialisé;4761Z - Commerce de détail de livres en magasin spécialisé;42;12227;3.4;42;12227;3.4
2024;Accidents de trajet;G;"Commerce ; réparation d'automobiles et de motocycles";"G - Commerce ; réparation d'automobiles et de motocycles";4762Z;Commerce de détail de journaux et papeterie en magasin spécialisé;4762Z - Commerce de détail de journaux et papeterie en magasin spécialisé;56;15898;3.5;56;15898;3.5
2024;Accidents de trajet;G;"Commerce ; réparation d'automobiles et de motocycles";"G - Commerce ; réparation d'automobiles et de motocycles";4763Z;Commerce de détail d'enregistrements musicaux et vidéo en magasin spécialisé;4763Z - Commerce de détail d'enregistrements musicaux et vidéo en magasin spécialisé;2;425;NC;2;425;
2024;Accidents de trajet;G;"Commerce ; réparation d'automobiles et de motocycles";"G - Commerce ; réparation d'automobiles et de motocycles";4764Z;Commerce de détail d'articles de sport en magasin spécialisé;4764Z - Commerce de détail d'articles de sport en magasin spécialisé;297;55019;5.4;297;55019;5.4
2024;Accidents de trajet;G;"Commerce ; réparation d'automobiles et de motocycles";"G - Commerce ; réparation d'automobiles et de motocycles";4765Z;Commerce de détail de jeux et jouets en magasin spécialisé;4765Z - Commerce de détail de jeux et jouets en magasin spécialisé;42;7325;5.7;42;7325;5.7
2024;Accidents de trajet;G;"Commerce ; réparation d'automobiles et de motocycles";"G - Commerce ; réparation d'automobiles et de motocycles";4771Z;Commerce de détail d'habillement en magasin spécialisé;4771Z - Commerce de détail d'habillement en magasin spécialisé;790;134511;5.9;790;134511;5.9
2024;Accidents de trajet;G;"Commerce ; réparation d'automobiles et de motocycles";"G - Commerce ; réparation d'automobiles et de motocycles";4772A;Commerce de détail de la chaussure;4772A - Commerce de détail de la chaussure;128;20309;6.3;128;20309;6.3
2024;Accidents de trajet;G;"Commerce ; réparation d'automobiles et de motocycles";"G - Commerce ; réparation d'automobiles et de motocycles";4772B;Commerce de détail de maroquinerie et d'articles de voyage;4772B - Commerce de détail de maroquinerie et d'articles de voyage;68;7906;8.6;68;7906;8.6
2024;Accidents de trajet;G;"Commerce ; réparation d'automobiles et de motocycles";"G - Commerce ; réparation d'automobiles et de motocycles";4773Z;Commerce de détail de produits pharmaceutiques en magasin spécialisé;4773Z - Commerce de détail de produits pharmaceutiques en magasin spécialisé;416;119569;3.5;416;119569;3.5
2024;Accidents de trajet;G;"Commerce ; réparation d'automobiles et de motocycles";"G - Commerce ; réparation d'automobiles et de motocycles";4774Z;Commerce de détail d'articles médicaux et orthopédiques en magasin spécialisé;4774Z - Commerce de détail d'articles médicaux et orthopédiques en magasin spécialisé;84;25259;3.3;84;25259;3.3
2024;Accidents de trajet;G;"Commerce ; réparation d'automobiles et de motocycles";"G - Commerce ; réparation d'automobiles et de motocycles";4775Z;Commerce de détail de parfumerie et de produits de beauté en magasin spécialisé;4775Z - Commerce de détail de parfumerie et de produits de beauté en magasin spécialisé;209;31505;6.6;209;31505;6.6
2024;Accidents de trajet;G;"Commerce ; réparation d'automobiles et de motocycles";"G - Commerce ; réparation d'automobiles et de motocycles";4776Z;Commerce de détail de fleurs, plantes, graines, engrais, animaux de compagnie et aliments pour ces animaux en magasin spécialisé;4776Z - Commerce de détail de fleurs, plantes, graines, engrais, animaux de compagnie et aliments pour ces animaux en magasin spécialisé;165;32859;5;165;32859;5.0
2024;Accidents de trajet;G;"Commerce ; réparation d'automobiles et de motocycles";"G - Commerce ; réparation d'automobiles et de motocycles";4777Z;Commerce de détail d'articles d'horlogerie et de bijouterie en magasin spécialisé;4777Z - Commerce de détail d'articles d'horlogerie et de bijouterie en magasin spécialisé;118;19806;6;118;19806;6.0
2024;Accidents de trajet;G;"Commerce ; réparation d'automobiles et de motocycles";"G - Commerce ; réparation d'automobiles et de motocycles";4778A;Commerces de détail d'optique;4778A - Commerces de détail d'optique;218;48347;4.5;218;48347;4.5
2024;Accidents de trajet;G;"Commerce ; réparation d'automobiles et de motocycles";"G - Commerce ; réparation d'automobiles et de motocycles";4778B;Commerces de détail de charbons et combustibles;4778B - Commerces de détail de charbons et combustibles;11;4233;2.6;11;4233;2.6
2024;Accidents de trajet;G;"Commerce ; réparation d'automobiles et de motocycles";"G - Commerce ; réparation d'automobiles et de motocycles";4778C;Autres commerces de détail spécialisés divers;4778C - Autres commerces de détail spécialisés divers;237;50387;4.7;237;50387;4.7
2024;Accidents de trajet;G;"Commerce ; réparation d'automobiles et de motocycles";"G - Commerce ; réparation d'automobiles et de motocycles";4779Z;Commerce de détail de biens d'occasion en magasin;4779Z - Commerce de détail de biens d'occasion en magasin;35;8868;3.9;35;8868;3.9
2024;Accidents de trajet;G;"Commerce ; réparation d'automobiles et de motocycles";"G - Commerce ; réparation d'automobiles et de motocycles";4781Z;Commerce de détail alimentaire sur éventaires et marchés;4781Z - Commerce de détail alimentaire sur éventaires et marchés;25;14898;1.7;25;14898;1.7
2024;Accidents de trajet;G;"Commerce ; réparation d'automobiles et de motocycles";"G - Commerce ; réparation d'automobiles et de motocycles";4782Z;Commerce de détail de textiles, d'habillement et de chaussures sur éventaires et marchés;4782Z - Commerce de détail de textiles, d'habillement et de chaussures sur éventaires et marchés;2;1164;1.7;2;1164;1.7
2024;Accidents de trajet;G;"Commerce ; réparation d'automobiles et de motocycles";"G - Commerce ; réparation d'automobiles et de motocycles";4789Z;Autres commerces de détail sur éventaires et marchés;4789Z - Autres commerces de détail sur éventaires et marchés;11;3874;2.8;11;3874;2.8
2024;Accidents de trajet;G;"Commerce ; réparation d'automobiles et de motocycles";"G - Commerce ; réparation d'automobiles et de motocycles";4791A;Vente à distance sur catalogue général;4791A - Vente à distance sur catalogue général;128;24117;5.3;128;24117;5.3
2024;Accidents de trajet;G;"Commerce ; réparation d'automobiles et de motocycles";"G - Commerce ; réparation d'automobiles et de motocycles";4791B;Vente à distance sur catalogue spécialisé;4791B - Vente à distance sur catalogue spécialisé;90;24789;3.6;90;24789;3.6
2024;Accidents de trajet;G;"Commerce ; réparation d'automobiles et de motocycles";"G - Commerce ; réparation d'automobiles et de motocycles";4799A;Vente à domicile;4799A - Vente à domicile;16;6465;2.5;16;6465;2.5
2024;Accidents de trajet;G;"Commerce ; réparation d'automobiles et de motocycles";"G - Commerce ; réparation d'automobiles et de motocycles";4799B;Vente par automates et autres commerces de détail hors magasin, éventaires ou marchés n.c.a.;4799B - Vente par automates et autres commerces de détail hors magasin, éventaires ou marchés n.c.a.;30;9478;3.2;30;9478;3.2
2024;Accidents de trajet;G;"Commerce ; réparation d'automobiles et de motocycles";"G - Commerce ; réparation d'automobiles et de motocycles";TOUS;"Total Commerce ; réparation d'automobiles et de motocycles";"Total Commerce ; réparation d'automobiles et de motocycles";16067;3188918;5;16067;3188918;5.0
2024;Accidents de trajet;H;Transports et entreposage;H - Transports et entreposage;4910Z;Transport ferroviaire interurbain de voyageurs;4910Z - Transport ferroviaire interurbain de voyageurs;155;26942;5.8;155;26942;5.8
2024;Accidents de trajet;H;Transports et entreposage;H - Transports et entreposage;4920Z;Transports ferroviaires de fret;4920Z - Transports ferroviaires de fret;18;4539;4;18;4539;4.0
2024;Accidents de trajet;H;Transports et entreposage;H - Transports et entreposage;4931Z;Transports urbains et suburbains de voyageurs;4931Z - Transports urbains et suburbains de voyageurs;559;73178;7.6;559;73178;7.6
2024;Accidents de trajet;H;Transports et entreposage;H - Transports et entreposage;4932Z;Transports de voyageurs par taxis;4932Z - Transports de voyageurs par taxis;49;32897;1.5;49;32897;1.5
2024;Accidents de trajet;H;Transports et entreposage;H - Transports et entreposage;4939A;Transports routiers réguliers de voyageurs;4939A - Transports routiers réguliers de voyageurs;336;63834;5.3;336;63834;5.3
2024;Accidents de trajet;H;Transports et entreposage;H - Transports et entreposage;4939B;Autres transports routiers de voyageurs;4939B - Autres transports routiers de voyageurs;105;25413;4.1;105;25413;4.1
2024;Accidents de trajet;H;Transports et entreposage;H - Transports et entreposage;4939C;Téléphériques et remontées mécaniques;4939C - Téléphériques et remontées mécaniques;60;9032;6.6;60;9032;6.6
2024;Accidents de trajet;H;Transports et entreposage;H - Transports et entreposage;4941A;Transports routiers de fret interurbains;4941A - Transports routiers de fret interurbains;681;222241;3.1;681;222241;3.1
2024;Accidents de trajet;H;Transports et entreposage;H - Transports et entreposage;4941B;Transports routiers de fret de proximité;4941B - Transports routiers de fret de proximité;641;187454;3.4;641;187454;3.4
2024;Accidents de trajet;H;Transports et entreposage;H - Transports et entreposage;4941C;Location de camions avec chauffeur;4941C - Location de camions avec chauffeur;80;19564;4.1;80;19564;4.1
2024;Accidents de trajet;H;Transports et entreposage;H - Transports et entreposage;4942Z;Services de déménagement;4942Z - Services de déménagement;47;11392;4.1;47;11392;4.1
2024;Accidents de trajet;H;Transports et entreposage;H - Transports et entreposage;4950Z;Transports par conduites;4950Z - Transports par conduites;2;2080;1;2;2080;1.0
2024;Accidents de trajet;H;Transports et entreposage;H - Transports et entreposage;5010Z;Transports maritimes et côtiers de passagers;5010Z - Transports maritimes et côtiers de passagers;6;3635;1.7;6;3635;1.7
2024;Accidents de trajet;H;Transports et entreposage;H - Transports et entreposage;5020Z;Transports maritimes et côtiers de fret;5020Z - Transports maritimes et côtiers de fret;15;4379;3.4;15;4379;3.4
2024;Accidents de trajet;H;Transports et entreposage;H - Transports et entreposage;5030Z;Transports fluviaux de passagers;5030Z - Transports fluviaux de passagers;14;3253;4.3;14;3253;4.3
2024;Accidents de trajet;H;Transports et entreposage;H - Transports et entreposage;5040Z;Transports fluviaux de fret;5040Z - Transports fluviaux de fret;2;1258;1.6;2;1258;1.6
2024;Accidents de trajet;H;Transports et entreposage;H - Transports et entreposage;5110Z;Transports aériens de passagers;5110Z - Transports aériens de passagers;314;58564;5.4;314;58564;5.4
2024;Accidents de trajet;H;Transports et entreposage;H - Transports et entreposage;5121Z;Transports aériens de fret;5121Z - Transports aériens de fret;42;4621;9.1;42;4621;9.1
2024;Accidents de trajet;H;Transports et entreposage;H - Transports et entreposage;5122Z;Transports spatiaux;5122Z - Transports spatiaux;NS;NS;NC;;;
2024;Accidents de trajet;H;Transports et entreposage;H - Transports et entreposage;5210A;Entreposage et stockage frigorifique;5210A - Entreposage et stockage frigorifique;174;23421;7.4;174;23421;7.4
2024;Accidents de trajet;H;Transports et entreposage;H - Transports et entreposage;5210B;Entreposage et stockage non frigorifique;5210B - Entreposage et stockage non frigorifique;608;106769;5.7;608;106769;5.7
2024;Accidents de trajet;H;Transports et entreposage;H - Transports et entreposage;5221Z;Services auxiliaires des transports terrestres;5221Z - Services auxiliaires des transports terrestres;143;41656;3.4;143;41656;3.4
2024;Accidents de trajet;H;Transports et entreposage;H - Transports et entreposage;5222Z;Services auxiliaires des transports par eau;5222Z - Services auxiliaires des transports par eau;39;9982;3.9;39;9982;3.9
2024;Accidents de trajet;H;Transports et entreposage;H - Transports et entreposage;5223Z;Services auxiliaires des transports aériens;5223Z - Services auxiliaires des transports aériens;305;33048;9.2;305;33048;9.2
2024;Accidents de trajet;H;Transports et entreposage;H - Transports et entreposage;5224A;Manutention portuaire;5224A - Manutention portuaire;44;8314;5.3;44;8314;5.3
2024;Accidents de trajet;H;Transports et entreposage;H - Transports et entreposage;5224B;Manutention non portuaire;5224B - Manutention non portuaire;30;7394;4.1;30;7394;4.1
2024;Accidents de trajet;H;Transports et entreposage;H - Transports et entreposage;5229A;Messagerie, fret express;5229A - Messagerie, fret express;235;38427;6.1;235;38427;6.1
2024;Accidents de trajet;H;Transports et entreposage;H - Transports et entreposage;5229B;Affrètement et organisation des transports;5229B - Affrètement et organisation des transports;447;84740;5.3;447;84740;5.3
2024;Accidents de trajet;H;Transports et entreposage;H - Transports et entreposage;5310Z;Activités de poste dans le cadre d'une obligation de service universel;5310Z - Activités de poste dans le cadre d'une obligation de service universel;NS;NS;NS;;;
2024;Accidents de trajet;H;Transports et entreposage;H - Transports et entreposage;5320Z;Autres activités de poste et de courrier;5320Z - Autres activités de poste et de courrier;37;7601;4.9;37;7601;4.9
2024;Accidents de trajet;H;Transports et entreposage;H - Transports et entreposage;TOUS;Total Transports et entreposage;Total Transports et entreposage;5886;1237856;4.8;5886;1237856;4.8
2024;Accidents de trajet;I;Hébergement et restauration;I - Hébergement et restauration;5510Z;Hôtels et hébergement similaire;5510Z - Hôtels et hébergement similaire;1397;207764;6.7;1397;207764;6.7
2024;Accidents de trajet;I;Hébergement et restauration;I - Hébergement et restauration;5520Z;Hébergement touristique et autre hébergement de courte durée;5520Z - Hébergement touristique et autre hébergement de courte durée;155;42114;3.7;155;42114;3.7
2024;Accidents de trajet;I;Hébergement et restauration;I - Hébergement et restauration;5530Z;Terrains de camping et parcs pour caravanes ou véhicules de loisirs;5530Z - Terrains de camping et parcs pour caravanes ou véhicules de loisirs;84;27612;3;84;27612;3.0
2024;Accidents de trajet;I;Hébergement et restauration;I - Hébergement et restauration;5590Z;Autres hébergements;5590Z - Autres hébergements;104;15856;6.6;104;15856;6.6
2024;Accidents de trajet;I;Hébergement et restauration;I - Hébergement et restauration;5610A;Restauration traditionnelle;5610A - Restauration traditionnelle;3252;470017;6.9;3252;470017;6.9
2024;Accidents de trajet;I;Hébergement et restauration;I - Hébergement et restauration;5610B;Cafétérias et autres libres-services;5610B - Cafétérias et autres libres-services;64;7402;8.6;64;7402;8.6
2024;Accidents de trajet;I;Hébergement et restauration;I - Hébergement et restauration;5610C;Restauration de type rapide;5610C - Restauration de type rapide;2274;290481;7.8;2274;290481;7.8
2024;Accidents de trajet;I;Hébergement et restauration;I - Hébergement et restauration;5621Z;Services des traiteurs;5621Z - Services des traiteurs;154;31641;4.9;154;31641;4.9
2024;Accidents de trajet;I;Hébergement et restauration;I - Hébergement et restauration;5629A;Restauration collective sous contrat;5629A - Restauration collective sous contrat;381;42903;8.9;381;42903;8.9
2024;Accidents de trajet;I;Hébergement et restauration;I - Hébergement et restauration;5629B;Autres services de restauration n.c.a.;5629B - Autres services de restauration n.c.a.;424;56301;7.5;424;56301;7.5
2024;Accidents de trajet;I;Hébergement et restauration;I - Hébergement et restauration;5630Z;Débits de boissons;5630Z - Débits de boissons;390;83310;4.7;390;83310;4.7
2024;Accidents de trajet;I;Hébergement et restauration;I - Hébergement et restauration;TOUS;Total Hébergement et restauration;Total Hébergement et restauration;8679;1275401;6.8;8679;1275401;6.8
2024;Accidents de trajet;J;Information et communication;J - Information et communication;5811Z;Édition de livres;5811Z - Édition de livres;32;12249;2.6;32;12249;2.6
2024;Accidents de trajet;J;Information et communication;J - Information et communication;5812Z;Édition de répertoires et de fichiers d'adresses;5812Z - Édition de répertoires et de fichiers d'adresses;3;754;NC;3;754;
2024;Accidents de trajet;J;Information et communication;J - Information et communication;5813Z;Édition de journaux;5813Z - Édition de journaux;49;21360;2.3;49;21360;2.3
2024;Accidents de trajet;J;Information et communication;J - Information et communication;5814Z;Édition de revues et périodiques;5814Z - Édition de revues et périodiques;52;20254;2.6;52;20254;2.6
2024;Accidents de trajet;J;Information et communication;J - Information et communication;5819Z;Autres activités d'édition;5819Z - Autres activités d'édition;5;2456;2;5;2456;2.0
2024;Accidents de trajet;J;Information et communication;J - Information et communication;5821Z;Édition de jeux électroniques;5821Z - Édition de jeux électroniques;8;4430;1.8;8;4430;1.8
2024;Accidents de trajet;J;Information et communication;J - Information et communication;5829A;Édition de logiciels système et de réseau;5829A - Édition de logiciels système et de réseau;26;15107;1.7;26;15107;1.7
2024;Accidents de trajet;J;Information et communication;J - Information et communication;5829B;Édition de logiciels outils de développement et de langages;5829B - Édition de logiciels outils de développement et de langages;3;2702;1.1;3;2702;1.1
2024;Accidents de trajet;J;Information et communication;J - Information et communication;5829C;Édition de logiciels applicatifs;5829C - Édition de logiciels applicatifs;132;73377;1.8;132;73377;1.8
2024;Accidents de trajet;J;Information et communication;J - Information et communication;5911A;Production de films et de programmes pour la télévision;5911A - Production de films et de programmes pour la télévision;38;19154;2;38;19154;2.0
2024;Accidents de trajet;J;Information et communication;J - Information et communication;5911B;Production de films institutionnels et publicitaires;5911B - Production de films institutionnels et publicitaires;23;9250;2.5;23;9250;2.5
2024;Accidents de trajet;J;Information et communication;J - Information et communication;5911C;Production de films pour le cinéma;5911C - Production de films pour le cinéma;10;10579;0.9;10;10579;0.9
2024;Accidents de trajet;J;Information et communication;J - Information et communication;5912Z;Post-production de films cinématographiques, de vidéo et de programmes de télévision;5912Z - Post-production de films cinématographiques, de vidéo et de programmes de télévision;41;9137;4.5;41;9137;4.5
2024;Accidents de trajet;J;Information et communication;J - Information et communication;5913A;Distribution de films cinématographiques;5913A - Distribution de films cinématographiques;3;1603;1.9;3;1603;1.9
2024;Accidents de trajet;J;Information et communication;J - Information et communication;5913B;Édition et distribution vidéo;5913B - Édition et distribution vidéo;0;303;NC;0;303;
2024;Accidents de trajet;J;Information et communication;J - Information et communication;5914Z;Projection de films cinématographiques;5914Z - Projection de films cinématographiques;36;7840;4.6;36;7840;4.6
2024;Accidents de trajet;J;Information et communication;J - Information et communication;5920Z;Enregistrement sonore et édition musicale;5920Z - Enregistrement sonore et édition musicale;4;5654;0.7;4;5654;0.7
2024;Accidents de trajet;J;Information et communication;J - Information et communication;6010Z;Édition et diffusion de programmes radio;6010Z - Édition et diffusion de programmes radio;38;8386;4.5;38;8386;4.5
2024;Accidents de trajet;J;Information et communication;J - Information et communication;6020A;Édition de chaînes généralistes;6020A - Édition de chaînes généralistes;70;14917;4.7;70;14917;4.7
2024;Accidents de trajet;J;Information et communication;J - Information et communication;6020B;Édition de chaînes thématiques;6020B - Édition de chaînes thématiques;14;4464;3.1;14;4464;3.1
2024;Accidents de trajet;J;Information et communication;J - Information et communication;6110Z;Télécommunications filaires;6110Z - Télécommunications filaires;185;61050;3;185;61050;3.0
2024;Accidents de trajet;J;Information et communication;J - Information et communication;6120Z;Télécommunications sans fil;6120Z - Télécommunications sans fil;60;18161;3.3;60;18161;3.3
2024;Accidents de trajet;J;Information et communication;J - Information et communication;6130Z;Télécommunications par satellite;6130Z - Télécommunications par satellite;2;1866;1.1;2;1866;1.1
2024;Accidents de trajet;J;Information et communication;J - Information et communication;6190Z;Autres activités de télécommunication;6190Z - Autres activités de télécommunication;43;16617;2.6;43;16617;2.6
2024;Accidents de trajet;J;Information et communication;J - Information et communication;6201Z;Programmation informatique;6201Z - Programmation informatique;212;127614;1.7;212;127614;1.7
2024;Accidents de trajet;J;Information et communication;J - Information et communication;6202A;Conseil en systèmes et logiciels informatiques;6202A - Conseil en systèmes et logiciels informatiques;702;353094;2;702;353094;2.0
2024;Accidents de trajet;J;Information et communication;J - Information et communication;6202B;Tierce maintenance de systèmes et d'applications informatiques;6202B - Tierce maintenance de systèmes et d'applications informatiques;25;12909;1.9;25;12909;1.9
2024;Accidents de trajet;J;Information et communication;J - Information et communication;6203Z;Gestion d'installations informatiques;6203Z - Gestion d'installations informatiques;76;20419;3.7;76;20419;3.7
2024;Accidents de trajet;J;Information et communication;J - Information et communication;6209Z;Autres activités informatiques;6209Z - Autres activités informatiques;39;13300;2.9;39;13300;2.9
2024;Accidents de trajet;J;Information et communication;J - Information et communication;6311Z;Traitement de données, hébergement et activités connexes;6311Z - Traitement de données, hébergement et activités connexes;157;47709;3.3;157;47709;3.3
2024;Accidents de trajet;J;Information et communication;J - Information et communication;6312Z;Portails Internet;6312Z - Portails Internet;19;14987;1.3;19;14987;1.3
2024;Accidents de trajet;J;Information et communication;J - Information et communication;6391Z;Activités des agences de presse;6391Z - Activités des agences de presse;10;3947;2.5;10;3947;2.5
2024;Accidents de trajet;J;Information et communication;J - Information et communication;6399Z;Autres services d'information n.c.a.;6399Z - Autres services d'information n.c.a.;1;838;NC;1;838;
2024;Accidents de trajet;J;Information et communication;J - Information et communication;TOUS;Total Information et communication;Total Information et communication;2118;936487;2.3;2118;936487;2.3
2024;Accidents de trajet;K;Activités financières et d'assurance;K - Activités financières et d'assurance;6411Z;Activités de banque centrale;6411Z - Activités de banque centrale;4;1074;3.7;4;1074;3.7
2024;Accidents de trajet;K;Activités financières et d'assurance;K - Activités financières et d'assurance;6419Z;Autres intermédiations monétaires;6419Z - Autres intermédiations monétaires;1045;284963;3.7;1045;284963;3.7
2024;Accidents de trajet;K;Activités financières et d'assurance;K - Activités financières et d'assurance;6420Z;Activités des sociétés holding;6420Z - Activités des sociétés holding;214;108450;2;214;108450;2.0
2024;Accidents de trajet;K;Activités financières et d'assurance;K - Activités financières et d'assurance;6430Z;Fonds de placement et entités financières similaires;6430Z - Fonds de placement et entités financières similaires;25;14587;1.7;25;14587;1.7
2024;Accidents de trajet;K;Activités financières et d'assurance;K - Activités financières et d'assurance;6491Z;Crédit-bail;6491Z - Crédit-bail;2;4141;0.5;2;4141;0.5
2024;Accidents de trajet;K;Activités financières et d'assurance;K - Activités financières et d'assurance;6492Z;Autre distribution de crédit;6492Z - Autre distribution de crédit;65;22808;2.8;65;22808;2.8
2024;Accidents de trajet;K;Activités financières et d'assurance;K - Activités financières et d'assurance;6499Z;Autres activités des services financiers, hors assurance et caisses de retraite, n.c.a.;6499Z - Autres activités des services financiers, hors assurance et caisses de retraite, n.c.a.;11;4220;2.6;11;4220;2.6
2024;Accidents de trajet;K;Activités financières et d'assurance;K - Activités financières et d'assurance;6511Z;Assurance vie;6511Z - Assurance vie;59;22847;2.6;59;22847;2.6
2024;Accidents de trajet;K;Activités financières et d'assurance;K - Activités financières et d'assurance;6512Z;Autres assurances;6512Z - Autres assurances;461;127779;3.6;461;127779;3.6
2024;Accidents de trajet;K;Activités financières et d'assurance;K - Activités financières et d'assurance;6520Z;Réassurance;6520Z - Réassurance;10;5867;1.7;10;5867;1.7
2024;Accidents de trajet;K;Activités financières et d'assurance;K - Activités financières et d'assurance;6530Z;Caisses de retraite;6530Z - Caisses de retraite;2;606;NC;2;606;
2024;Accidents de trajet;K;Activités financières et d'assurance;K - Activités financières et d'assurance;6611Z;Administration de marchés financiers;6611Z - Administration de marchés financiers;2;723;NC;2;723;
2024;Accidents de trajet;K;Activités financières et d'assurance;K - Activités financières et d'assurance;6612Z;Courtage de valeurs mobilières et de marchandises;6612Z - Courtage de valeurs mobilières et de marchandises;11;3859;2.9;11;3859;2.9
2024;Accidents de trajet;K;Activités financières et d'assurance;K - Activités financières et d'assurance;6619A;Supports juridiques de gestion de patrimoine mobilier;6619A - Supports juridiques de gestion de patrimoine mobilier;100;28831;3.5;100;28831;3.5
2024;Accidents de trajet;K;Activités financières et d'assurance;K - Activités financières et d'assurance;6619B;Autres activités auxiliaires de services financiers, hors assurance et caisses de retraite, n.c.a.;6619B - Autres activités auxiliaires de services financiers, hors assurance et caisses de retraite, n.c.a.;74;22341;3.3;74;22341;3.3
2024;Accidents de trajet;K;Activités financières et d'assurance;K - Activités financières et d'assurance;6621Z;Évaluation des risques et dommages;6621Z - Évaluation des risques et dommages;35;15798;2.2;35;15798;2.2
2024;Accidents de trajet;K;Activités financières et d'assurance;K - Activités financières et d'assurance;6622Z;Activités des agents et courtiers d'assurances;6622Z - Activités des agents et courtiers d'assurances;318;84505;3.8;318;84505;3.8
2024;Accidents de trajet;K;Activités financières et d'assurance;K - Activités financières et d'assurance;6629Z;Autres activités auxiliaires d'assurance et de caisses de retraite;6629Z - Autres activités auxiliaires d'assurance et de caisses de retraite;22;8319;2.6;22;8319;2.6
2024;Accidents de trajet;K;Activités financières et d'assurance;K - Activités financières et d'assurance;6630Z;Gestion de fonds;6630Z - Gestion de fonds;75;52914;1.4;75;52914;1.4
2024;Accidents de trajet;K;Activités financières et d'assurance;K - Activités financières et d'assurance;TOUS;Total Activités financières et d'assurance;Total Activités financières et d'assurance;2535;814632;3.1;2535;814632;3.1
2024;Accidents de trajet;L;Activités immobilières;L - Activités immobilières;6810Z;Activités des marchands de biens immobiliers;6810Z - Activités des marchands de biens immobiliers;16;8732;1.8;16;8732;1.8
2024;Accidents de trajet;L;Activités immobilières;L - Activités immobilières;6820A;Location de logements;6820A - Location de logements;431;87534;4.9;431;87534;4.9
2024;Accidents de trajet;L;Activités immobilières;L - Activités immobilières;6820B;Location de terrains et d'autres biens immobiliers;6820B - Location de terrains et d'autres biens immobiliers;255;66295;3.8;255;66295;3.8
2024;Accidents de trajet;L;Activités immobilières;L - Activités immobilières;6831Z;Agences immobilières;6831Z - Agences immobilières;211;85894;2.5;211;85894;2.5
2024;Accidents de trajet;L;Activités immobilières;L - Activités immobilières;6832A;Administration d'immeubles et autres biens immobiliers;6832A - Administration d'immeubles et autres biens immobiliers;211;48010;4.4;211;48010;4.4
2024;Accidents de trajet;L;Activités immobilières;L - Activités immobilières;6832B;Supports juridiques de gestion de patrimoine immobilier;6832B - Supports juridiques de gestion de patrimoine immobilier;1;1259;0.8;1;1259;0.8
2024;Accidents de trajet;L;Activités immobilières;L - Activités immobilières;TOUS;Total Activités immobilières;Total Activités immobilières;1125;297724;3.8;1125;297724;3.8
2024;Accidents de trajet;M;Activités spécialisées, scientifiques et techniques;M - Activités spécialisées, scientifiques et techniques;6910Z;Activités juridiques;6910Z - Activités juridiques;278;114105;2.4;278;114105;2.4
2024;Accidents de trajet;M;Activités spécialisées, scientifiques et techniques;M - Activités spécialisées, scientifiques et techniques;6920Z;Activités comptables;6920Z - Activités comptables;401;176198;2.3;401;176198;2.3
2024;Accidents de trajet;M;Activités spécialisées, scientifiques et techniques;M - Activités spécialisées, scientifiques et techniques;7010Z;Activités des sièges sociaux;7010Z - Activités des sièges sociaux;668;231550;2.9;668;231550;2.9
2024;Accidents de trajet;M;Activités spécialisées, scientifiques et techniques;M - Activités spécialisées, scientifiques et techniques;7021Z;Conseil en relations publiques et communication;7021Z - Conseil en relations publiques et communication;35;25302;1.4;35;25302;1.4
2024;Accidents de trajet;M;Activités spécialisées, scientifiques et techniques;M - Activités spécialisées, scientifiques et techniques;7022Z;Conseil pour les affaires et autres conseils de gestion;7022Z - Conseil pour les affaires et autres conseils de gestion;534;271905;2;534;271905;2.0
2024;Accidents de trajet;M;Activités spécialisées, scientifiques et techniques;M - Activités spécialisées, scientifiques et techniques;7111Z;Activités d'architecture;7111Z - Activités d'architecture;104;43613;2.4;104;43613;2.4
2024;Accidents de trajet;M;Activités spécialisées, scientifiques et techniques;M - Activités spécialisées, scientifiques et techniques;7112A;Activité des géomètres;7112A - Activité des géomètres;33;11541;2.9;33;11541;2.9
2024;Accidents de trajet;M;Activités spécialisées, scientifiques et techniques;M - Activités spécialisées, scientifiques et techniques;7112B;Ingénierie, études techniques;7112B - Ingénierie, études techniques;940;363176;2.6;940;363176;2.6
2024;Accidents de trajet;M;Activités spécialisées, scientifiques et techniques;M - Activités spécialisées, scientifiques et techniques;7120A;Contrôle technique automobile;7120A - Contrôle technique automobile;36;12870;2.8;36;12870;2.8
2024;Accidents de trajet;M;Activités spécialisées, scientifiques et techniques;M - Activités spécialisées, scientifiques et techniques;7120B;Analyses, essais et inspections techniques;7120B - Analyses, essais et inspections techniques;214;74092;2.9;214;74092;2.9
2024;Accidents de trajet;M;Activités spécialisées, scientifiques et techniques;M - Activités spécialisées, scientifiques et techniques;7211Z;Recherche-développement en biotechnologie;7211Z - Recherche-développement en biotechnologie;49;16409;3;49;16409;3.0
2024;Accidents de trajet;M;Activités spécialisées, scientifiques et techniques;M - Activités spécialisées, scientifiques et techniques;7219Z;Recherche-développement en autres sciences physiques et naturelles;7219Z - Recherche-développement en autres sciences physiques et naturelles;269;100693;2.7;269;100693;2.7
2024;Accidents de trajet;M;Activités spécialisées, scientifiques et techniques;M - Activités spécialisées, scientifiques et techniques;7220Z;Recherche-développement en sciences humaines et sociales;7220Z - Recherche-développement en sciences humaines et sociales;17;7609;2.2;17;7609;2.2
2024;Accidents de trajet;M;Activités spécialisées, scientifiques et techniques;M - Activités spécialisées, scientifiques et techniques;7311Z;Activités des agences de publicité;7311Z - Activités des agences de publicité;144;69411;2.1;144;69411;2.1
2024;Accidents de trajet;M;Activités spécialisées, scientifiques et techniques;M - Activités spécialisées, scientifiques et techniques;7312Z;Régie publicitaire de médias;7312Z - Régie publicitaire de médias;49;18682;2.6;49;18682;2.6
2024;Accidents de trajet;M;Activités spécialisées, scientifiques et techniques;M - Activités spécialisées, scientifiques et techniques;7320Z;Études de marché et sondages;7320Z - Études de marché et sondages;42;14972;2.8;42;14972;2.8
2024;Accidents de trajet;M;Activités spécialisées, scientifiques et techniques;M - Activités spécialisées, scientifiques et techniques;7410Z;Activités spécialisées de design;7410Z - Activités spécialisées de design;28;16474;1.7;28;16474;1.7
2024;Accidents de trajet;M;Activités spécialisées, scientifiques et techniques;M - Activités spécialisées, scientifiques et techniques;7420Z;Activités photographiques;7420Z - Activités photographiques;22;5898;3.7;22;5898;3.7
2024;Accidents de trajet;M;Activités spécialisées, scientifiques et techniques;M - Activités spécialisées, scientifiques et techniques;7430Z;Traduction et interprétation;7430Z - Traduction et interprétation;16;3165;5.1;16;3165;5.1
2024;Accidents de trajet;M;Activités spécialisées, scientifiques et techniques;M - Activités spécialisées, scientifiques et techniques;7490A;Activité des économistes de la construction;7490A - Activité des économistes de la construction;10;6807;1.5;10;6807;1.5
2024;Accidents de trajet;M;Activités spécialisées, scientifiques et techniques;M - Activités spécialisées, scientifiques et techniques;7490B;Activités spécialisées, scientifiques et techniques diverses;7490B - Activités spécialisées, scientifiques et techniques diverses;126;50030;2.5;126;50030;2.5
2024;Accidents de trajet;M;Activités spécialisées, scientifiques et techniques;M - Activités spécialisées, scientifiques et techniques;7500Z;Activités vétérinaires;7500Z - Activités vétérinaires;98;29251;3.4;98;29251;3.4
2024;Accidents de trajet;M;Activités spécialisées, scientifiques et techniques;M - Activités spécialisées, scientifiques et techniques;TOUS;Total Activités spécialisées, scientifiques et techniques;Total Activités spécialisées, scientifiques et techniques;4113;1663753;2.5;4113;1663753;2.5
2024;Accidents de trajet;N;Activités de services administratifs et de soutien;N - Activités de services administratifs et de soutien;7711A;Location de courte durée de voitures et de véhicules automobiles légers;7711A - Location de courte durée de voitures et de véhicules automobiles légers;93;16815;5.5;93;16815;5.5
2024;Accidents de trajet;N;Activités de services administratifs et de soutien;N - Activités de services administratifs et de soutien;7711B;Location de longue durée de voitures et de véhicules automobiles légers;7711B - Location de longue durée de voitures et de véhicules automobiles légers;21;5911;3.6;21;5911;3.6
2024;Accidents de trajet;N;Activités de services administratifs et de soutien;N - Activités de services administratifs et de soutien;7712Z;Location et location-bail de camions;7712Z - Location et location-bail de camions;38;6872;5.5;38;6872;5.5
2024;Accidents de trajet;N;Activités de services administratifs et de soutien;N - Activités de services administratifs et de soutien;7721Z;Location et location-bail d'articles de loisirs et de sport;7721Z - Location et location-bail d'articles de loisirs et de sport;31;6231;5;31;6231;5.0
2024;Accidents de trajet;N;Activités de services administratifs et de soutien;N - Activités de services administratifs et de soutien;7722Z;Location de vidéocassettes et disques vidéo;7722Z - Location de vidéocassettes et disques vidéo;0;29;NC;0;29;
2024;Accidents de trajet;N;Activités de services administratifs et de soutien;N - Activités de services administratifs et de soutien;7729Z;Location et location-bail d'autres biens personnels et domestiques;7729Z - Location et location-bail d'autres biens personnels et domestiques;198;36173;5.5;198;36173;5.5
2024;Accidents de trajet;N;Activités de services administratifs et de soutien;N - Activités de services administratifs et de soutien;7731Z;Location et location-bail de machines et équipements agricoles;7731Z - Location et location-bail de machines et équipements agricoles;1;599;NC;1;599;
2024;Accidents de trajet;N;Activités de services administratifs et de soutien;N - Activités de services administratifs et de soutien;7732Z;Location et location-bail de machines et équipements pour la construction;7732Z - Location et location-bail de machines et équipements pour la construction;76;23739;3.2;76;23739;3.2
2024;Accidents de trajet;N;Activités de services administratifs et de soutien;N - Activités de services administratifs et de soutien;7733Z;Location et location-bail de machines de bureau et de matériel informatique;7733Z - Location et location-bail de machines de bureau et de matériel informatique;11;3282;3.4;11;3282;3.4
2024;Accidents de trajet;N;Activités de services administratifs et de soutien;N - Activités de services administratifs et de soutien;7734Z;Location et location-bail de matériels de transport par eau;7734Z - Location et location-bail de matériels de transport par eau;1;130;NC;1;130;
2024;Accidents de trajet;N;Activités de services administratifs et de soutien;N - Activités de services administratifs et de soutien;7735Z;Location et location-bail de matériels de transport aérien;7735Z - Location et location-bail de matériels de transport aérien;0;194;NC;0;194;
2024;Accidents de trajet;N;Activités de services administratifs et de soutien;N - Activités de services administratifs et de soutien;7739Z;Location et location-bail d'autres machines, équipements et biens matériels n.c.a.;7739Z - Location et location-bail d'autres machines, équipements et biens matériels n.c.a.;55;15783;3.5;55;15783;3.5
2024;Accidents de trajet;N;Activités de services administratifs et de soutien;N - Activités de services administratifs et de soutien;7740Z;Location-bail de propriété intellectuelle et de produits similaires, à l'exception des œuvres soumises à copyright;7740Z - Location-bail de propriété intellectuelle et de produits similaires, à l'exception des œuvres soumises à copyright;15;3831;3.9;15;3831;3.9
2024;Accidents de trajet;N;Activités de services administratifs et de soutien;N - Activités de services administratifs et de soutien;7810Z;Activités des agences de placement de main-d'œuvre;7810Z - Activités des agences de placement de main-d'œuvre;57;12110;4.7;57;12110;4.7
2024;Accidents de trajet;N;Activités de services administratifs et de soutien;N - Activités de services administratifs et de soutien;7820Z;Activités des agences de travail temporaire;7820Z - Activités des agences de travail temporaire;5776;778256;7.4;5776;778256;7.4
2024;Accidents de trajet;N;Activités de services administratifs et de soutien;N - Activités de services administratifs et de soutien;7830Z;Autre mise à disposition de ressources humaines;7830Z - Autre mise à disposition de ressources humaines;428;54226;7.9;428;54226;7.9
2024;Accidents de trajet;N;Activités de services administratifs et de soutien;N - Activités de services administratifs et de soutien;7911Z;Activités des agences de voyage;7911Z - Activités des agences de voyage;68;24690;2.8;68;24690;2.8
2024;Accidents de trajet;N;Activités de services administratifs et de soutien;N - Activités de services administratifs et de soutien;7912Z;Activités des voyagistes;7912Z - Activités des voyagistes;12;5426;2.2;12;5426;2.2
2024;Accidents de trajet;N;Activités de services administratifs et de soutien;N - Activités de services administratifs et de soutien;7990Z;Autres services de réservation et activités connexes;7990Z - Autres services de réservation et activités connexes;44;15735;2.8;44;15735;2.8
2024;Accidents de trajet;N;Activités de services administratifs et de soutien;N - Activités de services administratifs et de soutien;8010Z;Activités de sécurité privée;8010Z - Activités de sécurité privée;1215;186131;6.5;1215;186131;6.5
2024;Accidents de trajet;N;Activités de services administratifs et de soutien;N - Activités de services administratifs et de soutien;8020Z;Activités liées aux systèmes de sécurité;8020Z - Activités liées aux systèmes de sécurité;147;24793;5.9;147;24793;5.9
2024;Accidents de trajet;N;Activités de services administratifs et de soutien;N - Activités de services administratifs et de soutien;8030Z;Activités d'enquête;8030Z - Activités d'enquête;4;1116;3.6;4;1116;3.6
2024;Accidents de trajet;N;Activités de services administratifs et de soutien;N - Activités de services administratifs et de soutien;8110Z;Activités combinées de soutien lié aux bâtiments;8110Z - Activités combinées de soutien lié aux bâtiments;78;52362;1.5;78;52362;1.5
2024;Accidents de trajet;N;Activités de services administratifs et de soutien;N - Activités de services administratifs et de soutien;8121Z;Nettoyage courant des bâtiments;8121Z - Nettoyage courant des bâtiments;2690;283100;9.5;2690;283100;9.5
2024;Accidents de trajet;N;Activités de services administratifs et de soutien;N - Activités de services administratifs et de soutien;8122Z;Autres activités de nettoyage des bâtiments et nettoyage industriel;8122Z - Autres activités de nettoyage des bâtiments et nettoyage industriel;683;84707;8.1;683;84707;8.1
2024;Accidents de trajet;N;Activités de services administratifs et de soutien;N - Activités de services administratifs et de soutien;8129A;Désinfection, désinsectisation, dératisation;8129A - Désinfection, désinsectisation, dératisation;36;9042;4;36;9042;4.0
2024;Accidents de trajet;N;Activités de services administratifs et de soutien;N - Activités de services administratifs et de soutien;8129B;Autres activités de nettoyage n.c.a.;8129B - Autres activités de nettoyage n.c.a.;65;8670;7.5;65;8670;7.5
2024;Accidents de trajet;N;Activités de services administratifs et de soutien;N - Activités de services administratifs et de soutien;8130Z;Services d'aménagement paysager;8130Z - Services d'aménagement paysager;24;5808;4.1;24;5808;4.1
2024;Accidents de trajet;N;Activités de services administratifs et de soutien;N - Activités de services administratifs et de soutien;8211Z;Services administratifs combinés de bureau;8211Z - Services administratifs combinés de bureau;204;68344;3;204;68344;3.0
2024;Accidents de trajet;N;Activités de services administratifs et de soutien;N - Activités de services administratifs et de soutien;8219Z;Photocopie, préparation de documents et autres activités spécialisées de soutien de bureau;8219Z - Photocopie, préparation de documents et autres activités spécialisées de soutien de bureau;161;31521;5.1;161;31521;5.1
2024;Accidents de trajet;N;Activités de services administratifs et de soutien;N - Activités de services administratifs et de soutien;8220Z;Activités de centres d'appels;8220Z - Activités de centres d'appels;461;48646;9.5;461;48646;9.5
2024;Accidents de trajet;N;Activités de services administratifs et de soutien;N - Activités de services administratifs et de soutien;8230Z;Organisation de foires, salons professionnels et congrès;8230Z - Organisation de foires, salons professionnels et congrès;62;23546;2.6;62;23546;2.6
2024;Accidents de trajet;N;Activités de services administratifs et de soutien;N - Activités de services administratifs et de soutien;8291Z;Activités des agences de recouvrement de factures et des sociétés d'information financière sur la clientèle;8291Z - Activités des agences de recouvrement de factures et des sociétés d'information financière sur la clientèle;38;5111;7.4;38;5111;7.4
2024;Accidents de trajet;N;Activités de services administratifs et de soutien;N - Activités de services administratifs et de soutien;8292Z;Activités de conditionnement;8292Z - Activités de conditionnement;109;20761;5.3;109;20761;5.3
2024;Accidents de trajet;N;Activités de services administratifs et de soutien;N - Activités de services administratifs et de soutien;8299Z;Autres activités de soutien aux entreprises n.c.a.;8299Z - Autres activités de soutien aux entreprises n.c.a.;535;134948;4;535;134948;4.0
2024;Accidents de trajet;N;Activités de services administratifs et de soutien;N - Activités de services administratifs et de soutien;TOUS;Total Activités de services administratifs et de soutien;Total Activités de services administratifs et de soutien;13437;1998638;6.7;13437;1998638;6.7
2024;Accidents de trajet;O;Administration publique;O - Administration publique;8411Z;Administration publique générale;8411Z - Administration publique générale;2612;628861;4.2;2612;628861;4.2
2024;Accidents de trajet;O;Administration publique;O - Administration publique;8412Z;Administration publique (tutelle) de la santé, de la formation, de la culture et des services sociaux, autre que sécurité sociale;8412Z - Administration publique (tutelle) de la santé, de la formation, de la culture et des services sociaux, autre que sécurité sociale;452;177314;2.5;452;177314;2.5
2024;Accidents de trajet;O;Administration publique;O - Administration publique;8413Z;Administration publique (tutelle) des activités économiques;8413Z - Administration publique (tutelle) des activités économiques;424;84171;5;424;84171;5.0
2024;Accidents de trajet;O;Administration publique;O - Administration publique;8421Z;Affaires étrangères;8421Z - Affaires étrangères;NS;NS;NC;;;
2024;Accidents de trajet;O;Administration publique;O - Administration publique;8422Z;Défense;8422Z - Défense;NS;NS;NC;;;
2024;Accidents de trajet;O;Administration publique;O - Administration publique;8423Z;Justice;8423Z - Justice;24;26666;0.9;24;26666;0.9
2024;Accidents de trajet;O;Administration publique;O - Administration publique;8424Z;Activités d'ordre public et de sécurité;8424Z - Activités d'ordre public et de sécurité;3;5884;0.5;3;5884;0.5
2024;Accidents de trajet;O;Administration publique;O - Administration publique;8425Z;Services du feu et de secours;8425Z - Services du feu et de secours;10;2571;3.9;10;2571;3.9
2024;Accidents de trajet;O;Administration publique;O - Administration publique;8430A;Activités générales de sécurité sociale;8430A - Activités générales de sécurité sociale;518;105285;4.9;518;105285;4.9
2024;Accidents de trajet;O;Administration publique;O - Administration publique;8430B;Gestion des retraites complémentaires;8430B - Gestion des retraites complémentaires;51;12014;4.2;51;12014;4.2
2024;Accidents de trajet;O;Administration publique;O - Administration publique;8430C;Distribution sociale de revenus;8430C - Distribution sociale de revenus;165;33150;5;165;33150;5.0
2024;Accidents de trajet;O;Administration publique;O - Administration publique;TOUS;Total Administration publique;Total Administration publique;4259;1077354;4;4259;1077354;4.0
2024;Accidents de trajet;P;Enseignement;P - Enseignement;8510Z;Enseignement pré-primaire;8510Z - Enseignement pré-primaire;6;3381;1.8;6;3381;1.8
2024;Accidents de trajet;P;Enseignement;P - Enseignement;8520Z;Enseignement primaire;8520Z - Enseignement primaire;83;23923;3.5;83;23923;3.5
2024;Accidents de trajet;P;Enseignement;P - Enseignement;8531Z;Enseignement secondaire général;8531Z - Enseignement secondaire général;388;94520;4.1;388;94520;4.1
2024;Accidents de trajet;P;Enseignement;P - Enseignement;8532Z;Enseignement secondaire technique ou professionnel;8532Z - Enseignement secondaire technique ou professionnel;179;45038;4;179;45038;4.0
2024;Accidents de trajet;P;Enseignement;P - Enseignement;8541Z;Enseignement post-secondaire non supérieur;8541Z - Enseignement post-secondaire non supérieur;1;476;NC;1;476;
2024;Accidents de trajet;P;Enseignement;P - Enseignement;8542Z;Enseignement supérieur;8542Z - Enseignement supérieur;261;169519;1.5;261;169519;1.5
2024;Accidents de trajet;P;Enseignement;P - Enseignement;8551Z;Enseignement de disciplines sportives et d'activités de loisirs;8551Z - Enseignement de disciplines sportives et d'activités de loisirs;21;11086;1.9;21;11086;1.9
2024;Accidents de trajet;P;Enseignement;P - Enseignement;8552Z;Enseignement culturel;8552Z - Enseignement culturel;23;10610;2.2;23;10610;2.2
2024;Accidents de trajet;P;Enseignement;P - Enseignement;8553Z;Enseignement de la conduite;8553Z - Enseignement de la conduite;115;28021;4.1;115;28021;4.1
2024;Accidents de trajet;P;Enseignement;P - Enseignement;8559A;Formation continue d'adultes;8559A - Formation continue d'adultes;549;116630;4.7;549;116630;4.7
2024;Accidents de trajet;P;Enseignement;P - Enseignement;8559B;Autres enseignements;8559B - Autres enseignements;170;40891;4.2;170;40891;4.2
2024;Accidents de trajet;P;Enseignement;P - Enseignement;8560Z;Activités de soutien à l'enseignement;8560Z - Activités de soutien à l'enseignement;11;2989;3.7;11;2989;3.7
2024;Accidents de trajet;P;Enseignement;P - Enseignement;TOUS;Total Enseignement;Total Enseignement;1807;547084;3.3;1807;547084;3.3
2024;Accidents de trajet;Q;Santé humaine et action sociale;Q - Santé humaine et action sociale;8610Z;Activités hospitalières;8610Z - Activités hospitalières;3306;719832;4.6;3306;719832;4.6
2024;Accidents de trajet;Q;Santé humaine et action sociale;Q - Santé humaine et action sociale;8621Z;Activité des médecins généralistes;8621Z - Activité des médecins généralistes;201;54223;3.7;201;54223;3.7
2024;Accidents de trajet;Q;Santé humaine et action sociale;Q - Santé humaine et action sociale;8622A;Activités de radiodiagnostic et de radiothérapie;8622A - Activités de radiodiagnostic et de radiothérapie;45;7975;5.6;45;7975;5.6
2024;Accidents de trajet;Q;Santé humaine et action sociale;Q - Santé humaine et action sociale;8622B;Activités chirurgicales;8622B - Activités chirurgicales;9;3579;2.5;9;3579;2.5
2024;Accidents de trajet;Q;Santé humaine et action sociale;Q - Santé humaine et action sociale;8622C;Autres activités des médecins spécialistes;8622C - Autres activités des médecins spécialistes;84;24414;3.4;84;24414;3.4
2024;Accidents de trajet;Q;Santé humaine et action sociale;Q - Santé humaine et action sociale;8623Z;Pratique dentaire;8623Z - Pratique dentaire;263;55226;4.8;263;55226;4.8
2024;Accidents de trajet;Q;Santé humaine et action sociale;Q - Santé humaine et action sociale;8690A;Ambulances;8690A - Ambulances;284;66223;4.3;284;66223;4.3
2024;Accidents de trajet;Q;Santé humaine et action sociale;Q - Santé humaine et action sociale;8690B;Laboratoires d'analyses médicales;8690B - Laboratoires d'analyses médicales;329;44109;7.5;329;44109;7.5
2024;Accidents de trajet;Q;Santé humaine et action sociale;Q - Santé humaine et action sociale;8690C;Centres de collecte et banques d'organes;8690C - Centres de collecte et banques d'organes;NS;NS;NS;;;
2024;Accidents de trajet;Q;Santé humaine et action sociale;Q - Santé humaine et action sociale;8690D;Activités des infirmiers et des sages-femmes;8690D - Activités des infirmiers et des sages-femmes;118;20950;5.6;118;20950;5.6
2024;Accidents de trajet;Q;Santé humaine et action sociale;Q - Santé humaine et action sociale;8690E;Activités des professionnels de la rééducation, de l'appareillage et des pédicures-podologues;8690E - Activités des professionnels de la rééducation, de l'appareillage et des pédicures-podologues;11;8888;1.2;11;8888;1.2
2024;Accidents de trajet;Q;Santé humaine et action sociale;Q - Santé humaine et action sociale;8690F;Activités de santé humaine non classées ailleurs;8690F - Activités de santé humaine non classées ailleurs;12;4682;2.6;12;4682;2.6
2024;Accidents de trajet;Q;Santé humaine et action sociale;Q - Santé humaine et action sociale;8710A;Hébergement médicalisé pour personnes âgées;8710A - Hébergement médicalisé pour personnes âgées;1642;213658;7.7;1642;213658;7.7
2024;Accidents de trajet;Q;Santé humaine et action sociale;Q - Santé humaine et action sociale;8710B;Hébergement médicalisé pour enfants handicapés;8710B - Hébergement médicalisé pour enfants handicapés;421;65342;6.4;421;65342;6.4
2024;Accidents de trajet;Q;Santé humaine et action sociale;Q - Santé humaine et action sociale;8710C;Hébergement médicalisé pour adultes handicapés et autre hébergement médicalisé;8710C - Hébergement médicalisé pour adultes handicapés et autre hébergement médicalisé;335;42646;7.9;335;42646;7.9
2024;Accidents de trajet;Q;Santé humaine et action sociale;Q - Santé humaine et action sociale;8720A;Hébergement social pour handicapés mentaux et malades mentaux;8720A - Hébergement social pour handicapés mentaux et malades mentaux;396;61803;6.4;396;61803;6.4
2024;Accidents de trajet;Q;Santé humaine et action sociale;Q - Santé humaine et action sociale;8720B;Hébergement social pour toxicomanes;8720B - Hébergement social pour toxicomanes;NS;NS;NS;;;
2024;Accidents de trajet;Q;Santé humaine et action sociale;Q - Santé humaine et action sociale;8730A;Hébergement social pour personnes âgées;8730A - Hébergement social pour personnes âgées;272;37781;7.2;272;37781;7.2
2024;Accidents de trajet;Q;Santé humaine et action sociale;Q - Santé humaine et action sociale;8730B;Hébergement social pour handicapés physiques;8730B - Hébergement social pour handicapés physiques;66;9012;7.3;66;9012;7.3
2024;Accidents de trajet;Q;Santé humaine et action sociale;Q - Santé humaine et action sociale;8790A;Hébergement social pour enfants en difficultés;8790A - Hébergement social pour enfants en difficultés;307;65740;4.7;307;65740;4.7
2024;Accidents de trajet;Q;Santé humaine et action sociale;Q - Santé humaine et action sociale;8790B;Hébergement social pour adultes et familles en difficultés et autre hébergement social;8790B - Hébergement social pour adultes et familles en difficultés et autre hébergement social;339;48922;6.9;339;48922;6.9
2024;Accidents de trajet;Q;Santé humaine et action sociale;Q - Santé humaine et action sociale;8810A;Aide à domicile;8810A - Aide à domicile;2957;213196;13.9;2957;213196;13.9
2024;Accidents de trajet;Q;Santé humaine et action sociale;Q - Santé humaine et action sociale;8810B;Accueil ou accompagnement sans hébergement d'adultes handicapés ou de personnes âgées;8810B - Accueil ou accompagnement sans hébergement d'adultes handicapés ou de personnes âgées;105;14113;7.4;105;14113;7.4
2024;Accidents de trajet;Q;Santé humaine et action sociale;Q - Santé humaine et action sociale;8810C;Aide par le travail;8810C - Aide par le travail;1657;140107;11.8;1657;140107;11.8
2024;Accidents de trajet;Q;Santé humaine et action sociale;Q - Santé humaine et action sociale;8891A;Accueil de jeunes enfants;8891A - Accueil de jeunes enfants;1021;106865;9.6;1021;106865;9.6
2024;Accidents de trajet;Q;Santé humaine et action sociale;Q - Santé humaine et action sociale;8891B;Accueil ou accompagnement sans hébergement d'enfants handicapés;8891B - Accueil ou accompagnement sans hébergement d'enfants handicapés;133;22719;5.9;133;22719;5.9
2024;Accidents de trajet;Q;Santé humaine et action sociale;Q - Santé humaine et action sociale;8899A;Autre accueil ou accompagnement sans hébergement d'enfants et d'adolescents;8899A - Autre accueil ou accompagnement sans hébergement d'enfants et d'adolescents;67;16673;4;67;16673;4.0
2024;Accidents de trajet;Q;Santé humaine et action sociale;Q - Santé humaine et action sociale;8899B;Action sociale sans hébergement n.c.a.;8899B - Action sociale sans hébergement n.c.a.;1457;196529;7.4;1457;196529;7.4
2024;Accidents de trajet;Q;Santé humaine et action sociale;Q - Santé humaine et action sociale;TOUS;Total Santé humaine et action sociale;Total Santé humaine et action sociale;15903;2275911;7;15903;2275911;7.0
2024;Accidents de trajet;R;Arts, spectacles et activités récréatives;R - Arts, spectacles et activités récréatives;9001Z;Arts du spectacle vivant;9001Z - Arts du spectacle vivant;142;38518;3.7;142;38518;3.7
2024;Accidents de trajet;R;Arts, spectacles et activités récréatives;R - Arts, spectacles et activités récréatives;9002Z;Activités de soutien au spectacle vivant;9002Z - Activités de soutien au spectacle vivant;64;15267;4.2;64;15267;4.2
2024;Accidents de trajet;R;Arts, spectacles et activités récréatives;R - Arts, spectacles et activités récréatives;9003A;Création artistique relevant des arts plastiques;9003A - Création artistique relevant des arts plastiques;4;1657;2.4;4;1657;2.4
2024;Accidents de trajet;R;Arts, spectacles et activités récréatives;R - Arts, spectacles et activités récréatives;9003B;Autre création artistique;9003B - Autre création artistique;1;1379;0.7;1;1379;0.7
2024;Accidents de trajet;R;Arts, spectacles et activités récréatives;R - Arts, spectacles et activités récréatives;9004Z;Gestion de salles de spectacles;9004Z - Gestion de salles de spectacles;53;10705;5;53;10705;5.0
2024;Accidents de trajet;R;Arts, spectacles et activités récréatives;R - Arts, spectacles et activités récréatives;9101Z;Gestion des bibliothèques et des archives;9101Z - Gestion des bibliothèques et des archives;8;1723;4.6;8;1723;4.6
2024;Accidents de trajet;R;Arts, spectacles et activités récréatives;R - Arts, spectacles et activités récréatives;9102Z;Gestion des musées;9102Z - Gestion des musées;42;6112;6.9;42;6112;6.9
2024;Accidents de trajet;R;Arts, spectacles et activités récréatives;R - Arts, spectacles et activités récréatives;9103Z;Gestion des sites et monuments historiques et des attractions touristiques similaires;9103Z - Gestion des sites et monuments historiques et des attractions touristiques similaires;59;12581;4.7;59;12581;4.7
2024;Accidents de trajet;R;Arts, spectacles et activités récréatives;R - Arts, spectacles et activités récréatives;9104Z;Gestion des jardins botaniques et zoologiques et des réserves naturelles;9104Z - Gestion des jardins botaniques et zoologiques et des réserves naturelles;9;3792;2.4;9;3792;2.4
2024;Accidents de trajet;R;Arts, spectacles et activités récréatives;R - Arts, spectacles et activités récréatives;9200Z;Organisation de jeux de hasard et d'argent;9200Z - Organisation de jeux de hasard et d'argent;122;17121;7.1;122;17121;7.1
2024;Accidents de trajet;R;Arts, spectacles et activités récréatives;R - Arts, spectacles et activités récréatives;9311Z;Gestion d'installations sportives;9311Z - Gestion d'installations sportives;112;21498;5.2;112;21498;5.2
2024;Accidents de trajet;R;Arts, spectacles et activités récréatives;R - Arts, spectacles et activités récréatives;9312Z;Activités de clubs de sports;9312Z - Activités de clubs de sports;126;83748;1.5;126;83748;1.5
2024;Accidents de trajet;R;Arts, spectacles et activités récréatives;R - Arts, spectacles et activités récréatives;9313Z;Activités des centres de culture physique;9313Z - Activités des centres de culture physique;83;11248;7.4;83;11248;7.4
2024;Accidents de trajet;R;Arts, spectacles et activités récréatives;R - Arts, spectacles et activités récréatives;9319Z;Autres activités liées au sport;9319Z - Autres activités liées au sport;39;17399;2.2;39;17399;2.2
2024;Accidents de trajet;R;Arts, spectacles et activités récréatives;R - Arts, spectacles et activités récréatives;9321Z;Activités des parcs d'attractions et parcs à thèmes;9321Z - Activités des parcs d'attractions et parcs à thèmes;191;28784;6.6;191;28784;6.6
2024;Accidents de trajet;R;Arts, spectacles et activités récréatives;R - Arts, spectacles et activités récréatives;9329Z;Autres activités récréatives et de loisirs;9329Z - Autres activités récréatives et de loisirs;179;41167;4.3;179;41167;4.3
2024;Accidents de trajet;R;Arts, spectacles et activités récréatives;R - Arts, spectacles et activités récréatives;TOUS;Total Arts, spectacles et activités récréatives;Total Arts, spectacles et activités récréatives;1234;312699;3.9;1234;312699;3.9
2024;Accidents de trajet;S;Autres activités de services;S - Autres activités de services;9411Z;Activités des organisations patronales et consulaires;9411Z - Activités des organisations patronales et consulaires;85;27939;3;85;27939;3.0
2024;Accidents de trajet;S;Autres activités de services;S - Autres activités de services;9412Z;Activités des organisations professionnelles;9412Z - Activités des organisations professionnelles;38;12266;3.1;38;12266;3.1
2024;Accidents de trajet;S;Autres activités de services;S - Autres activités de services;9420Z;Activités des syndicats de salariés;9420Z - Activités des syndicats de salariés;38;7806;4.9;38;7806;4.9
2024;Accidents de trajet;S;Autres activités de services;S - Autres activités de services;9491Z;Activités des organisations religieuses;9491Z - Activités des organisations religieuses;36;11765;3.1;36;11765;3.1
2024;Accidents de trajet;S;Autres activités de services;S - Autres activités de services;9492Z;Activités des organisations politiques;9492Z - Activités des organisations politiques;1;695;NC;1;695;
2024;Accidents de trajet;S;Autres activités de services;S - Autres activités de services;9499Z;Autres organisations fonctionnant par adhésion volontaire;9499Z - Autres organisations fonctionnant par adhésion volontaire;796;167945;4.7;796;167945;4.7
2024;Accidents de trajet;S;Autres activités de services;S - Autres activités de services;9511Z;Réparation d'ordinateurs et d'équipements périphériques;9511Z - Réparation d'ordinateurs et d'équipements périphériques;42;9451;4.4;42;9451;4.4
2024;Accidents de trajet;S;Autres activités de services;S - Autres activités de services;9512Z;Réparation d'équipements de communication;9512Z - Réparation d'équipements de communication;33;5208;6.3;33;5208;6.3
2024;Accidents de trajet;S;Autres activités de services;S - Autres activités de services;9521Z;Réparation de produits électroniques grand public;9521Z - Réparation de produits électroniques grand public;13;2804;4.6;13;2804;4.6
2024;Accidents de trajet;S;Autres activités de services;S - Autres activités de services;9522Z;Réparation d'appareils électroménagers et d'équipements pour la maison et le jardin;9522Z - Réparation d'appareils électroménagers et d'équipements pour la maison et le jardin;31;5851;5.3;31;5851;5.3
2024;Accidents de trajet;S;Autres activités de services;S - Autres activités de services;9523Z;Réparation de chaussures et d'articles en cuir;9523Z - Réparation de chaussures et d'articles en cuir;9;1678;5.4;9;1678;5.4
2024;Accidents de trajet;S;Autres activités de services;S - Autres activités de services;9524Z;Réparation de meubles et d'équipements du foyer;9524Z - Réparation de meubles et d'équipements du foyer;4;850;NC;4;850;
2024;Accidents de trajet;S;Autres activités de services;S - Autres activités de services;9525Z;Réparation d'articles d'horlogerie et de bijouterie;9525Z - Réparation d'articles d'horlogerie et de bijouterie;0;1008;0;0;1008;0.0
2024;Accidents de trajet;S;Autres activités de services;S - Autres activités de services;9529Z;Réparation d'autres biens personnels et domestiques;9529Z - Réparation d'autres biens personnels et domestiques;38;4830;7.9;38;4830;7.9
2024;Accidents de trajet;S;Autres activités de services;S - Autres activités de services;9601A;Blanchisserie-teinturerie de gros;9601A - Blanchisserie-teinturerie de gros;72;12450;5.8;72;12450;5.8
2024;Accidents de trajet;S;Autres activités de services;S - Autres activités de services;9601B;Blanchisserie-teinturerie de détail;9601B - Blanchisserie-teinturerie de détail;38;9611;4;38;9611;4.0
2024;Accidents de trajet;S;Autres activités de services;S - Autres activités de services;9602A;Coiffure;9602A - Coiffure;538;101219;5.3;538;101219;5.3
2024;Accidents de trajet;S;Autres activités de services;S - Autres activités de services;9602B;Soins de beauté;9602B - Soins de beauté;152;33009;4.6;152;33009;4.6
2024;Accidents de trajet;S;Autres activités de services;S - Autres activités de services;9603Z;Services funéraires;9603Z - Services funéraires;98;22814;4.3;98;22814;4.3
2024;Accidents de trajet;S;Autres activités de services;S - Autres activités de services;9604Z;Entretien corporel;9604Z - Entretien corporel;74;13614;5.4;74;13614;5.4
2024;Accidents de trajet;S;Autres activités de services;S - Autres activités de services;9609Z;Autres services personnels n.c.a.;9609Z - Autres services personnels n.c.a.;315;30479;10.3;315;30479;10.3
2024;Accidents de trajet;S;Autres activités de services;S - Autres activités de services;TOUS;Total Autres activités de services;Total Autres activités de services;2451;483292;5.1;2451;483292;5.1
2024;Accidents de trajet;T;"Activités des ménages en tant qu'employeurs ; activités indifférenciées des ménages en tant que producteurs de biens et services pour usage propre";"T - Activités des ménages en tant qu'employeurs ; activités indifférenciées des ménages en tant que producteurs de biens et services pour usage propre";9700Z;Activités des ménages en tant qu'employeurs de personnel domestique;9700Z - Activités des ménages en tant qu'employeurs de personnel domestique;0;3;NC;0;3;
2024;Accidents de trajet;T;"Activités des ménages en tant qu'employeurs ; activités indifférenciées des ménages en tant que producteurs de biens et services pour usage propre";"T - Activités des ménages en tant qu'employeurs ; activités indifférenciées des ménages en tant que producteurs de biens et services pour usage propre";9810Z;Activités indifférenciées des ménages en tant que producteurs de biens pour usage propre;9810Z - Activités indifférenciées des ménages en tant que producteurs de biens pour usage propre;NS;NS;NC;;;
2024;Accidents de trajet;T;"Activités des ménages en tant qu'employeurs ; activités indifférenciées des ménages en tant que producteurs de biens et services pour usage propre";"T - Activités des ménages en tant qu'employeurs ; activités indifférenciées des ménages en tant que producteurs de biens et services pour usage propre";9820Z;Activités indifférenciées des ménages en tant que producteurs de services pour usage propre;9820Z - Activités indifférenciées des ménages en tant que producteurs de services pour usage propre;NS;NS;NC;;;
2024;Accidents de trajet;T;"Activités des ménages en tant qu'employeurs ; activités indifférenciées des ménages en tant que producteurs de biens et services pour usage propre";"T - Activités des ménages en tant qu'employeurs ; activités indifférenciées des ménages en tant que producteurs de biens et services pour usage propre";TOUS;"Total Activités des ménages en tant qu'employeurs ; activités indifférenciées des ménages en tant que producteurs de biens et services pour usage propre";"Total Activités des ménages en tant qu'employeurs ; activités indifférenciées des ménages en tant que producteurs de biens et services pour usage propre";0;9;NC;0;9;
2024;Accidents de trajet;TOUS;Tous secteurs confondus;Tous secteurs confondus;TOUS;Tous secteurs confondus;Tous secteurs confondus;94654;20799568;4.6;94654;20799568;4.6
2024;Accidents de trajet;U;Activités extra-territoriales;U - Activités extra-territoriales;9900Z;Activités des organisations et organismes extraterritoriaux;9900Z - Activités des organisations et organismes extraterritoriaux;37;7188;5.1;37;7188;5.1
2024;Accidents de trajet;U;Activités extra-territoriales;U - Activités extra-territoriales;TOUS;Total Activités extra-territoriales;Total Activités extra-territoriales;37;7188;5.1;37;7188;5.1
2024;Accidents de trajet;x;Valeur manquante;x - Valeur manquante;TOUS;Total Valeur manquante;Total Valeur manquante;230;774;NC;230;774;
2024;Accidents de trajet;x;Valeur manquante;x - Valeur manquante;xxxxx;Valeur manquante;xxxxx - Valeur manquante;230;774;NC;230;774;
2024;Accidents du travail;A;Agriculture, sylviculture et pêche;A - Agriculture, sylviculture et pêche;0111Z;Culture de céréales (à l'exception du riz), de légumineuses et de graines oléagineuses;0111Z - Culture de céréales (à l'exception du riz), de légumineuses et de graines oléagineuses;11;434;NC;11;434;
2024;Accidents du travail;A;Agriculture, sylviculture et pêche;A - Agriculture, sylviculture et pêche;0112Z;Culture du riz;0112Z - Culture du riz;0;15;NC;0;15;
2024;Accidents du travail;A;Agriculture, sylviculture et pêche;A - Agriculture, sylviculture et pêche;0113Z;Culture de légumes, de melons, de racines et de tubercules;0113Z - Culture de légumes, de melons, de racines et de tubercules;26;1300;20;26;1300;20.0
2024;Accidents du travail;A;Agriculture, sylviculture et pêche;A - Agriculture, sylviculture et pêche;0114Z;Culture de la canne à sucre;0114Z - Culture de la canne à sucre;15;1373;10.9;15;1373;10.9
2024;Accidents du travail;A;Agriculture, sylviculture et pêche;A - Agriculture, sylviculture et pêche;0115Z;Culture du tabac;0115Z - Culture du tabac;0;7;NC;0;7;
2024;Accidents du travail;A;Agriculture, sylviculture et pêche;A - Agriculture, sylviculture et pêche;0116Z;Culture de plantes à fibres;0116Z - Culture de plantes à fibres;NS;NS;NC;;;
2024;Accidents du travail;A;Agriculture, sylviculture et pêche;A - Agriculture, sylviculture et pêche;0119Z;Autres cultures non permanentes;0119Z - Autres cultures non permanentes;0;86;NC;0;86;
2024;Accidents du travail;A;Agriculture, sylviculture et pêche;A - Agriculture, sylviculture et pêche;0121Z;Culture de la vigne;0121Z - Culture de la vigne;4;183;NC;4;183;
2024;Accidents du travail;A;Agriculture, sylviculture et pêche;A - Agriculture, sylviculture et pêche;0122Z;Culture de fruits tropicaux et subtropicaux;0122Z - Culture de fruits tropicaux et subtropicaux;201;3576;56.2;201;3576;56.2
2024;Accidents du travail;A;Agriculture, sylviculture et pêche;A - Agriculture, sylviculture et pêche;0123Z;Culture d'agrumes;0123Z - Culture d'agrumes;0;6;NC;0;6;
2024;Accidents du travail;A;Agriculture, sylviculture et pêche;A - Agriculture, sylviculture et pêche;0124Z;Culture de fruits à pépins et à noyau;0124Z - Culture de fruits à pépins et à noyau;14;399;NC;14;399;
2024;Accidents du travail;A;Agriculture, sylviculture et pêche;A - Agriculture, sylviculture et pêche;0125Z;Culture d'autres fruits d'arbres ou d'arbustes et de fruits à coque;0125Z - Culture d'autres fruits d'arbres ou d'arbustes et de fruits à coque;0;15;NC;0;15;
2024;Accidents du travail;A;Agriculture, sylviculture et pêche;A - Agriculture, sylviculture et pêche;0126Z;Culture de fruits oléagineux;0126Z - Culture de fruits oléagineux;NS;NS;NC;;;
2024;Accidents du travail;A;Agriculture, sylviculture et pêche;A - Agriculture, sylviculture et pêche;0127Z;Culture de plantes à boissons;0127Z - Culture de plantes à boissons;NS;NS;NC;;;
2024;Accidents du travail;A;Agriculture, sylviculture et pêche;A - Agriculture, sylviculture et pêche;0128Z;Culture de plantes à épices, aromatiques, médicinales et pharmaceutiques;0128Z - Culture de plantes à épices, aromatiques, médicinales et pharmaceutiques;0;73;NC;0;73;
2024;Accidents du travail;A;Agriculture, sylviculture et pêche;A - Agriculture, sylviculture et pêche;0129Z;Autres cultures permanentes;0129Z - Autres cultures permanentes;0;14;NC;0;14;
2024;Accidents du travail;A;Agriculture, sylviculture et pêche;A - Agriculture, sylviculture et pêche;0130Z;Reproduction de plantes;0130Z - Reproduction de plantes;14;524;NC;14;524;
2024;Accidents du travail;A;Agriculture, sylviculture et pêche;A - Agriculture, sylviculture et pêche;0141Z;Élevage de vaches laitières;0141Z - Élevage de vaches laitières;0;28;NC;0;28;
2024;Accidents du travail;A;Agriculture, sylviculture et pêche;A - Agriculture, sylviculture et pêche;0142Z;Élevage d'autres bovins et de buffles;0142Z - Élevage d'autres bovins et de buffles;3;235;NC;3;235;
2024;Accidents du travail;A;Agriculture, sylviculture et pêche;A - Agriculture, sylviculture et pêche;0143Z;Élevage de chevaux et d'autres équidés;0143Z - Élevage de chevaux et d'autres équidés;2;77;NC;2;77;
2024;Accidents du travail;A;Agriculture, sylviculture et pêche;A - Agriculture, sylviculture et pêche;0144Z;Élevage de chameaux et d'autres camélidés;0144Z - Élevage de chameaux et d'autres camélidés;0;0;NC;0;0;
2024;Accidents du travail;A;Agriculture, sylviculture et pêche;A - Agriculture, sylviculture et pêche;0145Z;Élevage d'ovins et de caprins;0145Z - Élevage d'ovins et de caprins;0;24;NC;0;24;
2024;Accidents du travail;A;Agriculture, sylviculture et pêche;A - Agriculture, sylviculture et pêche;0146Z;Élevage de porcins;0146Z - Élevage de porcins;2;114;NC;2;114;
2024;Accidents du travail;A;Agriculture, sylviculture et pêche;A - Agriculture, sylviculture et pêche;0147Z;Élevage de volailles;0147Z - Élevage de volailles;18;419;NC;18;419;
2024;Accidents du travail;A;Agriculture, sylviculture et pêche;A - Agriculture, sylviculture et pêche;0149Z;Élevage d'autres animaux;0149Z - Élevage d'autres animaux;2;97;NC;2;97;
2024;Accidents du travail;A;Agriculture, sylviculture et pêche;A - Agriculture, sylviculture et pêche;0150Z;Culture et élevage associés;0150Z - Culture et élevage associés;6;559;NC;6;559;
2024;Accidents du travail;A;Agriculture, sylviculture et pêche;A - Agriculture, sylviculture et pêche;0161Z;Activités de soutien aux cultures;0161Z - Activités de soutien aux cultures;17;663;NC;17;663;
2024;Accidents du travail;A;Agriculture, sylviculture et pêche;A - Agriculture, sylviculture et pêche;0162Z;Activités de soutien à la production animale;0162Z - Activités de soutien à la production animale;25;748;NC;25;748;
2024;Accidents du travail;A;Agriculture, sylviculture et pêche;A - Agriculture, sylviculture et pêche;0163Z;Traitement primaire des récoltes;0163Z - Traitement primaire des récoltes;0;6;NC;0;6;
2024;Accidents du travail;A;Agriculture, sylviculture et pêche;A - Agriculture, sylviculture et pêche;0164Z;Traitement des semences;0164Z - Traitement des semences;NS;NS;NC;;;
2024;Accidents du travail;A;Agriculture, sylviculture et pêche;A - Agriculture, sylviculture et pêche;0170Z;Chasse, piégeage et services annexes;0170Z - Chasse, piégeage et services annexes;0;4;NC;0;4;
2024;Accidents du travail;A;Agriculture, sylviculture et pêche;A - Agriculture, sylviculture et pêche;0210Z;Sylviculture et autres activités forestières;0210Z - Sylviculture et autres activités forestières;2;81;NC;2;81;
2024;Accidents du travail;A;Agriculture, sylviculture et pêche;A - Agriculture, sylviculture et pêche;0220Z;Exploitation forestière;0220Z - Exploitation forestière;29;1023;28.3;29;1023;28.3
2024;Accidents du travail;A;Agriculture, sylviculture et pêche;A - Agriculture, sylviculture et pêche;0230Z;Récolte de produits forestiers non ligneux poussant à l'état sauvage;0230Z - Récolte de produits forestiers non ligneux poussant à l'état sauvage;0;2;NC;0;2;
2024;Accidents du travail;A;Agriculture, sylviculture et pêche;A - Agriculture, sylviculture et pêche;0240Z;Services de soutien à l'exploitation forestière;0240Z - Services de soutien à l'exploitation forestière;NS;NS;NS;;;
2024;Accidents du travail;A;Agriculture, sylviculture et pêche;A - Agriculture, sylviculture et pêche;0311Z;Pêche en mer;0311Z - Pêche en mer;12;1249;9.6;12;1249;9.6
2024;Accidents du travail;A;Agriculture, sylviculture et pêche;A - Agriculture, sylviculture et pêche;0312Z;Pêche en eau douce;0312Z - Pêche en eau douce;0;4;NC;0;4;
2024;Accidents du travail;A;Agriculture, sylviculture et pêche;A - Agriculture, sylviculture et pêche;0321Z;Aquaculture en mer;0321Z - Aquaculture en mer;7;123;NC;7;123;
2024;Accidents du travail;A;Agriculture, sylviculture et pêche;A - Agriculture, sylviculture et pêche;0322Z;Aquaculture en eau douce;0322Z - Aquaculture en eau douce;1;37;NC;1;37;
2024;Accidents du travail;A;Agriculture, sylviculture et pêche;A - Agriculture, sylviculture et pêche;TOUS;Total Agriculture, sylviculture et pêche;Total Agriculture, sylviculture et pêche;433;16062;27;433;16062;27.0
2024;Accidents du travail;B;Industries extractives;B - Industries extractives;0510Z;Extraction de houille;0510Z - Extraction de houille;NS;NS;NC;;;
2024;Accidents du travail;B;Industries extractives;B - Industries extractives;0520Z;Extraction de lignite;0520Z - Extraction de lignite;0;0;NC;0;0;
2024;Accidents du travail;B;Industries extractives;B - Industries extractives;0610Z;Extraction de pétrole brut;0610Z - Extraction de pétrole brut;2;205;NC;2;205;
2024;Accidents du travail;B;Industries extractives;B - Industries extractives;0620Z;Extraction de gaz naturel;0620Z - Extraction de gaz naturel;NS;NS;NC;;;
2024;Accidents du travail;B;Industries extractives;B - Industries extractives;0710Z;Extraction de minerais de fer;0710Z - Extraction de minerais de fer;NS;NS;NC;;;
2024;Accidents du travail;B;Industries extractives;B - Industries extractives;0721Z;Extraction de minerais d'uranium et de thorium;0721Z - Extraction de minerais d'uranium et de thorium;0;0;NC;0;0;
2024;Accidents du travail;B;Industries extractives;B - Industries extractives;0729Z;Extraction d'autres minerais de métaux non ferreux;0729Z - Extraction d'autres minerais de métaux non ferreux;4;484;NC;4;484;
2024;Accidents du travail;B;Industries extractives;B - Industries extractives;0811Z;Extraction de pierres ornementales et de construction, de calcaire industriel, de gypse, de craie et d'ardoise;0811Z - Extraction de pierres ornementales et de construction, de calcaire industriel, de gypse, de craie et d'ardoise;164;3258;50.3;164;3258;50.3
2024;Accidents du travail;B;Industries extractives;B - Industries extractives;0812Z;Exploitation de gravières et sablières, extraction d'argiles et de kaolin;0812Z - Exploitation de gravières et sablières, extraction d'argiles et de kaolin;352;14028;25.1;352;14028;25.1
2024;Accidents du travail;B;Industries extractives;B - Industries extractives;0891Z;Extraction des minéraux chimiques et d'engrais minéraux;0891Z - Extraction des minéraux chimiques et d'engrais minéraux;3;102;NC;3;102;
2024;Accidents du travail;B;Industries extractives;B - Industries extractives;0892Z;Extraction de tourbe;0892Z - Extraction de tourbe;16;312;NC;16;312;
2024;Accidents du travail;B;Industries extractives;B - Industries extractives;0893Z;Production de sel;0893Z - Production de sel;2;150;NC;2;150;
2024;Accidents du travail;B;Industries extractives;B - Industries extractives;0899Z;Autres activités extractives n.c.a.;0899Z - Autres activités extractives n.c.a.;9;403;NC;9;403;
2024;Accidents du travail;B;Industries extractives;B - Industries extractives;0910Z;Activités de soutien à l'extraction d'hydrocarbures;0910Z - Activités de soutien à l'extraction d'hydrocarbures;NS;NS;NC;;;
2024;Accidents du travail;B;Industries extractives;B - Industries extractives;0990Z;Activités de soutien aux autres industries extractives;0990Z - Activités de soutien aux autres industries extractives;9;412;NC;9;412;
2024;Accidents du travail;B;Industries extractives;B - Industries extractives;TOUS;Total Industries extractives;Total Industries extractives;563;20280;27.8;563;20280;27.8
2024;Accidents du travail;C;Industrie manufacturière;C - Industrie manufacturière;1011Z;Transformation et conservation de la viande de boucherie;1011Z - Transformation et conservation de la viande de boucherie;1936;39693;48.8;1936;39693;48.8
2024;Accidents du travail;C;Industrie manufacturière;C - Industrie manufacturière;1012Z;Transformation et conservation de la viande de volaille;1012Z - Transformation et conservation de la viande de volaille;778;20443;38.1;778;20443;38.1
2024;Accidents du travail;C;Industrie manufacturière;C - Industrie manufacturière;1013A;Préparation industrielle de produits à base de viande;1013A - Préparation industrielle de produits à base de viande;1187;22688;52.3;1187;22688;52.3
2024;Accidents du travail;C;Industrie manufacturière;C - Industrie manufacturière;1013B;Charcuterie;1013B - Charcuterie;303;8985;33.7;303;8985;33.7
2024;Accidents du travail;C;Industrie manufacturière;C - Industrie manufacturière;1020Z;Transformation et conservation de poisson, de crustacés et de mollusques;1020Z - Transformation et conservation de poisson, de crustacés et de mollusques;454;10428;43.5;454;10428;43.5
2024;Accidents du travail;C;Industrie manufacturière;C - Industrie manufacturière;1031Z;Transformation et conservation de pommes de terre;1031Z - Transformation et conservation de pommes de terre;119;2672;44.5;119;2672;44.5
2024;Accidents du travail;C;Industrie manufacturière;C - Industrie manufacturière;1032Z;Préparation de jus de fruits et légumes;1032Z - Préparation de jus de fruits et légumes;40;1423;28.1;40;1423;28.1
2024;Accidents du travail;C;Industrie manufacturière;C - Industrie manufacturière;1039A;Autre transformation et conservation de légumes;1039A - Autre transformation et conservation de légumes;419;10544;39.7;419;10544;39.7
2024;Accidents du travail;C;Industrie manufacturière;C - Industrie manufacturière;1039B;Transformation et conservation de fruits;1039B - Transformation et conservation de fruits;231;7679;30.1;231;7679;30.1
2024;Accidents du travail;C;Industrie manufacturière;C - Industrie manufacturière;1041A;Fabrication d'huiles et graisses brutes;1041A - Fabrication d'huiles et graisses brutes;40;1582;25.3;40;1582;25.3
2024;Accidents du travail;C;Industrie manufacturière;C - Industrie manufacturière;1041B;Fabrication d'huiles et graisses raffinées;1041B - Fabrication d'huiles et graisses raffinées;8;1034;7.7;8;1034;7.7
2024;Accidents du travail;C;Industrie manufacturière;C - Industrie manufacturière;1042Z;Fabrication de margarine et graisses comestibles similaires;1042Z - Fabrication de margarine et graisses comestibles similaires;3;232;NC;3;232;
2024;Accidents du travail;C;Industrie manufacturière;C - Industrie manufacturière;1051A;Fabrication de lait liquide et de produits frais;1051A - Fabrication de lait liquide et de produits frais;274;9450;29;274;9450;29.0
2024;Accidents du travail;C;Industrie manufacturière;C - Industrie manufacturière;1051B;Fabrication de beurre;1051B - Fabrication de beurre;24;786;NC;24;786;
2024;Accidents du travail;C;Industrie manufacturière;C - Industrie manufacturière;1051C;Fabrication de fromage;1051C - Fabrication de fromage;678;21097;32.1;678;21097;32.1
2024;Accidents du travail;C;Industrie manufacturière;C - Industrie manufacturière;1051D;Fabrication d'autres produits laitiers;1051D - Fabrication d'autres produits laitiers;104;3970;26.2;104;3970;26.2
2024;Accidents du travail;C;Industrie manufacturière;C - Industrie manufacturière;1052Z;Fabrication de glaces et sorbets;1052Z - Fabrication de glaces et sorbets;136;5355;25.4;136;5355;25.4
2024;Accidents du travail;C;Industrie manufacturière;C - Industrie manufacturière;1061A;Meunerie;1061A - Meunerie;221;5692;38.8;221;5692;38.8
2024;Accidents du travail;C;Industrie manufacturière;C - Industrie manufacturière;1061B;Autres activités du travail des grains;1061B - Autres activités du travail des grains;94;2499;37.6;94;2499;37.6
2024;Accidents du travail;C;Industrie manufacturière;C - Industrie manufacturière;1062Z;Fabrication de produits amylacés;1062Z - Fabrication de produits amylacés;38;4482;8.5;38;4482;8.5
2024;Accidents du travail;C;Industrie manufacturière;C - Industrie manufacturière;1071A;Fabrication industrielle de pain et de pâtisserie fraîche;1071A - Fabrication industrielle de pain et de pâtisserie fraîche;1704;35928;47.4;1704;35928;47.4
2024;Accidents du travail;C;Industrie manufacturière;C - Industrie manufacturière;1071B;Cuisson de produits de boulangerie;1071B - Cuisson de produits de boulangerie;253;7571;33.4;253;7571;33.4
2024;Accidents du travail;C;Industrie manufacturière;C - Industrie manufacturière;1071C;Boulangerie et boulangerie-pâtisserie;1071C - Boulangerie et boulangerie-pâtisserie;4030;175885;22.9;4030;175885;22.9
2024;Accidents du travail;C;Industrie manufacturière;C - Industrie manufacturière;1071D;Pâtisserie;1071D - Pâtisserie;344;17139;20.1;344;17139;20.1
2024;Accidents du travail;C;Industrie manufacturière;C - Industrie manufacturière;1072Z;Fabrication de biscuits, biscottes et pâtisseries de conservation;1072Z - Fabrication de biscuits, biscottes et pâtisseries de conservation;518;14361;36.1;518;14361;36.1
2024;Accidents du travail;C;Industrie manufacturière;C - Industrie manufacturière;1073Z;Fabrication de pâtes alimentaires;1073Z - Fabrication de pâtes alimentaires;124;3213;38.6;124;3213;38.6
2024;Accidents du travail;C;Industrie manufacturière;C - Industrie manufacturière;1081Z;Fabrication de sucre;1081Z - Fabrication de sucre;45;1721;26.1;45;1721;26.1
2024;Accidents du travail;C;Industrie manufacturière;C - Industrie manufacturière;1082Z;Fabrication de cacao, chocolat et de produits de confiserie;1082Z - Fabrication de cacao, chocolat et de produits de confiserie;507;19225;26.4;507;19225;26.4
2024;Accidents du travail;C;Industrie manufacturière;C - Industrie manufacturière;1083Z;Transformation du thé et du café;1083Z - Transformation du thé et du café;144;6401;22.5;144;6401;22.5
2024;Accidents du travail;C;Industrie manufacturière;C - Industrie manufacturière;1084Z;Fabrication de condiments et assaisonnements;1084Z - Fabrication de condiments et assaisonnements;142;3947;36;142;3947;36.0
2024;Accidents du travail;C;Industrie manufacturière;C - Industrie manufacturière;1085Z;Fabrication de plats préparés;1085Z - Fabrication de plats préparés;1102;24111;45.7;1102;24111;45.7
2024;Accidents du travail;C;Industrie manufacturière;C - Industrie manufacturière;1086Z;Fabrication d'aliments homogénéisés et diététiques;1086Z - Fabrication d'aliments homogénéisés et diététiques;173;6034;28.7;173;6034;28.7
2024;Accidents du travail;C;Industrie manufacturière;C - Industrie manufacturière;1089Z;Fabrication d'autres produits alimentaires n.c.a.;1089Z - Fabrication d'autres produits alimentaires n.c.a.;676;18235;37.1;676;18235;37.1
2024;Accidents du travail;C;Industrie manufacturière;C - Industrie manufacturière;1091Z;Fabrication d'aliments pour animaux de ferme;1091Z - Fabrication d'aliments pour animaux de ferme;241;7765;31;241;7765;31.0
2024;Accidents du travail;C;Industrie manufacturière;C - Industrie manufacturière;1092Z;Fabrication d'aliments pour animaux de compagnie;1092Z - Fabrication d'aliments pour animaux de compagnie;179;7526;23.8;179;7526;23.8
2024;Accidents du travail;C;Industrie manufacturière;C - Industrie manufacturière;1101Z;Production de boissons alcooliques distillées;1101Z - Production de boissons alcooliques distillées;157;8713;18;157;8713;18.0
2024;Accidents du travail;C;Industrie manufacturière;C - Industrie manufacturière;1102A;Fabrication de vins effervescents;1102A - Fabrication de vins effervescents;102;5041;20.2;102;5041;20.2
2024;Accidents du travail;C;Industrie manufacturière;C - Industrie manufacturière;1102B;Vinification;1102B - Vinification;100;3125;32;100;3125;32.0
2024;Accidents du travail;C;Industrie manufacturière;C - Industrie manufacturière;1103Z;Fabrication de cidre et de vins de fruits;1103Z - Fabrication de cidre et de vins de fruits;20;423;NC;20;423;
2024;Accidents du travail;C;Industrie manufacturière;C - Industrie manufacturière;1104Z;Production d'autres boissons fermentées non distillées;1104Z - Production d'autres boissons fermentées non distillées;3;216;NC;3;216;
2024;Accidents du travail;C;Industrie manufacturière;C - Industrie manufacturière;1105Z;Fabrication de bière;1105Z - Fabrication de bière;191;7292;26.2;191;7292;26.2
2024;Accidents du travail;C;Industrie manufacturière;C - Industrie manufacturière;1106Z;Fabrication de malt;1106Z - Fabrication de malt;5;501;NC;5;501;
2024;Accidents du travail;C;Industrie manufacturière;C - Industrie manufacturière;1107A;Industrie des eaux de table;1107A - Industrie des eaux de table;121;7063;17.1;121;7063;17.1
2024;Accidents du travail;C;Industrie manufacturière;C - Industrie manufacturière;1107B;Production de boissons rafraîchissantes;1107B - Production de boissons rafraîchissantes;143;7962;18;143;7962;18.0
2024;Accidents du travail;C;Industrie manufacturière;C - Industrie manufacturière;1200Z;Fabrication de produits à base de tabac;1200Z - Fabrication de produits à base de tabac;5;789;NC;5;789;
2024;Accidents du travail;C;Industrie manufacturière;C - Industrie manufacturière;1310Z;Préparation de fibres textiles et filature;1310Z - Préparation de fibres textiles et filature;69;1776;38.9;69;1776;38.9
2024;Accidents du travail;C;Industrie manufacturière;C - Industrie manufacturière;1320Z;Tissage;1320Z - Tissage;131;4976;26.3;131;4976;26.3
2024;Accidents du travail;C;Industrie manufacturière;C - Industrie manufacturière;1330Z;Ennoblissement textile;1330Z - Ennoblissement textile;63;2397;26.3;63;2397;26.3
2024;Accidents du travail;C;Industrie manufacturière;C - Industrie manufacturière;1391Z;Fabrication d'étoffes à mailles;1391Z - Fabrication d'étoffes à mailles;22;632;NC;22;632;
2024;Accidents du travail;C;Industrie manufacturière;C - Industrie manufacturière;1392Z;Fabrication d'articles textiles, sauf habillement;1392Z - Fabrication d'articles textiles, sauf habillement;339;11211;30.2;339;11211;30.2
2024;Accidents du travail;C;Industrie manufacturière;C - Industrie manufacturière;1393Z;Fabrication de tapis et moquettes;1393Z - Fabrication de tapis et moquettes;42;1131;37.1;42;1131;37.1
2024;Accidents du travail;C;Industrie manufacturière;C - Industrie manufacturière;1394Z;Fabrication de ficelles, cordes et filets;1394Z - Fabrication de ficelles, cordes et filets;37;906;NC;37;906;
2024;Accidents du travail;C;Industrie manufacturière;C - Industrie manufacturière;1395Z;Fabrication de non-tissés, sauf habillement;1395Z - Fabrication de non-tissés, sauf habillement;70;2374;29.5;70;2374;29.5
2024;Accidents du travail;C;Industrie manufacturière;C - Industrie manufacturière;1396Z;Fabrication d'autres textiles techniques et industriels;1396Z - Fabrication d'autres textiles techniques et industriels;201;7319;27.5;201;7319;27.5
2024;Accidents du travail;C;Industrie manufacturière;C - Industrie manufacturière;1399Z;Fabrication d'autres textiles n.c.a.;1399Z - Fabrication d'autres textiles n.c.a.;50;2602;19.2;50;2602;19.2
2024;Accidents du travail;C;Industrie manufacturière;C - Industrie manufacturière;1411Z;Fabrication de vêtements en cuir;1411Z - Fabrication de vêtements en cuir;1;356;NC;1;356;
2024;Accidents du travail;C;Industrie manufacturière;C - Industrie manufacturière;1412Z;Fabrication de vêtements de travail;1412Z - Fabrication de vêtements de travail;33;1721;19.2;33;1721;19.2
2024;Accidents du travail;C;Industrie manufacturière;C - Industrie manufacturière;1413Z;Fabrication de vêtements de dessus;1413Z - Fabrication de vêtements de dessus;175;17260;10.1;175;17260;10.1
2024;Accidents du travail;C;Industrie manufacturière;C - Industrie manufacturière;1414Z;Fabrication de vêtements de dessous;1414Z - Fabrication de vêtements de dessous;69;4675;14.8;69;4675;14.8
2024;Accidents du travail;C;Industrie manufacturière;C - Industrie manufacturière;1419Z;Fabrication d'autres vêtements et accessoires;1419Z - Fabrication d'autres vêtements et accessoires;62;4345;14.3;62;4345;14.3
2024;Accidents du travail;C;Industrie manufacturière;C - Industrie manufacturière;1420Z;Fabrication d'articles en fourrure;1420Z - Fabrication d'articles en fourrure;0;101;NC;0;101;
2024;Accidents du travail;C;Industrie manufacturière;C - Industrie manufacturière;1431Z;Fabrication d'articles chaussants à mailles;1431Z - Fabrication d'articles chaussants à mailles;21;1459;14.4;21;1459;14.4
2024;Accidents du travail;C;Industrie manufacturière;C - Industrie manufacturière;1439Z;Fabrication d'autres articles à mailles;1439Z - Fabrication d'autres articles à mailles;27;1574;17.2;27;1574;17.2
2024;Accidents du travail;C;Industrie manufacturière;C - Industrie manufacturière;1511Z;"Apprêt et tannage des cuirs ; préparation et teinture des fourrures";"1511Z - Apprêt et tannage des cuirs ; préparation et teinture des fourrures";68;1792;37.9;68;1792;37.9
2024;Accidents du travail;C;Industrie manufacturière;C - Industrie manufacturière;1512Z;Fabrication d'articles de voyage, de maroquinerie et de sellerie;1512Z - Fabrication d'articles de voyage, de maroquinerie et de sellerie;574;36484;15.7;574;36484;15.7
2024;Accidents du travail;C;Industrie manufacturière;C - Industrie manufacturière;1520Z;Fabrication de chaussures;1520Z - Fabrication de chaussures;98;3648;26.9;98;3648;26.9
2024;Accidents du travail;C;Industrie manufacturière;C - Industrie manufacturière;1610A;Sciage et rabotage du bois, hors imprégnation;1610A - Sciage et rabotage du bois, hors imprégnation;390;6442;60.5;390;6442;60.5
2024;Accidents du travail;C;Industrie manufacturière;C - Industrie manufacturière;1610B;Imprégnation du bois;1610B - Imprégnation du bois;168;2685;62.6;168;2685;62.6
2024;Accidents du travail;C;Industrie manufacturière;C - Industrie manufacturière;1621Z;Fabrication de placage et de panneaux de bois;1621Z - Fabrication de placage et de panneaux de bois;243;5234;46.4;243;5234;46.4
2024;Accidents du travail;C;Industrie manufacturière;C - Industrie manufacturière;1622Z;Fabrication de parquets assemblés;1622Z - Fabrication de parquets assemblés;26;647;NC;26;647;
2024;Accidents du travail;C;Industrie manufacturière;C - Industrie manufacturière;1623Z;Fabrication de charpentes et d'autres menuiseries;1623Z - Fabrication de charpentes et d'autres menuiseries;1206;20188;59.7;1206;20188;59.7
2024;Accidents du travail;C;Industrie manufacturière;C - Industrie manufacturière;1624Z;Fabrication d'emballages en bois;1624Z - Fabrication d'emballages en bois;894;11998;74.5;894;11998;74.5
2024;Accidents du travail;C;Industrie manufacturière;C - Industrie manufacturière;1629Z;"Fabrication d'objets divers en bois ; fabrication d'objets en liège, vannerie et sparterie";"1629Z - Fabrication d'objets divers en bois ; fabrication d'objets en liège, vannerie et sparterie";205;4681;43.8;205;4681;43.8
2024;Accidents du travail;C;Industrie manufacturière;C - Industrie manufacturière;1711Z;Fabrication de pâte à papier;1711Z - Fabrication de pâte à papier;33;1121;29.4;33;1121;29.4
2024;Accidents du travail;C;Industrie manufacturière;C - Industrie manufacturière;1712Z;Fabrication de papier et de carton;1712Z - Fabrication de papier et de carton;371;12656;29.3;371;12656;29.3
2024;Accidents du travail;C;Industrie manufacturière;C - Industrie manufacturière;1721A;Fabrication de carton ondulé;1721A - Fabrication de carton ondulé;317;14853;21.3;317;14853;21.3
2024;Accidents du travail;C;Industrie manufacturière;C - Industrie manufacturière;1721B;Fabrication de cartonnages;1721B - Fabrication de cartonnages;281;9960;28.2;281;9960;28.2
2024;Accidents du travail;C;Industrie manufacturière;C - Industrie manufacturière;1721C;Fabrication d'emballages en papier;1721C - Fabrication d'emballages en papier;117;2721;43;117;2721;43.0
2024;Accidents du travail;C;Industrie manufacturière;C - Industrie manufacturière;1722Z;Fabrication d'articles en papier à usage sanitaire ou domestique;1722Z - Fabrication d'articles en papier à usage sanitaire ou domestique;201;7131;28.2;201;7131;28.2
2024;Accidents du travail;C;Industrie manufacturière;C - Industrie manufacturière;1723Z;Fabrication d'articles de papeterie;1723Z - Fabrication d'articles de papeterie;98;3100;31.6;98;3100;31.6
2024;Accidents du travail;C;Industrie manufacturière;C - Industrie manufacturière;1724Z;Fabrication de papiers peints;1724Z - Fabrication de papiers peints;9;175;NC;9;175;
2024;Accidents du travail;C;Industrie manufacturière;C - Industrie manufacturière;1729Z;Fabrication d'autres articles en papier ou en carton;1729Z - Fabrication d'autres articles en papier ou en carton;238;6971;34.1;238;6971;34.1
2024;Accidents du travail;C;Industrie manufacturière;C - Industrie manufacturière;1811Z;Imprimerie de journaux;1811Z - Imprimerie de journaux;61;2719;22.4;61;2719;22.4
2024;Accidents du travail;C;Industrie manufacturière;C - Industrie manufacturière;1812Z;Autre imprimerie (labeur);1812Z - Autre imprimerie (labeur);740;31432;23.5;740;31432;23.5
2024;Accidents du travail;C;Industrie manufacturière;C - Industrie manufacturière;1813Z;Activités de pré-presse;1813Z - Activités de pré-presse;119;7921;15;119;7921;15.0
2024;Accidents du travail;C;Industrie manufacturière;C - Industrie manufacturière;1814Z;Reliure et activités connexes;1814Z - Reliure et activités connexes;49;1488;32.9;49;1488;32.9
2024;Accidents du travail;C;Industrie manufacturière;C - Industrie manufacturière;1820Z;Reproduction d'enregistrements;1820Z - Reproduction d'enregistrements;7;582;NC;7;582;
2024;Accidents du travail;C;Industrie manufacturière;C - Industrie manufacturière;1910Z;Cokéfaction;1910Z - Cokéfaction;0;0;NC;0;0;
2024;Accidents du travail;C;Industrie manufacturière;C - Industrie manufacturière;1920Z;Raffinage du pétrole;1920Z - Raffinage du pétrole;79;8837;8.9;79;8837;8.9
2024;Accidents du travail;C;Industrie manufacturière;C - Industrie manufacturière;2011Z;Fabrication de gaz industriels;2011Z - Fabrication de gaz industriels;29;4135;7;29;4135;7.0
2024;Accidents du travail;C;Industrie manufacturière;C - Industrie manufacturière;2012Z;Fabrication de colorants et de pigments;2012Z - Fabrication de colorants et de pigments;28;1637;17.1;28;1637;17.1
2024;Accidents du travail;C;Industrie manufacturière;C - Industrie manufacturière;2013A;Enrichissement et retraitement de matières nucléaires;2013A - Enrichissement et retraitement de matières nucléaires;8;686;NC;8;686;
2024;Accidents du travail;C;Industrie manufacturière;C - Industrie manufacturière;2013B;Fabrication d'autres produits chimiques inorganiques de base n.c.a.;2013B - Fabrication d'autres produits chimiques inorganiques de base n.c.a.;105;8160;12.9;105;8160;12.9
2024;Accidents du travail;C;Industrie manufacturière;C - Industrie manufacturière;2014Z;Fabrication d'autres produits chimiques organiques de base;2014Z - Fabrication d'autres produits chimiques organiques de base;222;19090;11.6;222;19090;11.6
2024;Accidents du travail;C;Industrie manufacturière;C - Industrie manufacturière;2015Z;Fabrication de produits azotés et d'engrais;2015Z - Fabrication de produits azotés et d'engrais;80;4233;18.9;80;4233;18.9
2024;Accidents du travail;C;Industrie manufacturière;C - Industrie manufacturière;2016Z;Fabrication de matières plastiques de base;2016Z - Fabrication de matières plastiques de base;181;11318;16;181;11318;16.0
2024;Accidents du travail;C;Industrie manufacturière;C - Industrie manufacturière;2017Z;Fabrication de caoutchouc synthétique;2017Z - Fabrication de caoutchouc synthétique;23;1238;18.6;23;1238;18.6
2024;Accidents du travail;C;Industrie manufacturière;C - Industrie manufacturière;2020Z;Fabrication de pesticides et d'autres produits agrochimiques;2020Z - Fabrication de pesticides et d'autres produits agrochimiques;71;5558;12.8;71;5558;12.8
2024;Accidents du travail;C;Industrie manufacturière;C - Industrie manufacturière;2030Z;Fabrication de peintures, vernis, encres et mastics;2030Z - Fabrication de peintures, vernis, encres et mastics;224;11046;20.3;224;11046;20.3
2024;Accidents du travail;C;Industrie manufacturière;C - Industrie manufacturière;2041Z;Fabrication de savons, détergents et produits d'entretien;2041Z - Fabrication de savons, détergents et produits d'entretien;150;7591;19.8;150;7591;19.8
2024;Accidents du travail;C;Industrie manufacturière;C - Industrie manufacturière;2042Z;Fabrication de parfums et de produits pour la toilette;2042Z - Fabrication de parfums et de produits pour la toilette;570;46526;12.3;570;46526;12.3
2024;Accidents du travail;C;Industrie manufacturière;C - Industrie manufacturière;2051Z;Fabrication de produits explosifs;2051Z - Fabrication de produits explosifs;43;3687;11.7;43;3687;11.7
2024;Accidents du travail;C;Industrie manufacturière;C - Industrie manufacturière;2052Z;Fabrication de colles;2052Z - Fabrication de colles;45;2879;15.6;45;2879;15.6
2024;Accidents du travail;C;Industrie manufacturière;C - Industrie manufacturière;2053Z;Fabrication d'huiles essentielles;2053Z - Fabrication d'huiles essentielles;147;6977;21.1;147;6977;21.1
2024;Accidents du travail;C;Industrie manufacturière;C - Industrie manufacturière;2059Z;Fabrication d'autres produits chimiques n.c.a.;2059Z - Fabrication d'autres produits chimiques n.c.a.;188;13553;13.9;188;13553;13.9
2024;Accidents du travail;C;Industrie manufacturière;C - Industrie manufacturière;2060Z;Fabrication de fibres artificielles ou synthétiques;2060Z - Fabrication de fibres artificielles ou synthétiques;12;737;NC;12;737;
2024;Accidents du travail;C;Industrie manufacturière;C - Industrie manufacturière;2110Z;Fabrication de produits pharmaceutiques de base;2110Z - Fabrication de produits pharmaceutiques de base;186;13729;13.5;186;13729;13.5
2024;Accidents du travail;C;Industrie manufacturière;C - Industrie manufacturière;2120Z;Fabrication de préparations pharmaceutiques;2120Z - Fabrication de préparations pharmaceutiques;824;68380;12.1;824;68380;12.1
2024;Accidents du travail;C;Industrie manufacturière;C - Industrie manufacturière;2211Z;Fabrication et rechapage de pneumatiques;2211Z - Fabrication et rechapage de pneumatiques;264;18956;13.9;264;18956;13.9
2024;Accidents du travail;C;Industrie manufacturière;C - Industrie manufacturière;2219Z;Fabrication d'autres articles en caoutchouc;2219Z - Fabrication d'autres articles en caoutchouc;460;18156;25.3;460;18156;25.3
2024;Accidents du travail;C;Industrie manufacturière;C - Industrie manufacturière;2221Z;Fabrication de plaques, feuilles, tubes et profilés en matières plastiques;2221Z - Fabrication de plaques, feuilles, tubes et profilés en matières plastiques;563;16447;34.2;563;16447;34.2
2024;Accidents du travail;C;Industrie manufacturière;C - Industrie manufacturière;2222Z;Fabrication d'emballages en matières plastiques;2222Z - Fabrication d'emballages en matières plastiques;855;27533;31.1;855;27533;31.1
2024;Accidents du travail;C;Industrie manufacturière;C - Industrie manufacturière;2223Z;Fabrication d'éléments en matières plastiques pour la construction;2223Z - Fabrication d'éléments en matières plastiques pour la construction;935;24769;37.7;935;24769;37.7
2024;Accidents du travail;C;Industrie manufacturière;C - Industrie manufacturière;2229A;Fabrication de pièces techniques à base de matières plastiques;2229A - Fabrication de pièces techniques à base de matières plastiques;895;30741;29.1;895;30741;29.1
2024;Accidents du travail;C;Industrie manufacturière;C - Industrie manufacturière;2229B;Fabrication de produits de consommation courante en matières plastiques;2229B - Fabrication de produits de consommation courante en matières plastiques;333;10376;32.1;333;10376;32.1
2024;Accidents du travail;C;Industrie manufacturière;C - Industrie manufacturière;2311Z;Fabrication de verre plat;2311Z - Fabrication de verre plat;36;1766;20.4;36;1766;20.4
2024;Accidents du travail;C;Industrie manufacturière;C - Industrie manufacturière;2312Z;Façonnage et transformation du verre plat;2312Z - Façonnage et transformation du verre plat;393;9066;43.3;393;9066;43.3
2024;Accidents du travail;C;Industrie manufacturière;C - Industrie manufacturière;2313Z;Fabrication de verre creux;2313Z - Fabrication de verre creux;290;17329;16.7;290;17329;16.7
2024;Accidents du travail;C;Industrie manufacturière;C - Industrie manufacturière;2314Z;Fabrication de fibres de verre;2314Z - Fabrication de fibres de verre;38;1844;20.6;38;1844;20.6
2024;Accidents du travail;C;Industrie manufacturière;C - Industrie manufacturière;2319Z;Fabrication et façonnage d'autres articles en verre, y compris verre technique;2319Z - Fabrication et façonnage d'autres articles en verre, y compris verre technique;67;3706;18.1;67;3706;18.1
2024;Accidents du travail;C;Industrie manufacturière;C - Industrie manufacturière;2320Z;Fabrication de produits réfractaires;2320Z - Fabrication de produits réfractaires;83;2024;41;83;2024;41.0
2024;Accidents du travail;C;Industrie manufacturière;C - Industrie manufacturière;2331Z;Fabrication de carreaux en céramique;2331Z - Fabrication de carreaux en céramique;38;832;NC;38;832;
2024;Accidents du travail;C;Industrie manufacturière;C - Industrie manufacturière;2332Z;Fabrication de briques, tuiles et produits de construction, en terre cuite;2332Z - Fabrication de briques, tuiles et produits de construction, en terre cuite;104;4604;22.6;104;4604;22.6
2024;Accidents du travail;C;Industrie manufacturière;C - Industrie manufacturière;2341Z;Fabrication d'articles céramiques à usage domestique ou ornemental;2341Z - Fabrication d'articles céramiques à usage domestique ou ornemental;84;2845;29.5;84;2845;29.5
2024;Accidents du travail;C;Industrie manufacturière;C - Industrie manufacturière;2342Z;Fabrication d'appareils sanitaires en céramique;2342Z - Fabrication d'appareils sanitaires en céramique;16;854;NC;16;854;
2024;Accidents du travail;C;Industrie manufacturière;C - Industrie manufacturière;2343Z;Fabrication d'isolateurs et pièces isolantes en céramique;2343Z - Fabrication d'isolateurs et pièces isolantes en céramique;15;545;NC;15;545;
2024;Accidents du travail;C;Industrie manufacturière;C - Industrie manufacturière;2344Z;Fabrication d'autres produits céramiques à usage technique;2344Z - Fabrication d'autres produits céramiques à usage technique;6;563;NC;6;563;
2024;Accidents du travail;C;Industrie manufacturière;C - Industrie manufacturière;2349Z;Fabrication d'autres produits céramiques;2349Z - Fabrication d'autres produits céramiques;9;340;NC;9;340;
2024;Accidents du travail;C;Industrie manufacturière;C - Industrie manufacturière;2351Z;Fabrication de ciment;2351Z - Fabrication de ciment;46;4317;10.7;46;4317;10.7
2024;Accidents du travail;C;Industrie manufacturière;C - Industrie manufacturière;2352Z;Fabrication de chaux et plâtre;2352Z - Fabrication de chaux et plâtre;17;966;NC;17;966;
2024;Accidents du travail;C;Industrie manufacturière;C - Industrie manufacturière;2361Z;Fabrication d'éléments en béton pour la construction;2361Z - Fabrication d'éléments en béton pour la construction;806;16327;49.4;806;16327;49.4
2024;Accidents du travail;C;Industrie manufacturière;C - Industrie manufacturière;2362Z;Fabrication d'éléments en plâtre pour la construction;2362Z - Fabrication d'éléments en plâtre pour la construction;18;2146;8.4;18;2146;8.4
2024;Accidents du travail;C;Industrie manufacturière;C - Industrie manufacturière;2363Z;Fabrication de béton prêt à l'emploi;2363Z - Fabrication de béton prêt à l'emploi;250;9088;27.5;250;9088;27.5
2024;Accidents du travail;C;Industrie manufacturière;C - Industrie manufacturière;2364Z;Fabrication de mortiers et bétons secs;2364Z - Fabrication de mortiers et bétons secs;43;2040;21.1;43;2040;21.1
2024;Accidents du travail;C;Industrie manufacturière;C - Industrie manufacturière;2365Z;Fabrication d'ouvrages en fibre-ciment;2365Z - Fabrication d'ouvrages en fibre-ciment;4;347;NC;4;347;
2024;Accidents du travail;C;Industrie manufacturière;C - Industrie manufacturière;2369Z;Fabrication d'autres ouvrages en béton, en ciment ou en plâtre;2369Z - Fabrication d'autres ouvrages en béton, en ciment ou en plâtre;66;1305;50.6;66;1305;50.6
2024;Accidents du travail;C;Industrie manufacturière;C - Industrie manufacturière;2370Z;Taille, façonnage et finissage de pierres;2370Z - Taille, façonnage et finissage de pierres;476;7266;65.5;476;7266;65.5
2024;Accidents du travail;C;Industrie manufacturière;C - Industrie manufacturière;2391Z;Fabrication de produits abrasifs;2391Z - Fabrication de produits abrasifs;13;894;NC;13;894;
2024;Accidents du travail;C;Industrie manufacturière;C - Industrie manufacturière;2399Z;Fabrication d'autres produits minéraux non métalliques n.c.a.;2399Z - Fabrication d'autres produits minéraux non métalliques n.c.a.;153;7743;19.8;153;7743;19.8
2024;Accidents du travail;C;Industrie manufacturière;C - Industrie manufacturière;2410Z;Sidérurgie;2410Z - Sidérurgie;365;24775;14.7;365;24775;14.7
2024;Accidents du travail;C;Industrie manufacturière;C - Industrie manufacturière;2420Z;Fabrication de tubes, tuyaux, profilés creux et accessoires correspondants en acier;2420Z - Fabrication de tubes, tuyaux, profilés creux et accessoires correspondants en acier;173;6209;27.9;173;6209;27.9
2024;Accidents du travail;C;Industrie manufacturière;C - Industrie manufacturière;2431Z;Étirage à froid de barres;2431Z - Étirage à froid de barres;13;322;NC;13;322;
2024;Accidents du travail;C;Industrie manufacturière;C - Industrie manufacturière;2432Z;Laminage à froid de feuillards;2432Z - Laminage à froid de feuillards;8;281;NC;8;281;
2024;Accidents du travail;C;Industrie manufacturière;C - Industrie manufacturière;2433Z;Profilage à froid par formage ou pliage;2433Z - Profilage à froid par formage ou pliage;122;4155;29.4;122;4155;29.4
2024;Accidents du travail;C;Industrie manufacturière;C - Industrie manufacturière;2434Z;Tréfilage à froid;2434Z - Tréfilage à froid;26;1100;23.6;26;1100;23.6
2024;Accidents du travail;C;Industrie manufacturière;C - Industrie manufacturière;2441Z;Production de métaux précieux;2441Z - Production de métaux précieux;0;321;NC;0;321;
2024;Accidents du travail;C;Industrie manufacturière;C - Industrie manufacturière;2442Z;Métallurgie de l'aluminium;2442Z - Métallurgie de l'aluminium;197;7756;25.4;197;7756;25.4
2024;Accidents du travail;C;Industrie manufacturière;C - Industrie manufacturière;2443Z;Métallurgie du plomb, du zinc ou de l'étain;2443Z - Métallurgie du plomb, du zinc ou de l'étain;33;1053;31.3;33;1053;31.3
2024;Accidents du travail;C;Industrie manufacturière;C - Industrie manufacturière;2444Z;Métallurgie du cuivre;2444Z - Métallurgie du cuivre;52;1631;31.9;52;1631;31.9
2024;Accidents du travail;C;Industrie manufacturière;C - Industrie manufacturière;2445Z;Métallurgie des autres métaux non ferreux;2445Z - Métallurgie des autres métaux non ferreux;52;4184;12.4;52;4184;12.4
2024;Accidents du travail;C;Industrie manufacturière;C - Industrie manufacturière;2446Z;Élaboration et transformation de matières nucléaires;2446Z - Élaboration et transformation de matières nucléaires;23;8496;2.7;23;8496;2.7
2024;Accidents du travail;C;Industrie manufacturière;C - Industrie manufacturière;2451Z;Fonderie de fonte;2451Z - Fonderie de fonte;290;8120;35.7;290;8120;35.7
2024;Accidents du travail;C;Industrie manufacturière;C - Industrie manufacturière;2452Z;Fonderie d'acier;2452Z - Fonderie d'acier;96;2675;35.9;96;2675;35.9
2024;Accidents du travail;C;Industrie manufacturière;C - Industrie manufacturière;2453Z;Fonderie de métaux légers;2453Z - Fonderie de métaux légers;176;4945;35.6;176;4945;35.6
2024;Accidents du travail;C;Industrie manufacturière;C - Industrie manufacturière;2454Z;Fonderie d'autres métaux non ferreux;2454Z - Fonderie d'autres métaux non ferreux;95;2888;32.9;95;2888;32.9
2024;Accidents du travail;C;Industrie manufacturière;C - Industrie manufacturière;2511Z;Fabrication de structures métalliques et de parties de structures;2511Z - Fabrication de structures métalliques et de parties de structures;2753;53731;51.2;2753;53731;51.2
2024;Accidents du travail;C;Industrie manufacturière;C - Industrie manufacturière;2512Z;Fabrication de portes et fenêtres en métal;2512Z - Fabrication de portes et fenêtres en métal;966;22144;43.6;966;22144;43.6
2024;Accidents du travail;C;Industrie manufacturière;C - Industrie manufacturière;2521Z;Fabrication de radiateurs et de chaudières pour le chauffage central;2521Z - Fabrication de radiateurs et de chaudières pour le chauffage central;111;4318;25.7;111;4318;25.7
2024;Accidents du travail;C;Industrie manufacturière;C - Industrie manufacturière;2529Z;Fabrication d'autres réservoirs, citernes et conteneurs métalliques;2529Z - Fabrication d'autres réservoirs, citernes et conteneurs métalliques;139;2958;47;139;2958;47.0
2024;Accidents du travail;C;Industrie manufacturière;C - Industrie manufacturière;2530Z;Fabrication de générateurs de vapeur, à l'exception des chaudières pour le chauffage central;2530Z - Fabrication de générateurs de vapeur, à l'exception des chaudières pour le chauffage central;NS;NS;NS;;;
2024;Accidents du travail;C;Industrie manufacturière;C - Industrie manufacturière;2540Z;Fabrication d'armes et de munitions;2540Z - Fabrication d'armes et de munitions;47;5160;9.1;47;5160;9.1
2024;Accidents du travail;C;Industrie manufacturière;C - Industrie manufacturière;2550A;"Forge, estampage, matriçage ; métallurgie des poudres";"2550A - Forge, estampage, matriçage ; métallurgie des poudres";219;10412;21;219;10412;21.0
2024;Accidents du travail;C;Industrie manufacturière;C - Industrie manufacturière;2550B;Découpage, emboutissage;2550B - Découpage, emboutissage;1028;25062;41;1028;25062;41.0
2024;Accidents du travail;C;Industrie manufacturière;C - Industrie manufacturière;2561Z;Traitement et revêtement des métaux;2561Z - Traitement et revêtement des métaux;1016;24225;41.9;1016;24225;41.9
2024;Accidents du travail;C;Industrie manufacturière;C - Industrie manufacturière;2562A;Décolletage;2562A - Décolletage;293;9928;29.5;293;9928;29.5
2024;Accidents du travail;C;Industrie manufacturière;C - Industrie manufacturière;2562B;Mécanique industrielle;2562B - Mécanique industrielle;1872;63756;29.4;1872;63756;29.4
2024;Accidents du travail;C;Industrie manufacturière;C - Industrie manufacturière;2571Z;Fabrication de coutellerie;2571Z - Fabrication de coutellerie;40;1510;26.5;40;1510;26.5
2024;Accidents du travail;C;Industrie manufacturière;C - Industrie manufacturière;2572Z;Fabrication de serrures et de ferrures;2572Z - Fabrication de serrures et de ferrures;111;6012;18.5;111;6012;18.5
2024;Accidents du travail;C;Industrie manufacturière;C - Industrie manufacturière;2573A;Fabrication de moules et modèles;2573A - Fabrication de moules et modèles;137;4808;28.5;137;4808;28.5
2024;Accidents du travail;C;Industrie manufacturière;C - Industrie manufacturière;2573B;Fabrication d'autres outillages;2573B - Fabrication d'autres outillages;210;8118;25.9;210;8118;25.9
2024;Accidents du travail;C;Industrie manufacturière;C - Industrie manufacturière;2591Z;Fabrication de fûts et emballages métalliques similaires;2591Z - Fabrication de fûts et emballages métalliques similaires;22;478;NC;22;478;
2024;Accidents du travail;C;Industrie manufacturière;C - Industrie manufacturière;2592Z;Fabrication d'emballages métalliques légers;2592Z - Fabrication d'emballages métalliques légers;132;7089;18.6;132;7089;18.6
2024;Accidents du travail;C;Industrie manufacturière;C - Industrie manufacturière;2593Z;Fabrication d'articles en fils métalliques, de chaînes et de ressorts;2593Z - Fabrication d'articles en fils métalliques, de chaînes et de ressorts;477;9546;50;477;9546;50.0
2024;Accidents du travail;C;Industrie manufacturière;C - Industrie manufacturière;2594Z;Fabrication de vis et de boulons;2594Z - Fabrication de vis et de boulons;121;6879;17.6;121;6879;17.6
2024;Accidents du travail;C;Industrie manufacturière;C - Industrie manufacturière;2599A;Fabrication d'articles métalliques ménagers;2599A - Fabrication d'articles métalliques ménagers;112;4272;26.2;112;4272;26.2
2024;Accidents du travail;C;Industrie manufacturière;C - Industrie manufacturière;2599B;Fabrication d'autres articles métalliques;2599B - Fabrication d'autres articles métalliques;481;15423;31.2;481;15423;31.2
2024;Accidents du travail;C;Industrie manufacturière;C - Industrie manufacturière;2611Z;Fabrication de composants électroniques;2611Z - Fabrication de composants électroniques;222;29660;7.5;222;29660;7.5
2024;Accidents du travail;C;Industrie manufacturière;C - Industrie manufacturière;2612Z;Fabrication de cartes électroniques assemblées;2612Z - Fabrication de cartes électroniques assemblées;204;17414;11.7;204;17414;11.7
2024;Accidents du travail;C;Industrie manufacturière;C - Industrie manufacturière;2620Z;Fabrication d'ordinateurs et d'équipements périphériques;2620Z - Fabrication d'ordinateurs et d'équipements périphériques;35;4957;7.1;35;4957;7.1
2024;Accidents du travail;C;Industrie manufacturière;C - Industrie manufacturière;2630Z;Fabrication d'équipements de communication;2630Z - Fabrication d'équipements de communication;84;16004;5.2;84;16004;5.2
2024;Accidents du travail;C;Industrie manufacturière;C - Industrie manufacturière;2640Z;Fabrication de produits électroniques grand public;2640Z - Fabrication de produits électroniques grand public;18;1964;9.2;18;1964;9.2
2024;Accidents du travail;C;Industrie manufacturière;C - Industrie manufacturière;2651A;Fabrication d'équipements d'aide à la navigation;2651A - Fabrication d'équipements d'aide à la navigation;98;27441;3.6;98;27441;3.6
2024;Accidents du travail;C;Industrie manufacturière;C - Industrie manufacturière;2651B;Fabrication d'instrumentation scientifique et technique;2651B - Fabrication d'instrumentation scientifique et technique;215;24934;8.6;215;24934;8.6
2024;Accidents du travail;C;Industrie manufacturière;C - Industrie manufacturière;2652Z;Horlogerie;2652Z - Horlogerie;16;1511;10.6;16;1511;10.6
2024;Accidents du travail;C;Industrie manufacturière;C - Industrie manufacturière;2660Z;Fabrication d'équipements d'irradiation médicale, d'équipements électromédicaux et électrothérapeutiques;2660Z - Fabrication d'équipements d'irradiation médicale, d'équipements électromédicaux et électrothérapeutiques;25;5259;4.8;25;5259;4.8
2024;Accidents du travail;C;Industrie manufacturière;C - Industrie manufacturière;2670Z;Fabrication de matériels optique et photographique;2670Z - Fabrication de matériels optique et photographique;23;3890;5.9;23;3890;5.9
2024;Accidents du travail;C;Industrie manufacturière;C - Industrie manufacturière;2680Z;Fabrication de supports magnétiques et optiques;2680Z - Fabrication de supports magnétiques et optiques;1;50;NC;1;50;
2024;Accidents du travail;C;Industrie manufacturière;C - Industrie manufacturière;2711Z;Fabrication de moteurs, génératrices et transformateurs électriques;2711Z - Fabrication de moteurs, génératrices et transformateurs électriques;198;15349;12.9;198;15349;12.9
2024;Accidents du travail;C;Industrie manufacturière;C - Industrie manufacturière;2712Z;Fabrication de matériel de distribution et de commande électrique;2712Z - Fabrication de matériel de distribution et de commande électrique;384;30955;12.4;384;30955;12.4
2024;Accidents du travail;C;Industrie manufacturière;C - Industrie manufacturière;2720Z;Fabrication de piles et d'accumulateurs électriques;2720Z - Fabrication de piles et d'accumulateurs électriques;74;6514;11.4;74;6514;11.4
2024;Accidents du travail;C;Industrie manufacturière;C - Industrie manufacturière;2731Z;Fabrication de câbles de fibres optiques;2731Z - Fabrication de câbles de fibres optiques;22;1264;17.4;22;1264;17.4
2024;Accidents du travail;C;Industrie manufacturière;C - Industrie manufacturière;2732Z;Fabrication d'autres fils et câbles électroniques ou électriques;2732Z - Fabrication d'autres fils et câbles électroniques ou électriques;141;8357;16.9;141;8357;16.9
2024;Accidents du travail;C;Industrie manufacturière;C - Industrie manufacturière;2733Z;Fabrication de matériel d'installation électrique;2733Z - Fabrication de matériel d'installation électrique;137;11449;12;137;11449;12.0
2024;Accidents du travail;C;Industrie manufacturière;C - Industrie manufacturière;2740Z;Fabrication d'appareils d'éclairage électrique;2740Z - Fabrication d'appareils d'éclairage électrique;232;10764;21.6;232;10764;21.6
2024;Accidents du travail;C;Industrie manufacturière;C - Industrie manufacturière;2751Z;Fabrication d'appareils électroménagers;2751Z - Fabrication d'appareils électroménagers;154;7977;19.3;154;7977;19.3
2024;Accidents du travail;C;Industrie manufacturière;C - Industrie manufacturière;2752Z;Fabrication d'appareils ménagers non électriques;2752Z - Fabrication d'appareils ménagers non électriques;51;1858;27.4;51;1858;27.4
2024;Accidents du travail;C;Industrie manufacturière;C - Industrie manufacturière;2790Z;Fabrication d'autres matériels électriques;2790Z - Fabrication d'autres matériels électriques;169;13219;12.8;169;13219;12.8
2024;Accidents du travail;C;Industrie manufacturière;C - Industrie manufacturière;2811Z;Fabrication de moteurs et turbines, à l'exception des moteurs d'avions et de véhicules;2811Z - Fabrication de moteurs et turbines, à l'exception des moteurs d'avions et de véhicules;112;8782;12.8;112;8782;12.8
2024;Accidents du travail;C;Industrie manufacturière;C - Industrie manufacturière;2812Z;Fabrication d'équipements hydrauliques et pneumatiques;2812Z - Fabrication d'équipements hydrauliques et pneumatiques;148;6787;21.8;148;6787;21.8
2024;Accidents du travail;C;Industrie manufacturière;C - Industrie manufacturière;2813Z;Fabrication d'autres pompes et compresseurs;2813Z - Fabrication d'autres pompes et compresseurs;125;11809;10.6;125;11809;10.6
2024;Accidents du travail;C;Industrie manufacturière;C - Industrie manufacturière;2814Z;Fabrication d'autres articles de robinetterie;2814Z - Fabrication d'autres articles de robinetterie;148;9535;15.5;148;9535;15.5
2024;Accidents du travail;C;Industrie manufacturière;C - Industrie manufacturière;2815Z;Fabrication d'engrenages et d'organes mécaniques de transmission;2815Z - Fabrication d'engrenages et d'organes mécaniques de transmission;174;10279;16.9;174;10279;16.9
2024;Accidents du travail;C;Industrie manufacturière;C - Industrie manufacturière;2821Z;Fabrication de fours et brûleurs;2821Z - Fabrication de fours et brûleurs;32;1868;17.1;32;1868;17.1
2024;Accidents du travail;C;Industrie manufacturière;C - Industrie manufacturière;2822Z;Fabrication de matériel de levage et de manutention;2822Z - Fabrication de matériel de levage et de manutention;615;23951;25.7;615;23951;25.7
2024;Accidents du travail;C;Industrie manufacturière;C - Industrie manufacturière;2823Z;Fabrication de machines et d'équipements de bureau (à l'exception des ordinateurs et équipements périphériques);2823Z - Fabrication de machines et d'équipements de bureau (à l'exception des ordinateurs et équipements périphériques);20;1294;15.5;20;1294;15.5
2024;Accidents du travail;C;Industrie manufacturière;C - Industrie manufacturière;2824Z;Fabrication d'outillage portatif à moteur incorporé;2824Z - Fabrication d'outillage portatif à moteur incorporé;6;322;NC;6;322;
2024;Accidents du travail;C;Industrie manufacturière;C - Industrie manufacturière;2825Z;Fabrication d'équipements aérauliques et frigorifiques industriels;2825Z - Fabrication d'équipements aérauliques et frigorifiques industriels;467;20043;23.3;467;20043;23.3
2024;Accidents du travail;C;Industrie manufacturière;C - Industrie manufacturière;2829A;Fabrication d'équipements d'emballage, de conditionnement et de pesage;2829A - Fabrication d'équipements d'emballage, de conditionnement et de pesage;98;5534;17.7;98;5534;17.7
2024;Accidents du travail;C;Industrie manufacturière;C - Industrie manufacturière;2829B;Fabrication d'autres machines d'usage général;2829B - Fabrication d'autres machines d'usage général;272;13688;19.9;272;13688;19.9
2024;Accidents du travail;C;Industrie manufacturière;C - Industrie manufacturière;2830Z;Fabrication de machines agricoles et forestières;2830Z - Fabrication de machines agricoles et forestières;750;19354;38.8;750;19354;38.8
2024;Accidents du travail;C;Industrie manufacturière;C - Industrie manufacturière;2841Z;Fabrication de machines-outils pour le travail des métaux;2841Z - Fabrication de machines-outils pour le travail des métaux;89;4075;21.8;89;4075;21.8
2024;Accidents du travail;C;Industrie manufacturière;C - Industrie manufacturière;2849Z;Fabrication d'autres machines-outils;2849Z - Fabrication d'autres machines-outils;38;1613;23.6;38;1613;23.6
2024;Accidents du travail;C;Industrie manufacturière;C - Industrie manufacturière;2891Z;Fabrication de machines pour la métallurgie;2891Z - Fabrication de machines pour la métallurgie;14;635;NC;14;635;
2024;Accidents du travail;C;Industrie manufacturière;C - Industrie manufacturière;2892Z;Fabrication de machines pour l'extraction ou la construction;2892Z - Fabrication de machines pour l'extraction ou la construction;181;8133;22.3;181;8133;22.3
2024;Accidents du travail;C;Industrie manufacturière;C - Industrie manufacturière;2893Z;Fabrication de machines pour l'industrie agro-alimentaire;2893Z - Fabrication de machines pour l'industrie agro-alimentaire;260;9282;28;260;9282;28.0
2024;Accidents du travail;C;Industrie manufacturière;C - Industrie manufacturière;2894Z;Fabrication de machines pour les industries textiles;2894Z - Fabrication de machines pour les industries textiles;28;2361;11.9;28;2361;11.9
2024;Accidents du travail;C;Industrie manufacturière;C - Industrie manufacturière;2895Z;Fabrication de machines pour les industries du papier et du carton;2895Z - Fabrication de machines pour les industries du papier et du carton;32;1705;18.8;32;1705;18.8
2024;Accidents du travail;C;Industrie manufacturière;C - Industrie manufacturière;2896Z;Fabrication de machines pour le travail du caoutchouc ou des plastiques;2896Z - Fabrication de machines pour le travail du caoutchouc ou des plastiques;19;1672;11.4;19;1672;11.4
2024;Accidents du travail;C;Industrie manufacturière;C - Industrie manufacturière;2899A;Fabrication de machines d'imprimerie;2899A - Fabrication de machines d'imprimerie;9;916;NC;9;916;
2024;Accidents du travail;C;Industrie manufacturière;C - Industrie manufacturière;2899B;Fabrication d'autres machines spécialisées;2899B - Fabrication d'autres machines spécialisées;193;10751;18;193;10751;18.0
2024;Accidents du travail;C;Industrie manufacturière;C - Industrie manufacturière;2910Z;Construction de véhicules automobiles;2910Z - Construction de véhicules automobiles;627;79635;7.9;627;79635;7.9
2024;Accidents du travail;C;Industrie manufacturière;C - Industrie manufacturière;2920Z;Fabrication de carrosseries et remorques;2920Z - Fabrication de carrosseries et remorques;1502;26001;57.8;1502;26001;57.8
2024;Accidents du travail;C;Industrie manufacturière;C - Industrie manufacturière;2931Z;Fabrication d'équipements électriques et électroniques automobiles;2931Z - Fabrication d'équipements électriques et électroniques automobiles;89;10701;8.3;89;10701;8.3
2024;Accidents du travail;C;Industrie manufacturière;C - Industrie manufacturière;2932Z;Fabrication d'autres équipements automobiles;2932Z - Fabrication d'autres équipements automobiles;819;51822;15.8;819;51822;15.8
2024;Accidents du travail;C;Industrie manufacturière;C - Industrie manufacturière;3011Z;Construction de navires et de structures flottantes;3011Z - Construction de navires et de structures flottantes;365;21388;17.1;365;21388;17.1
2024;Accidents du travail;C;Industrie manufacturière;C - Industrie manufacturière;3012Z;Construction de bateaux de plaisance;3012Z - Construction de bateaux de plaisance;475;9822;48.4;475;9822;48.4
2024;Accidents du travail;C;Industrie manufacturière;C - Industrie manufacturière;3020Z;Construction de locomotives et d'autre matériel ferroviaire roulant;3020Z - Construction de locomotives et d'autre matériel ferroviaire roulant;133;16579;8;133;16579;8.0
2024;Accidents du travail;C;Industrie manufacturière;C - Industrie manufacturière;3030Z;Construction aéronautique et spatiale;3030Z - Construction aéronautique et spatiale;782;124431;6.3;782;124431;6.3
2024;Accidents du travail;C;Industrie manufacturière;C - Industrie manufacturière;3040Z;Construction de véhicules militaires de combat;3040Z - Construction de véhicules militaires de combat;21;2377;8.8;21;2377;8.8
2024;Accidents du travail;C;Industrie manufacturière;C - Industrie manufacturière;3091Z;Fabrication de motocycles;3091Z - Fabrication de motocycles;49;2130;23;49;2130;23.0
2024;Accidents du travail;C;Industrie manufacturière;C - Industrie manufacturière;3092Z;Fabrication de bicyclettes et de véhicules pour invalides;3092Z - Fabrication de bicyclettes et de véhicules pour invalides;43;1946;22.1;43;1946;22.1
2024;Accidents du travail;C;Industrie manufacturière;C - Industrie manufacturière;3099Z;Fabrication d'autres équipements de transport n.c.a.;3099Z - Fabrication d'autres équipements de transport n.c.a.;6;167;NC;6;167;
2024;Accidents du travail;C;Industrie manufacturière;C - Industrie manufacturière;3101Z;Fabrication de meubles de bureau et de magasin;3101Z - Fabrication de meubles de bureau et de magasin;443;10446;42.4;443;10446;42.4
2024;Accidents du travail;C;Industrie manufacturière;C - Industrie manufacturière;3102Z;Fabrication de meubles de cuisine;3102Z - Fabrication de meubles de cuisine;214;6880;31.1;214;6880;31.1
2024;Accidents du travail;C;Industrie manufacturière;C - Industrie manufacturière;3103Z;Fabrication de matelas;3103Z - Fabrication de matelas;142;2915;48.7;142;2915;48.7
2024;Accidents du travail;C;Industrie manufacturière;C - Industrie manufacturière;3109A;Fabrication de sièges d'ameublement d'intérieur;3109A - Fabrication de sièges d'ameublement d'intérieur;72;1715;42;72;1715;42.0
2024;Accidents du travail;C;Industrie manufacturière;C - Industrie manufacturière;3109B;Fabrication d'autres meubles et industries connexes de l'ameublement;3109B - Fabrication d'autres meubles et industries connexes de l'ameublement;583;15086;38.6;583;15086;38.6
2024;Accidents du travail;C;Industrie manufacturière;C - Industrie manufacturière;3211Z;Frappe de monnaie;3211Z - Frappe de monnaie;NS;NS;NC;;;
2024;Accidents du travail;C;Industrie manufacturière;C - Industrie manufacturière;3212Z;Fabrication d'articles de joaillerie et bijouterie;3212Z - Fabrication d'articles de joaillerie et bijouterie;113;11113;10.2;113;11113;10.2
2024;Accidents du travail;C;Industrie manufacturière;C - Industrie manufacturière;3213Z;Fabrication d'articles de bijouterie fantaisie et articles similaires;3213Z - Fabrication d'articles de bijouterie fantaisie et articles similaires;34;3155;10.8;34;3155;10.8
2024;Accidents du travail;C;Industrie manufacturière;C - Industrie manufacturière;3220Z;Fabrication d'instruments de musique;3220Z - Fabrication d'instruments de musique;33;1414;23.3;33;1414;23.3
2024;Accidents du travail;C;Industrie manufacturière;C - Industrie manufacturière;3230Z;Fabrication d'articles de sport;3230Z - Fabrication d'articles de sport;106;4623;22.9;106;4623;22.9
2024;Accidents du travail;C;Industrie manufacturière;C - Industrie manufacturière;3240Z;Fabrication de jeux et jouets;3240Z - Fabrication de jeux et jouets;47;1921;24.5;47;1921;24.5
2024;Accidents du travail;C;Industrie manufacturière;C - Industrie manufacturière;3250A;Fabrication de matériel médico-chirurgical et dentaire;3250A - Fabrication de matériel médico-chirurgical et dentaire;630;42840;14.7;630;42840;14.7
2024;Accidents du travail;C;Industrie manufacturière;C - Industrie manufacturière;3250B;Fabrication de lunettes;3250B - Fabrication de lunettes;61;7004;8.7;61;7004;8.7
2024;Accidents du travail;C;Industrie manufacturière;C - Industrie manufacturière;3291Z;Fabrication d'articles de brosserie;3291Z - Fabrication d'articles de brosserie;35;1173;29.8;35;1173;29.8
2024;Accidents du travail;C;Industrie manufacturière;C - Industrie manufacturière;3299Z;Autres activités manufacturières n.c.a.;3299Z - Autres activités manufacturières n.c.a.;177;7928;22.3;177;7928;22.3
2024;Accidents du travail;C;Industrie manufacturière;C - Industrie manufacturière;3311Z;Réparation d'ouvrages en métaux;3311Z - Réparation d'ouvrages en métaux;305;14280;21.4;305;14280;21.4
2024;Accidents du travail;C;Industrie manufacturière;C - Industrie manufacturière;3312Z;Réparation de machines et équipements mécaniques;3312Z - Réparation de machines et équipements mécaniques;1276;41284;30.9;1276;41284;30.9
2024;Accidents du travail;C;Industrie manufacturière;C - Industrie manufacturière;3313Z;Réparation de matériels électroniques et optiques;3313Z - Réparation de matériels électroniques et optiques;67;6936;9.7;67;6936;9.7
2024;Accidents du travail;C;Industrie manufacturière;C - Industrie manufacturière;3314Z;Réparation d'équipements électriques;3314Z - Réparation d'équipements électriques;258;9037;28.5;258;9037;28.5
2024;Accidents du travail;C;Industrie manufacturière;C - Industrie manufacturière;3315Z;Réparation et maintenance navale;3315Z - Réparation et maintenance navale;297;9371;31.7;297;9371;31.7
2024;Accidents du travail;C;Industrie manufacturière;C - Industrie manufacturière;3316Z;Réparation et maintenance d'aéronefs et d'engins spatiaux;3316Z - Réparation et maintenance d'aéronefs et d'engins spatiaux;224;11772;19;224;11772;19.0
2024;Accidents du travail;C;Industrie manufacturière;C - Industrie manufacturière;3317Z;Réparation et maintenance d'autres équipements de transport;3317Z - Réparation et maintenance d'autres équipements de transport;116;2187;53;116;2187;53.0
2024;Accidents du travail;C;Industrie manufacturière;C - Industrie manufacturière;3319Z;Réparation d'autres équipements;3319Z - Réparation d'autres équipements;114;2232;51.1;114;2232;51.1
2024;Accidents du travail;C;Industrie manufacturière;C - Industrie manufacturière;3320A;Installation de structures métalliques, chaudronnées et de tuyauterie;3320A - Installation de structures métalliques, chaudronnées et de tuyauterie;891;28962;30.8;891;28962;30.8
2024;Accidents du travail;C;Industrie manufacturière;C - Industrie manufacturière;3320B;Installation de machines et équipements mécaniques;3320B - Installation de machines et équipements mécaniques;834;25342;32.9;834;25342;32.9
2024;Accidents du travail;C;Industrie manufacturière;C - Industrie manufacturière;3320C;Conception d'ensemble et assemblage sur site industriel d'équipements de contrôle des processus industriels;3320C - Conception d'ensemble et assemblage sur site industriel d'équipements de contrôle des processus industriels;178;16566;10.7;178;16566;10.7
2024;Accidents du travail;C;Industrie manufacturière;C - Industrie manufacturière;3320D;Installation d'équipements électriques, de matériels électroniques et optiques ou d'autres matériels;3320D - Installation d'équipements électriques, de matériels électroniques et optiques ou d'autres matériels;182;11418;15.9;182;11418;15.9
2024;Accidents du travail;C;Industrie manufacturière;C - Industrie manufacturière;TOUS;Total Industrie manufacturière;Total Industrie manufacturière;67334;2750410;24.5;67334;2750410;24.5
2024;Accidents du travail;D;Production et distribution d'électricité, de gaz, de vapeur et d'air conditionné;D - Production et distribution d'électricité, de gaz, de vapeur et d'air conditionné;3511Z;Production d'électricité;3511Z - Production d'électricité;69;14149;4.9;69;14149;4.9
2024;Accidents du travail;D;Production et distribution d'électricité, de gaz, de vapeur et d'air conditionné;D - Production et distribution d'électricité, de gaz, de vapeur et d'air conditionné;3512Z;Transport d'électricité;3512Z - Transport d'électricité;NS;NS;NC;;;
2024;Accidents du travail;D;Production et distribution d'électricité, de gaz, de vapeur et d'air conditionné;D - Production et distribution d'électricité, de gaz, de vapeur et d'air conditionné;3513Z;Distribution d'électricité;3513Z - Distribution d'électricité;13;8779;1.5;13;8779;1.5
2024;Accidents du travail;D;Production et distribution d'électricité, de gaz, de vapeur et d'air conditionné;D - Production et distribution d'électricité, de gaz, de vapeur et d'air conditionné;3514Z;Commerce d'électricité;3514Z - Commerce d'électricité;19;3220;5.9;19;3220;5.9
2024;Accidents du travail;D;Production et distribution d'électricité, de gaz, de vapeur et d'air conditionné;D - Production et distribution d'électricité, de gaz, de vapeur et d'air conditionné;3521Z;Production de combustibles gazeux;3521Z - Production de combustibles gazeux;3;311;NC;3;311;
2024;Accidents du travail;D;Production et distribution d'électricité, de gaz, de vapeur et d'air conditionné;D - Production et distribution d'électricité, de gaz, de vapeur et d'air conditionné;3522Z;Distribution de combustibles gazeux par conduites;3522Z - Distribution de combustibles gazeux par conduites;NS;NS;NS;;;
2024;Accidents du travail;D;Production et distribution d'électricité, de gaz, de vapeur et d'air conditionné;D - Production et distribution d'électricité, de gaz, de vapeur et d'air conditionné;3523Z;Commerce de combustibles gazeux par conduites;3523Z - Commerce de combustibles gazeux par conduites;0;1017;0;0;1017;0.0
2024;Accidents du travail;D;Production et distribution d'électricité, de gaz, de vapeur et d'air conditionné;D - Production et distribution d'électricité, de gaz, de vapeur et d'air conditionné;3530Z;Production et distribution de vapeur et d'air conditionné;3530Z - Production et distribution de vapeur et d'air conditionné;212;24873;8.5;212;24873;8.5
2024;Accidents du travail;D;Production et distribution d'électricité, de gaz, de vapeur et d'air conditionné;D - Production et distribution d'électricité, de gaz, de vapeur et d'air conditionné;TOUS;Total Production et distribution d'électricité, de gaz, de vapeur et d'air conditionné;Total Production et distribution d'électricité, de gaz, de vapeur et d'air conditionné;319;55376;5.8;319;55376;5.8
2024;Accidents du travail;E;"Production et distribution d'eau ; assainissement, gestion des déchets et dépollution";"E - Production et distribution d'eau ; assainissement, gestion des déchets et dépollution";3600Z;Captage, traitement et distribution d'eau;3600Z - Captage, traitement et distribution d'eau;567;41060;13.8;567;41060;13.8
2024;Accidents du travail;E;"Production et distribution d'eau ; assainissement, gestion des déchets et dépollution";"E - Production et distribution d'eau ; assainissement, gestion des déchets et dépollution";3700Z;Collecte et traitement des eaux usées;3700Z - Collecte et traitement des eaux usées;660;18165;36.3;660;18165;36.3
2024;Accidents du travail;E;"Production et distribution d'eau ; assainissement, gestion des déchets et dépollution";"E - Production et distribution d'eau ; assainissement, gestion des déchets et dépollution";3811Z;Collecte des déchets non dangereux;3811Z - Collecte des déchets non dangereux;2124;41232;51.5;2124;41232;51.5
2024;Accidents du travail;E;"Production et distribution d'eau ; assainissement, gestion des déchets et dépollution";"E - Production et distribution d'eau ; assainissement, gestion des déchets et dépollution";3812Z;Collecte des déchets dangereux;3812Z - Collecte des déchets dangereux;196;3683;53.2;196;3683;53.2
2024;Accidents du travail;E;"Production et distribution d'eau ; assainissement, gestion des déchets et dépollution";"E - Production et distribution d'eau ; assainissement, gestion des déchets et dépollution";3821Z;Traitement et élimination des déchets non dangereux;3821Z - Traitement et élimination des déchets non dangereux;497;15879;31.3;497;15879;31.3
2024;Accidents du travail;E;"Production et distribution d'eau ; assainissement, gestion des déchets et dépollution";"E - Production et distribution d'eau ; assainissement, gestion des déchets et dépollution";3822Z;Traitement et élimination des déchets dangereux;3822Z - Traitement et élimination des déchets dangereux;143;9923;14.4;143;9923;14.4
2024;Accidents du travail;E;"Production et distribution d'eau ; assainissement, gestion des déchets et dépollution";"E - Production et distribution d'eau ; assainissement, gestion des déchets et dépollution";3831Z;Démantèlement d'épaves;3831Z - Démantèlement d'épaves;117;2772;42.2;117;2772;42.2
2024;Accidents du travail;E;"Production et distribution d'eau ; assainissement, gestion des déchets et dépollution";"E - Production et distribution d'eau ; assainissement, gestion des déchets et dépollution";3832Z;Récupération de déchets triés;3832Z - Récupération de déchets triés;1868;34385;54.3;1868;34385;54.3
2024;Accidents du travail;E;"Production et distribution d'eau ; assainissement, gestion des déchets et dépollution";"E - Production et distribution d'eau ; assainissement, gestion des déchets et dépollution";3900Z;Dépollution et autres services de gestion des déchets;3900Z - Dépollution et autres services de gestion des déchets;423;10790;39.2;423;10790;39.2
2024;Accidents du travail;E;"Production et distribution d'eau ; assainissement, gestion des déchets et dépollution";"E - Production et distribution d'eau ; assainissement, gestion des déchets et dépollution";TOUS;"Total Production et distribution d'eau ; assainissement, gestion des déchets et dépollution";"Total Production et distribution d'eau ; assainissement, gestion des déchets et dépollution";6595;177889;37.1;6595;177889;37.1
2024;Accidents du travail;F;Construction;F - Construction;4110A;Promotion immobilière de logements;4110A - Promotion immobilière de logements;92;20628;4.5;92;20628;4.5
2024;Accidents du travail;F;Construction;F - Construction;4110B;Promotion immobilière de bureaux;4110B - Promotion immobilière de bureaux;5;1391;3.6;5;1391;3.6
2024;Accidents du travail;F;Construction;F - Construction;4110C;Promotion immobilière d'autres bâtiments;4110C - Promotion immobilière d'autres bâtiments;12;3434;3.5;12;3434;3.5
2024;Accidents du travail;F;Construction;F - Construction;4110D;Supports juridiques de programmes;4110D - Supports juridiques de programmes;57;1819;31.3;57;1819;31.3
2024;Accidents du travail;F;Construction;F - Construction;4120A;Construction de maisons individuelles;4120A - Construction de maisons individuelles;1813;56285;32.2;1813;56285;32.2
2024;Accidents du travail;F;Construction;F - Construction;4120B;Construction d'autres bâtiments;4120B - Construction d'autres bâtiments;2208;75742;29.2;2208;75742;29.2
2024;Accidents du travail;F;Construction;F - Construction;4211Z;Construction de routes et autoroutes;4211Z - Construction de routes et autoroutes;1287;68722;18.7;1287;68722;18.7
2024;Accidents du travail;F;Construction;F - Construction;4212Z;Construction de voies ferrées de surface et souterraines;4212Z - Construction de voies ferrées de surface et souterraines;255;11649;21.9;255;11649;21.9
2024;Accidents du travail;F;Construction;F - Construction;4213A;Construction d'ouvrages d'art;4213A - Construction d'ouvrages d'art;184;8009;23;184;8009;23.0
2024;Accidents du travail;F;Construction;F - Construction;4213B;Construction et entretien de tunnels;4213B - Construction et entretien de tunnels;30;3496;8.6;30;3496;8.6
2024;Accidents du travail;F;Construction;F - Construction;4221Z;Construction de réseaux pour fluides;4221Z - Construction de réseaux pour fluides;1006;29455;34.2;1006;29455;34.2
2024;Accidents du travail;F;Construction;F - Construction;4222Z;Construction de réseaux électriques et de télécommunications;4222Z - Construction de réseaux électriques et de télécommunications;1131;43407;26.1;1131;43407;26.1
2024;Accidents du travail;F;Construction;F - Construction;4291Z;Construction d'ouvrages maritimes et fluviaux;4291Z - Construction d'ouvrages maritimes et fluviaux;55;4321;12.7;55;4321;12.7
2024;Accidents du travail;F;Construction;F - Construction;4299Z;Construction d'autres ouvrages de génie civil n.c.a.;4299Z - Construction d'autres ouvrages de génie civil n.c.a.;269;12808;21;269;12808;21.0
2024;Accidents du travail;F;Construction;F - Construction;4311Z;Travaux de démolition;4311Z - Travaux de démolition;378;8158;46.3;378;8158;46.3
2024;Accidents du travail;F;Construction;F - Construction;4312A;Travaux de terrassement courants et travaux préparatoires;4312A - Travaux de terrassement courants et travaux préparatoires;2979;74796;39.8;2979;74796;39.8
2024;Accidents du travail;F;Construction;F - Construction;4312B;Travaux de terrassement spécialisés ou de grande masse;4312B - Travaux de terrassement spécialisés ou de grande masse;504;18200;27.7;504;18200;27.7
2024;Accidents du travail;F;Construction;F - Construction;4313Z;Forages et sondages;4313Z - Forages et sondages;191;3160;60.4;191;3160;60.4
2024;Accidents du travail;F;Construction;F - Construction;4321A;Travaux d'installation électrique dans tous locaux;4321A - Travaux d'installation électrique dans tous locaux;5834;213099;27.4;5834;213099;27.4
2024;Accidents du travail;F;Construction;F - Construction;4321B;Travaux d'installation électrique sur la voie publique;4321B - Travaux d'installation électrique sur la voie publique;107;5724;18.7;107;5724;18.7
2024;Accidents du travail;F;Construction;F - Construction;4322A;Travaux d'installation d'eau et de gaz en tous locaux;4322A - Travaux d'installation d'eau et de gaz en tous locaux;3607;75343;47.9;3607;75343;47.9
2024;Accidents du travail;F;Construction;F - Construction;4322B;Travaux d'installation d'équipements thermiques et de climatisation;4322B - Travaux d'installation d'équipements thermiques et de climatisation;4889;126934;38.5;4889;126934;38.5
2024;Accidents du travail;F;Construction;F - Construction;4329A;Travaux d'isolation;4329A - Travaux d'isolation;1200;28666;41.9;1200;28666;41.9
2024;Accidents du travail;F;Construction;F - Construction;4329B;Autres travaux d'installation n.c.a.;4329B - Autres travaux d'installation n.c.a.;701;26551;26.4;701;26551;26.4
2024;Accidents du travail;F;Construction;F - Construction;4331Z;Travaux de plâtrerie;4331Z - Travaux de plâtrerie;2321;49209;47.2;2321;49209;47.2
2024;Accidents du travail;F;Construction;F - Construction;4332A;Travaux de menuiserie bois et PVC;4332A - Travaux de menuiserie bois et PVC;6250;100481;62.2;6250;100481;62.2
2024;Accidents du travail;F;Construction;F - Construction;4332B;Travaux de menuiserie métallique et serrurerie;4332B - Travaux de menuiserie métallique et serrurerie;2955;52020;56.8;2955;52020;56.8
2024;Accidents du travail;F;Construction;F - Construction;4332C;Agencement de lieux de vente;4332C - Agencement de lieux de vente;341;8998;37.9;341;8998;37.9
2024;Accidents du travail;F;Construction;F - Construction;4333Z;Travaux de revêtement des sols et des murs;4333Z - Travaux de revêtement des sols et des murs;1659;39165;42.4;1659;39165;42.4
2024;Accidents du travail;F;Construction;F - Construction;4334Z;Travaux de peinture et vitrerie;4334Z - Travaux de peinture et vitrerie;3665;96625;37.9;3665;96625;37.9
2024;Accidents du travail;F;Construction;F - Construction;4339Z;Autres travaux de finition;4339Z - Autres travaux de finition;592;13402;44.2;592;13402;44.2
2024;Accidents du travail;F;Construction;F - Construction;4391A;Travaux de charpente;4391A - Travaux de charpente;2868;33816;84.8;2868;33816;84.8
2024;Accidents du travail;F;Construction;F - Construction;4391B;Travaux de couverture par éléments;4391B - Travaux de couverture par éléments;4172;51774;80.6;4172;51774;80.6
2024;Accidents du travail;F;Construction;F - Construction;4399A;Travaux d'étanchéification;4399A - Travaux d'étanchéification;1047;24907;42;1047;24907;42.0
2024;Accidents du travail;F;Construction;F - Construction;4399B;Travaux de montage de structures métalliques;4399B - Travaux de montage de structures métalliques;759;15524;48.9;759;15524;48.9
2024;Accidents du travail;F;Construction;F - Construction;4399C;Travaux de maçonnerie générale et gros œuvre de bâtiment;4399C - Travaux de maçonnerie générale et gros œuvre de bâtiment;11487;221374;51.9;11487;221374;51.9
2024;Accidents du travail;F;Construction;F - Construction;4399D;Autres travaux spécialisés de construction;4399D - Autres travaux spécialisés de construction;1196;26061;45.9;1196;26061;45.9
2024;Accidents du travail;F;Construction;F - Construction;4399E;Location avec opérateur de matériel de construction;4399E - Location avec opérateur de matériel de construction;324;6678;48.5;324;6678;48.5
2024;Accidents du travail;F;Construction;F - Construction;TOUS;Total Construction;Total Construction;68430;1661831;41.2;68430;1661831;41.2
2024;Accidents du travail;G;"Commerce ; réparation d'automobiles et de motocycles";"G - Commerce ; réparation d'automobiles et de motocycles";4511Z;Commerce de voitures et de véhicules automobiles légers;4511Z - Commerce de voitures et de véhicules automobiles légers;3630;172351;21.1;3630;172351;21.1
2024;Accidents du travail;G;"Commerce ; réparation d'automobiles et de motocycles";"G - Commerce ; réparation d'automobiles et de motocycles";4519Z;Commerce d'autres véhicules automobiles;4519Z - Commerce d'autres véhicules automobiles;677;16311;41.5;677;16311;41.5
2024;Accidents du travail;G;"Commerce ; réparation d'automobiles et de motocycles";"G - Commerce ; réparation d'automobiles et de motocycles";4520A;Entretien et réparation de véhicules automobiles légers;4520A - Entretien et réparation de véhicules automobiles légers;4096;150472;27.2;4096;150472;27.2
2024;Accidents du travail;G;"Commerce ; réparation d'automobiles et de motocycles";"G - Commerce ; réparation d'automobiles et de motocycles";4520B;Entretien et réparation d'autres véhicules automobiles;4520B - Entretien et réparation d'autres véhicules automobiles;621;12945;48;621;12945;48.0
2024;Accidents du travail;G;"Commerce ; réparation d'automobiles et de motocycles";"G - Commerce ; réparation d'automobiles et de motocycles";4531Z;Commerce de gros d'équipements automobiles;4531Z - Commerce de gros d'équipements automobiles;1275;40296;31.6;1275;40296;31.6
2024;Accidents du travail;G;"Commerce ; réparation d'automobiles et de motocycles";"G - Commerce ; réparation d'automobiles et de motocycles";4532Z;Commerce de détail d'équipements automobiles;4532Z - Commerce de détail d'équipements automobiles;1258;36246;34.7;1258;36246;34.7
2024;Accidents du travail;G;"Commerce ; réparation d'automobiles et de motocycles";"G - Commerce ; réparation d'automobiles et de motocycles";4540Z;Commerce et réparation de motocycles;4540Z - Commerce et réparation de motocycles;334;15569;21.5;334;15569;21.5
2024;Accidents du travail;G;"Commerce ; réparation d'automobiles et de motocycles";"G - Commerce ; réparation d'automobiles et de motocycles";4611Z;Intermédiaires du commerce en matières premières agricoles, animaux vivants, matières premières textiles et produits semi-finis;4611Z - Intermédiaires du commerce en matières premières agricoles, animaux vivants, matières premières textiles et produits semi-finis;12;1185;10.1;12;1185;10.1
2024;Accidents du travail;G;"Commerce ; réparation d'automobiles et de motocycles";"G - Commerce ; réparation d'automobiles et de motocycles";4612A;Centrales d'achat de carburant;4612A - Centrales d'achat de carburant;0;38;NC;0;38;
2024;Accidents du travail;G;"Commerce ; réparation d'automobiles et de motocycles";"G - Commerce ; réparation d'automobiles et de motocycles";4612B;Autres intermédiaires du commerce en combustibles, métaux, minéraux et produits chimiques;4612B - Autres intermédiaires du commerce en combustibles, métaux, minéraux et produits chimiques;17;1841;9.2;17;1841;9.2
2024;Accidents du travail;G;"Commerce ; réparation d'automobiles et de motocycles";"G - Commerce ; réparation d'automobiles et de motocycles";4613Z;Intermédiaires du commerce en bois et matériaux de construction;4613Z - Intermédiaires du commerce en bois et matériaux de construction;92;3228;28.5;92;3228;28.5
2024;Accidents du travail;G;"Commerce ; réparation d'automobiles et de motocycles";"G - Commerce ; réparation d'automobiles et de motocycles";4614Z;Intermédiaires du commerce en machines, équipements industriels, navires et avions;4614Z - Intermédiaires du commerce en machines, équipements industriels, navires et avions;38;3475;10.9;38;3475;10.9
2024;Accidents du travail;G;"Commerce ; réparation d'automobiles et de motocycles";"G - Commerce ; réparation d'automobiles et de motocycles";4615Z;Intermédiaires du commerce en meubles, articles de ménage et quincaillerie;4615Z - Intermédiaires du commerce en meubles, articles de ménage et quincaillerie;14;1423;9.8;14;1423;9.8
2024;Accidents du travail;G;"Commerce ; réparation d'automobiles et de motocycles";"G - Commerce ; réparation d'automobiles et de motocycles";4616Z;Intermédiaires du commerce en textiles, habillement, fourrures, chaussures et articles en cuir;4616Z - Intermédiaires du commerce en textiles, habillement, fourrures, chaussures et articles en cuir;24;1606;14.9;24;1606;14.9
2024;Accidents du travail;G;"Commerce ; réparation d'automobiles et de motocycles";"G - Commerce ; réparation d'automobiles et de motocycles";4617A;Centrales d'achat alimentaires;4617A - Centrales d'achat alimentaires;699;15883;44;699;15883;44.0
2024;Accidents du travail;G;"Commerce ; réparation d'automobiles et de motocycles";"G - Commerce ; réparation d'automobiles et de motocycles";4617B;Autres intermédiaires du commerce en denrées, boissons et tabac;4617B - Autres intermédiaires du commerce en denrées, boissons et tabac;44;3513;12.5;44;3513;12.5
2024;Accidents du travail;G;"Commerce ; réparation d'automobiles et de motocycles";"G - Commerce ; réparation d'automobiles et de motocycles";4618Z;Intermédiaires spécialisés dans le commerce d'autres produits spécifiques;4618Z - Intermédiaires spécialisés dans le commerce d'autres produits spécifiques;205;15329;13.4;205;15329;13.4
2024;Accidents du travail;G;"Commerce ; réparation d'automobiles et de motocycles";"G - Commerce ; réparation d'automobiles et de motocycles";4619A;Centrales d'achat non alimentaires;4619A - Centrales d'achat non alimentaires;122;12105;10.1;122;12105;10.1
2024;Accidents du travail;G;"Commerce ; réparation d'automobiles et de motocycles";"G - Commerce ; réparation d'automobiles et de motocycles";4619B;Autres intermédiaires du commerce en produits divers;4619B - Autres intermédiaires du commerce en produits divers;143;12401;11.5;143;12401;11.5
2024;Accidents du travail;G;"Commerce ; réparation d'automobiles et de motocycles";"G - Commerce ; réparation d'automobiles et de motocycles";4621Z;Commerce de gros (commerce interentreprises) de céréales, de tabac non manufacturé, de semences et d'aliments pour le bétail;4621Z - Commerce de gros (commerce interentreprises) de céréales, de tabac non manufacturé, de semences et d'aliments pour le bétail;242;12088;20;242;12088;20.0
2024;Accidents du travail;G;"Commerce ; réparation d'automobiles et de motocycles";"G - Commerce ; réparation d'automobiles et de motocycles";4622Z;Commerce de gros (commerce interentreprises) de fleurs et plantes;4622Z - Commerce de gros (commerce interentreprises) de fleurs et plantes;78;3298;23.7;78;3298;23.7
2024;Accidents du travail;G;"Commerce ; réparation d'automobiles et de motocycles";"G - Commerce ; réparation d'automobiles et de motocycles";4623Z;Commerce de gros (commerce interentreprises) d'animaux vivants;4623Z - Commerce de gros (commerce interentreprises) d'animaux vivants;93;2743;33.9;93;2743;33.9
2024;Accidents du travail;G;"Commerce ; réparation d'automobiles et de motocycles";"G - Commerce ; réparation d'automobiles et de motocycles";4624Z;Commerce de gros (commerce interentreprises) de cuirs et peaux;4624Z - Commerce de gros (commerce interentreprises) de cuirs et peaux;13;457;NC;13;457;
2024;Accidents du travail;G;"Commerce ; réparation d'automobiles et de motocycles";"G - Commerce ; réparation d'automobiles et de motocycles";4631Z;Commerce de gros (commerce interentreprises) de fruits et légumes;4631Z - Commerce de gros (commerce interentreprises) de fruits et légumes;1323;29948;44.2;1323;29948;44.2
2024;Accidents du travail;G;"Commerce ; réparation d'automobiles et de motocycles";"G - Commerce ; réparation d'automobiles et de motocycles";4632A;Commerce de gros (commerce interentreprises) de viandes de boucherie;4632A - Commerce de gros (commerce interentreprises) de viandes de boucherie;306;5808;52.7;306;5808;52.7
2024;Accidents du travail;G;"Commerce ; réparation d'automobiles et de motocycles";"G - Commerce ; réparation d'automobiles et de motocycles";4632B;Commerce de gros (commerce interentreprises) de produits à base de viande;4632B - Commerce de gros (commerce interentreprises) de produits à base de viande;68;2904;23.4;68;2904;23.4
2024;Accidents du travail;G;"Commerce ; réparation d'automobiles et de motocycles";"G - Commerce ; réparation d'automobiles et de motocycles";4632C;Commerce de gros (commerce interentreprises) de volailles et gibier;4632C - Commerce de gros (commerce interentreprises) de volailles et gibier;100;2342;42.7;100;2342;42.7
2024;Accidents du travail;G;"Commerce ; réparation d'automobiles et de motocycles";"G - Commerce ; réparation d'automobiles et de motocycles";4633Z;Commerce de gros (commerce interentreprises) de produits laitiers, œufs, huiles et matières grasses comestibles;4633Z - Commerce de gros (commerce interentreprises) de produits laitiers, œufs, huiles et matières grasses comestibles;467;10931;42.7;467;10931;42.7
2024;Accidents du travail;G;"Commerce ; réparation d'automobiles et de motocycles";"G - Commerce ; réparation d'automobiles et de motocycles";4634Z;Commerce de gros (commerce interentreprises) de boissons;4634Z - Commerce de gros (commerce interentreprises) de boissons;1220;36936;33;1220;36936;33.0
2024;Accidents du travail;G;"Commerce ; réparation d'automobiles et de motocycles";"G - Commerce ; réparation d'automobiles et de motocycles";4635Z;Commerce de gros (commerce interentreprises) de produits à base de tabac;4635Z - Commerce de gros (commerce interentreprises) de produits à base de tabac;25;1433;17.4;25;1433;17.4
2024;Accidents du travail;G;"Commerce ; réparation d'automobiles et de motocycles";"G - Commerce ; réparation d'automobiles et de motocycles";4636Z;Commerce de gros (commerce interentreprises) de sucre, chocolat et confiserie;4636Z - Commerce de gros (commerce interentreprises) de sucre, chocolat et confiserie;145;5142;28.2;145;5142;28.2
2024;Accidents du travail;G;"Commerce ; réparation d'automobiles et de motocycles";"G - Commerce ; réparation d'automobiles et de motocycles";4637Z;Commerce de gros (commerce interentreprises) de café, thé, cacao et épices;4637Z - Commerce de gros (commerce interentreprises) de café, thé, cacao et épices;35;3023;11.6;35;3023;11.6
2024;Accidents du travail;G;"Commerce ; réparation d'automobiles et de motocycles";"G - Commerce ; réparation d'automobiles et de motocycles";4638A;Commerce de gros (commerce interentreprises) de poissons, crustacés et mollusques;4638A - Commerce de gros (commerce interentreprises) de poissons, crustacés et mollusques;306;6649;46;306;6649;46.0
2024;Accidents du travail;G;"Commerce ; réparation d'automobiles et de motocycles";"G - Commerce ; réparation d'automobiles et de motocycles";4638B;Commerce de gros (commerce interentreprises) alimentaire spécialisé divers;4638B - Commerce de gros (commerce interentreprises) alimentaire spécialisé divers;489;20253;24.1;489;20253;24.1
2024;Accidents du travail;G;"Commerce ; réparation d'automobiles et de motocycles";"G - Commerce ; réparation d'automobiles et de motocycles";4639A;Commerce de gros (commerce interentreprises) de produits surgelés;4639A - Commerce de gros (commerce interentreprises) de produits surgelés;656;13139;49.9;656;13139;49.9
2024;Accidents du travail;G;"Commerce ; réparation d'automobiles et de motocycles";"G - Commerce ; réparation d'automobiles et de motocycles";4639B;Commerce de gros (commerce interentreprises) alimentaire non spécialisé;4639B - Commerce de gros (commerce interentreprises) alimentaire non spécialisé;1898;41105;46.2;1898;41105;46.2
2024;Accidents du travail;G;"Commerce ; réparation d'automobiles et de motocycles";"G - Commerce ; réparation d'automobiles et de motocycles";4641Z;Commerce de gros (commerce interentreprises) de textiles;4641Z - Commerce de gros (commerce interentreprises) de textiles;83;6507;12.8;83;6507;12.8
2024;Accidents du travail;G;"Commerce ; réparation d'automobiles et de motocycles";"G - Commerce ; réparation d'automobiles et de motocycles";4642Z;Commerce de gros (commerce interentreprises) d'habillement et de chaussures;4642Z - Commerce de gros (commerce interentreprises) d'habillement et de chaussures;323;26014;12.4;323;26014;12.4
2024;Accidents du travail;G;"Commerce ; réparation d'automobiles et de motocycles";"G - Commerce ; réparation d'automobiles et de motocycles";4643Z;Commerce de gros (commerce interentreprises) d'appareils électroménagers;4643Z - Commerce de gros (commerce interentreprises) d'appareils électroménagers;158;12840;12.3;158;12840;12.3
2024;Accidents du travail;G;"Commerce ; réparation d'automobiles et de motocycles";"G - Commerce ; réparation d'automobiles et de motocycles";4644Z;Commerce de gros (commerce interentreprises) de vaisselle, verrerie et produits d'entretien;4644Z - Commerce de gros (commerce interentreprises) de vaisselle, verrerie et produits d'entretien;193;8740;22.1;193;8740;22.1
2024;Accidents du travail;G;"Commerce ; réparation d'automobiles et de motocycles";"G - Commerce ; réparation d'automobiles et de motocycles";4645Z;Commerce de gros (commerce interentreprises) de parfumerie et de produits de beauté;4645Z - Commerce de gros (commerce interentreprises) de parfumerie et de produits de beauté;244;22305;10.9;244;22305;10.9
2024;Accidents du travail;G;"Commerce ; réparation d'automobiles et de motocycles";"G - Commerce ; réparation d'automobiles et de motocycles";4646Z;Commerce de gros (commerce interentreprises) de produits pharmaceutiques;4646Z - Commerce de gros (commerce interentreprises) de produits pharmaceutiques;965;62412;15.5;965;62412;15.5
2024;Accidents du travail;G;"Commerce ; réparation d'automobiles et de motocycles";"G - Commerce ; réparation d'automobiles et de motocycles";4647Z;Commerce de gros (commerce interentreprises) de meubles, de tapis et d'appareils d'éclairage;4647Z - Commerce de gros (commerce interentreprises) de meubles, de tapis et d'appareils d'éclairage;82;5826;14.1;82;5826;14.1
2024;Accidents du travail;G;"Commerce ; réparation d'automobiles et de motocycles";"G - Commerce ; réparation d'automobiles et de motocycles";4648Z;Commerce de gros (commerce interentreprises) d'articles d'horlogerie et de bijouterie;4648Z - Commerce de gros (commerce interentreprises) d'articles d'horlogerie et de bijouterie;11;3050;3.6;11;3050;3.6
2024;Accidents du travail;G;"Commerce ; réparation d'automobiles et de motocycles";"G - Commerce ; réparation d'automobiles et de motocycles";4649Z;Commerce de gros (commerce interentreprises) d'autres biens domestiques;4649Z - Commerce de gros (commerce interentreprises) d'autres biens domestiques;679;44777;15.2;679;44777;15.2
2024;Accidents du travail;G;"Commerce ; réparation d'automobiles et de motocycles";"G - Commerce ; réparation d'automobiles et de motocycles";4651Z;Commerce de gros (commerce interentreprises) d'ordinateurs, d'équipements informatiques périphériques et de logiciels;4651Z - Commerce de gros (commerce interentreprises) d'ordinateurs, d'équipements informatiques périphériques et de logiciels;218;33516;6.5;218;33516;6.5
2024;Accidents du travail;G;"Commerce ; réparation d'automobiles et de motocycles";"G - Commerce ; réparation d'automobiles et de motocycles";4652Z;Commerce de gros (commerce interentreprises) de composants et d'équipements électroniques et de télécommunication;4652Z - Commerce de gros (commerce interentreprises) de composants et d'équipements électroniques et de télécommunication;215;26725;8;215;26725;8.0
2024;Accidents du travail;G;"Commerce ; réparation d'automobiles et de motocycles";"G - Commerce ; réparation d'automobiles et de motocycles";4661Z;Commerce de gros (commerce interentreprises) de matériel agricole;4661Z - Commerce de gros (commerce interentreprises) de matériel agricole;1459;41052;35.5;1459;41052;35.5
2024;Accidents du travail;G;"Commerce ; réparation d'automobiles et de motocycles";"G - Commerce ; réparation d'automobiles et de motocycles";4662Z;Commerce de gros (commerce interentreprises) de machines-outils;4662Z - Commerce de gros (commerce interentreprises) de machines-outils;91;4557;20;91;4557;20.0
2024;Accidents du travail;G;"Commerce ; réparation d'automobiles et de motocycles";"G - Commerce ; réparation d'automobiles et de motocycles";4663Z;Commerce de gros (commerce interentreprises) de machines pour l'extraction, la construction et le génie civil;4663Z - Commerce de gros (commerce interentreprises) de machines pour l'extraction, la construction et le génie civil;396;14449;27.4;396;14449;27.4
2024;Accidents du travail;G;"Commerce ; réparation d'automobiles et de motocycles";"G - Commerce ; réparation d'automobiles et de motocycles";4664Z;Commerce de gros (commerce interentreprises) de machines pour l'industrie textile et l'habillement;4664Z - Commerce de gros (commerce interentreprises) de machines pour l'industrie textile et l'habillement;4;412;NC;4;412;
2024;Accidents du travail;G;"Commerce ; réparation d'automobiles et de motocycles";"G - Commerce ; réparation d'automobiles et de motocycles";4665Z;Commerce de gros (commerce interentreprises) de mobilier de bureau;4665Z - Commerce de gros (commerce interentreprises) de mobilier de bureau;57;3381;16.9;57;3381;16.9
2024;Accidents du travail;G;"Commerce ; réparation d'automobiles et de motocycles";"G - Commerce ; réparation d'automobiles et de motocycles";4666Z;Commerce de gros (commerce interentreprises) d'autres machines et équipements de bureau;4666Z - Commerce de gros (commerce interentreprises) d'autres machines et équipements de bureau;127;13725;9.3;127;13725;9.3
2024;Accidents du travail;G;"Commerce ; réparation d'automobiles et de motocycles";"G - Commerce ; réparation d'automobiles et de motocycles";4669A;Commerce de gros (commerce interentreprises) de matériel électrique;4669A - Commerce de gros (commerce interentreprises) de matériel électrique;389;34677;11.2;389;34677;11.2
2024;Accidents du travail;G;"Commerce ; réparation d'automobiles et de motocycles";"G - Commerce ; réparation d'automobiles et de motocycles";4669B;Commerce de gros (commerce interentreprises) de fournitures et équipements industriels divers;4669B - Commerce de gros (commerce interentreprises) de fournitures et équipements industriels divers;1743;96891;18;1743;96891;18.0
2024;Accidents du travail;G;"Commerce ; réparation d'automobiles et de motocycles";"G - Commerce ; réparation d'automobiles et de motocycles";4669C;Commerce de gros (commerce interentreprises) de fournitures et équipements divers pour le commerce et les services;4669C - Commerce de gros (commerce interentreprises) de fournitures et équipements divers pour le commerce et les services;700;26098;26.8;700;26098;26.8
2024;Accidents du travail;G;"Commerce ; réparation d'automobiles et de motocycles";"G - Commerce ; réparation d'automobiles et de motocycles";4671Z;Commerce de gros (commerce interentreprises) de combustibles et de produits annexes;4671Z - Commerce de gros (commerce interentreprises) de combustibles et de produits annexes;195;13631;14.3;195;13631;14.3
2024;Accidents du travail;G;"Commerce ; réparation d'automobiles et de motocycles";"G - Commerce ; réparation d'automobiles et de motocycles";4672Z;Commerce de gros (commerce interentreprises) de minerais et métaux;4672Z - Commerce de gros (commerce interentreprises) de minerais et métaux;390;15480;25.2;390;15480;25.2
2024;Accidents du travail;G;"Commerce ; réparation d'automobiles et de motocycles";"G - Commerce ; réparation d'automobiles et de motocycles";4673A;Commerce de gros (commerce interentreprises) de bois et de matériaux de construction;4673A - Commerce de gros (commerce interentreprises) de bois et de matériaux de construction;2426;84801;28.6;2426;84801;28.6
2024;Accidents du travail;G;"Commerce ; réparation d'automobiles et de motocycles";"G - Commerce ; réparation d'automobiles et de motocycles";4673B;Commerce de gros (commerce interentreprises) d'appareils sanitaires et de produits de décoration;4673B - Commerce de gros (commerce interentreprises) d'appareils sanitaires et de produits de décoration;322;18172;17.7;322;18172;17.7
2024;Accidents du travail;G;"Commerce ; réparation d'automobiles et de motocycles";"G - Commerce ; réparation d'automobiles et de motocycles";4674A;Commerce de gros (commerce interentreprises) de quincaillerie;4674A - Commerce de gros (commerce interentreprises) de quincaillerie;556;25817;21.5;556;25817;21.5
2024;Accidents du travail;G;"Commerce ; réparation d'automobiles et de motocycles";"G - Commerce ; réparation d'automobiles et de motocycles";4674B;Commerce de gros (commerce interentreprises) de fournitures pour la plomberie et le chauffage;4674B - Commerce de gros (commerce interentreprises) de fournitures pour la plomberie et le chauffage;563;26105;21.6;563;26105;21.6
2024;Accidents du travail;G;"Commerce ; réparation d'automobiles et de motocycles";"G - Commerce ; réparation d'automobiles et de motocycles";4675Z;Commerce de gros (commerce interentreprises) de produits chimiques;4675Z - Commerce de gros (commerce interentreprises) de produits chimiques;250;19330;12.9;250;19330;12.9
2024;Accidents du travail;G;"Commerce ; réparation d'automobiles et de motocycles";"G - Commerce ; réparation d'automobiles et de motocycles";4676Z;Commerce de gros (commerce interentreprises) d'autres produits intermédiaires;4676Z - Commerce de gros (commerce interentreprises) d'autres produits intermédiaires;189;10979;17.2;189;10979;17.2
2024;Accidents du travail;G;"Commerce ; réparation d'automobiles et de motocycles";"G - Commerce ; réparation d'automobiles et de motocycles";4677Z;Commerce de gros (commerce interentreprises) de déchets et débris;4677Z - Commerce de gros (commerce interentreprises) de déchets et débris;135;3189;42.3;135;3189;42.3
2024;Accidents du travail;G;"Commerce ; réparation d'automobiles et de motocycles";"G - Commerce ; réparation d'automobiles et de motocycles";4690Z;Commerce de gros (commerce interentreprises) non spécialisé;4690Z - Commerce de gros (commerce interentreprises) non spécialisé;787;38279;20.6;787;38279;20.6
2024;Accidents du travail;G;"Commerce ; réparation d'automobiles et de motocycles";"G - Commerce ; réparation d'automobiles et de motocycles";4711A;Commerce de détail de produits surgelés;4711A - Commerce de détail de produits surgelés;349;7922;44.1;349;7922;44.1
2024;Accidents du travail;G;"Commerce ; réparation d'automobiles et de motocycles";"G - Commerce ; réparation d'automobiles et de motocycles";4711B;Commerce d'alimentation générale;4711B - Commerce d'alimentation générale;869;50757;17.1;869;50757;17.1
2024;Accidents du travail;G;"Commerce ; réparation d'automobiles et de motocycles";"G - Commerce ; réparation d'automobiles et de motocycles";4711C;Supérettes;4711C - Supérettes;498;22335;22.3;498;22335;22.3
2024;Accidents du travail;G;"Commerce ; réparation d'automobiles et de motocycles";"G - Commerce ; réparation d'automobiles et de motocycles";4711D;Supermarchés;4711D - Supermarchés;10385;247990;41.9;10385;247990;41.9
2024;Accidents du travail;G;"Commerce ; réparation d'automobiles et de motocycles";"G - Commerce ; réparation d'automobiles et de motocycles";4711E;Magasins multi-commerces;4711E - Magasins multi-commerces;175;3956;44.2;175;3956;44.2
2024;Accidents du travail;G;"Commerce ; réparation d'automobiles et de motocycles";"G - Commerce ; réparation d'automobiles et de motocycles";4711F;Hypermarchés;4711F - Hypermarchés;13572;281135;48.3;13572;281135;48.3
2024;Accidents du travail;G;"Commerce ; réparation d'automobiles et de motocycles";"G - Commerce ; réparation d'automobiles et de motocycles";4719A;Grands magasins;4719A - Grands magasins;390;11123;35.1;390;11123;35.1
2024;Accidents du travail;G;"Commerce ; réparation d'automobiles et de motocycles";"G - Commerce ; réparation d'automobiles et de motocycles";4719B;Autres commerces de détail en magasin non spécialisé;4719B - Autres commerces de détail en magasin non spécialisé;1665;38345;43.4;1665;38345;43.4
2024;Accidents du travail;G;"Commerce ; réparation d'automobiles et de motocycles";"G - Commerce ; réparation d'automobiles et de motocycles";4721Z;Commerce de détail de fruits et légumes en magasin spécialisé;4721Z - Commerce de détail de fruits et légumes en magasin spécialisé;444;15855;28;444;15855;28.0
2024;Accidents du travail;G;"Commerce ; réparation d'automobiles et de motocycles";"G - Commerce ; réparation d'automobiles et de motocycles";4722Z;Commerce de détail de viandes et de produits à base de viande en magasin spécialisé;4722Z - Commerce de détail de viandes et de produits à base de viande en magasin spécialisé;1804;43087;41.9;1804;43087;41.9
2024;Accidents du travail;G;"Commerce ; réparation d'automobiles et de motocycles";"G - Commerce ; réparation d'automobiles et de motocycles";4723Z;Commerce de détail de poissons, crustacés et mollusques en magasin spécialisé;4723Z - Commerce de détail de poissons, crustacés et mollusques en magasin spécialisé;134;4206;31.9;134;4206;31.9
2024;Accidents du travail;G;"Commerce ; réparation d'automobiles et de motocycles";"G - Commerce ; réparation d'automobiles et de motocycles";4724Z;Commerce de détail de pain, pâtisserie et confiserie en magasin spécialisé;4724Z - Commerce de détail de pain, pâtisserie et confiserie en magasin spécialisé;237;11290;21;237;11290;21.0
2024;Accidents du travail;G;"Commerce ; réparation d'automobiles et de motocycles";"G - Commerce ; réparation d'automobiles et de motocycles";4725Z;Commerce de détail de boissons en magasin spécialisé;4725Z - Commerce de détail de boissons en magasin spécialisé;126;9838;12.8;126;9838;12.8
2024;Accidents du travail;G;"Commerce ; réparation d'automobiles et de motocycles";"G - Commerce ; réparation d'automobiles et de motocycles";4726Z;Commerce de détail de produits à base de tabac en magasin spécialisé;4726Z - Commerce de détail de produits à base de tabac en magasin spécialisé;94;11001;8.5;94;11001;8.5
2024;Accidents du travail;G;"Commerce ; réparation d'automobiles et de motocycles";"G - Commerce ; réparation d'automobiles et de motocycles";4729Z;Autres commerces de détail alimentaires en magasin spécialisé;4729Z - Autres commerces de détail alimentaires en magasin spécialisé;712;30467;23.4;712;30467;23.4
2024;Accidents du travail;G;"Commerce ; réparation d'automobiles et de motocycles";"G - Commerce ; réparation d'automobiles et de motocycles";4730Z;Commerce de détail de carburants en magasin spécialisé;4730Z - Commerce de détail de carburants en magasin spécialisé;363;19709;18.4;363;19709;18.4
2024;Accidents du travail;G;"Commerce ; réparation d'automobiles et de motocycles";"G - Commerce ; réparation d'automobiles et de motocycles";4741Z;Commerce de détail d'ordinateurs, d'unités périphériques et de logiciels en magasin spécialisé;4741Z - Commerce de détail d'ordinateurs, d'unités périphériques et de logiciels en magasin spécialisé;134;13476;9.9;134;13476;9.9
2024;Accidents du travail;G;"Commerce ; réparation d'automobiles et de motocycles";"G - Commerce ; réparation d'automobiles et de motocycles";4742Z;Commerce de détail de matériels de télécommunication en magasin spécialisé;4742Z - Commerce de détail de matériels de télécommunication en magasin spécialisé;281;17089;16.4;281;17089;16.4
2024;Accidents du travail;G;"Commerce ; réparation d'automobiles et de motocycles";"G - Commerce ; réparation d'automobiles et de motocycles";4743Z;Commerce de détail de matériels audio et vidéo en magasin spécialisé;4743Z - Commerce de détail de matériels audio et vidéo en magasin spécialisé;96;5103;18.8;96;5103;18.8
2024;Accidents du travail;G;"Commerce ; réparation d'automobiles et de motocycles";"G - Commerce ; réparation d'automobiles et de motocycles";4751Z;Commerce de détail de textiles en magasin spécialisé;4751Z - Commerce de détail de textiles en magasin spécialisé;156;8287;18.8;156;8287;18.8
2024;Accidents du travail;G;"Commerce ; réparation d'automobiles et de motocycles";"G - Commerce ; réparation d'automobiles et de motocycles";4752A;Commerce de détail de quincaillerie, peintures et verres en petites surfaces (moins de 400 m²);4752A - Commerce de détail de quincaillerie, peintures et verres en petites surfaces (moins de 400 m²);468;16737;28;468;16737;28.0
2024;Accidents du travail;G;"Commerce ; réparation d'automobiles et de motocycles";"G - Commerce ; réparation d'automobiles et de motocycles";4752B;Commerce de détail de quincaillerie, peintures et verres en grandes surfaces (400 m² et plus);4752B - Commerce de détail de quincaillerie, peintures et verres en grandes surfaces (400 m² et plus);3053;78975;38.7;3053;78975;38.7
2024;Accidents du travail;G;"Commerce ; réparation d'automobiles et de motocycles";"G - Commerce ; réparation d'automobiles et de motocycles";4753Z;Commerce de détail de tapis, moquettes et revêtements de murs et de sols en magasin spécialisé;4753Z - Commerce de détail de tapis, moquettes et revêtements de murs et de sols en magasin spécialisé;129;3416;37.8;129;3416;37.8
2024;Accidents du travail;G;"Commerce ; réparation d'automobiles et de motocycles";"G - Commerce ; réparation d'automobiles et de motocycles";4754Z;Commerce de détail d'appareils électroménagers en magasin spécialisé;4754Z - Commerce de détail d'appareils électroménagers en magasin spécialisé;677;23479;28.8;677;23479;28.8
2024;Accidents du travail;G;"Commerce ; réparation d'automobiles et de motocycles";"G - Commerce ; réparation d'automobiles et de motocycles";4759A;Commerce de détail de meubles;4759A - Commerce de détail de meubles;1647;51778;31.8;1647;51778;31.8
2024;Accidents du travail;G;"Commerce ; réparation d'automobiles et de motocycles";"G - Commerce ; réparation d'automobiles et de motocycles";4759B;Commerce de détail d'autres équipements du foyer;4759B - Commerce de détail d'autres équipements du foyer;719;24171;29.7;719;24171;29.7
2024;Accidents du travail;G;"Commerce ; réparation d'automobiles et de motocycles";"G - Commerce ; réparation d'automobiles et de motocycles";4761Z;Commerce de détail de livres en magasin spécialisé;4761Z - Commerce de détail de livres en magasin spécialisé;154;12227;12.6;154;12227;12.6
2024;Accidents du travail;G;"Commerce ; réparation d'automobiles et de motocycles";"G - Commerce ; réparation d'automobiles et de motocycles";4762Z;Commerce de détail de journaux et papeterie en magasin spécialisé;4762Z - Commerce de détail de journaux et papeterie en magasin spécialisé;241;15898;15.2;241;15898;15.2
2024;Accidents du travail;G;"Commerce ; réparation d'automobiles et de motocycles";"G - Commerce ; réparation d'automobiles et de motocycles";4763Z;Commerce de détail d'enregistrements musicaux et vidéo en magasin spécialisé;4763Z - Commerce de détail d'enregistrements musicaux et vidéo en magasin spécialisé;8;425;NC;8;425;
2024;Accidents du travail;G;"Commerce ; réparation d'automobiles et de motocycles";"G - Commerce ; réparation d'automobiles et de motocycles";4764Z;Commerce de détail d'articles de sport en magasin spécialisé;4764Z - Commerce de détail d'articles de sport en magasin spécialisé;965;55019;17.5;965;55019;17.5
2024;Accidents du travail;G;"Commerce ; réparation d'automobiles et de motocycles";"G - Commerce ; réparation d'automobiles et de motocycles";4765Z;Commerce de détail de jeux et jouets en magasin spécialisé;4765Z - Commerce de détail de jeux et jouets en magasin spécialisé;150;7325;20.5;150;7325;20.5
2024;Accidents du travail;G;"Commerce ; réparation d'automobiles et de motocycles";"G - Commerce ; réparation d'automobiles et de motocycles";4771Z;Commerce de détail d'habillement en magasin spécialisé;4771Z - Commerce de détail d'habillement en magasin spécialisé;2469;134511;18.4;2469;134511;18.4
2024;Accidents du travail;G;"Commerce ; réparation d'automobiles et de motocycles";"G - Commerce ; réparation d'automobiles et de motocycles";4772A;Commerce de détail de la chaussure;4772A - Commerce de détail de la chaussure;385;20309;19;385;20309;19.0
2024;Accidents du travail;G;"Commerce ; réparation d'automobiles et de motocycles";"G - Commerce ; réparation d'automobiles et de motocycles";4772B;Commerce de détail de maroquinerie et d'articles de voyage;4772B - Commerce de détail de maroquinerie et d'articles de voyage;117;7906;14.8;117;7906;14.8
2024;Accidents du travail;G;"Commerce ; réparation d'automobiles et de motocycles";"G - Commerce ; réparation d'automobiles et de motocycles";4773Z;Commerce de détail de produits pharmaceutiques en magasin spécialisé;4773Z - Commerce de détail de produits pharmaceutiques en magasin spécialisé;840;119569;7;840;119569;7.0
2024;Accidents du travail;G;"Commerce ; réparation d'automobiles et de motocycles";"G - Commerce ; réparation d'automobiles et de motocycles";4774Z;Commerce de détail d'articles médicaux et orthopédiques en magasin spécialisé;4774Z - Commerce de détail d'articles médicaux et orthopédiques en magasin spécialisé;391;25259;15.5;391;25259;15.5
2024;Accidents du travail;G;"Commerce ; réparation d'automobiles et de motocycles";"G - Commerce ; réparation d'automobiles et de motocycles";4775Z;Commerce de détail de parfumerie et de produits de beauté en magasin spécialisé;4775Z - Commerce de détail de parfumerie et de produits de beauté en magasin spécialisé;549;31505;17.4;549;31505;17.4
2024;Accidents du travail;G;"Commerce ; réparation d'automobiles et de motocycles";"G - Commerce ; réparation d'automobiles et de motocycles";4776Z;Commerce de détail de fleurs, plantes, graines, engrais, animaux de compagnie et aliments pour ces animaux en magasin spécialisé;4776Z - Commerce de détail de fleurs, plantes, graines, engrais, animaux de compagnie et aliments pour ces animaux en magasin spécialisé;806;32859;24.5;806;32859;24.5
2024;Accidents du travail;G;"Commerce ; réparation d'automobiles et de motocycles";"G - Commerce ; réparation d'automobiles et de motocycles";4777Z;Commerce de détail d'articles d'horlogerie et de bijouterie en magasin spécialisé;4777Z - Commerce de détail d'articles d'horlogerie et de bijouterie en magasin spécialisé;210;19806;10.6;210;19806;10.6
2024;Accidents du travail;G;"Commerce ; réparation d'automobiles et de motocycles";"G - Commerce ; réparation d'automobiles et de motocycles";4778A;Commerces de détail d'optique;4778A - Commerces de détail d'optique;184;48347;3.8;184;48347;3.8
2024;Accidents du travail;G;"Commerce ; réparation d'automobiles et de motocycles";"G - Commerce ; réparation d'automobiles et de motocycles";4778B;Commerces de détail de charbons et combustibles;4778B - Commerces de détail de charbons et combustibles;152;4233;35.9;152;4233;35.9
2024;Accidents du travail;G;"Commerce ; réparation d'automobiles et de motocycles";"G - Commerce ; réparation d'automobiles et de motocycles";4778C;Autres commerces de détail spécialisés divers;4778C - Autres commerces de détail spécialisés divers;874;50387;17.3;874;50387;17.3
2024;Accidents du travail;G;"Commerce ; réparation d'automobiles et de motocycles";"G - Commerce ; réparation d'automobiles et de motocycles";4779Z;Commerce de détail de biens d'occasion en magasin;4779Z - Commerce de détail de biens d'occasion en magasin;139;8868;15.7;139;8868;15.7
2024;Accidents du travail;G;"Commerce ; réparation d'automobiles et de motocycles";"G - Commerce ; réparation d'automobiles et de motocycles";4781Z;Commerce de détail alimentaire sur éventaires et marchés;4781Z - Commerce de détail alimentaire sur éventaires et marchés;235;14898;15.8;235;14898;15.8
2024;Accidents du travail;G;"Commerce ; réparation d'automobiles et de motocycles";"G - Commerce ; réparation d'automobiles et de motocycles";4782Z;Commerce de détail de textiles, d'habillement et de chaussures sur éventaires et marchés;4782Z - Commerce de détail de textiles, d'habillement et de chaussures sur éventaires et marchés;10;1164;8.6;10;1164;8.6
2024;Accidents du travail;G;"Commerce ; réparation d'automobiles et de motocycles";"G - Commerce ; réparation d'automobiles et de motocycles";4789Z;Autres commerces de détail sur éventaires et marchés;4789Z - Autres commerces de détail sur éventaires et marchés;59;3874;15.2;59;3874;15.2
2024;Accidents du travail;G;"Commerce ; réparation d'automobiles et de motocycles";"G - Commerce ; réparation d'automobiles et de motocycles";4791A;Vente à distance sur catalogue général;4791A - Vente à distance sur catalogue général;513;24117;21.3;513;24117;21.3
2024;Accidents du travail;G;"Commerce ; réparation d'automobiles et de motocycles";"G - Commerce ; réparation d'automobiles et de motocycles";4791B;Vente à distance sur catalogue spécialisé;4791B - Vente à distance sur catalogue spécialisé;371;24789;15;371;24789;15.0
2024;Accidents du travail;G;"Commerce ; réparation d'automobiles et de motocycles";"G - Commerce ; réparation d'automobiles et de motocycles";4799A;Vente à domicile;4799A - Vente à domicile;183;6465;28.3;183;6465;28.3
2024;Accidents du travail;G;"Commerce ; réparation d'automobiles et de motocycles";"G - Commerce ; réparation d'automobiles et de motocycles";4799B;Vente par automates et autres commerces de détail hors magasin, éventaires ou marchés n.c.a.;4799B - Vente par automates et autres commerces de détail hors magasin, éventaires ou marchés n.c.a.;326;9478;34.4;326;9478;34.4
2024;Accidents du travail;G;"Commerce ; réparation d'automobiles et de motocycles";"G - Commerce ; réparation d'automobiles et de motocycles";TOUS;"Total Commerce ; réparation d'automobiles et de motocycles";"Total Commerce ; réparation d'automobiles et de motocycles";84223;3188918;26.4;84223;3188918;26.4
2024;Accidents du travail;H;Transports et entreposage;H - Transports et entreposage;4910Z;Transport ferroviaire interurbain de voyageurs;4910Z - Transport ferroviaire interurbain de voyageurs;614;26942;22.8;614;26942;22.8
2024;Accidents du travail;H;Transports et entreposage;H - Transports et entreposage;4920Z;Transports ferroviaires de fret;4920Z - Transports ferroviaires de fret;121;4539;26.7;121;4539;26.7
2024;Accidents du travail;H;Transports et entreposage;H - Transports et entreposage;4931Z;Transports urbains et suburbains de voyageurs;4931Z - Transports urbains et suburbains de voyageurs;3556;73178;48.6;3556;73178;48.6
2024;Accidents du travail;H;Transports et entreposage;H - Transports et entreposage;4932Z;Transports de voyageurs par taxis;4932Z - Transports de voyageurs par taxis;468;32897;14.2;468;32897;14.2
2024;Accidents du travail;H;Transports et entreposage;H - Transports et entreposage;4939A;Transports routiers réguliers de voyageurs;4939A - Transports routiers réguliers de voyageurs;2251;63834;35.3;2251;63834;35.3
2024;Accidents du travail;H;Transports et entreposage;H - Transports et entreposage;4939B;Autres transports routiers de voyageurs;4939B - Autres transports routiers de voyageurs;784;25413;30.9;784;25413;30.9
2024;Accidents du travail;H;Transports et entreposage;H - Transports et entreposage;4939C;Téléphériques et remontées mécaniques;4939C - Téléphériques et remontées mécaniques;836;9032;92.6;836;9032;92.6
2024;Accidents du travail;H;Transports et entreposage;H - Transports et entreposage;4941A;Transports routiers de fret interurbains;4941A - Transports routiers de fret interurbains;12813;222241;57.7;12813;222241;57.7
2024;Accidents du travail;H;Transports et entreposage;H - Transports et entreposage;4941B;Transports routiers de fret de proximité;4941B - Transports routiers de fret de proximité;11710;187454;62.5;11710;187454;62.5
2024;Accidents du travail;H;Transports et entreposage;H - Transports et entreposage;4941C;Location de camions avec chauffeur;4941C - Location de camions avec chauffeur;1446;19564;73.9;1446;19564;73.9
2024;Accidents du travail;H;Transports et entreposage;H - Transports et entreposage;4942Z;Services de déménagement;4942Z - Services de déménagement;920;11392;80.8;920;11392;80.8
2024;Accidents du travail;H;Transports et entreposage;H - Transports et entreposage;4950Z;Transports par conduites;4950Z - Transports par conduites;8;2080;3.8;8;2080;3.8
2024;Accidents du travail;H;Transports et entreposage;H - Transports et entreposage;5010Z;Transports maritimes et côtiers de passagers;5010Z - Transports maritimes et côtiers de passagers;45;3635;12.4;45;3635;12.4
2024;Accidents du travail;H;Transports et entreposage;H - Transports et entreposage;5020Z;Transports maritimes et côtiers de fret;5020Z - Transports maritimes et côtiers de fret;12;4379;2.7;12;4379;2.7
2024;Accidents du travail;H;Transports et entreposage;H - Transports et entreposage;5030Z;Transports fluviaux de passagers;5030Z - Transports fluviaux de passagers;72;3253;22.1;72;3253;22.1
2024;Accidents du travail;H;Transports et entreposage;H - Transports et entreposage;5040Z;Transports fluviaux de fret;5040Z - Transports fluviaux de fret;16;1258;12.7;16;1258;12.7
2024;Accidents du travail;H;Transports et entreposage;H - Transports et entreposage;5110Z;Transports aériens de passagers;5110Z - Transports aériens de passagers;2628;58564;44.9;2628;58564;44.9
2024;Accidents du travail;H;Transports et entreposage;H - Transports et entreposage;5121Z;Transports aériens de fret;5121Z - Transports aériens de fret;431;4621;93.3;431;4621;93.3
2024;Accidents du travail;H;Transports et entreposage;H - Transports et entreposage;5122Z;Transports spatiaux;5122Z - Transports spatiaux;NS;NS;NC;;;
2024;Accidents du travail;H;Transports et entreposage;H - Transports et entreposage;5210A;Entreposage et stockage frigorifique;5210A - Entreposage et stockage frigorifique;1429;23421;61;1429;23421;61.0
2024;Accidents du travail;H;Transports et entreposage;H - Transports et entreposage;5210B;Entreposage et stockage non frigorifique;5210B - Entreposage et stockage non frigorifique;4517;106769;42.3;4517;106769;42.3
2024;Accidents du travail;H;Transports et entreposage;H - Transports et entreposage;5221Z;Services auxiliaires des transports terrestres;5221Z - Services auxiliaires des transports terrestres;641;41656;15.4;641;41656;15.4
2024;Accidents du travail;H;Transports et entreposage;H - Transports et entreposage;5222Z;Services auxiliaires des transports par eau;5222Z - Services auxiliaires des transports par eau;259;9982;25.9;259;9982;25.9
2024;Accidents du travail;H;Transports et entreposage;H - Transports et entreposage;5223Z;Services auxiliaires des transports aériens;5223Z - Services auxiliaires des transports aériens;1826;33048;55.3;1826;33048;55.3
2024;Accidents du travail;H;Transports et entreposage;H - Transports et entreposage;5224A;Manutention portuaire;5224A - Manutention portuaire;629;8314;75.7;629;8314;75.7
2024;Accidents du travail;H;Transports et entreposage;H - Transports et entreposage;5224B;Manutention non portuaire;5224B - Manutention non portuaire;352;7394;47.6;352;7394;47.6
2024;Accidents du travail;H;Transports et entreposage;H - Transports et entreposage;5229A;Messagerie, fret express;5229A - Messagerie, fret express;2257;38427;58.7;2257;38427;58.7
2024;Accidents du travail;H;Transports et entreposage;H - Transports et entreposage;5229B;Affrètement et organisation des transports;5229B - Affrètement et organisation des transports;2665;84740;31.4;2665;84740;31.4
2024;Accidents du travail;H;Transports et entreposage;H - Transports et entreposage;5310Z;Activités de poste dans le cadre d'une obligation de service universel;5310Z - Activités de poste dans le cadre d'une obligation de service universel;NS;NS;NS;;;
2024;Accidents du travail;H;Transports et entreposage;H - Transports et entreposage;5320Z;Autres activités de poste et de courrier;5320Z - Autres activités de poste et de courrier;430;7601;56.6;430;7601;56.6
2024;Accidents du travail;H;Transports et entreposage;H - Transports et entreposage;TOUS;Total Transports et entreposage;Total Transports et entreposage;57848;1237856;46.7;57848;1237856;46.7
2024;Accidents du travail;I;Hébergement et restauration;I - Hébergement et restauration;5510Z;Hôtels et hébergement similaire;5510Z - Hôtels et hébergement similaire;6267;207764;30.2;6267;207764;30.2
2024;Accidents du travail;I;Hébergement et restauration;I - Hébergement et restauration;5520Z;Hébergement touristique et autre hébergement de courte durée;5520Z - Hébergement touristique et autre hébergement de courte durée;1165;42114;27.7;1165;42114;27.7
2024;Accidents du travail;I;Hébergement et restauration;I - Hébergement et restauration;5530Z;Terrains de camping et parcs pour caravanes ou véhicules de loisirs;5530Z - Terrains de camping et parcs pour caravanes ou véhicules de loisirs;994;27612;36;994;27612;36.0
2024;Accidents du travail;I;Hébergement et restauration;I - Hébergement et restauration;5590Z;Autres hébergements;5590Z - Autres hébergements;517;15856;32.6;517;15856;32.6
2024;Accidents du travail;I;Hébergement et restauration;I - Hébergement et restauration;5610A;Restauration traditionnelle;5610A - Restauration traditionnelle;11172;470017;23.8;11172;470017;23.8
2024;Accidents du travail;I;Hébergement et restauration;I - Hébergement et restauration;5610B;Cafétérias et autres libres-services;5610B - Cafétérias et autres libres-services;309;7402;41.7;309;7402;41.7
2024;Accidents du travail;I;Hébergement et restauration;I - Hébergement et restauration;5610C;Restauration de type rapide;5610C - Restauration de type rapide;7415;290481;25.5;7415;290481;25.5
2024;Accidents du travail;I;Hébergement et restauration;I - Hébergement et restauration;5621Z;Services des traiteurs;5621Z - Services des traiteurs;882;31641;27.9;882;31641;27.9
2024;Accidents du travail;I;Hébergement et restauration;I - Hébergement et restauration;5629A;Restauration collective sous contrat;5629A - Restauration collective sous contrat;1953;42903;45.5;1953;42903;45.5
2024;Accidents du travail;I;Hébergement et restauration;I - Hébergement et restauration;5629B;Autres services de restauration n.c.a.;5629B - Autres services de restauration n.c.a.;2509;56301;44.6;2509;56301;44.6
2024;Accidents du travail;I;Hébergement et restauration;I - Hébergement et restauration;5630Z;Débits de boissons;5630Z - Débits de boissons;1542;83310;18.5;1542;83310;18.5
2024;Accidents du travail;I;Hébergement et restauration;I - Hébergement et restauration;TOUS;Total Hébergement et restauration;Total Hébergement et restauration;34725;1275401;27.2;34725;1275401;27.2
2024;Accidents du travail;J;Information et communication;J - Information et communication;5811Z;Édition de livres;5811Z - Édition de livres;55;12249;4.5;55;12249;4.5
2024;Accidents du travail;J;Information et communication;J - Information et communication;5812Z;Édition de répertoires et de fichiers d'adresses;5812Z - Édition de répertoires et de fichiers d'adresses;6;754;NC;6;754;
2024;Accidents du travail;J;Information et communication;J - Information et communication;5813Z;Édition de journaux;5813Z - Édition de journaux;95;21360;4.4;95;21360;4.4
2024;Accidents du travail;J;Information et communication;J - Information et communication;5814Z;Édition de revues et périodiques;5814Z - Édition de revues et périodiques;52;20254;2.6;52;20254;2.6
2024;Accidents du travail;J;Information et communication;J - Information et communication;5819Z;Autres activités d'édition;5819Z - Autres activités d'édition;20;2456;8.1;20;2456;8.1
2024;Accidents du travail;J;Information et communication;J - Information et communication;5821Z;Édition de jeux électroniques;5821Z - Édition de jeux électroniques;4;4430;0.9;4;4430;0.9
2024;Accidents du travail;J;Information et communication;J - Information et communication;5829A;Édition de logiciels système et de réseau;5829A - Édition de logiciels système et de réseau;16;15107;1.1;16;15107;1.1
2024;Accidents du travail;J;Information et communication;J - Information et communication;5829B;Édition de logiciels outils de développement et de langages;5829B - Édition de logiciels outils de développement et de langages;3;2702;1.1;3;2702;1.1
2024;Accidents du travail;J;Information et communication;J - Information et communication;5829C;Édition de logiciels applicatifs;5829C - Édition de logiciels applicatifs;103;73377;1.4;103;73377;1.4
2024;Accidents du travail;J;Information et communication;J - Information et communication;5911A;Production de films et de programmes pour la télévision;5911A - Production de films et de programmes pour la télévision;65;19154;3.4;65;19154;3.4
2024;Accidents du travail;J;Information et communication;J - Information et communication;5911B;Production de films institutionnels et publicitaires;5911B - Production de films institutionnels et publicitaires;23;9250;2.5;23;9250;2.5
2024;Accidents du travail;J;Information et communication;J - Information et communication;5911C;Production de films pour le cinéma;5911C - Production de films pour le cinéma;31;10579;2.9;31;10579;2.9
2024;Accidents du travail;J;Information et communication;J - Information et communication;5912Z;Post-production de films cinématographiques, de vidéo et de programmes de télévision;5912Z - Post-production de films cinématographiques, de vidéo et de programmes de télévision;45;9137;4.9;45;9137;4.9
2024;Accidents du travail;J;Information et communication;J - Information et communication;5913A;Distribution de films cinématographiques;5913A - Distribution de films cinématographiques;3;1603;1.9;3;1603;1.9
2024;Accidents du travail;J;Information et communication;J - Information et communication;5913B;Édition et distribution vidéo;5913B - Édition et distribution vidéo;0;303;NC;0;303;
2024;Accidents du travail;J;Information et communication;J - Information et communication;5914Z;Projection de films cinématographiques;5914Z - Projection de films cinématographiques;90;7840;11.5;90;7840;11.5
2024;Accidents du travail;J;Information et communication;J - Information et communication;5920Z;Enregistrement sonore et édition musicale;5920Z - Enregistrement sonore et édition musicale;6;5654;1.1;6;5654;1.1
2024;Accidents du travail;J;Information et communication;J - Information et communication;6010Z;Édition et diffusion de programmes radio;6010Z - Édition et diffusion de programmes radio;42;8386;5;42;8386;5.0
2024;Accidents du travail;J;Information et communication;J - Information et communication;6020A;Édition de chaînes généralistes;6020A - Édition de chaînes généralistes;131;14917;8.8;131;14917;8.8
2024;Accidents du travail;J;Information et communication;J - Information et communication;6020B;Édition de chaînes thématiques;6020B - Édition de chaînes thématiques;14;4464;3.1;14;4464;3.1
2024;Accidents du travail;J;Information et communication;J - Information et communication;6110Z;Télécommunications filaires;6110Z - Télécommunications filaires;733;61050;12;733;61050;12.0
2024;Accidents du travail;J;Information et communication;J - Information et communication;6120Z;Télécommunications sans fil;6120Z - Télécommunications sans fil;73;18161;4;73;18161;4.0
2024;Accidents du travail;J;Information et communication;J - Information et communication;6130Z;Télécommunications par satellite;6130Z - Télécommunications par satellite;3;1866;1.6;3;1866;1.6
2024;Accidents du travail;J;Information et communication;J - Information et communication;6190Z;Autres activités de télécommunication;6190Z - Autres activités de télécommunication;278;16617;16.7;278;16617;16.7
2024;Accidents du travail;J;Information et communication;J - Information et communication;6201Z;Programmation informatique;6201Z - Programmation informatique;165;127614;1.3;165;127614;1.3
2024;Accidents du travail;J;Information et communication;J - Information et communication;6202A;Conseil en systèmes et logiciels informatiques;6202A - Conseil en systèmes et logiciels informatiques;617;353094;1.7;617;353094;1.7
2024;Accidents du travail;J;Information et communication;J - Information et communication;6202B;Tierce maintenance de systèmes et d'applications informatiques;6202B - Tierce maintenance de systèmes et d'applications informatiques;32;12909;2.5;32;12909;2.5
2024;Accidents du travail;J;Information et communication;J - Information et communication;6203Z;Gestion d'installations informatiques;6203Z - Gestion d'installations informatiques;75;20419;3.7;75;20419;3.7
2024;Accidents du travail;J;Information et communication;J - Information et communication;6209Z;Autres activités informatiques;6209Z - Autres activités informatiques;43;13300;3.2;43;13300;3.2
2024;Accidents du travail;J;Information et communication;J - Information et communication;6311Z;Traitement de données, hébergement et activités connexes;6311Z - Traitement de données, hébergement et activités connexes;219;47709;4.6;219;47709;4.6
2024;Accidents du travail;J;Information et communication;J - Information et communication;6312Z;Portails Internet;6312Z - Portails Internet;30;14987;2;30;14987;2.0
2024;Accidents du travail;J;Information et communication;J - Information et communication;6391Z;Activités des agences de presse;6391Z - Activités des agences de presse;8;3947;2;8;3947;2.0
2024;Accidents du travail;J;Information et communication;J - Information et communication;6399Z;Autres services d'information n.c.a.;6399Z - Autres services d'information n.c.a.;1;838;NC;1;838;
2024;Accidents du travail;J;Information et communication;J - Information et communication;TOUS;Total Information et communication;Total Information et communication;3081;936487;3.3;3081;936487;3.3
2024;Accidents du travail;K;Activités financières et d'assurance;K - Activités financières et d'assurance;6411Z;Activités de banque centrale;6411Z - Activités de banque centrale;3;1074;2.8;3;1074;2.8
2024;Accidents du travail;K;Activités financières et d'assurance;K - Activités financières et d'assurance;6419Z;Autres intermédiations monétaires;6419Z - Autres intermédiations monétaires;995;284963;3.5;995;284963;3.5
2024;Accidents du travail;K;Activités financières et d'assurance;K - Activités financières et d'assurance;6420Z;Activités des sociétés holding;6420Z - Activités des sociétés holding;540;108450;5;540;108450;5.0
2024;Accidents du travail;K;Activités financières et d'assurance;K - Activités financières et d'assurance;6430Z;Fonds de placement et entités financières similaires;6430Z - Fonds de placement et entités financières similaires;61;14587;4.2;61;14587;4.2
2024;Accidents du travail;K;Activités financières et d'assurance;K - Activités financières et d'assurance;6491Z;Crédit-bail;6491Z - Crédit-bail;7;4141;1.7;7;4141;1.7
2024;Accidents du travail;K;Activités financières et d'assurance;K - Activités financières et d'assurance;6492Z;Autre distribution de crédit;6492Z - Autre distribution de crédit;51;22808;2.2;51;22808;2.2
2024;Accidents du travail;K;Activités financières et d'assurance;K - Activités financières et d'assurance;6499Z;Autres activités des services financiers, hors assurance et caisses de retraite, n.c.a.;6499Z - Autres activités des services financiers, hors assurance et caisses de retraite, n.c.a.;5;4220;1.2;5;4220;1.2
2024;Accidents du travail;K;Activités financières et d'assurance;K - Activités financières et d'assurance;6511Z;Assurance vie;6511Z - Assurance vie;93;22847;4.1;93;22847;4.1
2024;Accidents du travail;K;Activités financières et d'assurance;K - Activités financières et d'assurance;6512Z;Autres assurances;6512Z - Autres assurances;581;127779;4.5;581;127779;4.5
2024;Accidents du travail;K;Activités financières et d'assurance;K - Activités financières et d'assurance;6520Z;Réassurance;6520Z - Réassurance;6;5867;1;6;5867;1.0
2024;Accidents du travail;K;Activités financières et d'assurance;K - Activités financières et d'assurance;6530Z;Caisses de retraite;6530Z - Caisses de retraite;2;606;NC;2;606;
2024;Accidents du travail;K;Activités financières et d'assurance;K - Activités financières et d'assurance;6611Z;Administration de marchés financiers;6611Z - Administration de marchés financiers;1;723;NC;1;723;
2024;Accidents du travail;K;Activités financières et d'assurance;K - Activités financières et d'assurance;6612Z;Courtage de valeurs mobilières et de marchandises;6612Z - Courtage de valeurs mobilières et de marchandises;14;3859;3.6;14;3859;3.6
2024;Accidents du travail;K;Activités financières et d'assurance;K - Activités financières et d'assurance;6619A;Supports juridiques de gestion de patrimoine mobilier;6619A - Supports juridiques de gestion de patrimoine mobilier;127;28831;4.4;127;28831;4.4
2024;Accidents du travail;K;Activités financières et d'assurance;K - Activités financières et d'assurance;6619B;Autres activités auxiliaires de services financiers, hors assurance et caisses de retraite, n.c.a.;6619B - Autres activités auxiliaires de services financiers, hors assurance et caisses de retraite, n.c.a.;79;22341;3.5;79;22341;3.5
2024;Accidents du travail;K;Activités financières et d'assurance;K - Activités financières et d'assurance;6621Z;Évaluation des risques et dommages;6621Z - Évaluation des risques et dommages;56;15798;3.5;56;15798;3.5
2024;Accidents du travail;K;Activités financières et d'assurance;K - Activités financières et d'assurance;6622Z;Activités des agents et courtiers d'assurances;6622Z - Activités des agents et courtiers d'assurances;220;84505;2.6;220;84505;2.6
2024;Accidents du travail;K;Activités financières et d'assurance;K - Activités financières et d'assurance;6629Z;Autres activités auxiliaires d'assurance et de caisses de retraite;6629Z - Autres activités auxiliaires d'assurance et de caisses de retraite;21;8319;2.5;21;8319;2.5
2024;Accidents du travail;K;Activités financières et d'assurance;K - Activités financières et d'assurance;6630Z;Gestion de fonds;6630Z - Gestion de fonds;167;52914;3.2;167;52914;3.2
2024;Accidents du travail;K;Activités financières et d'assurance;K - Activités financières et d'assurance;TOUS;Total Activités financières et d'assurance;Total Activités financières et d'assurance;3029;814632;3.7;3029;814632;3.7
2024;Accidents du travail;L;Activités immobilières;L - Activités immobilières;6810Z;Activités des marchands de biens immobiliers;6810Z - Activités des marchands de biens immobiliers;63;8732;7.2;63;8732;7.2
2024;Accidents du travail;L;Activités immobilières;L - Activités immobilières;6820A;Location de logements;6820A - Location de logements;2208;87534;25.2;2208;87534;25.2
2024;Accidents du travail;L;Activités immobilières;L - Activités immobilières;6820B;Location de terrains et d'autres biens immobiliers;6820B - Location de terrains et d'autres biens immobiliers;1127;66295;17;1127;66295;17.0
2024;Accidents du travail;L;Activités immobilières;L - Activités immobilières;6831Z;Agences immobilières;6831Z - Agences immobilières;364;85894;4.2;364;85894;4.2
2024;Accidents du travail;L;Activités immobilières;L - Activités immobilières;6832A;Administration d'immeubles et autres biens immobiliers;6832A - Administration d'immeubles et autres biens immobiliers;454;48010;9.5;454;48010;9.5
2024;Accidents du travail;L;Activités immobilières;L - Activités immobilières;6832B;Supports juridiques de gestion de patrimoine immobilier;6832B - Supports juridiques de gestion de patrimoine immobilier;10;1259;7.9;10;1259;7.9
2024;Accidents du travail;L;Activités immobilières;L - Activités immobilières;TOUS;Total Activités immobilières;Total Activités immobilières;4226;297724;14.2;4226;297724;14.2
2024;Accidents du travail;M;Activités spécialisées, scientifiques et techniques;M - Activités spécialisées, scientifiques et techniques;6910Z;Activités juridiques;6910Z - Activités juridiques;232;114105;2;232;114105;2.0
2024;Accidents du travail;M;Activités spécialisées, scientifiques et techniques;M - Activités spécialisées, scientifiques et techniques;6920Z;Activités comptables;6920Z - Activités comptables;347;176198;2;347;176198;2.0
2024;Accidents du travail;M;Activités spécialisées, scientifiques et techniques;M - Activités spécialisées, scientifiques et techniques;7010Z;Activités des sièges sociaux;7010Z - Activités des sièges sociaux;2029;231550;8.8;2029;231550;8.8
2024;Accidents du travail;M;Activités spécialisées, scientifiques et techniques;M - Activités spécialisées, scientifiques et techniques;7021Z;Conseil en relations publiques et communication;7021Z - Conseil en relations publiques et communication;80;25302;3.2;80;25302;3.2
2024;Accidents du travail;M;Activités spécialisées, scientifiques et techniques;M - Activités spécialisées, scientifiques et techniques;7022Z;Conseil pour les affaires et autres conseils de gestion;7022Z - Conseil pour les affaires et autres conseils de gestion;861;271905;3.2;861;271905;3.2
2024;Accidents du travail;M;Activités spécialisées, scientifiques et techniques;M - Activités spécialisées, scientifiques et techniques;7111Z;Activités d'architecture;7111Z - Activités d'architecture;94;43613;2.2;94;43613;2.2
2024;Accidents du travail;M;Activités spécialisées, scientifiques et techniques;M - Activités spécialisées, scientifiques et techniques;7112A;Activité des géomètres;7112A - Activité des géomètres;162;11541;14;162;11541;14.0
2024;Accidents du travail;M;Activités spécialisées, scientifiques et techniques;M - Activités spécialisées, scientifiques et techniques;7112B;Ingénierie, études techniques;7112B - Ingénierie, études techniques;2016;363176;5.6;2016;363176;5.6
2024;Accidents du travail;M;Activités spécialisées, scientifiques et techniques;M - Activités spécialisées, scientifiques et techniques;7120A;Contrôle technique automobile;7120A - Contrôle technique automobile;203;12870;15.8;203;12870;15.8
2024;Accidents du travail;M;Activités spécialisées, scientifiques et techniques;M - Activités spécialisées, scientifiques et techniques;7120B;Analyses, essais et inspections techniques;7120B - Analyses, essais et inspections techniques;790;74092;10.7;790;74092;10.7
2024;Accidents du travail;M;Activités spécialisées, scientifiques et techniques;M - Activités spécialisées, scientifiques et techniques;7211Z;Recherche-développement en biotechnologie;7211Z - Recherche-développement en biotechnologie;84;16409;5.1;84;16409;5.1
2024;Accidents du travail;M;Activités spécialisées, scientifiques et techniques;M - Activités spécialisées, scientifiques et techniques;7219Z;Recherche-développement en autres sciences physiques et naturelles;7219Z - Recherche-développement en autres sciences physiques et naturelles;469;100693;4.7;469;100693;4.7
2024;Accidents du travail;M;Activités spécialisées, scientifiques et techniques;M - Activités spécialisées, scientifiques et techniques;7220Z;Recherche-développement en sciences humaines et sociales;7220Z - Recherche-développement en sciences humaines et sociales;53;7609;7;53;7609;7.0
2024;Accidents du travail;M;Activités spécialisées, scientifiques et techniques;M - Activités spécialisées, scientifiques et techniques;7311Z;Activités des agences de publicité;7311Z - Activités des agences de publicité;684;69411;9.9;684;69411;9.9
2024;Accidents du travail;M;Activités spécialisées, scientifiques et techniques;M - Activités spécialisées, scientifiques et techniques;7312Z;Régie publicitaire de médias;7312Z - Régie publicitaire de médias;243;18682;13;243;18682;13.0
2024;Accidents du travail;M;Activités spécialisées, scientifiques et techniques;M - Activités spécialisées, scientifiques et techniques;7320Z;Études de marché et sondages;7320Z - Études de marché et sondages;38;14972;2.5;38;14972;2.5
2024;Accidents du travail;M;Activités spécialisées, scientifiques et techniques;M - Activités spécialisées, scientifiques et techniques;7410Z;Activités spécialisées de design;7410Z - Activités spécialisées de design;108;16474;6.6;108;16474;6.6
2024;Accidents du travail;M;Activités spécialisées, scientifiques et techniques;M - Activités spécialisées, scientifiques et techniques;7420Z;Activités photographiques;7420Z - Activités photographiques;68;5898;11.5;68;5898;11.5
2024;Accidents du travail;M;Activités spécialisées, scientifiques et techniques;M - Activités spécialisées, scientifiques et techniques;7430Z;Traduction et interprétation;7430Z - Traduction et interprétation;7;3165;2.2;7;3165;2.2
2024;Accidents du travail;M;Activités spécialisées, scientifiques et techniques;M - Activités spécialisées, scientifiques et techniques;7490A;Activité des économistes de la construction;7490A - Activité des économistes de la construction;49;6807;7.2;49;6807;7.2
2024;Accidents du travail;M;Activités spécialisées, scientifiques et techniques;M - Activités spécialisées, scientifiques et techniques;7490B;Activités spécialisées, scientifiques et techniques diverses;7490B - Activités spécialisées, scientifiques et techniques diverses;285;50030;5.7;285;50030;5.7
2024;Accidents du travail;M;Activités spécialisées, scientifiques et techniques;M - Activités spécialisées, scientifiques et techniques;7500Z;Activités vétérinaires;7500Z - Activités vétérinaires;806;29251;27.6;806;29251;27.6
2024;Accidents du travail;M;Activités spécialisées, scientifiques et techniques;M - Activités spécialisées, scientifiques et techniques;TOUS;Total Activités spécialisées, scientifiques et techniques;Total Activités spécialisées, scientifiques et techniques;9708;1663753;5.8;9708;1663753;5.8
2024;Accidents du travail;N;Activités de services administratifs et de soutien;N - Activités de services administratifs et de soutien;7711A;Location de courte durée de voitures et de véhicules automobiles légers;7711A - Location de courte durée de voitures et de véhicules automobiles légers;360;16815;21.4;360;16815;21.4
2024;Accidents du travail;N;Activités de services administratifs et de soutien;N - Activités de services administratifs et de soutien;7711B;Location de longue durée de voitures et de véhicules automobiles légers;7711B - Location de longue durée de voitures et de véhicules automobiles légers;19;5911;3.2;19;5911;3.2
2024;Accidents du travail;N;Activités de services administratifs et de soutien;N - Activités de services administratifs et de soutien;7712Z;Location et location-bail de camions;7712Z - Location et location-bail de camions;344;6872;50.1;344;6872;50.1
2024;Accidents du travail;N;Activités de services administratifs et de soutien;N - Activités de services administratifs et de soutien;7721Z;Location et location-bail d'articles de loisirs et de sport;7721Z - Location et location-bail d'articles de loisirs et de sport;154;6231;24.7;154;6231;24.7
2024;Accidents du travail;N;Activités de services administratifs et de soutien;N - Activités de services administratifs et de soutien;7722Z;Location de vidéocassettes et disques vidéo;7722Z - Location de vidéocassettes et disques vidéo;0;29;NC;0;29;
2024;Accidents du travail;N;Activités de services administratifs et de soutien;N - Activités de services administratifs et de soutien;7729Z;Location et location-bail d'autres biens personnels et domestiques;7729Z - Location et location-bail d'autres biens personnels et domestiques;1085;36173;30;1085;36173;30.0
2024;Accidents du travail;N;Activités de services administratifs et de soutien;N - Activités de services administratifs et de soutien;7731Z;Location et location-bail de machines et équipements agricoles;7731Z - Location et location-bail de machines et équipements agricoles;26;599;NC;26;599;
2024;Accidents du travail;N;Activités de services administratifs et de soutien;N - Activités de services administratifs et de soutien;7732Z;Location et location-bail de machines et équipements pour la construction;7732Z - Location et location-bail de machines et équipements pour la construction;947;23739;39.9;947;23739;39.9
2024;Accidents du travail;N;Activités de services administratifs et de soutien;N - Activités de services administratifs et de soutien;7733Z;Location et location-bail de machines de bureau et de matériel informatique;7733Z - Location et location-bail de machines de bureau et de matériel informatique;13;3282;4;13;3282;4.0
2024;Accidents du travail;N;Activités de services administratifs et de soutien;N - Activités de services administratifs et de soutien;7734Z;Location et location-bail de matériels de transport par eau;7734Z - Location et location-bail de matériels de transport par eau;5;130;NC;5;130;
2024;Accidents du travail;N;Activités de services administratifs et de soutien;N - Activités de services administratifs et de soutien;7735Z;Location et location-bail de matériels de transport aérien;7735Z - Location et location-bail de matériels de transport aérien;9;194;NC;9;194;
2024;Accidents du travail;N;Activités de services administratifs et de soutien;N - Activités de services administratifs et de soutien;7739Z;Location et location-bail d'autres machines, équipements et biens matériels n.c.a.;7739Z - Location et location-bail d'autres machines, équipements et biens matériels n.c.a.;488;15783;30.9;488;15783;30.9
2024;Accidents du travail;N;Activités de services administratifs et de soutien;N - Activités de services administratifs et de soutien;7740Z;Location-bail de propriété intellectuelle et de produits similaires, à l'exception des œuvres soumises à copyright;7740Z - Location-bail de propriété intellectuelle et de produits similaires, à l'exception des œuvres soumises à copyright;14;3831;3.7;14;3831;3.7
2024;Accidents du travail;N;Activités de services administratifs et de soutien;N - Activités de services administratifs et de soutien;7810Z;Activités des agences de placement de main-d'œuvre;7810Z - Activités des agences de placement de main-d'œuvre;310;12110;25.6;310;12110;25.6
2024;Accidents du travail;N;Activités de services administratifs et de soutien;N - Activités de services administratifs et de soutien;7820Z;Activités des agences de travail temporaire;7820Z - Activités des agences de travail temporaire;37241;778256;47.9;37241;778256;47.9
2024;Accidents du travail;N;Activités de services administratifs et de soutien;N - Activités de services administratifs et de soutien;7830Z;Autre mise à disposition de ressources humaines;7830Z - Autre mise à disposition de ressources humaines;2032;54226;37.5;2032;54226;37.5
2024;Accidents du travail;N;Activités de services administratifs et de soutien;N - Activités de services administratifs et de soutien;7911Z;Activités des agences de voyage;7911Z - Activités des agences de voyage;107;24690;4.3;107;24690;4.3
2024;Accidents du travail;N;Activités de services administratifs et de soutien;N - Activités de services administratifs et de soutien;7912Z;Activités des voyagistes;7912Z - Activités des voyagistes;17;5426;3.1;17;5426;3.1
2024;Accidents du travail;N;Activités de services administratifs et de soutien;N - Activités de services administratifs et de soutien;7990Z;Autres services de réservation et activités connexes;7990Z - Autres services de réservation et activités connexes;97;15735;6.2;97;15735;6.2
2024;Accidents du travail;N;Activités de services administratifs et de soutien;N - Activités de services administratifs et de soutien;8010Z;Activités de sécurité privée;8010Z - Activités de sécurité privée;4135;186131;22.2;4135;186131;22.2
2024;Accidents du travail;N;Activités de services administratifs et de soutien;N - Activités de services administratifs et de soutien;8020Z;Activités liées aux systèmes de sécurité;8020Z - Activités liées aux systèmes de sécurité;488;24793;19.7;488;24793;19.7
2024;Accidents du travail;N;Activités de services administratifs et de soutien;N - Activités de services administratifs et de soutien;8030Z;Activités d'enquête;8030Z - Activités d'enquête;5;1116;4.5;5;1116;4.5
2024;Accidents du travail;N;Activités de services administratifs et de soutien;N - Activités de services administratifs et de soutien;8110Z;Activités combinées de soutien lié aux bâtiments;8110Z - Activités combinées de soutien lié aux bâtiments;801;52362;15.3;801;52362;15.3
2024;Accidents du travail;N;Activités de services administratifs et de soutien;N - Activités de services administratifs et de soutien;8121Z;Nettoyage courant des bâtiments;8121Z - Nettoyage courant des bâtiments;11048;283100;39;11048;283100;39.0
2024;Accidents du travail;N;Activités de services administratifs et de soutien;N - Activités de services administratifs et de soutien;8122Z;Autres activités de nettoyage des bâtiments et nettoyage industriel;8122Z - Autres activités de nettoyage des bâtiments et nettoyage industriel;3203;84707;37.8;3203;84707;37.8
2024;Accidents du travail;N;Activités de services administratifs et de soutien;N - Activités de services administratifs et de soutien;8129A;Désinfection, désinsectisation, dératisation;8129A - Désinfection, désinsectisation, dératisation;364;9042;40.3;364;9042;40.3
2024;Accidents du travail;N;Activités de services administratifs et de soutien;N - Activités de services administratifs et de soutien;8129B;Autres activités de nettoyage n.c.a.;8129B - Autres activités de nettoyage n.c.a.;387;8670;44.6;387;8670;44.6
2024;Accidents du travail;N;Activités de services administratifs et de soutien;N - Activités de services administratifs et de soutien;8130Z;Services d'aménagement paysager;8130Z - Services d'aménagement paysager;265;5808;45.6;265;5808;45.6
2024;Accidents du travail;N;Activités de services administratifs et de soutien;N - Activités de services administratifs et de soutien;8211Z;Services administratifs combinés de bureau;8211Z - Services administratifs combinés de bureau;535;68344;7.8;535;68344;7.8
2024;Accidents du travail;N;Activités de services administratifs et de soutien;N - Activités de services administratifs et de soutien;8219Z;Photocopie, préparation de documents et autres activités spécialisées de soutien de bureau;8219Z - Photocopie, préparation de documents et autres activités spécialisées de soutien de bureau;377;31521;12;377;31521;12.0
2024;Accidents du travail;N;Activités de services administratifs et de soutien;N - Activités de services administratifs et de soutien;8220Z;Activités de centres d'appels;8220Z - Activités de centres d'appels;463;48646;9.5;463;48646;9.5
2024;Accidents du travail;N;Activités de services administratifs et de soutien;N - Activités de services administratifs et de soutien;8230Z;Organisation de foires, salons professionnels et congrès;8230Z - Organisation de foires, salons professionnels et congrès;235;23546;10;235;23546;10.0
2024;Accidents du travail;N;Activités de services administratifs et de soutien;N - Activités de services administratifs et de soutien;8291Z;Activités des agences de recouvrement de factures et des sociétés d'information financière sur la clientèle;8291Z - Activités des agences de recouvrement de factures et des sociétés d'information financière sur la clientèle;23;5111;4.5;23;5111;4.5
2024;Accidents du travail;N;Activités de services administratifs et de soutien;N - Activités de services administratifs et de soutien;8292Z;Activités de conditionnement;8292Z - Activités de conditionnement;843;20761;40.6;843;20761;40.6
2024;Accidents du travail;N;Activités de services administratifs et de soutien;N - Activités de services administratifs et de soutien;8299Z;Autres activités de soutien aux entreprises n.c.a.;8299Z - Autres activités de soutien aux entreprises n.c.a.;1286;134948;9.5;1286;134948;9.5
2024;Accidents du travail;N;Activités de services administratifs et de soutien;N - Activités de services administratifs et de soutien;TOUS;Total Activités de services administratifs et de soutien;Total Activités de services administratifs et de soutien;67726;1998638;33.9;67726;1998638;33.9
2024;Accidents du travail;O;Administration publique;O - Administration publique;8411Z;Administration publique générale;8411Z - Administration publique générale;12882;628861;20.5;12882;628861;20.5
2024;Accidents du travail;O;Administration publique;O - Administration publique;8412Z;Administration publique (tutelle) de la santé, de la formation, de la culture et des services sociaux, autre que sécurité sociale;8412Z - Administration publique (tutelle) de la santé, de la formation, de la culture et des services sociaux, autre que sécurité sociale;1486;177314;8.4;1486;177314;8.4
2024;Accidents du travail;O;Administration publique;O - Administration publique;8413Z;Administration publique (tutelle) des activités économiques;8413Z - Administration publique (tutelle) des activités économiques;675;84171;8;675;84171;8.0
2024;Accidents du travail;O;Administration publique;O - Administration publique;8421Z;Affaires étrangères;8421Z - Affaires étrangères;NS;NS;NC;;;
2024;Accidents du travail;O;Administration publique;O - Administration publique;8422Z;Défense;8422Z - Défense;NS;NS;NC;;;
2024;Accidents du travail;O;Administration publique;O - Administration publique;8423Z;Justice;8423Z - Justice;69;26666;2.6;69;26666;2.6
2024;Accidents du travail;O;Administration publique;O - Administration publique;8424Z;Activités d'ordre public et de sécurité;8424Z - Activités d'ordre public et de sécurité;6;5884;1;6;5884;1.0
2024;Accidents du travail;O;Administration publique;O - Administration publique;8425Z;Services du feu et de secours;8425Z - Services du feu et de secours;33;2571;12.8;33;2571;12.8
2024;Accidents du travail;O;Administration publique;O - Administration publique;8430A;Activités générales de sécurité sociale;8430A - Activités générales de sécurité sociale;913;105285;8.7;913;105285;8.7
2024;Accidents du travail;O;Administration publique;O - Administration publique;8430B;Gestion des retraites complémentaires;8430B - Gestion des retraites complémentaires;34;12014;2.8;34;12014;2.8
2024;Accidents du travail;O;Administration publique;O - Administration publique;8430C;Distribution sociale de revenus;8430C - Distribution sociale de revenus;219;33150;6.6;219;33150;6.6
2024;Accidents du travail;O;Administration publique;O - Administration publique;TOUS;Total Administration publique;Total Administration publique;16318;1077354;15.1;16318;1077354;15.1
2024;Accidents du travail;P;Enseignement;P - Enseignement;8510Z;Enseignement pré-primaire;8510Z - Enseignement pré-primaire;21;3381;6.2;21;3381;6.2
2024;Accidents du travail;P;Enseignement;P - Enseignement;8520Z;Enseignement primaire;8520Z - Enseignement primaire;383;23923;16;383;23923;16.0
2024;Accidents du travail;P;Enseignement;P - Enseignement;8531Z;Enseignement secondaire général;8531Z - Enseignement secondaire général;1365;94520;14.4;1365;94520;14.4
2024;Accidents du travail;P;Enseignement;P - Enseignement;8532Z;Enseignement secondaire technique ou professionnel;8532Z - Enseignement secondaire technique ou professionnel;679;45038;15.1;679;45038;15.1
2024;Accidents du travail;P;Enseignement;P - Enseignement;8541Z;Enseignement post-secondaire non supérieur;8541Z - Enseignement post-secondaire non supérieur;2;476;NC;2;476;
2024;Accidents du travail;P;Enseignement;P - Enseignement;8542Z;Enseignement supérieur;8542Z - Enseignement supérieur;376;169519;2.2;376;169519;2.2
2024;Accidents du travail;P;Enseignement;P - Enseignement;8551Z;Enseignement de disciplines sportives et d'activités de loisirs;8551Z - Enseignement de disciplines sportives et d'activités de loisirs;808;11086;72.9;808;11086;72.9
2024;Accidents du travail;P;Enseignement;P - Enseignement;8552Z;Enseignement culturel;8552Z - Enseignement culturel;41;10610;3.9;41;10610;3.9
2024;Accidents du travail;P;Enseignement;P - Enseignement;8553Z;Enseignement de la conduite;8553Z - Enseignement de la conduite;449;28021;16;449;28021;16.0
2024;Accidents du travail;P;Enseignement;P - Enseignement;8559A;Formation continue d'adultes;8559A - Formation continue d'adultes;1184;116630;10.2;1184;116630;10.2
2024;Accidents du travail;P;Enseignement;P - Enseignement;8559B;Autres enseignements;8559B - Autres enseignements;308;40891;7.5;308;40891;7.5
2024;Accidents du travail;P;Enseignement;P - Enseignement;8560Z;Activités de soutien à l'enseignement;8560Z - Activités de soutien à l'enseignement;31;2989;10.4;31;2989;10.4
2024;Accidents du travail;P;Enseignement;P - Enseignement;TOUS;Total Enseignement;Total Enseignement;5647;547084;10.3;5647;547084;10.3
2024;Accidents du travail;Q;Santé humaine et action sociale;Q - Santé humaine et action sociale;8610Z;Activités hospitalières;8610Z - Activités hospitalières;18181;719832;25.3;18181;719832;25.3
2024;Accidents du travail;Q;Santé humaine et action sociale;Q - Santé humaine et action sociale;8621Z;Activité des médecins généralistes;8621Z - Activité des médecins généralistes;394;54223;7.3;394;54223;7.3
2024;Accidents du travail;Q;Santé humaine et action sociale;Q - Santé humaine et action sociale;8622A;Activités de radiodiagnostic et de radiothérapie;8622A - Activités de radiodiagnostic et de radiothérapie;80;7975;10;80;7975;10.0
2024;Accidents du travail;Q;Santé humaine et action sociale;Q - Santé humaine et action sociale;8622B;Activités chirurgicales;8622B - Activités chirurgicales;8;3579;2.2;8;3579;2.2
2024;Accidents du travail;Q;Santé humaine et action sociale;Q - Santé humaine et action sociale;8622C;Autres activités des médecins spécialistes;8622C - Autres activités des médecins spécialistes;134;24414;5.5;134;24414;5.5
2024;Accidents du travail;Q;Santé humaine et action sociale;Q - Santé humaine et action sociale;8623Z;Pratique dentaire;8623Z - Pratique dentaire;374;55226;6.8;374;55226;6.8
2024;Accidents du travail;Q;Santé humaine et action sociale;Q - Santé humaine et action sociale;8690A;Ambulances;8690A - Ambulances;3882;66223;58.6;3882;66223;58.6
2024;Accidents du travail;Q;Santé humaine et action sociale;Q - Santé humaine et action sociale;8690B;Laboratoires d'analyses médicales;8690B - Laboratoires d'analyses médicales;672;44109;15.2;672;44109;15.2
2024;Accidents du travail;Q;Santé humaine et action sociale;Q - Santé humaine et action sociale;8690C;Centres de collecte et banques d'organes;8690C - Centres de collecte et banques d'organes;NS;NS;NS;;;
2024;Accidents du travail;Q;Santé humaine et action sociale;Q - Santé humaine et action sociale;8690D;Activités des infirmiers et des sages-femmes;8690D - Activités des infirmiers et des sages-femmes;1270;20950;60.6;1270;20950;60.6
2024;Accidents du travail;Q;Santé humaine et action sociale;Q - Santé humaine et action sociale;8690E;Activités des professionnels de la rééducation, de l'appareillage et des pédicures-podologues;8690E - Activités des professionnels de la rééducation, de l'appareillage et des pédicures-podologues;46;8888;5.2;46;8888;5.2
2024;Accidents du travail;Q;Santé humaine et action sociale;Q - Santé humaine et action sociale;8690F;Activités de santé humaine non classées ailleurs;8690F - Activités de santé humaine non classées ailleurs;57;4682;12.2;57;4682;12.2
2024;Accidents du travail;Q;Santé humaine et action sociale;Q - Santé humaine et action sociale;8710A;Hébergement médicalisé pour personnes âgées;8710A - Hébergement médicalisé pour personnes âgées;17535;213658;82.1;17535;213658;82.1
2024;Accidents du travail;Q;Santé humaine et action sociale;Q - Santé humaine et action sociale;8710B;Hébergement médicalisé pour enfants handicapés;8710B - Hébergement médicalisé pour enfants handicapés;3664;65342;56.1;3664;65342;56.1
2024;Accidents du travail;Q;Santé humaine et action sociale;Q - Santé humaine et action sociale;8710C;Hébergement médicalisé pour adultes handicapés et autre hébergement médicalisé;8710C - Hébergement médicalisé pour adultes handicapés et autre hébergement médicalisé;3947;42646;92.6;3947;42646;92.6
2024;Accidents du travail;Q;Santé humaine et action sociale;Q - Santé humaine et action sociale;8720A;Hébergement social pour handicapés mentaux et malades mentaux;8720A - Hébergement social pour handicapés mentaux et malades mentaux;3154;61803;51;3154;61803;51.0
2024;Accidents du travail;Q;Santé humaine et action sociale;Q - Santé humaine et action sociale;8720B;Hébergement social pour toxicomanes;8720B - Hébergement social pour toxicomanes;NS;NS;NS;;;
2024;Accidents du travail;Q;Santé humaine et action sociale;Q - Santé humaine et action sociale;8730A;Hébergement social pour personnes âgées;8730A - Hébergement social pour personnes âgées;2686;37781;71.1;2686;37781;71.1
2024;Accidents du travail;Q;Santé humaine et action sociale;Q - Santé humaine et action sociale;8730B;Hébergement social pour handicapés physiques;8730B - Hébergement social pour handicapés physiques;574;9012;63.7;574;9012;63.7
2024;Accidents du travail;Q;Santé humaine et action sociale;Q - Santé humaine et action sociale;8790A;Hébergement social pour enfants en difficultés;8790A - Hébergement social pour enfants en difficultés;3173;65740;48.3;3173;65740;48.3
2024;Accidents du travail;Q;Santé humaine et action sociale;Q - Santé humaine et action sociale;8790B;Hébergement social pour adultes et familles en difficultés et autre hébergement social;8790B - Hébergement social pour adultes et familles en difficultés et autre hébergement social;1534;48922;31.4;1534;48922;31.4
2024;Accidents du travail;Q;Santé humaine et action sociale;Q - Santé humaine et action sociale;8810A;Aide à domicile;8810A - Aide à domicile;18633;213196;87.4;18633;213196;87.4
2024;Accidents du travail;Q;Santé humaine et action sociale;Q - Santé humaine et action sociale;8810B;Accueil ou accompagnement sans hébergement d'adultes handicapés ou de personnes âgées;8810B - Accueil ou accompagnement sans hébergement d'adultes handicapés ou de personnes âgées;531;14113;37.6;531;14113;37.6
2024;Accidents du travail;Q;Santé humaine et action sociale;Q - Santé humaine et action sociale;8810C;Aide par le travail;8810C - Aide par le travail;5334;140107;38.1;5334;140107;38.1
2024;Accidents du travail;Q;Santé humaine et action sociale;Q - Santé humaine et action sociale;8891A;Accueil de jeunes enfants;8891A - Accueil de jeunes enfants;3235;106865;30.3;3235;106865;30.3
2024;Accidents du travail;Q;Santé humaine et action sociale;Q - Santé humaine et action sociale;8891B;Accueil ou accompagnement sans hébergement d'enfants handicapés;8891B - Accueil ou accompagnement sans hébergement d'enfants handicapés;911;22719;40.1;911;22719;40.1
2024;Accidents du travail;Q;Santé humaine et action sociale;Q - Santé humaine et action sociale;8899A;Autre accueil ou accompagnement sans hébergement d'enfants et d'adolescents;8899A - Autre accueil ou accompagnement sans hébergement d'enfants et d'adolescents;369;16673;22.1;369;16673;22.1
2024;Accidents du travail;Q;Santé humaine et action sociale;Q - Santé humaine et action sociale;8899B;Action sociale sans hébergement n.c.a.;8899B - Action sociale sans hébergement n.c.a.;6292;196529;32;6292;196529;32.0
2024;Accidents du travail;Q;Santé humaine et action sociale;Q - Santé humaine et action sociale;TOUS;Total Santé humaine et action sociale;Total Santé humaine et action sociale;96811;2275911;42.5;96811;2275911;42.5
2024;Accidents du travail;R;Arts, spectacles et activités récréatives;R - Arts, spectacles et activités récréatives;9001Z;Arts du spectacle vivant;9001Z - Arts du spectacle vivant;575;38518;14.9;575;38518;14.9
2024;Accidents du travail;R;Arts, spectacles et activités récréatives;R - Arts, spectacles et activités récréatives;9002Z;Activités de soutien au spectacle vivant;9002Z - Activités de soutien au spectacle vivant;316;15267;20.7;316;15267;20.7
2024;Accidents du travail;R;Arts, spectacles et activités récréatives;R - Arts, spectacles et activités récréatives;9003A;Création artistique relevant des arts plastiques;9003A - Création artistique relevant des arts plastiques;26;1657;15.7;26;1657;15.7
2024;Accidents du travail;R;Arts, spectacles et activités récréatives;R - Arts, spectacles et activités récréatives;9003B;Autre création artistique;9003B - Autre création artistique;4;1379;2.9;4;1379;2.9
2024;Accidents du travail;R;Arts, spectacles et activités récréatives;R - Arts, spectacles et activités récréatives;9004Z;Gestion de salles de spectacles;9004Z - Gestion de salles de spectacles;146;10705;13.6;146;10705;13.6
2024;Accidents du travail;R;Arts, spectacles et activités récréatives;R - Arts, spectacles et activités récréatives;9101Z;Gestion des bibliothèques et des archives;9101Z - Gestion des bibliothèques et des archives;9;1723;5.2;9;1723;5.2
2024;Accidents du travail;R;Arts, spectacles et activités récréatives;R - Arts, spectacles et activités récréatives;9102Z;Gestion des musées;9102Z - Gestion des musées;71;6112;11.6;71;6112;11.6
2024;Accidents du travail;R;Arts, spectacles et activités récréatives;R - Arts, spectacles et activités récréatives;9103Z;Gestion des sites et monuments historiques et des attractions touristiques similaires;9103Z - Gestion des sites et monuments historiques et des attractions touristiques similaires;204;12581;16.2;204;12581;16.2
2024;Accidents du travail;R;Arts, spectacles et activités récréatives;R - Arts, spectacles et activités récréatives;9104Z;Gestion des jardins botaniques et zoologiques et des réserves naturelles;9104Z - Gestion des jardins botaniques et zoologiques et des réserves naturelles;98;3792;25.8;98;3792;25.8
2024;Accidents du travail;R;Arts, spectacles et activités récréatives;R - Arts, spectacles et activités récréatives;9200Z;Organisation de jeux de hasard et d'argent;9200Z - Organisation de jeux de hasard et d'argent;328;17121;19.2;328;17121;19.2
2024;Accidents du travail;R;Arts, spectacles et activités récréatives;R - Arts, spectacles et activités récréatives;9311Z;Gestion d'installations sportives;9311Z - Gestion d'installations sportives;901;21498;41.9;901;21498;41.9
2024;Accidents du travail;R;Arts, spectacles et activités récréatives;R - Arts, spectacles et activités récréatives;9312Z;Activités de clubs de sports;9312Z - Activités de clubs de sports;6263;83748;74.8;6263;83748;74.8
2024;Accidents du travail;R;Arts, spectacles et activités récréatives;R - Arts, spectacles et activités récréatives;9313Z;Activités des centres de culture physique;9313Z - Activités des centres de culture physique;302;11248;26.8;302;11248;26.8
2024;Accidents du travail;R;Arts, spectacles et activités récréatives;R - Arts, spectacles et activités récréatives;9319Z;Autres activités liées au sport;9319Z - Autres activités liées au sport;880;17399;50.6;880;17399;50.6
2024;Accidents du travail;R;Arts, spectacles et activités récréatives;R - Arts, spectacles et activités récréatives;9321Z;Activités des parcs d'attractions et parcs à thèmes;9321Z - Activités des parcs d'attractions et parcs à thèmes;1349;28784;46.9;1349;28784;46.9
2024;Accidents du travail;R;Arts, spectacles et activités récréatives;R - Arts, spectacles et activités récréatives;9329Z;Autres activités récréatives et de loisirs;9329Z - Autres activités récréatives et de loisirs;1034;41167;25.1;1034;41167;25.1
2024;Accidents du travail;R;Arts, spectacles et activités récréatives;R - Arts, spectacles et activités récréatives;TOUS;Total Arts, spectacles et activités récréatives;Total Arts, spectacles et activités récréatives;12506;312699;40;12506;312699;40.0
2024;Accidents du travail;S;Autres activités de services;S - Autres activités de services;9411Z;Activités des organisations patronales et consulaires;9411Z - Activités des organisations patronales et consulaires;153;27939;5.5;153;27939;5.5
2024;Accidents du travail;S;Autres activités de services;S - Autres activités de services;9412Z;Activités des organisations professionnelles;9412Z - Activités des organisations professionnelles;54;12266;4.4;54;12266;4.4
2024;Accidents du travail;S;Autres activités de services;S - Autres activités de services;9420Z;Activités des syndicats de salariés;9420Z - Activités des syndicats de salariés;124;7806;15.9;124;7806;15.9
2024;Accidents du travail;S;Autres activités de services;S - Autres activités de services;9491Z;Activités des organisations religieuses;9491Z - Activités des organisations religieuses;143;11765;12.2;143;11765;12.2
2024;Accidents du travail;S;Autres activités de services;S - Autres activités de services;9492Z;Activités des organisations politiques;9492Z - Activités des organisations politiques;1;695;NC;1;695;
2024;Accidents du travail;S;Autres activités de services;S - Autres activités de services;9499Z;Autres organisations fonctionnant par adhésion volontaire;9499Z - Autres organisations fonctionnant par adhésion volontaire;2855;167945;17;2855;167945;17.0
2024;Accidents du travail;S;Autres activités de services;S - Autres activités de services;9511Z;Réparation d'ordinateurs et d'équipements périphériques;9511Z - Réparation d'ordinateurs et d'équipements périphériques;128;9451;13.5;128;9451;13.5
2024;Accidents du travail;S;Autres activités de services;S - Autres activités de services;9512Z;Réparation d'équipements de communication;9512Z - Réparation d'équipements de communication;68;5208;13.1;68;5208;13.1
2024;Accidents du travail;S;Autres activités de services;S - Autres activités de services;9521Z;Réparation de produits électroniques grand public;9521Z - Réparation de produits électroniques grand public;112;2804;39.9;112;2804;39.9
2024;Accidents du travail;S;Autres activités de services;S - Autres activités de services;9522Z;Réparation d'appareils électroménagers et d'équipements pour la maison et le jardin;9522Z - Réparation d'appareils électroménagers et d'équipements pour la maison et le jardin;324;5851;55.4;324;5851;55.4
2024;Accidents du travail;S;Autres activités de services;S - Autres activités de services;9523Z;Réparation de chaussures et d'articles en cuir;9523Z - Réparation de chaussures et d'articles en cuir;18;1678;10.7;18;1678;10.7
2024;Accidents du travail;S;Autres activités de services;S - Autres activités de services;9524Z;Réparation de meubles et d'équipements du foyer;9524Z - Réparation de meubles et d'équipements du foyer;20;850;NC;20;850;
2024;Accidents du travail;S;Autres activités de services;S - Autres activités de services;9525Z;Réparation d'articles d'horlogerie et de bijouterie;9525Z - Réparation d'articles d'horlogerie et de bijouterie;10;1008;9.9;10;1008;9.9
2024;Accidents du travail;S;Autres activités de services;S - Autres activités de services;9529Z;Réparation d'autres biens personnels et domestiques;9529Z - Réparation d'autres biens personnels et domestiques;120;4830;24.8;120;4830;24.8
2024;Accidents du travail;S;Autres activités de services;S - Autres activités de services;9601A;Blanchisserie-teinturerie de gros;9601A - Blanchisserie-teinturerie de gros;495;12450;39.8;495;12450;39.8
2024;Accidents du travail;S;Autres activités de services;S - Autres activités de services;9601B;Blanchisserie-teinturerie de détail;9601B - Blanchisserie-teinturerie de détail;196;9611;20.4;196;9611;20.4
2024;Accidents du travail;S;Autres activités de services;S - Autres activités de services;9602A;Coiffure;9602A - Coiffure;781;101219;7.7;781;101219;7.7
2024;Accidents du travail;S;Autres activités de services;S - Autres activités de services;9602B;Soins de beauté;9602B - Soins de beauté;261;33009;7.9;261;33009;7.9
2024;Accidents du travail;S;Autres activités de services;S - Autres activités de services;9603Z;Services funéraires;9603Z - Services funéraires;1034;22814;45.3;1034;22814;45.3
2024;Accidents du travail;S;Autres activités de services;S - Autres activités de services;9604Z;Entretien corporel;9604Z - Entretien corporel;327;13614;24;327;13614;24.0
2024;Accidents du travail;S;Autres activités de services;S - Autres activités de services;9609Z;Autres services personnels n.c.a.;9609Z - Autres services personnels n.c.a.;1723;30479;56.5;1723;30479;56.5
2024;Accidents du travail;S;Autres activités de services;S - Autres activités de services;TOUS;Total Autres activités de services;Total Autres activités de services;8947;483292;18.5;8947;483292;18.5
2024;Accidents du travail;T;"Activités des ménages en tant qu'employeurs ; activités indifférenciées des ménages en tant que producteurs de biens et services pour usage propre";"T - Activités des ménages en tant qu'employeurs ; activités indifférenciées des ménages en tant que producteurs de biens et services pour usage propre";9700Z;Activités des ménages en tant qu'employeurs de personnel domestique;9700Z - Activités des ménages en tant qu'employeurs de personnel domestique;0;3;NC;0;3;
2024;Accidents du travail;T;"Activités des ménages en tant qu'employeurs ; activités indifférenciées des ménages en tant que producteurs de biens et services pour usage propre";"T - Activités des ménages en tant qu'employeurs ; activités indifférenciées des ménages en tant que producteurs de biens et services pour usage propre";9810Z;Activités indifférenciées des ménages en tant que producteurs de biens pour usage propre;9810Z - Activités indifférenciées des ménages en tant que producteurs de biens pour usage propre;NS;NS;NC;;;
2024;Accidents du travail;T;"Activités des ménages en tant qu'employeurs ; activités indifférenciées des ménages en tant que producteurs de biens et services pour usage propre";"T - Activités des ménages en tant qu'employeurs ; activités indifférenciées des ménages en tant que producteurs de biens et services pour usage propre";9820Z;Activités indifférenciées des ménages en tant que producteurs de services pour usage propre;9820Z - Activités indifférenciées des ménages en tant que producteurs de services pour usage propre;NS;NS;NC;;;
2024;Accidents du travail;T;"Activités des ménages en tant qu'employeurs ; activités indifférenciées des ménages en tant que producteurs de biens et services pour usage propre";"T - Activités des ménages en tant qu'employeurs ; activités indifférenciées des ménages en tant que producteurs de biens et services pour usage propre";TOUS;"Total Activités des ménages en tant qu'employeurs ; activités indifférenciées des ménages en tant que producteurs de biens et services pour usage propre";"Total Activités des ménages en tant qu'employeurs ; activités indifférenciées des ménages en tant que producteurs de biens et services pour usage propre";0;9;NC;0;9;
2024;Accidents du travail;TOUS;Tous secteurs confondus;Tous secteurs confondus;TOUS;Tous secteurs confondus;Tous secteurs confondus;549614;20799568;26.4;549614;20799568;26.4
2024;Accidents du travail;U;Activités extra-territoriales;U - Activités extra-territoriales;9900Z;Activités des organisations et organismes extraterritoriaux;9900Z - Activités des organisations et organismes extraterritoriaux;54;7188;7.5;54;7188;7.5
2024;Accidents du travail;U;Activités extra-territoriales;U - Activités extra-territoriales;TOUS;Total Activités extra-territoriales;Total Activités extra-territoriales;54;7188;7.5;54;7188;7.5
2024;Accidents du travail;x;Valeur manquante;x - Valeur manquante;TOUS;Total Valeur manquante;Total Valeur manquante;1091;774;NC;1091;774;
2024;Accidents du travail;x;Valeur manquante;x - Valeur manquante;xxxxx;Valeur manquante;xxxxx - Valeur manquante;1091;774;NC;1091;774;
2024;Maladies professionnelles;A;Agriculture, sylviculture et pêche;A - Agriculture, sylviculture et pêche;0111Z;Culture de céréales (à l'exception du riz), de légumineuses et de graines oléagineuses;0111Z - Culture de céréales (à l'exception du riz), de légumineuses et de graines oléagineuses;1;434;NC;1;434;
2024;Maladies professionnelles;A;Agriculture, sylviculture et pêche;A - Agriculture, sylviculture et pêche;0112Z;Culture du riz;0112Z - Culture du riz;0;15;NC;0;15;
2024;Maladies professionnelles;A;Agriculture, sylviculture et pêche;A - Agriculture, sylviculture et pêche;0113Z;Culture de légumes, de melons, de racines et de tubercules;0113Z - Culture de légumes, de melons, de racines et de tubercules;5;1300;NC;5;1300;
2024;Maladies professionnelles;A;Agriculture, sylviculture et pêche;A - Agriculture, sylviculture et pêche;0114Z;Culture de la canne à sucre;0114Z - Culture de la canne à sucre;3;1373;NC;3;1373;
2024;Maladies professionnelles;A;Agriculture, sylviculture et pêche;A - Agriculture, sylviculture et pêche;0115Z;Culture du tabac;0115Z - Culture du tabac;0;7;NC;0;7;
2024;Maladies professionnelles;A;Agriculture, sylviculture et pêche;A - Agriculture, sylviculture et pêche;0116Z;Culture de plantes à fibres;0116Z - Culture de plantes à fibres;NS;NS;NC;;;
2024;Maladies professionnelles;A;Agriculture, sylviculture et pêche;A - Agriculture, sylviculture et pêche;0119Z;Autres cultures non permanentes;0119Z - Autres cultures non permanentes;1;86;NC;1;86;
2024;Maladies professionnelles;A;Agriculture, sylviculture et pêche;A - Agriculture, sylviculture et pêche;0121Z;Culture de la vigne;0121Z - Culture de la vigne;0;183;NC;0;183;
2024;Maladies professionnelles;A;Agriculture, sylviculture et pêche;A - Agriculture, sylviculture et pêche;0122Z;Culture de fruits tropicaux et subtropicaux;0122Z - Culture de fruits tropicaux et subtropicaux;32;3576;NC;32;3576;
2024;Maladies professionnelles;A;Agriculture, sylviculture et pêche;A - Agriculture, sylviculture et pêche;0123Z;Culture d'agrumes;0123Z - Culture d'agrumes;0;6;NC;0;6;
2024;Maladies professionnelles;A;Agriculture, sylviculture et pêche;A - Agriculture, sylviculture et pêche;0124Z;Culture de fruits à pépins et à noyau;0124Z - Culture de fruits à pépins et à noyau;4;399;NC;4;399;
2024;Maladies professionnelles;A;Agriculture, sylviculture et pêche;A - Agriculture, sylviculture et pêche;0125Z;Culture d'autres fruits d'arbres ou d'arbustes et de fruits à coque;0125Z - Culture d'autres fruits d'arbres ou d'arbustes et de fruits à coque;0;15;NC;0;15;
2024;Maladies professionnelles;A;Agriculture, sylviculture et pêche;A - Agriculture, sylviculture et pêche;0126Z;Culture de fruits oléagineux;0126Z - Culture de fruits oléagineux;NS;NS;NC;;;
2024;Maladies professionnelles;A;Agriculture, sylviculture et pêche;A - Agriculture, sylviculture et pêche;0127Z;Culture de plantes à boissons;0127Z - Culture de plantes à boissons;NS;NS;NC;;;
2024;Maladies professionnelles;A;Agriculture, sylviculture et pêche;A - Agriculture, sylviculture et pêche;0128Z;Culture de plantes à épices, aromatiques, médicinales et pharmaceutiques;0128Z - Culture de plantes à épices, aromatiques, médicinales et pharmaceutiques;0;73;NC;0;73;
2024;Maladies professionnelles;A;Agriculture, sylviculture et pêche;A - Agriculture, sylviculture et pêche;0129Z;Autres cultures permanentes;0129Z - Autres cultures permanentes;0;14;NC;0;14;
2024;Maladies professionnelles;A;Agriculture, sylviculture et pêche;A - Agriculture, sylviculture et pêche;0130Z;Reproduction de plantes;0130Z - Reproduction de plantes;0;524;NC;0;524;
2024;Maladies professionnelles;A;Agriculture, sylviculture et pêche;A - Agriculture, sylviculture et pêche;0141Z;Élevage de vaches laitières;0141Z - Élevage de vaches laitières;0;28;NC;0;28;
2024;Maladies professionnelles;A;Agriculture, sylviculture et pêche;A - Agriculture, sylviculture et pêche;0142Z;Élevage d'autres bovins et de buffles;0142Z - Élevage d'autres bovins et de buffles;1;235;NC;1;235;
2024;Maladies professionnelles;A;Agriculture, sylviculture et pêche;A - Agriculture, sylviculture et pêche;0143Z;Élevage de chevaux et d'autres équidés;0143Z - Élevage de chevaux et d'autres équidés;0;77;NC;0;77;
2024;Maladies professionnelles;A;Agriculture, sylviculture et pêche;A - Agriculture, sylviculture et pêche;0144Z;Élevage de chameaux et d'autres camélidés;0144Z - Élevage de chameaux et d'autres camélidés;0;0;NC;0;0;
2024;Maladies professionnelles;A;Agriculture, sylviculture et pêche;A - Agriculture, sylviculture et pêche;0145Z;Élevage d'ovins et de caprins;0145Z - Élevage d'ovins et de caprins;0;24;NC;0;24;
2024;Maladies professionnelles;A;Agriculture, sylviculture et pêche;A - Agriculture, sylviculture et pêche;0146Z;Élevage de porcins;0146Z - Élevage de porcins;0;114;NC;0;114;
2024;Maladies professionnelles;A;Agriculture, sylviculture et pêche;A - Agriculture, sylviculture et pêche;0147Z;Élevage de volailles;0147Z - Élevage de volailles;4;419;NC;4;419;
2024;Maladies professionnelles;A;Agriculture, sylviculture et pêche;A - Agriculture, sylviculture et pêche;0149Z;Élevage d'autres animaux;0149Z - Élevage d'autres animaux;0;97;NC;0;97;
2024;Maladies professionnelles;A;Agriculture, sylviculture et pêche;A - Agriculture, sylviculture et pêche;0150Z;Culture et élevage associés;0150Z - Culture et élevage associés;1;559;NC;1;559;
2024;Maladies professionnelles;A;Agriculture, sylviculture et pêche;A - Agriculture, sylviculture et pêche;0161Z;Activités de soutien aux cultures;0161Z - Activités de soutien aux cultures;0;663;NC;0;663;
2024;Maladies professionnelles;A;Agriculture, sylviculture et pêche;A - Agriculture, sylviculture et pêche;0162Z;Activités de soutien à la production animale;0162Z - Activités de soutien à la production animale;0;748;NC;0;748;
2024;Maladies professionnelles;A;Agriculture, sylviculture et pêche;A - Agriculture, sylviculture et pêche;0163Z;Traitement primaire des récoltes;0163Z - Traitement primaire des récoltes;0;6;NC;0;6;
2024;Maladies professionnelles;A;Agriculture, sylviculture et pêche;A - Agriculture, sylviculture et pêche;0164Z;Traitement des semences;0164Z - Traitement des semences;NS;NS;NC;;;
2024;Maladies professionnelles;A;Agriculture, sylviculture et pêche;A - Agriculture, sylviculture et pêche;0170Z;Chasse, piégeage et services annexes;0170Z - Chasse, piégeage et services annexes;0;4;NC;0;4;
2024;Maladies professionnelles;A;Agriculture, sylviculture et pêche;A - Agriculture, sylviculture et pêche;0210Z;Sylviculture et autres activités forestières;0210Z - Sylviculture et autres activités forestières;0;81;NC;0;81;
2024;Maladies professionnelles;A;Agriculture, sylviculture et pêche;A - Agriculture, sylviculture et pêche;0220Z;Exploitation forestière;0220Z - Exploitation forestière;2;1023;NC;2;1023;
2024;Maladies professionnelles;A;Agriculture, sylviculture et pêche;A - Agriculture, sylviculture et pêche;0230Z;Récolte de produits forestiers non ligneux poussant à l'état sauvage;0230Z - Récolte de produits forestiers non ligneux poussant à l'état sauvage;0;2;NC;0;2;
2024;Maladies professionnelles;A;Agriculture, sylviculture et pêche;A - Agriculture, sylviculture et pêche;0240Z;Services de soutien à l'exploitation forestière;0240Z - Services de soutien à l'exploitation forestière;NS;NS;NC;;;
2024;Maladies professionnelles;A;Agriculture, sylviculture et pêche;A - Agriculture, sylviculture et pêche;0311Z;Pêche en mer;0311Z - Pêche en mer;2;1249;NC;2;1249;
2024;Maladies professionnelles;A;Agriculture, sylviculture et pêche;A - Agriculture, sylviculture et pêche;0312Z;Pêche en eau douce;0312Z - Pêche en eau douce;0;4;NC;0;4;
2024;Maladies professionnelles;A;Agriculture, sylviculture et pêche;A - Agriculture, sylviculture et pêche;0321Z;Aquaculture en mer;0321Z - Aquaculture en mer;2;123;NC;2;123;
2024;Maladies professionnelles;A;Agriculture, sylviculture et pêche;A - Agriculture, sylviculture et pêche;0322Z;Aquaculture en eau douce;0322Z - Aquaculture en eau douce;0;37;NC;0;37;
2024;Maladies professionnelles;A;Agriculture, sylviculture et pêche;A - Agriculture, sylviculture et pêche;TOUS;Total Agriculture, sylviculture et pêche;Total Agriculture, sylviculture et pêche;60;16062;NC;60;16062;
2024;Maladies professionnelles;B;Industries extractives;B - Industries extractives;0510Z;Extraction de houille;0510Z - Extraction de houille;NS;NS;NC;;;
2024;Maladies professionnelles;B;Industries extractives;B - Industries extractives;0520Z;Extraction de lignite;0520Z - Extraction de lignite;0;0;NC;0;0;
2024;Maladies professionnelles;B;Industries extractives;B - Industries extractives;0610Z;Extraction de pétrole brut;0610Z - Extraction de pétrole brut;1;205;NC;1;205;
2024;Maladies professionnelles;B;Industries extractives;B - Industries extractives;0620Z;Extraction de gaz naturel;0620Z - Extraction de gaz naturel;NS;NS;NC;;;
2024;Maladies professionnelles;B;Industries extractives;B - Industries extractives;0710Z;Extraction de minerais de fer;0710Z - Extraction de minerais de fer;NS;NS;NC;;;
2024;Maladies professionnelles;B;Industries extractives;B - Industries extractives;0721Z;Extraction de minerais d'uranium et de thorium;0721Z - Extraction de minerais d'uranium et de thorium;0;0;NC;0;0;
2024;Maladies professionnelles;B;Industries extractives;B - Industries extractives;0729Z;Extraction d'autres minerais de métaux non ferreux;0729Z - Extraction d'autres minerais de métaux non ferreux;0;484;NC;0;484;
2024;Maladies professionnelles;B;Industries extractives;B - Industries extractives;0811Z;Extraction de pierres ornementales et de construction, de calcaire industriel, de gypse, de craie et d'ardoise;0811Z - Extraction de pierres ornementales et de construction, de calcaire industriel, de gypse, de craie et d'ardoise;15;3258;NC;15;3258;
2024;Maladies professionnelles;B;Industries extractives;B - Industries extractives;0812Z;Exploitation de gravières et sablières, extraction d'argiles et de kaolin;0812Z - Exploitation de gravières et sablières, extraction d'argiles et de kaolin;54;14028;NC;54;14028;
2024;Maladies professionnelles;B;Industries extractives;B - Industries extractives;0891Z;Extraction des minéraux chimiques et d'engrais minéraux;0891Z - Extraction des minéraux chimiques et d'engrais minéraux;0;102;NC;0;102;
2024;Maladies professionnelles;B;Industries extractives;B - Industries extractives;0892Z;Extraction de tourbe;0892Z - Extraction de tourbe;2;312;NC;2;312;
2024;Maladies professionnelles;B;Industries extractives;B - Industries extractives;0893Z;Production de sel;0893Z - Production de sel;0;150;NC;0;150;
2024;Maladies professionnelles;B;Industries extractives;B - Industries extractives;0899Z;Autres activités extractives n.c.a.;0899Z - Autres activités extractives n.c.a.;1;403;NC;1;403;
2024;Maladies professionnelles;B;Industries extractives;B - Industries extractives;0910Z;Activités de soutien à l'extraction d'hydrocarbures;0910Z - Activités de soutien à l'extraction d'hydrocarbures;NS;NS;NC;;;
2024;Maladies professionnelles;B;Industries extractives;B - Industries extractives;0990Z;Activités de soutien aux autres industries extractives;0990Z - Activités de soutien aux autres industries extractives;2;412;NC;2;412;
2024;Maladies professionnelles;B;Industries extractives;B - Industries extractives;TOUS;Total Industries extractives;Total Industries extractives;75;20280;NC;75;20280;
2024;Maladies professionnelles;C;Industrie manufacturière;C - Industrie manufacturière;1011Z;Transformation et conservation de la viande de boucherie;1011Z - Transformation et conservation de la viande de boucherie;654;39693;NC;654;39693;
2024;Maladies professionnelles;C;Industrie manufacturière;C - Industrie manufacturière;1012Z;Transformation et conservation de la viande de volaille;1012Z - Transformation et conservation de la viande de volaille;362;20443;NC;362;20443;
2024;Maladies professionnelles;C;Industrie manufacturière;C - Industrie manufacturière;1013A;Préparation industrielle de produits à base de viande;1013A - Préparation industrielle de produits à base de viande;260;22688;NC;260;22688;
2024;Maladies professionnelles;C;Industrie manufacturière;C - Industrie manufacturière;1013B;Charcuterie;1013B - Charcuterie;49;8985;NC;49;8985;
2024;Maladies professionnelles;C;Industrie manufacturière;C - Industrie manufacturière;1020Z;Transformation et conservation de poisson, de crustacés et de mollusques;1020Z - Transformation et conservation de poisson, de crustacés et de mollusques;165;10428;NC;165;10428;
2024;Maladies professionnelles;C;Industrie manufacturière;C - Industrie manufacturière;1031Z;Transformation et conservation de pommes de terre;1031Z - Transformation et conservation de pommes de terre;4;2672;NC;4;2672;
2024;Maladies professionnelles;C;Industrie manufacturière;C - Industrie manufacturière;1032Z;Préparation de jus de fruits et légumes;1032Z - Préparation de jus de fruits et légumes;4;1423;NC;4;1423;
2024;Maladies professionnelles;C;Industrie manufacturière;C - Industrie manufacturière;1039A;Autre transformation et conservation de légumes;1039A - Autre transformation et conservation de légumes;69;10544;NC;69;10544;
2024;Maladies professionnelles;C;Industrie manufacturière;C - Industrie manufacturière;1039B;Transformation et conservation de fruits;1039B - Transformation et conservation de fruits;17;7679;NC;17;7679;
2024;Maladies professionnelles;C;Industrie manufacturière;C - Industrie manufacturière;1041A;Fabrication d'huiles et graisses brutes;1041A - Fabrication d'huiles et graisses brutes;5;1582;NC;5;1582;
2024;Maladies professionnelles;C;Industrie manufacturière;C - Industrie manufacturière;1041B;Fabrication d'huiles et graisses raffinées;1041B - Fabrication d'huiles et graisses raffinées;1;1034;NC;1;1034;
2024;Maladies professionnelles;C;Industrie manufacturière;C - Industrie manufacturière;1042Z;Fabrication de margarine et graisses comestibles similaires;1042Z - Fabrication de margarine et graisses comestibles similaires;0;232;NC;0;232;
2024;Maladies professionnelles;C;Industrie manufacturière;C - Industrie manufacturière;1051A;Fabrication de lait liquide et de produits frais;1051A - Fabrication de lait liquide et de produits frais;37;9450;NC;37;9450;
2024;Maladies professionnelles;C;Industrie manufacturière;C - Industrie manufacturière;1051B;Fabrication de beurre;1051B - Fabrication de beurre;2;786;NC;2;786;
2024;Maladies professionnelles;C;Industrie manufacturière;C - Industrie manufacturière;1051C;Fabrication de fromage;1051C - Fabrication de fromage;132;21097;NC;132;21097;
2024;Maladies professionnelles;C;Industrie manufacturière;C - Industrie manufacturière;1051D;Fabrication d'autres produits laitiers;1051D - Fabrication d'autres produits laitiers;10;3970;NC;10;3970;
2024;Maladies professionnelles;C;Industrie manufacturière;C - Industrie manufacturière;1052Z;Fabrication de glaces et sorbets;1052Z - Fabrication de glaces et sorbets;34;5355;NC;34;5355;
2024;Maladies professionnelles;C;Industrie manufacturière;C - Industrie manufacturière;1061A;Meunerie;1061A - Meunerie;17;5692;NC;17;5692;
2024;Maladies professionnelles;C;Industrie manufacturière;C - Industrie manufacturière;1061B;Autres activités du travail des grains;1061B - Autres activités du travail des grains;8;2499;NC;8;2499;
2024;Maladies professionnelles;C;Industrie manufacturière;C - Industrie manufacturière;1062Z;Fabrication de produits amylacés;1062Z - Fabrication de produits amylacés;9;4482;NC;9;4482;
2024;Maladies professionnelles;C;Industrie manufacturière;C - Industrie manufacturière;1071A;Fabrication industrielle de pain et de pâtisserie fraîche;1071A - Fabrication industrielle de pain et de pâtisserie fraîche;269;35928;NC;269;35928;
2024;Maladies professionnelles;C;Industrie manufacturière;C - Industrie manufacturière;1071B;Cuisson de produits de boulangerie;1071B - Cuisson de produits de boulangerie;21;7571;NC;21;7571;
2024;Maladies professionnelles;C;Industrie manufacturière;C - Industrie manufacturière;1071C;Boulangerie et boulangerie-pâtisserie;1071C - Boulangerie et boulangerie-pâtisserie;519;175885;NC;519;175885;
2024;Maladies professionnelles;C;Industrie manufacturière;C - Industrie manufacturière;1071D;Pâtisserie;1071D - Pâtisserie;30;17139;NC;30;17139;
2024;Maladies professionnelles;C;Industrie manufacturière;C - Industrie manufacturière;1072Z;Fabrication de biscuits, biscottes et pâtisseries de conservation;1072Z - Fabrication de biscuits, biscottes et pâtisseries de conservation;91;14361;NC;91;14361;
2024;Maladies professionnelles;C;Industrie manufacturière;C - Industrie manufacturière;1073Z;Fabrication de pâtes alimentaires;1073Z - Fabrication de pâtes alimentaires;12;3213;NC;12;3213;
2024;Maladies professionnelles;C;Industrie manufacturière;C - Industrie manufacturière;1081Z;Fabrication de sucre;1081Z - Fabrication de sucre;8;1721;NC;8;1721;
2024;Maladies professionnelles;C;Industrie manufacturière;C - Industrie manufacturière;1082Z;Fabrication de cacao, chocolat et de produits de confiserie;1082Z - Fabrication de cacao, chocolat et de produits de confiserie;64;19225;NC;64;19225;
2024;Maladies professionnelles;C;Industrie manufacturière;C - Industrie manufacturière;1083Z;Transformation du thé et du café;1083Z - Transformation du thé et du café;15;6401;NC;15;6401;
2024;Maladies professionnelles;C;Industrie manufacturière;C - Industrie manufacturière;1084Z;Fabrication de condiments et assaisonnements;1084Z - Fabrication de condiments et assaisonnements;12;3947;NC;12;3947;
2024;Maladies professionnelles;C;Industrie manufacturière;C - Industrie manufacturière;1085Z;Fabrication de plats préparés;1085Z - Fabrication de plats préparés;223;24111;NC;223;24111;
2024;Maladies professionnelles;C;Industrie manufacturière;C - Industrie manufacturière;1086Z;Fabrication d'aliments homogénéisés et diététiques;1086Z - Fabrication d'aliments homogénéisés et diététiques;16;6034;NC;16;6034;
2024;Maladies professionnelles;C;Industrie manufacturière;C - Industrie manufacturière;1089Z;Fabrication d'autres produits alimentaires n.c.a.;1089Z - Fabrication d'autres produits alimentaires n.c.a.;84;18235;NC;84;18235;
2024;Maladies professionnelles;C;Industrie manufacturière;C - Industrie manufacturière;1091Z;Fabrication d'aliments pour animaux de ferme;1091Z - Fabrication d'aliments pour animaux de ferme;14;7765;NC;14;7765;
2024;Maladies professionnelles;C;Industrie manufacturière;C - Industrie manufacturière;1092Z;Fabrication d'aliments pour animaux de compagnie;1092Z - Fabrication d'aliments pour animaux de compagnie;21;7526;NC;21;7526;
2024;Maladies professionnelles;C;Industrie manufacturière;C - Industrie manufacturière;1101Z;Production de boissons alcooliques distillées;1101Z - Production de boissons alcooliques distillées;14;8713;NC;14;8713;
2024;Maladies professionnelles;C;Industrie manufacturière;C - Industrie manufacturière;1102A;Fabrication de vins effervescents;1102A - Fabrication de vins effervescents;12;5041;NC;12;5041;
2024;Maladies professionnelles;C;Industrie manufacturière;C - Industrie manufacturière;1102B;Vinification;1102B - Vinification;8;3125;NC;8;3125;
2024;Maladies professionnelles;C;Industrie manufacturière;C - Industrie manufacturière;1103Z;Fabrication de cidre et de vins de fruits;1103Z - Fabrication de cidre et de vins de fruits;1;423;NC;1;423;
2024;Maladies professionnelles;C;Industrie manufacturière;C - Industrie manufacturière;1104Z;Production d'autres boissons fermentées non distillées;1104Z - Production d'autres boissons fermentées non distillées;0;216;NC;0;216;
2024;Maladies professionnelles;C;Industrie manufacturière;C - Industrie manufacturière;1105Z;Fabrication de bière;1105Z - Fabrication de bière;9;7292;NC;9;7292;
2024;Maladies professionnelles;C;Industrie manufacturière;C - Industrie manufacturière;1106Z;Fabrication de malt;1106Z - Fabrication de malt;0;501;NC;0;501;
2024;Maladies professionnelles;C;Industrie manufacturière;C - Industrie manufacturière;1107A;Industrie des eaux de table;1107A - Industrie des eaux de table;12;7063;NC;12;7063;
2024;Maladies professionnelles;C;Industrie manufacturière;C - Industrie manufacturière;1107B;Production de boissons rafraîchissantes;1107B - Production de boissons rafraîchissantes;11;7962;NC;11;7962;
2024;Maladies professionnelles;C;Industrie manufacturière;C - Industrie manufacturière;1200Z;Fabrication de produits à base de tabac;1200Z - Fabrication de produits à base de tabac;3;789;NC;3;789;
2024;Maladies professionnelles;C;Industrie manufacturière;C - Industrie manufacturière;1310Z;Préparation de fibres textiles et filature;1310Z - Préparation de fibres textiles et filature;14;1776;NC;14;1776;
2024;Maladies professionnelles;C;Industrie manufacturière;C - Industrie manufacturière;1320Z;Tissage;1320Z - Tissage;19;4976;NC;19;4976;
2024;Maladies professionnelles;C;Industrie manufacturière;C - Industrie manufacturière;1330Z;Ennoblissement textile;1330Z - Ennoblissement textile;10;2397;NC;10;2397;
2024;Maladies professionnelles;C;Industrie manufacturière;C - Industrie manufacturière;1391Z;Fabrication d'étoffes à mailles;1391Z - Fabrication d'étoffes à mailles;1;632;NC;1;632;
2024;Maladies professionnelles;C;Industrie manufacturière;C - Industrie manufacturière;1392Z;Fabrication d'articles textiles, sauf habillement;1392Z - Fabrication d'articles textiles, sauf habillement;48;11211;NC;48;11211;
2024;Maladies professionnelles;C;Industrie manufacturière;C - Industrie manufacturière;1393Z;Fabrication de tapis et moquettes;1393Z - Fabrication de tapis et moquettes;6;1131;NC;6;1131;
2024;Maladies professionnelles;C;Industrie manufacturière;C - Industrie manufacturière;1394Z;Fabrication de ficelles, cordes et filets;1394Z - Fabrication de ficelles, cordes et filets;9;906;NC;9;906;
2024;Maladies professionnelles;C;Industrie manufacturière;C - Industrie manufacturière;1395Z;Fabrication de non-tissés, sauf habillement;1395Z - Fabrication de non-tissés, sauf habillement;17;2374;NC;17;2374;
2024;Maladies professionnelles;C;Industrie manufacturière;C - Industrie manufacturière;1396Z;Fabrication d'autres textiles techniques et industriels;1396Z - Fabrication d'autres textiles techniques et industriels;32;7319;NC;32;7319;
2024;Maladies professionnelles;C;Industrie manufacturière;C - Industrie manufacturière;1399Z;Fabrication d'autres textiles n.c.a.;1399Z - Fabrication d'autres textiles n.c.a.;19;2602;NC;19;2602;
2024;Maladies professionnelles;C;Industrie manufacturière;C - Industrie manufacturière;1411Z;Fabrication de vêtements en cuir;1411Z - Fabrication de vêtements en cuir;4;356;NC;4;356;
2024;Maladies professionnelles;C;Industrie manufacturière;C - Industrie manufacturière;1412Z;Fabrication de vêtements de travail;1412Z - Fabrication de vêtements de travail;4;1721;NC;4;1721;
2024;Maladies professionnelles;C;Industrie manufacturière;C - Industrie manufacturière;1413Z;Fabrication de vêtements de dessus;1413Z - Fabrication de vêtements de dessus;75;17260;NC;75;17260;
2024;Maladies professionnelles;C;Industrie manufacturière;C - Industrie manufacturière;1414Z;Fabrication de vêtements de dessous;1414Z - Fabrication de vêtements de dessous;23;4675;NC;23;4675;
2024;Maladies professionnelles;C;Industrie manufacturière;C - Industrie manufacturière;1419Z;Fabrication d'autres vêtements et accessoires;1419Z - Fabrication d'autres vêtements et accessoires;28;4345;NC;28;4345;
2024;Maladies professionnelles;C;Industrie manufacturière;C - Industrie manufacturière;1420Z;Fabrication d'articles en fourrure;1420Z - Fabrication d'articles en fourrure;0;101;NC;0;101;
2024;Maladies professionnelles;C;Industrie manufacturière;C - Industrie manufacturière;1431Z;Fabrication d'articles chaussants à mailles;1431Z - Fabrication d'articles chaussants à mailles;17;1459;NC;17;1459;
2024;Maladies professionnelles;C;Industrie manufacturière;C - Industrie manufacturière;1439Z;Fabrication d'autres articles à mailles;1439Z - Fabrication d'autres articles à mailles;11;1574;NC;11;1574;
2024;Maladies professionnelles;C;Industrie manufacturière;C - Industrie manufacturière;1511Z;"Apprêt et tannage des cuirs ; préparation et teinture des fourrures";"1511Z - Apprêt et tannage des cuirs ; préparation et teinture des fourrures";9;1792;NC;9;1792;
2024;Maladies professionnelles;C;Industrie manufacturière;C - Industrie manufacturière;1512Z;Fabrication d'articles de voyage, de maroquinerie et de sellerie;1512Z - Fabrication d'articles de voyage, de maroquinerie et de sellerie;413;36484;NC;413;36484;
2024;Maladies professionnelles;C;Industrie manufacturière;C - Industrie manufacturière;1520Z;Fabrication de chaussures;1520Z - Fabrication de chaussures;46;3648;NC;46;3648;
2024;Maladies professionnelles;C;Industrie manufacturière;C - Industrie manufacturière;1610A;Sciage et rabotage du bois, hors imprégnation;1610A - Sciage et rabotage du bois, hors imprégnation;32;6442;NC;32;6442;
2024;Maladies professionnelles;C;Industrie manufacturière;C - Industrie manufacturière;1610B;Imprégnation du bois;1610B - Imprégnation du bois;6;2685;NC;6;2685;
2024;Maladies professionnelles;C;Industrie manufacturière;C - Industrie manufacturière;1621Z;Fabrication de placage et de panneaux de bois;1621Z - Fabrication de placage et de panneaux de bois;18;5234;NC;18;5234;
2024;Maladies professionnelles;C;Industrie manufacturière;C - Industrie manufacturière;1622Z;Fabrication de parquets assemblés;1622Z - Fabrication de parquets assemblés;5;647;NC;5;647;
2024;Maladies professionnelles;C;Industrie manufacturière;C - Industrie manufacturière;1623Z;Fabrication de charpentes et d'autres menuiseries;1623Z - Fabrication de charpentes et d'autres menuiseries;103;20188;NC;103;20188;
2024;Maladies professionnelles;C;Industrie manufacturière;C - Industrie manufacturière;1624Z;Fabrication d'emballages en bois;1624Z - Fabrication d'emballages en bois;67;11998;NC;67;11998;
2024;Maladies professionnelles;C;Industrie manufacturière;C - Industrie manufacturière;1629Z;"Fabrication d'objets divers en bois ; fabrication d'objets en liège, vannerie et sparterie";"1629Z - Fabrication d'objets divers en bois ; fabrication d'objets en liège, vannerie et sparterie";16;4681;NC;16;4681;
2024;Maladies professionnelles;C;Industrie manufacturière;C - Industrie manufacturière;1711Z;Fabrication de pâte à papier;1711Z - Fabrication de pâte à papier;3;1121;NC;3;1121;
2024;Maladies professionnelles;C;Industrie manufacturière;C - Industrie manufacturière;1712Z;Fabrication de papier et de carton;1712Z - Fabrication de papier et de carton;37;12656;NC;37;12656;
2024;Maladies professionnelles;C;Industrie manufacturière;C - Industrie manufacturière;1721A;Fabrication de carton ondulé;1721A - Fabrication de carton ondulé;64;14853;NC;64;14853;
2024;Maladies professionnelles;C;Industrie manufacturière;C - Industrie manufacturière;1721B;Fabrication de cartonnages;1721B - Fabrication de cartonnages;66;9960;NC;66;9960;
2024;Maladies professionnelles;C;Industrie manufacturière;C - Industrie manufacturière;1721C;Fabrication d'emballages en papier;1721C - Fabrication d'emballages en papier;23;2721;NC;23;2721;
2024;Maladies professionnelles;C;Industrie manufacturière;C - Industrie manufacturière;1722Z;Fabrication d'articles en papier à usage sanitaire ou domestique;1722Z - Fabrication d'articles en papier à usage sanitaire ou domestique;16;7131;NC;16;7131;
2024;Maladies professionnelles;C;Industrie manufacturière;C - Industrie manufacturière;1723Z;Fabrication d'articles de papeterie;1723Z - Fabrication d'articles de papeterie;19;3100;NC;19;3100;
2024;Maladies professionnelles;C;Industrie manufacturière;C - Industrie manufacturière;1724Z;Fabrication de papiers peints;1724Z - Fabrication de papiers peints;1;175;NC;1;175;
2024;Maladies professionnelles;C;Industrie manufacturière;C - Industrie manufacturière;1729Z;Fabrication d'autres articles en papier ou en carton;1729Z - Fabrication d'autres articles en papier ou en carton;24;6971;NC;24;6971;
2024;Maladies professionnelles;C;Industrie manufacturière;C - Industrie manufacturière;1811Z;Imprimerie de journaux;1811Z - Imprimerie de journaux;4;2719;NC;4;2719;
2024;Maladies professionnelles;C;Industrie manufacturière;C - Industrie manufacturière;1812Z;Autre imprimerie (labeur);1812Z - Autre imprimerie (labeur);109;31432;NC;109;31432;
2024;Maladies professionnelles;C;Industrie manufacturière;C - Industrie manufacturière;1813Z;Activités de pré-presse;1813Z - Activités de pré-presse;17;7921;NC;17;7921;
2024;Maladies professionnelles;C;Industrie manufacturière;C - Industrie manufacturière;1814Z;Reliure et activités connexes;1814Z - Reliure et activités connexes;18;1488;NC;18;1488;
2024;Maladies professionnelles;C;Industrie manufacturière;C - Industrie manufacturière;1820Z;Reproduction d'enregistrements;1820Z - Reproduction d'enregistrements;2;582;NC;2;582;
2024;Maladies professionnelles;C;Industrie manufacturière;C - Industrie manufacturière;1910Z;Cokéfaction;1910Z - Cokéfaction;0;0;NC;0;0;
2024;Maladies professionnelles;C;Industrie manufacturière;C - Industrie manufacturière;1920Z;Raffinage du pétrole;1920Z - Raffinage du pétrole;19;8837;NC;19;8837;
2024;Maladies professionnelles;C;Industrie manufacturière;C - Industrie manufacturière;2011Z;Fabrication de gaz industriels;2011Z - Fabrication de gaz industriels;13;4135;NC;13;4135;
2024;Maladies professionnelles;C;Industrie manufacturière;C - Industrie manufacturière;2012Z;Fabrication de colorants et de pigments;2012Z - Fabrication de colorants et de pigments;4;1637;NC;4;1637;
2024;Maladies professionnelles;C;Industrie manufacturière;C - Industrie manufacturière;2013A;Enrichissement et retraitement de matières nucléaires;2013A - Enrichissement et retraitement de matières nucléaires;1;686;NC;1;686;
2024;Maladies professionnelles;C;Industrie manufacturière;C - Industrie manufacturière;2013B;Fabrication d'autres produits chimiques inorganiques de base n.c.a.;2013B - Fabrication d'autres produits chimiques inorganiques de base n.c.a.;12;8160;NC;12;8160;
2024;Maladies professionnelles;C;Industrie manufacturière;C - Industrie manufacturière;2014Z;Fabrication d'autres produits chimiques organiques de base;2014Z - Fabrication d'autres produits chimiques organiques de base;39;19090;NC;39;19090;
2024;Maladies professionnelles;C;Industrie manufacturière;C - Industrie manufacturière;2015Z;Fabrication de produits azotés et d'engrais;2015Z - Fabrication de produits azotés et d'engrais;10;4233;NC;10;4233;
2024;Maladies professionnelles;C;Industrie manufacturière;C - Industrie manufacturière;2016Z;Fabrication de matières plastiques de base;2016Z - Fabrication de matières plastiques de base;28;11318;NC;28;11318;
2024;Maladies professionnelles;C;Industrie manufacturière;C - Industrie manufacturière;2017Z;Fabrication de caoutchouc synthétique;2017Z - Fabrication de caoutchouc synthétique;6;1238;NC;6;1238;
2024;Maladies professionnelles;C;Industrie manufacturière;C - Industrie manufacturière;2020Z;Fabrication de pesticides et d'autres produits agrochimiques;2020Z - Fabrication de pesticides et d'autres produits agrochimiques;16;5558;NC;16;5558;
2024;Maladies professionnelles;C;Industrie manufacturière;C - Industrie manufacturière;2030Z;Fabrication de peintures, vernis, encres et mastics;2030Z - Fabrication de peintures, vernis, encres et mastics;33;11046;NC;33;11046;
2024;Maladies professionnelles;C;Industrie manufacturière;C - Industrie manufacturière;2041Z;Fabrication de savons, détergents et produits d'entretien;2041Z - Fabrication de savons, détergents et produits d'entretien;21;7591;NC;21;7591;
2024;Maladies professionnelles;C;Industrie manufacturière;C - Industrie manufacturière;2042Z;Fabrication de parfums et de produits pour la toilette;2042Z - Fabrication de parfums et de produits pour la toilette;139;46526;NC;139;46526;
2024;Maladies professionnelles;C;Industrie manufacturière;C - Industrie manufacturière;2051Z;Fabrication de produits explosifs;2051Z - Fabrication de produits explosifs;11;3687;NC;11;3687;
2024;Maladies professionnelles;C;Industrie manufacturière;C - Industrie manufacturière;2052Z;Fabrication de colles;2052Z - Fabrication de colles;8;2879;NC;8;2879;
2024;Maladies professionnelles;C;Industrie manufacturière;C - Industrie manufacturière;2053Z;Fabrication d'huiles essentielles;2053Z - Fabrication d'huiles essentielles;11;6977;NC;11;6977;
2024;Maladies professionnelles;C;Industrie manufacturière;C - Industrie manufacturière;2059Z;Fabrication d'autres produits chimiques n.c.a.;2059Z - Fabrication d'autres produits chimiques n.c.a.;23;13553;NC;23;13553;
2024;Maladies professionnelles;C;Industrie manufacturière;C - Industrie manufacturière;2060Z;Fabrication de fibres artificielles ou synthétiques;2060Z - Fabrication de fibres artificielles ou synthétiques;4;737;NC;4;737;
2024;Maladies professionnelles;C;Industrie manufacturière;C - Industrie manufacturière;2110Z;Fabrication de produits pharmaceutiques de base;2110Z - Fabrication de produits pharmaceutiques de base;25;13729;NC;25;13729;
2024;Maladies professionnelles;C;Industrie manufacturière;C - Industrie manufacturière;2120Z;Fabrication de préparations pharmaceutiques;2120Z - Fabrication de préparations pharmaceutiques;164;68380;NC;164;68380;
2024;Maladies professionnelles;C;Industrie manufacturière;C - Industrie manufacturière;2211Z;Fabrication et rechapage de pneumatiques;2211Z - Fabrication et rechapage de pneumatiques;87;18956;NC;87;18956;
2024;Maladies professionnelles;C;Industrie manufacturière;C - Industrie manufacturière;2219Z;Fabrication d'autres articles en caoutchouc;2219Z - Fabrication d'autres articles en caoutchouc;118;18156;NC;118;18156;
2024;Maladies professionnelles;C;Industrie manufacturière;C - Industrie manufacturière;2221Z;Fabrication de plaques, feuilles, tubes et profilés en matières plastiques;2221Z - Fabrication de plaques, feuilles, tubes et profilés en matières plastiques;64;16447;NC;64;16447;
2024;Maladies professionnelles;C;Industrie manufacturière;C - Industrie manufacturière;2222Z;Fabrication d'emballages en matières plastiques;2222Z - Fabrication d'emballages en matières plastiques;153;27533;NC;153;27533;
2024;Maladies professionnelles;C;Industrie manufacturière;C - Industrie manufacturière;2223Z;Fabrication d'éléments en matières plastiques pour la construction;2223Z - Fabrication d'éléments en matières plastiques pour la construction;128;24769;NC;128;24769;
2024;Maladies professionnelles;C;Industrie manufacturière;C - Industrie manufacturière;2229A;Fabrication de pièces techniques à base de matières plastiques;2229A - Fabrication de pièces techniques à base de matières plastiques;187;30741;NC;187;30741;
2024;Maladies professionnelles;C;Industrie manufacturière;C - Industrie manufacturière;2229B;Fabrication de produits de consommation courante en matières plastiques;2229B - Fabrication de produits de consommation courante en matières plastiques;57;10376;NC;57;10376;
2024;Maladies professionnelles;C;Industrie manufacturière;C - Industrie manufacturière;2311Z;Fabrication de verre plat;2311Z - Fabrication de verre plat;5;1766;NC;5;1766;
2024;Maladies professionnelles;C;Industrie manufacturière;C - Industrie manufacturière;2312Z;Façonnage et transformation du verre plat;2312Z - Façonnage et transformation du verre plat;72;9066;NC;72;9066;
2024;Maladies professionnelles;C;Industrie manufacturière;C - Industrie manufacturière;2313Z;Fabrication de verre creux;2313Z - Fabrication de verre creux;120;17329;NC;120;17329;
2024;Maladies professionnelles;C;Industrie manufacturière;C - Industrie manufacturière;2314Z;Fabrication de fibres de verre;2314Z - Fabrication de fibres de verre;7;1844;NC;7;1844;
2024;Maladies professionnelles;C;Industrie manufacturière;C - Industrie manufacturière;2319Z;Fabrication et façonnage d'autres articles en verre, y compris verre technique;2319Z - Fabrication et façonnage d'autres articles en verre, y compris verre technique;23;3706;NC;23;3706;
2024;Maladies professionnelles;C;Industrie manufacturière;C - Industrie manufacturière;2320Z;Fabrication de produits réfractaires;2320Z - Fabrication de produits réfractaires;11;2024;NC;11;2024;
2024;Maladies professionnelles;C;Industrie manufacturière;C - Industrie manufacturière;2331Z;Fabrication de carreaux en céramique;2331Z - Fabrication de carreaux en céramique;3;832;NC;3;832;
2024;Maladies professionnelles;C;Industrie manufacturière;C - Industrie manufacturière;2332Z;Fabrication de briques, tuiles et produits de construction, en terre cuite;2332Z - Fabrication de briques, tuiles et produits de construction, en terre cuite;18;4604;NC;18;4604;
2024;Maladies professionnelles;C;Industrie manufacturière;C - Industrie manufacturière;2341Z;Fabrication d'articles céramiques à usage domestique ou ornemental;2341Z - Fabrication d'articles céramiques à usage domestique ou ornemental;14;2845;NC;14;2845;
2024;Maladies professionnelles;C;Industrie manufacturière;C - Industrie manufacturière;2342Z;Fabrication d'appareils sanitaires en céramique;2342Z - Fabrication d'appareils sanitaires en céramique;8;854;NC;8;854;
2024;Maladies professionnelles;C;Industrie manufacturière;C - Industrie manufacturière;2343Z;Fabrication d'isolateurs et pièces isolantes en céramique;2343Z - Fabrication d'isolateurs et pièces isolantes en céramique;0;545;NC;0;545;
2024;Maladies professionnelles;C;Industrie manufacturière;C - Industrie manufacturière;2344Z;Fabrication d'autres produits céramiques à usage technique;2344Z - Fabrication d'autres produits céramiques à usage technique;1;563;NC;1;563;
2024;Maladies professionnelles;C;Industrie manufacturière;C - Industrie manufacturière;2349Z;Fabrication d'autres produits céramiques;2349Z - Fabrication d'autres produits céramiques;1;340;NC;1;340;
2024;Maladies professionnelles;C;Industrie manufacturière;C - Industrie manufacturière;2351Z;Fabrication de ciment;2351Z - Fabrication de ciment;7;4317;NC;7;4317;
2024;Maladies professionnelles;C;Industrie manufacturière;C - Industrie manufacturière;2352Z;Fabrication de chaux et plâtre;2352Z - Fabrication de chaux et plâtre;4;966;NC;4;966;
2024;Maladies professionnelles;C;Industrie manufacturière;C - Industrie manufacturière;2361Z;Fabrication d'éléments en béton pour la construction;2361Z - Fabrication d'éléments en béton pour la construction;76;16327;NC;76;16327;
2024;Maladies professionnelles;C;Industrie manufacturière;C - Industrie manufacturière;2362Z;Fabrication d'éléments en plâtre pour la construction;2362Z - Fabrication d'éléments en plâtre pour la construction;4;2146;NC;4;2146;
2024;Maladies professionnelles;C;Industrie manufacturière;C - Industrie manufacturière;2363Z;Fabrication de béton prêt à l'emploi;2363Z - Fabrication de béton prêt à l'emploi;19;9088;NC;19;9088;
2024;Maladies professionnelles;C;Industrie manufacturière;C - Industrie manufacturière;2364Z;Fabrication de mortiers et bétons secs;2364Z - Fabrication de mortiers et bétons secs;8;2040;NC;8;2040;
2024;Maladies professionnelles;C;Industrie manufacturière;C - Industrie manufacturière;2365Z;Fabrication d'ouvrages en fibre-ciment;2365Z - Fabrication d'ouvrages en fibre-ciment;9;347;NC;9;347;
2024;Maladies professionnelles;C;Industrie manufacturière;C - Industrie manufacturière;2369Z;Fabrication d'autres ouvrages en béton, en ciment ou en plâtre;2369Z - Fabrication d'autres ouvrages en béton, en ciment ou en plâtre;7;1305;NC;7;1305;
2024;Maladies professionnelles;C;Industrie manufacturière;C - Industrie manufacturière;2370Z;Taille, façonnage et finissage de pierres;2370Z - Taille, façonnage et finissage de pierres;47;7266;NC;47;7266;
2024;Maladies professionnelles;C;Industrie manufacturière;C - Industrie manufacturière;2391Z;Fabrication de produits abrasifs;2391Z - Fabrication de produits abrasifs;5;894;NC;5;894;
2024;Maladies professionnelles;C;Industrie manufacturière;C - Industrie manufacturière;2399Z;Fabrication d'autres produits minéraux non métalliques n.c.a.;2399Z - Fabrication d'autres produits minéraux non métalliques n.c.a.;19;7743;NC;19;7743;
2024;Maladies professionnelles;C;Industrie manufacturière;C - Industrie manufacturière;2410Z;Sidérurgie;2410Z - Sidérurgie;131;24775;NC;131;24775;
2024;Maladies professionnelles;C;Industrie manufacturière;C - Industrie manufacturière;2420Z;Fabrication de tubes, tuyaux, profilés creux et accessoires correspondants en acier;2420Z - Fabrication de tubes, tuyaux, profilés creux et accessoires correspondants en acier;32;6209;NC;32;6209;
2024;Maladies professionnelles;C;Industrie manufacturière;C - Industrie manufacturière;2431Z;Étirage à froid de barres;2431Z - Étirage à froid de barres;0;322;NC;0;322;
2024;Maladies professionnelles;C;Industrie manufacturière;C - Industrie manufacturière;2432Z;Laminage à froid de feuillards;2432Z - Laminage à froid de feuillards;6;281;NC;6;281;
2024;Maladies professionnelles;C;Industrie manufacturière;C - Industrie manufacturière;2433Z;Profilage à froid par formage ou pliage;2433Z - Profilage à froid par formage ou pliage;15;4155;NC;15;4155;
2024;Maladies professionnelles;C;Industrie manufacturière;C - Industrie manufacturière;2434Z;Tréfilage à froid;2434Z - Tréfilage à froid;9;1100;NC;9;1100;
2024;Maladies professionnelles;C;Industrie manufacturière;C - Industrie manufacturière;2441Z;Production de métaux précieux;2441Z - Production de métaux précieux;0;321;NC;0;321;
2024;Maladies professionnelles;C;Industrie manufacturière;C - Industrie manufacturière;2442Z;Métallurgie de l'aluminium;2442Z - Métallurgie de l'aluminium;30;7756;NC;30;7756;
2024;Maladies professionnelles;C;Industrie manufacturière;C - Industrie manufacturière;2443Z;Métallurgie du plomb, du zinc ou de l'étain;2443Z - Métallurgie du plomb, du zinc ou de l'étain;2;1053;NC;2;1053;
2024;Maladies professionnelles;C;Industrie manufacturière;C - Industrie manufacturière;2444Z;Métallurgie du cuivre;2444Z - Métallurgie du cuivre;13;1631;NC;13;1631;
2024;Maladies professionnelles;C;Industrie manufacturière;C - Industrie manufacturière;2445Z;Métallurgie des autres métaux non ferreux;2445Z - Métallurgie des autres métaux non ferreux;14;4184;NC;14;4184;
2024;Maladies professionnelles;C;Industrie manufacturière;C - Industrie manufacturière;2446Z;Élaboration et transformation de matières nucléaires;2446Z - Élaboration et transformation de matières nucléaires;6;8496;NC;6;8496;
2024;Maladies professionnelles;C;Industrie manufacturière;C - Industrie manufacturière;2451Z;Fonderie de fonte;2451Z - Fonderie de fonte;80;8120;NC;80;8120;
2024;Maladies professionnelles;C;Industrie manufacturière;C - Industrie manufacturière;2452Z;Fonderie d'acier;2452Z - Fonderie d'acier;22;2675;NC;22;2675;
2024;Maladies professionnelles;C;Industrie manufacturière;C - Industrie manufacturière;2453Z;Fonderie de métaux légers;2453Z - Fonderie de métaux légers;35;4945;NC;35;4945;
2024;Maladies professionnelles;C;Industrie manufacturière;C - Industrie manufacturière;2454Z;Fonderie d'autres métaux non ferreux;2454Z - Fonderie d'autres métaux non ferreux;26;2888;NC;26;2888;
2024;Maladies professionnelles;C;Industrie manufacturière;C - Industrie manufacturière;2511Z;Fabrication de structures métalliques et de parties de structures;2511Z - Fabrication de structures métalliques et de parties de structures;230;53731;NC;230;53731;
2024;Maladies professionnelles;C;Industrie manufacturière;C - Industrie manufacturière;2512Z;Fabrication de portes et fenêtres en métal;2512Z - Fabrication de portes et fenêtres en métal;126;22144;NC;126;22144;
2024;Maladies professionnelles;C;Industrie manufacturière;C - Industrie manufacturière;2521Z;Fabrication de radiateurs et de chaudières pour le chauffage central;2521Z - Fabrication de radiateurs et de chaudières pour le chauffage central;23;4318;NC;23;4318;
2024;Maladies professionnelles;C;Industrie manufacturière;C - Industrie manufacturière;2529Z;Fabrication d'autres réservoirs, citernes et conteneurs métalliques;2529Z - Fabrication d'autres réservoirs, citernes et conteneurs métalliques;13;2958;NC;13;2958;
2024;Maladies professionnelles;C;Industrie manufacturière;C - Industrie manufacturière;2530Z;Fabrication de générateurs de vapeur, à l'exception des chaudières pour le chauffage central;2530Z - Fabrication de générateurs de vapeur, à l'exception des chaudières pour le chauffage central;NS;NS;NC;;;
2024;Maladies professionnelles;C;Industrie manufacturière;C - Industrie manufacturière;2540Z;Fabrication d'armes et de munitions;2540Z - Fabrication d'armes et de munitions;9;5160;NC;9;5160;
2024;Maladies professionnelles;C;Industrie manufacturière;C - Industrie manufacturière;2550A;"Forge, estampage, matriçage ; métallurgie des poudres";"2550A - Forge, estampage, matriçage ; métallurgie des poudres";52;10412;NC;52;10412;
2024;Maladies professionnelles;C;Industrie manufacturière;C - Industrie manufacturière;2550B;Découpage, emboutissage;2550B - Découpage, emboutissage;129;25062;NC;129;25062;
2024;Maladies professionnelles;C;Industrie manufacturière;C - Industrie manufacturière;2561Z;Traitement et revêtement des métaux;2561Z - Traitement et revêtement des métaux;110;24225;NC;110;24225;
2024;Maladies professionnelles;C;Industrie manufacturière;C - Industrie manufacturière;2562A;Décolletage;2562A - Décolletage;37;9928;NC;37;9928;
2024;Maladies professionnelles;C;Industrie manufacturière;C - Industrie manufacturière;2562B;Mécanique industrielle;2562B - Mécanique industrielle;220;63756;NC;220;63756;
2024;Maladies professionnelles;C;Industrie manufacturière;C - Industrie manufacturière;2571Z;Fabrication de coutellerie;2571Z - Fabrication de coutellerie;10;1510;NC;10;1510;
2024;Maladies professionnelles;C;Industrie manufacturière;C - Industrie manufacturière;2572Z;Fabrication de serrures et de ferrures;2572Z - Fabrication de serrures et de ferrures;45;6012;NC;45;6012;
2024;Maladies professionnelles;C;Industrie manufacturière;C - Industrie manufacturière;2573A;Fabrication de moules et modèles;2573A - Fabrication de moules et modèles;25;4808;NC;25;4808;
2024;Maladies professionnelles;C;Industrie manufacturière;C - Industrie manufacturière;2573B;Fabrication d'autres outillages;2573B - Fabrication d'autres outillages;43;8118;NC;43;8118;
2024;Maladies professionnelles;C;Industrie manufacturière;C - Industrie manufacturière;2591Z;Fabrication de fûts et emballages métalliques similaires;2591Z - Fabrication de fûts et emballages métalliques similaires;4;478;NC;4;478;
2024;Maladies professionnelles;C;Industrie manufacturière;C - Industrie manufacturière;2592Z;Fabrication d'emballages métalliques légers;2592Z - Fabrication d'emballages métalliques légers;51;7089;NC;51;7089;
2024;Maladies professionnelles;C;Industrie manufacturière;C - Industrie manufacturière;2593Z;Fabrication d'articles en fils métalliques, de chaînes et de ressorts;2593Z - Fabrication d'articles en fils métalliques, de chaînes et de ressorts;58;9546;NC;58;9546;
2024;Maladies professionnelles;C;Industrie manufacturière;C - Industrie manufacturière;2594Z;Fabrication de vis et de boulons;2594Z - Fabrication de vis et de boulons;29;6879;NC;29;6879;
2024;Maladies professionnelles;C;Industrie manufacturière;C - Industrie manufacturière;2599A;Fabrication d'articles métalliques ménagers;2599A - Fabrication d'articles métalliques ménagers;41;4272;NC;41;4272;
2024;Maladies professionnelles;C;Industrie manufacturière;C - Industrie manufacturière;2599B;Fabrication d'autres articles métalliques;2599B - Fabrication d'autres articles métalliques;66;15423;NC;66;15423;
2024;Maladies professionnelles;C;Industrie manufacturière;C - Industrie manufacturière;2611Z;Fabrication de composants électroniques;2611Z - Fabrication de composants électroniques;51;29660;NC;51;29660;
2024;Maladies professionnelles;C;Industrie manufacturière;C - Industrie manufacturière;2612Z;Fabrication de cartes électroniques assemblées;2612Z - Fabrication de cartes électroniques assemblées;67;17414;NC;67;17414;
2024;Maladies professionnelles;C;Industrie manufacturière;C - Industrie manufacturière;2620Z;Fabrication d'ordinateurs et d'équipements périphériques;2620Z - Fabrication d'ordinateurs et d'équipements périphériques;5;4957;NC;5;4957;
2024;Maladies professionnelles;C;Industrie manufacturière;C - Industrie manufacturière;2630Z;Fabrication d'équipements de communication;2630Z - Fabrication d'équipements de communication;16;16004;NC;16;16004;
2024;Maladies professionnelles;C;Industrie manufacturière;C - Industrie manufacturière;2640Z;Fabrication de produits électroniques grand public;2640Z - Fabrication de produits électroniques grand public;3;1964;NC;3;1964;
2024;Maladies professionnelles;C;Industrie manufacturière;C - Industrie manufacturière;2651A;Fabrication d'équipements d'aide à la navigation;2651A - Fabrication d'équipements d'aide à la navigation;15;27441;NC;15;27441;
2024;Maladies professionnelles;C;Industrie manufacturière;C - Industrie manufacturière;2651B;Fabrication d'instrumentation scientifique et technique;2651B - Fabrication d'instrumentation scientifique et technique;50;24934;NC;50;24934;
2024;Maladies professionnelles;C;Industrie manufacturière;C - Industrie manufacturière;2652Z;Horlogerie;2652Z - Horlogerie;6;1511;NC;6;1511;
2024;Maladies professionnelles;C;Industrie manufacturière;C - Industrie manufacturière;2660Z;Fabrication d'équipements d'irradiation médicale, d'équipements électromédicaux et électrothérapeutiques;2660Z - Fabrication d'équipements d'irradiation médicale, d'équipements électromédicaux et électrothérapeutiques;4;5259;NC;4;5259;
2024;Maladies professionnelles;C;Industrie manufacturière;C - Industrie manufacturière;2670Z;Fabrication de matériels optique et photographique;2670Z - Fabrication de matériels optique et photographique;6;3890;NC;6;3890;
2024;Maladies professionnelles;C;Industrie manufacturière;C - Industrie manufacturière;2680Z;Fabrication de supports magnétiques et optiques;2680Z - Fabrication de supports magnétiques et optiques;0;50;NC;0;50;
2024;Maladies professionnelles;C;Industrie manufacturière;C - Industrie manufacturière;2711Z;Fabrication de moteurs, génératrices et transformateurs électriques;2711Z - Fabrication de moteurs, génératrices et transformateurs électriques;64;15349;NC;64;15349;
2024;Maladies professionnelles;C;Industrie manufacturière;C - Industrie manufacturière;2712Z;Fabrication de matériel de distribution et de commande électrique;2712Z - Fabrication de matériel de distribution et de commande électrique;107;30955;NC;107;30955;
2024;Maladies professionnelles;C;Industrie manufacturière;C - Industrie manufacturière;2720Z;Fabrication de piles et d'accumulateurs électriques;2720Z - Fabrication de piles et d'accumulateurs électriques;21;6514;NC;21;6514;
2024;Maladies professionnelles;C;Industrie manufacturière;C - Industrie manufacturière;2731Z;Fabrication de câbles de fibres optiques;2731Z - Fabrication de câbles de fibres optiques;11;1264;NC;11;1264;
2024;Maladies professionnelles;C;Industrie manufacturière;C - Industrie manufacturière;2732Z;Fabrication d'autres fils et câbles électroniques ou électriques;2732Z - Fabrication d'autres fils et câbles électroniques ou électriques;28;8357;NC;28;8357;
2024;Maladies professionnelles;C;Industrie manufacturière;C - Industrie manufacturière;2733Z;Fabrication de matériel d'installation électrique;2733Z - Fabrication de matériel d'installation électrique;51;11449;NC;51;11449;
2024;Maladies professionnelles;C;Industrie manufacturière;C - Industrie manufacturière;2740Z;Fabrication d'appareils d'éclairage électrique;2740Z - Fabrication d'appareils d'éclairage électrique;70;10764;NC;70;10764;
2024;Maladies professionnelles;C;Industrie manufacturière;C - Industrie manufacturière;2751Z;Fabrication d'appareils électroménagers;2751Z - Fabrication d'appareils électroménagers;42;7977;NC;42;7977;
2024;Maladies professionnelles;C;Industrie manufacturière;C - Industrie manufacturière;2752Z;Fabrication d'appareils ménagers non électriques;2752Z - Fabrication d'appareils ménagers non électriques;16;1858;NC;16;1858;
2024;Maladies professionnelles;C;Industrie manufacturière;C - Industrie manufacturière;2790Z;Fabrication d'autres matériels électriques;2790Z - Fabrication d'autres matériels électriques;35;13219;NC;35;13219;
2024;Maladies professionnelles;C;Industrie manufacturière;C - Industrie manufacturière;2811Z;Fabrication de moteurs et turbines, à l'exception des moteurs d'avions et de véhicules;2811Z - Fabrication de moteurs et turbines, à l'exception des moteurs d'avions et de véhicules;38;8782;NC;38;8782;
2024;Maladies professionnelles;C;Industrie manufacturière;C - Industrie manufacturière;2812Z;Fabrication d'équipements hydrauliques et pneumatiques;2812Z - Fabrication d'équipements hydrauliques et pneumatiques;19;6787;NC;19;6787;
2024;Maladies professionnelles;C;Industrie manufacturière;C - Industrie manufacturière;2813Z;Fabrication d'autres pompes et compresseurs;2813Z - Fabrication d'autres pompes et compresseurs;66;11809;NC;66;11809;
2024;Maladies professionnelles;C;Industrie manufacturière;C - Industrie manufacturière;2814Z;Fabrication d'autres articles de robinetterie;2814Z - Fabrication d'autres articles de robinetterie;23;9535;NC;23;9535;
2024;Maladies professionnelles;C;Industrie manufacturière;C - Industrie manufacturière;2815Z;Fabrication d'engrenages et d'organes mécaniques de transmission;2815Z - Fabrication d'engrenages et d'organes mécaniques de transmission;49;10279;NC;49;10279;
2024;Maladies professionnelles;C;Industrie manufacturière;C - Industrie manufacturière;2821Z;Fabrication de fours et brûleurs;2821Z - Fabrication de fours et brûleurs;7;1868;NC;7;1868;
2024;Maladies professionnelles;C;Industrie manufacturière;C - Industrie manufacturière;2822Z;Fabrication de matériel de levage et de manutention;2822Z - Fabrication de matériel de levage et de manutention;102;23951;NC;102;23951;
2024;Maladies professionnelles;C;Industrie manufacturière;C - Industrie manufacturière;2823Z;Fabrication de machines et d'équipements de bureau (à l'exception des ordinateurs et équipements périphériques);2823Z - Fabrication de machines et d'équipements de bureau (à l'exception des ordinateurs et équipements périphériques);6;1294;NC;6;1294;
2024;Maladies professionnelles;C;Industrie manufacturière;C - Industrie manufacturière;2824Z;Fabrication d'outillage portatif à moteur incorporé;2824Z - Fabrication d'outillage portatif à moteur incorporé;3;322;NC;3;322;
2024;Maladies professionnelles;C;Industrie manufacturière;C - Industrie manufacturière;2825Z;Fabrication d'équipements aérauliques et frigorifiques industriels;2825Z - Fabrication d'équipements aérauliques et frigorifiques industriels;65;20043;NC;65;20043;
2024;Maladies professionnelles;C;Industrie manufacturière;C - Industrie manufacturière;2829A;Fabrication d'équipements d'emballage, de conditionnement et de pesage;2829A - Fabrication d'équipements d'emballage, de conditionnement et de pesage;7;5534;NC;7;5534;
2024;Maladies professionnelles;C;Industrie manufacturière;C - Industrie manufacturière;2829B;Fabrication d'autres machines d'usage général;2829B - Fabrication d'autres machines d'usage général;47;13688;NC;47;13688;
2024;Maladies professionnelles;C;Industrie manufacturière;C - Industrie manufacturière;2830Z;Fabrication de machines agricoles et forestières;2830Z - Fabrication de machines agricoles et forestières;75;19354;NC;75;19354;
2024;Maladies professionnelles;C;Industrie manufacturière;C - Industrie manufacturière;2841Z;Fabrication de machines-outils pour le travail des métaux;2841Z - Fabrication de machines-outils pour le travail des métaux;11;4075;NC;11;4075;
2024;Maladies professionnelles;C;Industrie manufacturière;C - Industrie manufacturière;2849Z;Fabrication d'autres machines-outils;2849Z - Fabrication d'autres machines-outils;3;1613;NC;3;1613;
2024;Maladies professionnelles;C;Industrie manufacturière;C - Industrie manufacturière;2891Z;Fabrication de machines pour la métallurgie;2891Z - Fabrication de machines pour la métallurgie;2;635;NC;2;635;
2024;Maladies professionnelles;C;Industrie manufacturière;C - Industrie manufacturière;2892Z;Fabrication de machines pour l'extraction ou la construction;2892Z - Fabrication de machines pour l'extraction ou la construction;30;8133;NC;30;8133;
2024;Maladies professionnelles;C;Industrie manufacturière;C - Industrie manufacturière;2893Z;Fabrication de machines pour l'industrie agro-alimentaire;2893Z - Fabrication de machines pour l'industrie agro-alimentaire;34;9282;NC;34;9282;
2024;Maladies professionnelles;C;Industrie manufacturière;C - Industrie manufacturière;2894Z;Fabrication de machines pour les industries textiles;2894Z - Fabrication de machines pour les industries textiles;3;2361;NC;3;2361;
2024;Maladies professionnelles;C;Industrie manufacturière;C - Industrie manufacturière;2895Z;Fabrication de machines pour les industries du papier et du carton;2895Z - Fabrication de machines pour les industries du papier et du carton;6;1705;NC;6;1705;
2024;Maladies professionnelles;C;Industrie manufacturière;C - Industrie manufacturière;2896Z;Fabrication de machines pour le travail du caoutchouc ou des plastiques;2896Z - Fabrication de machines pour le travail du caoutchouc ou des plastiques;3;1672;NC;3;1672;
2024;Maladies professionnelles;C;Industrie manufacturière;C - Industrie manufacturière;2899A;Fabrication de machines d'imprimerie;2899A - Fabrication de machines d'imprimerie;0;916;NC;0;916;
2024;Maladies professionnelles;C;Industrie manufacturière;C - Industrie manufacturière;2899B;Fabrication d'autres machines spécialisées;2899B - Fabrication d'autres machines spécialisées;14;10751;NC;14;10751;
2024;Maladies professionnelles;C;Industrie manufacturière;C - Industrie manufacturière;2910Z;Construction de véhicules automobiles;2910Z - Construction de véhicules automobiles;377;79635;NC;377;79635;
2024;Maladies professionnelles;C;Industrie manufacturière;C - Industrie manufacturière;2920Z;Fabrication de carrosseries et remorques;2920Z - Fabrication de carrosseries et remorques;149;26001;NC;149;26001;
2024;Maladies professionnelles;C;Industrie manufacturière;C - Industrie manufacturière;2931Z;Fabrication d'équipements électriques et électroniques automobiles;2931Z - Fabrication d'équipements électriques et électroniques automobiles;64;10701;NC;64;10701;
2024;Maladies professionnelles;C;Industrie manufacturière;C - Industrie manufacturière;2932Z;Fabrication d'autres équipements automobiles;2932Z - Fabrication d'autres équipements automobiles;420;51822;NC;420;51822;
2024;Maladies professionnelles;C;Industrie manufacturière;C - Industrie manufacturière;3011Z;Construction de navires et de structures flottantes;3011Z - Construction de navires et de structures flottantes;57;21388;NC;57;21388;
2024;Maladies professionnelles;C;Industrie manufacturière;C - Industrie manufacturière;3012Z;Construction de bateaux de plaisance;3012Z - Construction de bateaux de plaisance;83;9822;NC;83;9822;
2024;Maladies professionnelles;C;Industrie manufacturière;C - Industrie manufacturière;3020Z;Construction de locomotives et d'autre matériel ferroviaire roulant;3020Z - Construction de locomotives et d'autre matériel ferroviaire roulant;36;16579;NC;36;16579;
2024;Maladies professionnelles;C;Industrie manufacturière;C - Industrie manufacturière;3030Z;Construction aéronautique et spatiale;3030Z - Construction aéronautique et spatiale;176;124431;NC;176;124431;
2024;Maladies professionnelles;C;Industrie manufacturière;C - Industrie manufacturière;3040Z;Construction de véhicules militaires de combat;3040Z - Construction de véhicules militaires de combat;26;2377;NC;26;2377;
2024;Maladies professionnelles;C;Industrie manufacturière;C - Industrie manufacturière;3091Z;Fabrication de motocycles;3091Z - Fabrication de motocycles;15;2130;NC;15;2130;
2024;Maladies professionnelles;C;Industrie manufacturière;C - Industrie manufacturière;3092Z;Fabrication de bicyclettes et de véhicules pour invalides;3092Z - Fabrication de bicyclettes et de véhicules pour invalides;7;1946;NC;7;1946;
2024;Maladies professionnelles;C;Industrie manufacturière;C - Industrie manufacturière;3099Z;Fabrication d'autres équipements de transport n.c.a.;3099Z - Fabrication d'autres équipements de transport n.c.a.;0;167;NC;0;167;
2024;Maladies professionnelles;C;Industrie manufacturière;C - Industrie manufacturière;3101Z;Fabrication de meubles de bureau et de magasin;3101Z - Fabrication de meubles de bureau et de magasin;51;10446;NC;51;10446;
2024;Maladies professionnelles;C;Industrie manufacturière;C - Industrie manufacturière;3102Z;Fabrication de meubles de cuisine;3102Z - Fabrication de meubles de cuisine;59;6880;NC;59;6880;
2024;Maladies professionnelles;C;Industrie manufacturière;C - Industrie manufacturière;3103Z;Fabrication de matelas;3103Z - Fabrication de matelas;29;2915;NC;29;2915;
2024;Maladies professionnelles;C;Industrie manufacturière;C - Industrie manufacturière;3109A;Fabrication de sièges d'ameublement d'intérieur;3109A - Fabrication de sièges d'ameublement d'intérieur;11;1715;NC;11;1715;
2024;Maladies professionnelles;C;Industrie manufacturière;C - Industrie manufacturière;3109B;Fabrication d'autres meubles et industries connexes de l'ameublement;3109B - Fabrication d'autres meubles et industries connexes de l'ameublement;81;15086;NC;81;15086;
2024;Maladies professionnelles;C;Industrie manufacturière;C - Industrie manufacturière;3211Z;Frappe de monnaie;3211Z - Frappe de monnaie;NS;NS;NC;;;
2024;Maladies professionnelles;C;Industrie manufacturière;C - Industrie manufacturière;3212Z;Fabrication d'articles de joaillerie et bijouterie;3212Z - Fabrication d'articles de joaillerie et bijouterie;30;11113;NC;30;11113;
2024;Maladies professionnelles;C;Industrie manufacturière;C - Industrie manufacturière;3213Z;Fabrication d'articles de bijouterie fantaisie et articles similaires;3213Z - Fabrication d'articles de bijouterie fantaisie et articles similaires;7;3155;NC;7;3155;
2024;Maladies professionnelles;C;Industrie manufacturière;C - Industrie manufacturière;3220Z;Fabrication d'instruments de musique;3220Z - Fabrication d'instruments de musique;4;1414;NC;4;1414;
2024;Maladies professionnelles;C;Industrie manufacturière;C - Industrie manufacturière;3230Z;Fabrication d'articles de sport;3230Z - Fabrication d'articles de sport;17;4623;NC;17;4623;
2024;Maladies professionnelles;C;Industrie manufacturière;C - Industrie manufacturière;3240Z;Fabrication de jeux et jouets;3240Z - Fabrication de jeux et jouets;4;1921;NC;4;1921;
2024;Maladies professionnelles;C;Industrie manufacturière;C - Industrie manufacturière;3250A;Fabrication de matériel médico-chirurgical et dentaire;3250A - Fabrication de matériel médico-chirurgical et dentaire;160;42840;NC;160;42840;
2024;Maladies professionnelles;C;Industrie manufacturière;C - Industrie manufacturière;3250B;Fabrication de lunettes;3250B - Fabrication de lunettes;28;7004;NC;28;7004;
2024;Maladies professionnelles;C;Industrie manufacturière;C - Industrie manufacturière;3291Z;Fabrication d'articles de brosserie;3291Z - Fabrication d'articles de brosserie;4;1173;NC;4;1173;
2024;Maladies professionnelles;C;Industrie manufacturière;C - Industrie manufacturière;3299Z;Autres activités manufacturières n.c.a.;3299Z - Autres activités manufacturières n.c.a.;38;7928;NC;38;7928;
2024;Maladies professionnelles;C;Industrie manufacturière;C - Industrie manufacturière;3311Z;Réparation d'ouvrages en métaux;3311Z - Réparation d'ouvrages en métaux;64;14280;NC;64;14280;
2024;Maladies professionnelles;C;Industrie manufacturière;C - Industrie manufacturière;3312Z;Réparation de machines et équipements mécaniques;3312Z - Réparation de machines et équipements mécaniques;119;41284;NC;119;41284;
2024;Maladies professionnelles;C;Industrie manufacturière;C - Industrie manufacturière;3313Z;Réparation de matériels électroniques et optiques;3313Z - Réparation de matériels électroniques et optiques;8;6936;NC;8;6936;
2024;Maladies professionnelles;C;Industrie manufacturière;C - Industrie manufacturière;3314Z;Réparation d'équipements électriques;3314Z - Réparation d'équipements électriques;25;9037;NC;25;9037;
2024;Maladies professionnelles;C;Industrie manufacturière;C - Industrie manufacturière;3315Z;Réparation et maintenance navale;3315Z - Réparation et maintenance navale;26;9371;NC;26;9371;
2024;Maladies professionnelles;C;Industrie manufacturière;C - Industrie manufacturière;3316Z;Réparation et maintenance d'aéronefs et d'engins spatiaux;3316Z - Réparation et maintenance d'aéronefs et d'engins spatiaux;11;11772;NC;11;11772;
2024;Maladies professionnelles;C;Industrie manufacturière;C - Industrie manufacturière;3317Z;Réparation et maintenance d'autres équipements de transport;3317Z - Réparation et maintenance d'autres équipements de transport;10;2187;NC;10;2187;
2024;Maladies professionnelles;C;Industrie manufacturière;C - Industrie manufacturière;3319Z;Réparation d'autres équipements;3319Z - Réparation d'autres équipements;10;2232;NC;10;2232;
2024;Maladies professionnelles;C;Industrie manufacturière;C - Industrie manufacturière;3320A;Installation de structures métalliques, chaudronnées et de tuyauterie;3320A - Installation de structures métalliques, chaudronnées et de tuyauterie;121;28962;NC;121;28962;
2024;Maladies professionnelles;C;Industrie manufacturière;C - Industrie manufacturière;3320B;Installation de machines et équipements mécaniques;3320B - Installation de machines et équipements mécaniques;41;25342;NC;41;25342;
2024;Maladies professionnelles;C;Industrie manufacturière;C - Industrie manufacturière;3320C;Conception d'ensemble et assemblage sur site industriel d'équipements de contrôle des processus industriels;3320C - Conception d'ensemble et assemblage sur site industriel d'équipements de contrôle des processus industriels;22;16566;NC;22;16566;
2024;Maladies professionnelles;C;Industrie manufacturière;C - Industrie manufacturière;3320D;Installation d'équipements électriques, de matériels électroniques et optiques ou d'autres matériels;3320D - Installation d'équipements électriques, de matériels électroniques et optiques ou d'autres matériels;20;11418;NC;20;11418;
2024;Maladies professionnelles;C;Industrie manufacturière;C - Industrie manufacturière;TOUS;Total Industrie manufacturière;Total Industrie manufacturière;12070;2750410;NC;12070;2750410;
2024;Maladies professionnelles;D;Production et distribution d'électricité, de gaz, de vapeur et d'air conditionné;D - Production et distribution d'électricité, de gaz, de vapeur et d'air conditionné;3511Z;Production d'électricité;3511Z - Production d'électricité;2;14149;NC;2;14149;
2024;Maladies professionnelles;D;Production et distribution d'électricité, de gaz, de vapeur et d'air conditionné;D - Production et distribution d'électricité, de gaz, de vapeur et d'air conditionné;3512Z;Transport d'électricité;3512Z - Transport d'électricité;NS;NS;NC;;;
2024;Maladies professionnelles;D;Production et distribution d'électricité, de gaz, de vapeur et d'air conditionné;D - Production et distribution d'électricité, de gaz, de vapeur et d'air conditionné;3513Z;Distribution d'électricité;3513Z - Distribution d'électricité;1;8779;NC;1;8779;
2024;Maladies professionnelles;D;Production et distribution d'électricité, de gaz, de vapeur et d'air conditionné;D - Production et distribution d'électricité, de gaz, de vapeur et d'air conditionné;3514Z;Commerce d'électricité;3514Z - Commerce d'électricité;0;3220;NC;0;3220;
2024;Maladies professionnelles;D;Production et distribution d'électricité, de gaz, de vapeur et d'air conditionné;D - Production et distribution d'électricité, de gaz, de vapeur et d'air conditionné;3521Z;Production de combustibles gazeux;3521Z - Production de combustibles gazeux;0;311;NC;0;311;
2024;Maladies professionnelles;D;Production et distribution d'électricité, de gaz, de vapeur et d'air conditionné;D - Production et distribution d'électricité, de gaz, de vapeur et d'air conditionné;3522Z;Distribution de combustibles gazeux par conduites;3522Z - Distribution de combustibles gazeux par conduites;NS;NS;NC;;;
2024;Maladies professionnelles;D;Production et distribution d'électricité, de gaz, de vapeur et d'air conditionné;D - Production et distribution d'électricité, de gaz, de vapeur et d'air conditionné;3523Z;Commerce de combustibles gazeux par conduites;3523Z - Commerce de combustibles gazeux par conduites;0;1017;NC;0;1017;
2024;Maladies professionnelles;D;Production et distribution d'électricité, de gaz, de vapeur et d'air conditionné;D - Production et distribution d'électricité, de gaz, de vapeur et d'air conditionné;3530Z;Production et distribution de vapeur et d'air conditionné;3530Z - Production et distribution de vapeur et d'air conditionné;40;24873;NC;40;24873;
2024;Maladies professionnelles;D;Production et distribution d'électricité, de gaz, de vapeur et d'air conditionné;D - Production et distribution d'électricité, de gaz, de vapeur et d'air conditionné;TOUS;Total Production et distribution d'électricité, de gaz, de vapeur et d'air conditionné;Total Production et distribution d'électricité, de gaz, de vapeur et d'air conditionné;43;55376;NC;43;55376;
2024;Maladies professionnelles;E;"Production et distribution d'eau ; assainissement, gestion des déchets et dépollution";"E - Production et distribution d'eau ; assainissement, gestion des déchets et dépollution";3600Z;Captage, traitement et distribution d'eau;3600Z - Captage, traitement et distribution d'eau;68;41060;NC;68;41060;
2024;Maladies professionnelles;E;"Production et distribution d'eau ; assainissement, gestion des déchets et dépollution";"E - Production et distribution d'eau ; assainissement, gestion des déchets et dépollution";3700Z;Collecte et traitement des eaux usées;3700Z - Collecte et traitement des eaux usées;35;18165;NC;35;18165;
2024;Maladies professionnelles;E;"Production et distribution d'eau ; assainissement, gestion des déchets et dépollution";"E - Production et distribution d'eau ; assainissement, gestion des déchets et dépollution";3811Z;Collecte des déchets non dangereux;3811Z - Collecte des déchets non dangereux;116;41232;NC;116;41232;
2024;Maladies professionnelles;E;"Production et distribution d'eau ; assainissement, gestion des déchets et dépollution";"E - Production et distribution d'eau ; assainissement, gestion des déchets et dépollution";3812Z;Collecte des déchets dangereux;3812Z - Collecte des déchets dangereux;13;3683;NC;13;3683;
2024;Maladies professionnelles;E;"Production et distribution d'eau ; assainissement, gestion des déchets et dépollution";"E - Production et distribution d'eau ; assainissement, gestion des déchets et dépollution";3821Z;Traitement et élimination des déchets non dangereux;3821Z - Traitement et élimination des déchets non dangereux;43;15879;NC;43;15879;
2024;Maladies professionnelles;E;"Production et distribution d'eau ; assainissement, gestion des déchets et dépollution";"E - Production et distribution d'eau ; assainissement, gestion des déchets et dépollution";3822Z;Traitement et élimination des déchets dangereux;3822Z - Traitement et élimination des déchets dangereux;25;9923;NC;25;9923;
2024;Maladies professionnelles;E;"Production et distribution d'eau ; assainissement, gestion des déchets et dépollution";"E - Production et distribution d'eau ; assainissement, gestion des déchets et dépollution";3831Z;Démantèlement d'épaves;3831Z - Démantèlement d'épaves;10;2772;NC;10;2772;
2024;Maladies professionnelles;E;"Production et distribution d'eau ; assainissement, gestion des déchets et dépollution";"E - Production et distribution d'eau ; assainissement, gestion des déchets et dépollution";3832Z;Récupération de déchets triés;3832Z - Récupération de déchets triés;115;34385;NC;115;34385;
2024;Maladies professionnelles;E;"Production et distribution d'eau ; assainissement, gestion des déchets et dépollution";"E - Production et distribution d'eau ; assainissement, gestion des déchets et dépollution";3900Z;Dépollution et autres services de gestion des déchets;3900Z - Dépollution et autres services de gestion des déchets;21;10790;NC;21;10790;
2024;Maladies professionnelles;E;"Production et distribution d'eau ; assainissement, gestion des déchets et dépollution";"E - Production et distribution d'eau ; assainissement, gestion des déchets et dépollution";TOUS;"Total Production et distribution d'eau ; assainissement, gestion des déchets et dépollution";"Total Production et distribution d'eau ; assainissement, gestion des déchets et dépollution";446;177889;NC;446;177889;
2024;Maladies professionnelles;F;Construction;F - Construction;4110A;Promotion immobilière de logements;4110A - Promotion immobilière de logements;18;20628;NC;18;20628;
2024;Maladies professionnelles;F;Construction;F - Construction;4110B;Promotion immobilière de bureaux;4110B - Promotion immobilière de bureaux;1;1391;NC;1;1391;
2024;Maladies professionnelles;F;Construction;F - Construction;4110C;Promotion immobilière d'autres bâtiments;4110C - Promotion immobilière d'autres bâtiments;0;3434;NC;0;3434;
2024;Maladies professionnelles;F;Construction;F - Construction;4110D;Supports juridiques de programmes;4110D - Supports juridiques de programmes;6;1819;NC;6;1819;
2024;Maladies professionnelles;F;Construction;F - Construction;4120A;Construction de maisons individuelles;4120A - Construction de maisons individuelles;196;56285;NC;196;56285;
2024;Maladies professionnelles;F;Construction;F - Construction;4120B;Construction d'autres bâtiments;4120B - Construction d'autres bâtiments;442;75742;NC;442;75742;
2024;Maladies professionnelles;F;Construction;F - Construction;4211Z;Construction de routes et autoroutes;4211Z - Construction de routes et autoroutes;323;68722;NC;323;68722;
2024;Maladies professionnelles;F;Construction;F - Construction;4212Z;Construction de voies ferrées de surface et souterraines;4212Z - Construction de voies ferrées de surface et souterraines;23;11649;NC;23;11649;
2024;Maladies professionnelles;F;Construction;F - Construction;4213A;Construction d'ouvrages d'art;4213A - Construction d'ouvrages d'art;35;8009;NC;35;8009;
2024;Maladies professionnelles;F;Construction;F - Construction;4213B;Construction et entretien de tunnels;4213B - Construction et entretien de tunnels;7;3496;NC;7;3496;
2024;Maladies professionnelles;F;Construction;F - Construction;4221Z;Construction de réseaux pour fluides;4221Z - Construction de réseaux pour fluides;162;29455;NC;162;29455;
2024;Maladies professionnelles;F;Construction;F - Construction;4222Z;Construction de réseaux électriques et de télécommunications;4222Z - Construction de réseaux électriques et de télécommunications;169;43407;NC;169;43407;
2024;Maladies professionnelles;F;Construction;F - Construction;4291Z;Construction d'ouvrages maritimes et fluviaux;4291Z - Construction d'ouvrages maritimes et fluviaux;4;4321;NC;4;4321;
2024;Maladies professionnelles;F;Construction;F - Construction;4299Z;Construction d'autres ouvrages de génie civil n.c.a.;4299Z - Construction d'autres ouvrages de génie civil n.c.a.;52;12808;NC;52;12808;
2024;Maladies professionnelles;F;Construction;F - Construction;4311Z;Travaux de démolition;4311Z - Travaux de démolition;24;8158;NC;24;8158;
2024;Maladies professionnelles;F;Construction;F - Construction;4312A;Travaux de terrassement courants et travaux préparatoires;4312A - Travaux de terrassement courants et travaux préparatoires;255;74796;NC;255;74796;
2024;Maladies professionnelles;F;Construction;F - Construction;4312B;Travaux de terrassement spécialisés ou de grande masse;4312B - Travaux de terrassement spécialisés ou de grande masse;60;18200;NC;60;18200;
2024;Maladies professionnelles;F;Construction;F - Construction;4313Z;Forages et sondages;4313Z - Forages et sondages;19;3160;NC;19;3160;
2024;Maladies professionnelles;F;Construction;F - Construction;4321A;Travaux d'installation électrique dans tous locaux;4321A - Travaux d'installation électrique dans tous locaux;595;213099;NC;595;213099;
2024;Maladies professionnelles;F;Construction;F - Construction;4321B;Travaux d'installation électrique sur la voie publique;4321B - Travaux d'installation électrique sur la voie publique;17;5724;NC;17;5724;
2024;Maladies professionnelles;F;Construction;F - Construction;4322A;Travaux d'installation d'eau et de gaz en tous locaux;4322A - Travaux d'installation d'eau et de gaz en tous locaux;276;75343;NC;276;75343;
2024;Maladies professionnelles;F;Construction;F - Construction;4322B;Travaux d'installation d'équipements thermiques et de climatisation;4322B - Travaux d'installation d'équipements thermiques et de climatisation;376;126934;NC;376;126934;
2024;Maladies professionnelles;F;Construction;F - Construction;4329A;Travaux d'isolation;4329A - Travaux d'isolation;129;28666;NC;129;28666;
2024;Maladies professionnelles;F;Construction;F - Construction;4329B;Autres travaux d'installation n.c.a.;4329B - Autres travaux d'installation n.c.a.;61;26551;NC;61;26551;
2024;Maladies professionnelles;F;Construction;F - Construction;4331Z;Travaux de plâtrerie;4331Z - Travaux de plâtrerie;263;49209;NC;263;49209;
2024;Maladies professionnelles;F;Construction;F - Construction;4332A;Travaux de menuiserie bois et PVC;4332A - Travaux de menuiserie bois et PVC;437;100481;NC;437;100481;
2024;Maladies professionnelles;F;Construction;F - Construction;4332B;Travaux de menuiserie métallique et serrurerie;4332B - Travaux de menuiserie métallique et serrurerie;199;52020;NC;199;52020;
2024;Maladies professionnelles;F;Construction;F - Construction;4332C;Agencement de lieux de vente;4332C - Agencement de lieux de vente;27;8998;NC;27;8998;
2024;Maladies professionnelles;F;Construction;F - Construction;4333Z;Travaux de revêtement des sols et des murs;4333Z - Travaux de revêtement des sols et des murs;246;39165;NC;246;39165;
2024;Maladies professionnelles;F;Construction;F - Construction;4334Z;Travaux de peinture et vitrerie;4334Z - Travaux de peinture et vitrerie;542;96625;NC;542;96625;
2024;Maladies professionnelles;F;Construction;F - Construction;4339Z;Autres travaux de finition;4339Z - Autres travaux de finition;71;13402;NC;71;13402;
2024;Maladies professionnelles;F;Construction;F - Construction;4391A;Travaux de charpente;4391A - Travaux de charpente;138;33816;NC;138;33816;
2024;Maladies professionnelles;F;Construction;F - Construction;4391B;Travaux de couverture par éléments;4391B - Travaux de couverture par éléments;238;51774;NC;238;51774;
2024;Maladies professionnelles;F;Construction;F - Construction;4399A;Travaux d'étanchéification;4399A - Travaux d'étanchéification;106;24907;NC;106;24907;
2024;Maladies professionnelles;F;Construction;F - Construction;4399B;Travaux de montage de structures métalliques;4399B - Travaux de montage de structures métalliques;58;15524;NC;58;15524;
2024;Maladies professionnelles;F;Construction;F - Construction;4399C;Travaux de maçonnerie générale et gros œuvre de bâtiment;4399C - Travaux de maçonnerie générale et gros œuvre de bâtiment;1320;221374;NC;1320;221374;
2024;Maladies professionnelles;F;Construction;F - Construction;4399D;Autres travaux spécialisés de construction;4399D - Autres travaux spécialisés de construction;98;26061;NC;98;26061;
2024;Maladies professionnelles;F;Construction;F - Construction;4399E;Location avec opérateur de matériel de construction;4399E - Location avec opérateur de matériel de construction;29;6678;NC;29;6678;
2024;Maladies professionnelles;F;Construction;F - Construction;TOUS;Total Construction;Total Construction;7022;1661831;NC;7022;1661831;
2024;Maladies professionnelles;G;"Commerce ; réparation d'automobiles et de motocycles";"G - Commerce ; réparation d'automobiles et de motocycles";4511Z;Commerce de voitures et de véhicules automobiles légers;4511Z - Commerce de voitures et de véhicules automobiles légers;373;172351;NC;373;172351;
2024;Maladies professionnelles;G;"Commerce ; réparation d'automobiles et de motocycles";"G - Commerce ; réparation d'automobiles et de motocycles";4519Z;Commerce d'autres véhicules automobiles;4519Z - Commerce d'autres véhicules automobiles;54;16311;NC;54;16311;
2024;Maladies professionnelles;G;"Commerce ; réparation d'automobiles et de motocycles";"G - Commerce ; réparation d'automobiles et de motocycles";4520A;Entretien et réparation de véhicules automobiles légers;4520A - Entretien et réparation de véhicules automobiles légers;415;150472;NC;415;150472;
2024;Maladies professionnelles;G;"Commerce ; réparation d'automobiles et de motocycles";"G - Commerce ; réparation d'automobiles et de motocycles";4520B;Entretien et réparation d'autres véhicules automobiles;4520B - Entretien et réparation d'autres véhicules automobiles;34;12945;NC;34;12945;
2024;Maladies professionnelles;G;"Commerce ; réparation d'automobiles et de motocycles";"G - Commerce ; réparation d'automobiles et de motocycles";4531Z;Commerce de gros d'équipements automobiles;4531Z - Commerce de gros d'équipements automobiles;92;40296;NC;92;40296;
2024;Maladies professionnelles;G;"Commerce ; réparation d'automobiles et de motocycles";"G - Commerce ; réparation d'automobiles et de motocycles";4532Z;Commerce de détail d'équipements automobiles;4532Z - Commerce de détail d'équipements automobiles;90;36246;NC;90;36246;
2024;Maladies professionnelles;G;"Commerce ; réparation d'automobiles et de motocycles";"G - Commerce ; réparation d'automobiles et de motocycles";4540Z;Commerce et réparation de motocycles;4540Z - Commerce et réparation de motocycles;22;15569;NC;22;15569;
2024;Maladies professionnelles;G;"Commerce ; réparation d'automobiles et de motocycles";"G - Commerce ; réparation d'automobiles et de motocycles";4611Z;Intermédiaires du commerce en matières premières agricoles, animaux vivants, matières premières textiles et produits semi-finis;4611Z - Intermédiaires du commerce en matières premières agricoles, animaux vivants, matières premières textiles et produits semi-finis;0;1185;NC;0;1185;
2024;Maladies professionnelles;G;"Commerce ; réparation d'automobiles et de motocycles";"G - Commerce ; réparation d'automobiles et de motocycles";4612A;Centrales d'achat de carburant;4612A - Centrales d'achat de carburant;0;38;NC;0;38;
2024;Maladies professionnelles;G;"Commerce ; réparation d'automobiles et de motocycles";"G - Commerce ; réparation d'automobiles et de motocycles";4612B;Autres intermédiaires du commerce en combustibles, métaux, minéraux et produits chimiques;4612B - Autres intermédiaires du commerce en combustibles, métaux, minéraux et produits chimiques;3;1841;NC;3;1841;
2024;Maladies professionnelles;G;"Commerce ; réparation d'automobiles et de motocycles";"G - Commerce ; réparation d'automobiles et de motocycles";4613Z;Intermédiaires du commerce en bois et matériaux de construction;4613Z - Intermédiaires du commerce en bois et matériaux de construction;7;3228;NC;7;3228;
2024;Maladies professionnelles;G;"Commerce ; réparation d'automobiles et de motocycles";"G - Commerce ; réparation d'automobiles et de motocycles";4614Z;Intermédiaires du commerce en machines, équipements industriels, navires et avions;4614Z - Intermédiaires du commerce en machines, équipements industriels, navires et avions;1;3475;NC;1;3475;
2024;Maladies professionnelles;G;"Commerce ; réparation d'automobiles et de motocycles";"G - Commerce ; réparation d'automobiles et de motocycles";4615Z;Intermédiaires du commerce en meubles, articles de ménage et quincaillerie;4615Z - Intermédiaires du commerce en meubles, articles de ménage et quincaillerie;0;1423;NC;0;1423;
2024;Maladies professionnelles;G;"Commerce ; réparation d'automobiles et de motocycles";"G - Commerce ; réparation d'automobiles et de motocycles";4616Z;Intermédiaires du commerce en textiles, habillement, fourrures, chaussures et articles en cuir;4616Z - Intermédiaires du commerce en textiles, habillement, fourrures, chaussures et articles en cuir;3;1606;NC;3;1606;
2024;Maladies professionnelles;G;"Commerce ; réparation d'automobiles et de motocycles";"G - Commerce ; réparation d'automobiles et de motocycles";4617A;Centrales d'achat alimentaires;4617A - Centrales d'achat alimentaires;29;15883;NC;29;15883;
2024;Maladies professionnelles;G;"Commerce ; réparation d'automobiles et de motocycles";"G - Commerce ; réparation d'automobiles et de motocycles";4617B;Autres intermédiaires du commerce en denrées, boissons et tabac;4617B - Autres intermédiaires du commerce en denrées, boissons et tabac;1;3513;NC;1;3513;
2024;Maladies professionnelles;G;"Commerce ; réparation d'automobiles et de motocycles";"G - Commerce ; réparation d'automobiles et de motocycles";4618Z;Intermédiaires spécialisés dans le commerce d'autres produits spécifiques;4618Z - Intermédiaires spécialisés dans le commerce d'autres produits spécifiques;14;15329;NC;14;15329;
2024;Maladies professionnelles;G;"Commerce ; réparation d'automobiles et de motocycles";"G - Commerce ; réparation d'automobiles et de motocycles";4619A;Centrales d'achat non alimentaires;4619A - Centrales d'achat non alimentaires;14;12105;NC;14;12105;
2024;Maladies professionnelles;G;"Commerce ; réparation d'automobiles et de motocycles";"G - Commerce ; réparation d'automobiles et de motocycles";4619B;Autres intermédiaires du commerce en produits divers;4619B - Autres intermédiaires du commerce en produits divers;10;12401;NC;10;12401;
2024;Maladies professionnelles;G;"Commerce ; réparation d'automobiles et de motocycles";"G - Commerce ; réparation d'automobiles et de motocycles";4621Z;Commerce de gros (commerce interentreprises) de céréales, de tabac non manufacturé, de semences et d'aliments pour le bétail;4621Z - Commerce de gros (commerce interentreprises) de céréales, de tabac non manufacturé, de semences et d'aliments pour le bétail;14;12088;NC;14;12088;
2024;Maladies professionnelles;G;"Commerce ; réparation d'automobiles et de motocycles";"G - Commerce ; réparation d'automobiles et de motocycles";4622Z;Commerce de gros (commerce interentreprises) de fleurs et plantes;4622Z - Commerce de gros (commerce interentreprises) de fleurs et plantes;10;3298;NC;10;3298;
2024;Maladies professionnelles;G;"Commerce ; réparation d'automobiles et de motocycles";"G - Commerce ; réparation d'automobiles et de motocycles";4623Z;Commerce de gros (commerce interentreprises) d'animaux vivants;4623Z - Commerce de gros (commerce interentreprises) d'animaux vivants;4;2743;NC;4;2743;
2024;Maladies professionnelles;G;"Commerce ; réparation d'automobiles et de motocycles";"G - Commerce ; réparation d'automobiles et de motocycles";4624Z;Commerce de gros (commerce interentreprises) de cuirs et peaux;4624Z - Commerce de gros (commerce interentreprises) de cuirs et peaux;2;457;NC;2;457;
2024;Maladies professionnelles;G;"Commerce ; réparation d'automobiles et de motocycles";"G - Commerce ; réparation d'automobiles et de motocycles";4631Z;Commerce de gros (commerce interentreprises) de fruits et légumes;4631Z - Commerce de gros (commerce interentreprises) de fruits et légumes;58;29948;NC;58;29948;
2024;Maladies professionnelles;G;"Commerce ; réparation d'automobiles et de motocycles";"G - Commerce ; réparation d'automobiles et de motocycles";4632A;Commerce de gros (commerce interentreprises) de viandes de boucherie;4632A - Commerce de gros (commerce interentreprises) de viandes de boucherie;30;5808;NC;30;5808;
2024;Maladies professionnelles;G;"Commerce ; réparation d'automobiles et de motocycles";"G - Commerce ; réparation d'automobiles et de motocycles";4632B;Commerce de gros (commerce interentreprises) de produits à base de viande;4632B - Commerce de gros (commerce interentreprises) de produits à base de viande;11;2904;NC;11;2904;
2024;Maladies professionnelles;G;"Commerce ; réparation d'automobiles et de motocycles";"G - Commerce ; réparation d'automobiles et de motocycles";4632C;Commerce de gros (commerce interentreprises) de volailles et gibier;4632C - Commerce de gros (commerce interentreprises) de volailles et gibier;8;2342;NC;8;2342;
2024;Maladies professionnelles;G;"Commerce ; réparation d'automobiles et de motocycles";"G - Commerce ; réparation d'automobiles et de motocycles";4633Z;Commerce de gros (commerce interentreprises) de produits laitiers, œufs, huiles et matières grasses comestibles;4633Z - Commerce de gros (commerce interentreprises) de produits laitiers, œufs, huiles et matières grasses comestibles;32;10931;NC;32;10931;
2024;Maladies professionnelles;G;"Commerce ; réparation d'automobiles et de motocycles";"G - Commerce ; réparation d'automobiles et de motocycles";4634Z;Commerce de gros (commerce interentreprises) de boissons;4634Z - Commerce de gros (commerce interentreprises) de boissons;49;36936;NC;49;36936;
2024;Maladies professionnelles;G;"Commerce ; réparation d'automobiles et de motocycles";"G - Commerce ; réparation d'automobiles et de motocycles";4635Z;Commerce de gros (commerce interentreprises) de produits à base de tabac;4635Z - Commerce de gros (commerce interentreprises) de produits à base de tabac;2;1433;NC;2;1433;
2024;Maladies professionnelles;G;"Commerce ; réparation d'automobiles et de motocycles";"G - Commerce ; réparation d'automobiles et de motocycles";4636Z;Commerce de gros (commerce interentreprises) de sucre, chocolat et confiserie;4636Z - Commerce de gros (commerce interentreprises) de sucre, chocolat et confiserie;13;5142;NC;13;5142;
2024;Maladies professionnelles;G;"Commerce ; réparation d'automobiles et de motocycles";"G - Commerce ; réparation d'automobiles et de motocycles";4637Z;Commerce de gros (commerce interentreprises) de café, thé, cacao et épices;4637Z - Commerce de gros (commerce interentreprises) de café, thé, cacao et épices;5;3023;NC;5;3023;
2024;Maladies professionnelles;G;"Commerce ; réparation d'automobiles et de motocycles";"G - Commerce ; réparation d'automobiles et de motocycles";4638A;Commerce de gros (commerce interentreprises) de poissons, crustacés et mollusques;4638A - Commerce de gros (commerce interentreprises) de poissons, crustacés et mollusques;30;6649;NC;30;6649;
2024;Maladies professionnelles;G;"Commerce ; réparation d'automobiles et de motocycles";"G - Commerce ; réparation d'automobiles et de motocycles";4638B;Commerce de gros (commerce interentreprises) alimentaire spécialisé divers;4638B - Commerce de gros (commerce interentreprises) alimentaire spécialisé divers;34;20253;NC;34;20253;
2024;Maladies professionnelles;G;"Commerce ; réparation d'automobiles et de motocycles";"G - Commerce ; réparation d'automobiles et de motocycles";4639A;Commerce de gros (commerce interentreprises) de produits surgelés;4639A - Commerce de gros (commerce interentreprises) de produits surgelés;30;13139;NC;30;13139;
2024;Maladies professionnelles;G;"Commerce ; réparation d'automobiles et de motocycles";"G - Commerce ; réparation d'automobiles et de motocycles";4639B;Commerce de gros (commerce interentreprises) alimentaire non spécialisé;4639B - Commerce de gros (commerce interentreprises) alimentaire non spécialisé;130;41105;NC;130;41105;
2024;Maladies professionnelles;G;"Commerce ; réparation d'automobiles et de motocycles";"G - Commerce ; réparation d'automobiles et de motocycles";4641Z;Commerce de gros (commerce interentreprises) de textiles;4641Z - Commerce de gros (commerce interentreprises) de textiles;17;6507;NC;17;6507;
2024;Maladies professionnelles;G;"Commerce ; réparation d'automobiles et de motocycles";"G - Commerce ; réparation d'automobiles et de motocycles";4642Z;Commerce de gros (commerce interentreprises) d'habillement et de chaussures;4642Z - Commerce de gros (commerce interentreprises) d'habillement et de chaussures;25;26014;NC;25;26014;
2024;Maladies professionnelles;G;"Commerce ; réparation d'automobiles et de motocycles";"G - Commerce ; réparation d'automobiles et de motocycles";4643Z;Commerce de gros (commerce interentreprises) d'appareils électroménagers;4643Z - Commerce de gros (commerce interentreprises) d'appareils électroménagers;9;12840;NC;9;12840;
2024;Maladies professionnelles;G;"Commerce ; réparation d'automobiles et de motocycles";"G - Commerce ; réparation d'automobiles et de motocycles";4644Z;Commerce de gros (commerce interentreprises) de vaisselle, verrerie et produits d'entretien;4644Z - Commerce de gros (commerce interentreprises) de vaisselle, verrerie et produits d'entretien;16;8740;NC;16;8740;
2024;Maladies professionnelles;G;"Commerce ; réparation d'automobiles et de motocycles";"G - Commerce ; réparation d'automobiles et de motocycles";4645Z;Commerce de gros (commerce interentreprises) de parfumerie et de produits de beauté;4645Z - Commerce de gros (commerce interentreprises) de parfumerie et de produits de beauté;22;22305;NC;22;22305;
2024;Maladies professionnelles;G;"Commerce ; réparation d'automobiles et de motocycles";"G - Commerce ; réparation d'automobiles et de motocycles";4646Z;Commerce de gros (commerce interentreprises) de produits pharmaceutiques;4646Z - Commerce de gros (commerce interentreprises) de produits pharmaceutiques;104;62412;NC;104;62412;
2024;Maladies professionnelles;G;"Commerce ; réparation d'automobiles et de motocycles";"G - Commerce ; réparation d'automobiles et de motocycles";4647Z;Commerce de gros (commerce interentreprises) de meubles, de tapis et d'appareils d'éclairage;4647Z - Commerce de gros (commerce interentreprises) de meubles, de tapis et d'appareils d'éclairage;9;5826;NC;9;5826;
2024;Maladies professionnelles;G;"Commerce ; réparation d'automobiles et de motocycles";"G - Commerce ; réparation d'automobiles et de motocycles";4648Z;Commerce de gros (commerce interentreprises) d'articles d'horlogerie et de bijouterie;4648Z - Commerce de gros (commerce interentreprises) d'articles d'horlogerie et de bijouterie;5;3050;NC;5;3050;
2024;Maladies professionnelles;G;"Commerce ; réparation d'automobiles et de motocycles";"G - Commerce ; réparation d'automobiles et de motocycles";4649Z;Commerce de gros (commerce interentreprises) d'autres biens domestiques;4649Z - Commerce de gros (commerce interentreprises) d'autres biens domestiques;65;44777;NC;65;44777;
2024;Maladies professionnelles;G;"Commerce ; réparation d'automobiles et de motocycles";"G - Commerce ; réparation d'automobiles et de motocycles";4651Z;Commerce de gros (commerce interentreprises) d'ordinateurs, d'équipements informatiques périphériques et de logiciels;4651Z - Commerce de gros (commerce interentreprises) d'ordinateurs, d'équipements informatiques périphériques et de logiciels;16;33516;NC;16;33516;
2024;Maladies professionnelles;G;"Commerce ; réparation d'automobiles et de motocycles";"G - Commerce ; réparation d'automobiles et de motocycles";4652Z;Commerce de gros (commerce interentreprises) de composants et d'équipements électroniques et de télécommunication;4652Z - Commerce de gros (commerce interentreprises) de composants et d'équipements électroniques et de télécommunication;10;26725;NC;10;26725;
2024;Maladies professionnelles;G;"Commerce ; réparation d'automobiles et de motocycles";"G - Commerce ; réparation d'automobiles et de motocycles";4661Z;Commerce de gros (commerce interentreprises) de matériel agricole;4661Z - Commerce de gros (commerce interentreprises) de matériel agricole;82;41052;NC;82;41052;
2024;Maladies professionnelles;G;"Commerce ; réparation d'automobiles et de motocycles";"G - Commerce ; réparation d'automobiles et de motocycles";4662Z;Commerce de gros (commerce interentreprises) de machines-outils;4662Z - Commerce de gros (commerce interentreprises) de machines-outils;2;4557;NC;2;4557;
2024;Maladies professionnelles;G;"Commerce ; réparation d'automobiles et de motocycles";"G - Commerce ; réparation d'automobiles et de motocycles";4663Z;Commerce de gros (commerce interentreprises) de machines pour l'extraction, la construction et le génie civil;4663Z - Commerce de gros (commerce interentreprises) de machines pour l'extraction, la construction et le génie civil;29;14449;NC;29;14449;
2024;Maladies professionnelles;G;"Commerce ; réparation d'automobiles et de motocycles";"G - Commerce ; réparation d'automobiles et de motocycles";4664Z;Commerce de gros (commerce interentreprises) de machines pour l'industrie textile et l'habillement;4664Z - Commerce de gros (commerce interentreprises) de machines pour l'industrie textile et l'habillement;0;412;NC;0;412;
2024;Maladies professionnelles;G;"Commerce ; réparation d'automobiles et de motocycles";"G - Commerce ; réparation d'automobiles et de motocycles";4665Z;Commerce de gros (commerce interentreprises) de mobilier de bureau;4665Z - Commerce de gros (commerce interentreprises) de mobilier de bureau;6;3381;NC;6;3381;
2024;Maladies professionnelles;G;"Commerce ; réparation d'automobiles et de motocycles";"G - Commerce ; réparation d'automobiles et de motocycles";4666Z;Commerce de gros (commerce interentreprises) d'autres machines et équipements de bureau;4666Z - Commerce de gros (commerce interentreprises) d'autres machines et équipements de bureau;12;13725;NC;12;13725;
2024;Maladies professionnelles;G;"Commerce ; réparation d'automobiles et de motocycles";"G - Commerce ; réparation d'automobiles et de motocycles";4669A;Commerce de gros (commerce interentreprises) de matériel électrique;4669A - Commerce de gros (commerce interentreprises) de matériel électrique;29;34677;NC;29;34677;
2024;Maladies professionnelles;G;"Commerce ; réparation d'automobiles et de motocycles";"G - Commerce ; réparation d'automobiles et de motocycles";4669B;Commerce de gros (commerce interentreprises) de fournitures et équipements industriels divers;4669B - Commerce de gros (commerce interentreprises) de fournitures et équipements industriels divers;123;96891;NC;123;96891;
2024;Maladies professionnelles;G;"Commerce ; réparation d'automobiles et de motocycles";"G - Commerce ; réparation d'automobiles et de motocycles";4669C;Commerce de gros (commerce interentreprises) de fournitures et équipements divers pour le commerce et les services;4669C - Commerce de gros (commerce interentreprises) de fournitures et équipements divers pour le commerce et les services;41;26098;NC;41;26098;
2024;Maladies professionnelles;G;"Commerce ; réparation d'automobiles et de motocycles";"G - Commerce ; réparation d'automobiles et de motocycles";4671Z;Commerce de gros (commerce interentreprises) de combustibles et de produits annexes;4671Z - Commerce de gros (commerce interentreprises) de combustibles et de produits annexes;19;13631;NC;19;13631;
2024;Maladies professionnelles;G;"Commerce ; réparation d'automobiles et de motocycles";"G - Commerce ; réparation d'automobiles et de motocycles";4672Z;Commerce de gros (commerce interentreprises) de minerais et métaux;4672Z - Commerce de gros (commerce interentreprises) de minerais et métaux;28;15480;NC;28;15480;
2024;Maladies professionnelles;G;"Commerce ; réparation d'automobiles et de motocycles";"G - Commerce ; réparation d'automobiles et de motocycles";4673A;Commerce de gros (commerce interentreprises) de bois et de matériaux de construction;4673A - Commerce de gros (commerce interentreprises) de bois et de matériaux de construction;168;84801;NC;168;84801;
2024;Maladies professionnelles;G;"Commerce ; réparation d'automobiles et de motocycles";"G - Commerce ; réparation d'automobiles et de motocycles";4673B;Commerce de gros (commerce interentreprises) d'appareils sanitaires et de produits de décoration;4673B - Commerce de gros (commerce interentreprises) d'appareils sanitaires et de produits de décoration;21;18172;NC;21;18172;
2024;Maladies professionnelles;G;"Commerce ; réparation d'automobiles et de motocycles";"G - Commerce ; réparation d'automobiles et de motocycles";4674A;Commerce de gros (commerce interentreprises) de quincaillerie;4674A - Commerce de gros (commerce interentreprises) de quincaillerie;40;25817;NC;40;25817;
2024;Maladies professionnelles;G;"Commerce ; réparation d'automobiles et de motocycles";"G - Commerce ; réparation d'automobiles et de motocycles";4674B;Commerce de gros (commerce interentreprises) de fournitures pour la plomberie et le chauffage;4674B - Commerce de gros (commerce interentreprises) de fournitures pour la plomberie et le chauffage;41;26105;NC;41;26105;
2024;Maladies professionnelles;G;"Commerce ; réparation d'automobiles et de motocycles";"G - Commerce ; réparation d'automobiles et de motocycles";4675Z;Commerce de gros (commerce interentreprises) de produits chimiques;4675Z - Commerce de gros (commerce interentreprises) de produits chimiques;22;19330;NC;22;19330;
2024;Maladies professionnelles;G;"Commerce ; réparation d'automobiles et de motocycles";"G - Commerce ; réparation d'automobiles et de motocycles";4676Z;Commerce de gros (commerce interentreprises) d'autres produits intermédiaires;4676Z - Commerce de gros (commerce interentreprises) d'autres produits intermédiaires;17;10979;NC;17;10979;
2024;Maladies professionnelles;G;"Commerce ; réparation d'automobiles et de motocycles";"G - Commerce ; réparation d'automobiles et de motocycles";4677Z;Commerce de gros (commerce interentreprises) de déchets et débris;4677Z - Commerce de gros (commerce interentreprises) de déchets et débris;9;3189;NC;9;3189;
2024;Maladies professionnelles;G;"Commerce ; réparation d'automobiles et de motocycles";"G - Commerce ; réparation d'automobiles et de motocycles";4690Z;Commerce de gros (commerce interentreprises) non spécialisé;4690Z - Commerce de gros (commerce interentreprises) non spécialisé;44;38279;NC;44;38279;
2024;Maladies professionnelles;G;"Commerce ; réparation d'automobiles et de motocycles";"G - Commerce ; réparation d'automobiles et de motocycles";4711A;Commerce de détail de produits surgelés;4711A - Commerce de détail de produits surgelés;33;7922;NC;33;7922;
2024;Maladies professionnelles;G;"Commerce ; réparation d'automobiles et de motocycles";"G - Commerce ; réparation d'automobiles et de motocycles";4711B;Commerce d'alimentation générale;4711B - Commerce d'alimentation générale;84;50757;NC;84;50757;
2024;Maladies professionnelles;G;"Commerce ; réparation d'automobiles et de motocycles";"G - Commerce ; réparation d'automobiles et de motocycles";4711C;Supérettes;4711C - Supérettes;72;22335;NC;72;22335;
2024;Maladies professionnelles;G;"Commerce ; réparation d'automobiles et de motocycles";"G - Commerce ; réparation d'automobiles et de motocycles";4711D;Supermarchés;4711D - Supermarchés;1651;247990;NC;1651;247990;
2024;Maladies professionnelles;G;"Commerce ; réparation d'automobiles et de motocycles";"G - Commerce ; réparation d'automobiles et de motocycles";4711E;Magasins multi-commerces;4711E - Magasins multi-commerces;31;3956;NC;31;3956;
2024;Maladies professionnelles;G;"Commerce ; réparation d'automobiles et de motocycles";"G - Commerce ; réparation d'automobiles et de motocycles";4711F;Hypermarchés;4711F - Hypermarchés;1863;281135;NC;1863;281135;
2024;Maladies professionnelles;G;"Commerce ; réparation d'automobiles et de motocycles";"G - Commerce ; réparation d'automobiles et de motocycles";4719A;Grands magasins;4719A - Grands magasins;23;11123;NC;23;11123;
2024;Maladies professionnelles;G;"Commerce ; réparation d'automobiles et de motocycles";"G - Commerce ; réparation d'automobiles et de motocycles";4719B;Autres commerces de détail en magasin non spécialisé;4719B - Autres commerces de détail en magasin non spécialisé;109;38345;NC;109;38345;
2024;Maladies professionnelles;G;"Commerce ; réparation d'automobiles et de motocycles";"G - Commerce ; réparation d'automobiles et de motocycles";4721Z;Commerce de détail de fruits et légumes en magasin spécialisé;4721Z - Commerce de détail de fruits et légumes en magasin spécialisé;45;15855;NC;45;15855;
2024;Maladies professionnelles;G;"Commerce ; réparation d'automobiles et de motocycles";"G - Commerce ; réparation d'automobiles et de motocycles";4722Z;Commerce de détail de viandes et de produits à base de viande en magasin spécialisé;4722Z - Commerce de détail de viandes et de produits à base de viande en magasin spécialisé;175;43087;NC;175;43087;
2024;Maladies professionnelles;G;"Commerce ; réparation d'automobiles et de motocycles";"G - Commerce ; réparation d'automobiles et de motocycles";4723Z;Commerce de détail de poissons, crustacés et mollusques en magasin spécialisé;4723Z - Commerce de détail de poissons, crustacés et mollusques en magasin spécialisé;15;4206;NC;15;4206;
2024;Maladies professionnelles;G;"Commerce ; réparation d'automobiles et de motocycles";"G - Commerce ; réparation d'automobiles et de motocycles";4724Z;Commerce de détail de pain, pâtisserie et confiserie en magasin spécialisé;4724Z - Commerce de détail de pain, pâtisserie et confiserie en magasin spécialisé;15;11290;NC;15;11290;
2024;Maladies professionnelles;G;"Commerce ; réparation d'automobiles et de motocycles";"G - Commerce ; réparation d'automobiles et de motocycles";4725Z;Commerce de détail de boissons en magasin spécialisé;4725Z - Commerce de détail de boissons en magasin spécialisé;11;9838;NC;11;9838;
2024;Maladies professionnelles;G;"Commerce ; réparation d'automobiles et de motocycles";"G - Commerce ; réparation d'automobiles et de motocycles";4726Z;Commerce de détail de produits à base de tabac en magasin spécialisé;4726Z - Commerce de détail de produits à base de tabac en magasin spécialisé;13;11001;NC;13;11001;
2024;Maladies professionnelles;G;"Commerce ; réparation d'automobiles et de motocycles";"G - Commerce ; réparation d'automobiles et de motocycles";4729Z;Autres commerces de détail alimentaires en magasin spécialisé;4729Z - Autres commerces de détail alimentaires en magasin spécialisé;68;30467;NC;68;30467;
2024;Maladies professionnelles;G;"Commerce ; réparation d'automobiles et de motocycles";"G - Commerce ; réparation d'automobiles et de motocycles";4730Z;Commerce de détail de carburants en magasin spécialisé;4730Z - Commerce de détail de carburants en magasin spécialisé;50;19709;NC;50;19709;
2024;Maladies professionnelles;G;"Commerce ; réparation d'automobiles et de motocycles";"G - Commerce ; réparation d'automobiles et de motocycles";4741Z;Commerce de détail d'ordinateurs, d'unités périphériques et de logiciels en magasin spécialisé;4741Z - Commerce de détail d'ordinateurs, d'unités périphériques et de logiciels en magasin spécialisé;6;13476;NC;6;13476;
2024;Maladies professionnelles;G;"Commerce ; réparation d'automobiles et de motocycles";"G - Commerce ; réparation d'automobiles et de motocycles";4742Z;Commerce de détail de matériels de télécommunication en magasin spécialisé;4742Z - Commerce de détail de matériels de télécommunication en magasin spécialisé;4;17089;NC;4;17089;
2024;Maladies professionnelles;G;"Commerce ; réparation d'automobiles et de motocycles";"G - Commerce ; réparation d'automobiles et de motocycles";4743Z;Commerce de détail de matériels audio et vidéo en magasin spécialisé;4743Z - Commerce de détail de matériels audio et vidéo en magasin spécialisé;4;5103;NC;4;5103;
2024;Maladies professionnelles;G;"Commerce ; réparation d'automobiles et de motocycles";"G - Commerce ; réparation d'automobiles et de motocycles";4751Z;Commerce de détail de textiles en magasin spécialisé;4751Z - Commerce de détail de textiles en magasin spécialisé;21;8287;NC;21;8287;
2024;Maladies professionnelles;G;"Commerce ; réparation d'automobiles et de motocycles";"G - Commerce ; réparation d'automobiles et de motocycles";4752A;Commerce de détail de quincaillerie, peintures et verres en petites surfaces (moins de 400 m²);4752A - Commerce de détail de quincaillerie, peintures et verres en petites surfaces (moins de 400 m²);27;16737;NC;27;16737;
2024;Maladies professionnelles;G;"Commerce ; réparation d'automobiles et de motocycles";"G - Commerce ; réparation d'automobiles et de motocycles";4752B;Commerce de détail de quincaillerie, peintures et verres en grandes surfaces (400 m² et plus);4752B - Commerce de détail de quincaillerie, peintures et verres en grandes surfaces (400 m² et plus);202;78975;NC;202;78975;
2024;Maladies professionnelles;G;"Commerce ; réparation d'automobiles et de motocycles";"G - Commerce ; réparation d'automobiles et de motocycles";4753Z;Commerce de détail de tapis, moquettes et revêtements de murs et de sols en magasin spécialisé;4753Z - Commerce de détail de tapis, moquettes et revêtements de murs et de sols en magasin spécialisé;15;3416;NC;15;3416;
2024;Maladies professionnelles;G;"Commerce ; réparation d'automobiles et de motocycles";"G - Commerce ; réparation d'automobiles et de motocycles";4754Z;Commerce de détail d'appareils électroménagers en magasin spécialisé;4754Z - Commerce de détail d'appareils électroménagers en magasin spécialisé;45;23479;NC;45;23479;
2024;Maladies professionnelles;G;"Commerce ; réparation d'automobiles et de motocycles";"G - Commerce ; réparation d'automobiles et de motocycles";4759A;Commerce de détail de meubles;4759A - Commerce de détail de meubles;114;51778;NC;114;51778;
2024;Maladies professionnelles;G;"Commerce ; réparation d'automobiles et de motocycles";"G - Commerce ; réparation d'automobiles et de motocycles";4759B;Commerce de détail d'autres équipements du foyer;4759B - Commerce de détail d'autres équipements du foyer;42;24171;NC;42;24171;
2024;Maladies professionnelles;G;"Commerce ; réparation d'automobiles et de motocycles";"G - Commerce ; réparation d'automobiles et de motocycles";4761Z;Commerce de détail de livres en magasin spécialisé;4761Z - Commerce de détail de livres en magasin spécialisé;17;12227;NC;17;12227;
2024;Maladies professionnelles;G;"Commerce ; réparation d'automobiles et de motocycles";"G - Commerce ; réparation d'automobiles et de motocycles";4762Z;Commerce de détail de journaux et papeterie en magasin spécialisé;4762Z - Commerce de détail de journaux et papeterie en magasin spécialisé;24;15898;NC;24;15898;
2024;Maladies professionnelles;G;"Commerce ; réparation d'automobiles et de motocycles";"G - Commerce ; réparation d'automobiles et de motocycles";4763Z;Commerce de détail d'enregistrements musicaux et vidéo en magasin spécialisé;4763Z - Commerce de détail d'enregistrements musicaux et vidéo en magasin spécialisé;0;425;NC;0;425;
2024;Maladies professionnelles;G;"Commerce ; réparation d'automobiles et de motocycles";"G - Commerce ; réparation d'automobiles et de motocycles";4764Z;Commerce de détail d'articles de sport en magasin spécialisé;4764Z - Commerce de détail d'articles de sport en magasin spécialisé;47;55019;NC;47;55019;
2024;Maladies professionnelles;G;"Commerce ; réparation d'automobiles et de motocycles";"G - Commerce ; réparation d'automobiles et de motocycles";4765Z;Commerce de détail de jeux et jouets en magasin spécialisé;4765Z - Commerce de détail de jeux et jouets en magasin spécialisé;10;7325;NC;10;7325;
2024;Maladies professionnelles;G;"Commerce ; réparation d'automobiles et de motocycles";"G - Commerce ; réparation d'automobiles et de motocycles";4771Z;Commerce de détail d'habillement en magasin spécialisé;4771Z - Commerce de détail d'habillement en magasin spécialisé;215;134511;NC;215;134511;
2024;Maladies professionnelles;G;"Commerce ; réparation d'automobiles et de motocycles";"G - Commerce ; réparation d'automobiles et de motocycles";4772A;Commerce de détail de la chaussure;4772A - Commerce de détail de la chaussure;36;20309;NC;36;20309;
2024;Maladies professionnelles;G;"Commerce ; réparation d'automobiles et de motocycles";"G - Commerce ; réparation d'automobiles et de motocycles";4772B;Commerce de détail de maroquinerie et d'articles de voyage;4772B - Commerce de détail de maroquinerie et d'articles de voyage;5;7906;NC;5;7906;
2024;Maladies professionnelles;G;"Commerce ; réparation d'automobiles et de motocycles";"G - Commerce ; réparation d'automobiles et de motocycles";4773Z;Commerce de détail de produits pharmaceutiques en magasin spécialisé;4773Z - Commerce de détail de produits pharmaceutiques en magasin spécialisé;94;119569;NC;94;119569;
2024;Maladies professionnelles;G;"Commerce ; réparation d'automobiles et de motocycles";"G - Commerce ; réparation d'automobiles et de motocycles";4774Z;Commerce de détail d'articles médicaux et orthopédiques en magasin spécialisé;4774Z - Commerce de détail d'articles médicaux et orthopédiques en magasin spécialisé;20;25259;NC;20;25259;
2024;Maladies professionnelles;G;"Commerce ; réparation d'automobiles et de motocycles";"G - Commerce ; réparation d'automobiles et de motocycles";4775Z;Commerce de détail de parfumerie et de produits de beauté en magasin spécialisé;4775Z - Commerce de détail de parfumerie et de produits de beauté en magasin spécialisé;41;31505;NC;41;31505;
2024;Maladies professionnelles;G;"Commerce ; réparation d'automobiles et de motocycles";"G - Commerce ; réparation d'automobiles et de motocycles";4776Z;Commerce de détail de fleurs, plantes, graines, engrais, animaux de compagnie et aliments pour ces animaux en magasin spécialisé;4776Z - Commerce de détail de fleurs, plantes, graines, engrais, animaux de compagnie et aliments pour ces animaux en magasin spécialisé;83;32859;NC;83;32859;
2024;Maladies professionnelles;G;"Commerce ; réparation d'automobiles et de motocycles";"G - Commerce ; réparation d'automobiles et de motocycles";4777Z;Commerce de détail d'articles d'horlogerie et de bijouterie en magasin spécialisé;4777Z - Commerce de détail d'articles d'horlogerie et de bijouterie en magasin spécialisé;9;19806;NC;9;19806;
2024;Maladies professionnelles;G;"Commerce ; réparation d'automobiles et de motocycles";"G - Commerce ; réparation d'automobiles et de motocycles";4778A;Commerces de détail d'optique;4778A - Commerces de détail d'optique;22;48347;NC;22;48347;
2024;Maladies professionnelles;G;"Commerce ; réparation d'automobiles et de motocycles";"G - Commerce ; réparation d'automobiles et de motocycles";4778B;Commerces de détail de charbons et combustibles;4778B - Commerces de détail de charbons et combustibles;10;4233;NC;10;4233;
2024;Maladies professionnelles;G;"Commerce ; réparation d'automobiles et de motocycles";"G - Commerce ; réparation d'automobiles et de motocycles";4778C;Autres commerces de détail spécialisés divers;4778C - Autres commerces de détail spécialisés divers;52;50387;NC;52;50387;
2024;Maladies professionnelles;G;"Commerce ; réparation d'automobiles et de motocycles";"G - Commerce ; réparation d'automobiles et de motocycles";4779Z;Commerce de détail de biens d'occasion en magasin;4779Z - Commerce de détail de biens d'occasion en magasin;5;8868;NC;5;8868;
2024;Maladies professionnelles;G;"Commerce ; réparation d'automobiles et de motocycles";"G - Commerce ; réparation d'automobiles et de motocycles";4781Z;Commerce de détail alimentaire sur éventaires et marchés;4781Z - Commerce de détail alimentaire sur éventaires et marchés;27;14898;NC;27;14898;
2024;Maladies professionnelles;G;"Commerce ; réparation d'automobiles et de motocycles";"G - Commerce ; réparation d'automobiles et de motocycles";4782Z;Commerce de détail de textiles, d'habillement et de chaussures sur éventaires et marchés;4782Z - Commerce de détail de textiles, d'habillement et de chaussures sur éventaires et marchés;1;1164;NC;1;1164;
2024;Maladies professionnelles;G;"Commerce ; réparation d'automobiles et de motocycles";"G - Commerce ; réparation d'automobiles et de motocycles";4789Z;Autres commerces de détail sur éventaires et marchés;4789Z - Autres commerces de détail sur éventaires et marchés;4;3874;NC;4;3874;
2024;Maladies professionnelles;G;"Commerce ; réparation d'automobiles et de motocycles";"G - Commerce ; réparation d'automobiles et de motocycles";4791A;Vente à distance sur catalogue général;4791A - Vente à distance sur catalogue général;12;24117;NC;12;24117;
2024;Maladies professionnelles;G;"Commerce ; réparation d'automobiles et de motocycles";"G - Commerce ; réparation d'automobiles et de motocycles";4791B;Vente à distance sur catalogue spécialisé;4791B - Vente à distance sur catalogue spécialisé;23;24789;NC;23;24789;
2024;Maladies professionnelles;G;"Commerce ; réparation d'automobiles et de motocycles";"G - Commerce ; réparation d'automobiles et de motocycles";4799A;Vente à domicile;4799A - Vente à domicile;22;6465;NC;22;6465;
2024;Maladies professionnelles;G;"Commerce ; réparation d'automobiles et de motocycles";"G - Commerce ; réparation d'automobiles et de motocycles";4799B;Vente par automates et autres commerces de détail hors magasin, éventaires ou marchés n.c.a.;4799B - Vente par automates et autres commerces de détail hors magasin, éventaires ou marchés n.c.a.;24;9478;NC;24;9478;
2024;Maladies professionnelles;G;"Commerce ; réparation d'automobiles et de motocycles";"G - Commerce ; réparation d'automobiles et de motocycles";TOUS;"Total Commerce ; réparation d'automobiles et de motocycles";"Total Commerce ; réparation d'automobiles et de motocycles";8196;3188918;NC;8196;3188918;
2024;Maladies professionnelles;H;Transports et entreposage;H - Transports et entreposage;4910Z;Transport ferroviaire interurbain de voyageurs;4910Z - Transport ferroviaire interurbain de voyageurs;11;26942;NC;11;26942;
2024;Maladies professionnelles;H;Transports et entreposage;H - Transports et entreposage;4920Z;Transports ferroviaires de fret;4920Z - Transports ferroviaires de fret;2;4539;NC;2;4539;
2024;Maladies professionnelles;H;Transports et entreposage;H - Transports et entreposage;4931Z;Transports urbains et suburbains de voyageurs;4931Z - Transports urbains et suburbains de voyageurs;174;73178;NC;174;73178;
2024;Maladies professionnelles;H;Transports et entreposage;H - Transports et entreposage;4932Z;Transports de voyageurs par taxis;4932Z - Transports de voyageurs par taxis;29;32897;NC;29;32897;
2024;Maladies professionnelles;H;Transports et entreposage;H - Transports et entreposage;4939A;Transports routiers réguliers de voyageurs;4939A - Transports routiers réguliers de voyageurs;105;63834;NC;105;63834;
2024;Maladies professionnelles;H;Transports et entreposage;H - Transports et entreposage;4939B;Autres transports routiers de voyageurs;4939B - Autres transports routiers de voyageurs;44;25413;NC;44;25413;
2024;Maladies professionnelles;H;Transports et entreposage;H - Transports et entreposage;4939C;Téléphériques et remontées mécaniques;4939C - Téléphériques et remontées mécaniques;6;9032;NC;6;9032;
2024;Maladies professionnelles;H;Transports et entreposage;H - Transports et entreposage;4941A;Transports routiers de fret interurbains;4941A - Transports routiers de fret interurbains;464;222241;NC;464;222241;
2024;Maladies professionnelles;H;Transports et entreposage;H - Transports et entreposage;4941B;Transports routiers de fret de proximité;4941B - Transports routiers de fret de proximité;329;187454;NC;329;187454;
2024;Maladies professionnelles;H;Transports et entreposage;H - Transports et entreposage;4941C;Location de camions avec chauffeur;4941C - Location de camions avec chauffeur;45;19564;NC;45;19564;
2024;Maladies professionnelles;H;Transports et entreposage;H - Transports et entreposage;4942Z;Services de déménagement;4942Z - Services de déménagement;27;11392;NC;27;11392;
2024;Maladies professionnelles;H;Transports et entreposage;H - Transports et entreposage;4950Z;Transports par conduites;4950Z - Transports par conduites;2;2080;NC;2;2080;
2024;Maladies professionnelles;H;Transports et entreposage;H - Transports et entreposage;5010Z;Transports maritimes et côtiers de passagers;5010Z - Transports maritimes et côtiers de passagers;8;3635;NC;8;3635;
2024;Maladies professionnelles;H;Transports et entreposage;H - Transports et entreposage;5020Z;Transports maritimes et côtiers de fret;5020Z - Transports maritimes et côtiers de fret;0;4379;NC;0;4379;
2024;Maladies professionnelles;H;Transports et entreposage;H - Transports et entreposage;5030Z;Transports fluviaux de passagers;5030Z - Transports fluviaux de passagers;2;3253;NC;2;3253;
2024;Maladies professionnelles;H;Transports et entreposage;H - Transports et entreposage;5040Z;Transports fluviaux de fret;5040Z - Transports fluviaux de fret;1;1258;NC;1;1258;
2024;Maladies professionnelles;H;Transports et entreposage;H - Transports et entreposage;5110Z;Transports aériens de passagers;5110Z - Transports aériens de passagers;28;58564;NC;28;58564;
2024;Maladies professionnelles;H;Transports et entreposage;H - Transports et entreposage;5121Z;Transports aériens de fret;5121Z - Transports aériens de fret;8;4621;NC;8;4621;
2024;Maladies professionnelles;H;Transports et entreposage;H - Transports et entreposage;5122Z;Transports spatiaux;5122Z - Transports spatiaux;NS;NS;NC;;;
2024;Maladies professionnelles;H;Transports et entreposage;H - Transports et entreposage;5210A;Entreposage et stockage frigorifique;5210A - Entreposage et stockage frigorifique;100;23421;NC;100;23421;
2024;Maladies professionnelles;H;Transports et entreposage;H - Transports et entreposage;5210B;Entreposage et stockage non frigorifique;5210B - Entreposage et stockage non frigorifique;409;106769;NC;409;106769;
2024;Maladies professionnelles;H;Transports et entreposage;H - Transports et entreposage;5221Z;Services auxiliaires des transports terrestres;5221Z - Services auxiliaires des transports terrestres;36;41656;NC;36;41656;
2024;Maladies professionnelles;H;Transports et entreposage;H - Transports et entreposage;5222Z;Services auxiliaires des transports par eau;5222Z - Services auxiliaires des transports par eau;24;9982;NC;24;9982;
2024;Maladies professionnelles;H;Transports et entreposage;H - Transports et entreposage;5223Z;Services auxiliaires des transports aériens;5223Z - Services auxiliaires des transports aériens;60;33048;NC;60;33048;
2024;Maladies professionnelles;H;Transports et entreposage;H - Transports et entreposage;5224A;Manutention portuaire;5224A - Manutention portuaire;21;8314;NC;21;8314;
2024;Maladies professionnelles;H;Transports et entreposage;H - Transports et entreposage;5224B;Manutention non portuaire;5224B - Manutention non portuaire;28;7394;NC;28;7394;
2024;Maladies professionnelles;H;Transports et entreposage;H - Transports et entreposage;5229A;Messagerie, fret express;5229A - Messagerie, fret express;94;38427;NC;94;38427;
2024;Maladies professionnelles;H;Transports et entreposage;H - Transports et entreposage;5229B;Affrètement et organisation des transports;5229B - Affrètement et organisation des transports;159;84740;NC;159;84740;
2024;Maladies professionnelles;H;Transports et entreposage;H - Transports et entreposage;5310Z;Activités de poste dans le cadre d'une obligation de service universel;5310Z - Activités de poste dans le cadre d'une obligation de service universel;NS;NS;NC;;;
2024;Maladies professionnelles;H;Transports et entreposage;H - Transports et entreposage;5320Z;Autres activités de poste et de courrier;5320Z - Autres activités de poste et de courrier;12;7601;NC;12;7601;
2024;Maladies professionnelles;H;Transports et entreposage;H - Transports et entreposage;TOUS;Total Transports et entreposage;Total Transports et entreposage;2679;1237856;NC;2679;1237856;
2024;Maladies professionnelles;I;Hébergement et restauration;I - Hébergement et restauration;5510Z;Hôtels et hébergement similaire;5510Z - Hôtels et hébergement similaire;426;207764;NC;426;207764;
2024;Maladies professionnelles;I;Hébergement et restauration;I - Hébergement et restauration;5520Z;Hébergement touristique et autre hébergement de courte durée;5520Z - Hébergement touristique et autre hébergement de courte durée;69;42114;NC;69;42114;
2024;Maladies professionnelles;I;Hébergement et restauration;I - Hébergement et restauration;5530Z;Terrains de camping et parcs pour caravanes ou véhicules de loisirs;5530Z - Terrains de camping et parcs pour caravanes ou véhicules de loisirs;22;27612;NC;22;27612;
2024;Maladies professionnelles;I;Hébergement et restauration;I - Hébergement et restauration;5590Z;Autres hébergements;5590Z - Autres hébergements;40;15856;NC;40;15856;
2024;Maladies professionnelles;I;Hébergement et restauration;I - Hébergement et restauration;5610A;Restauration traditionnelle;5610A - Restauration traditionnelle;674;470017;NC;674;470017;
2024;Maladies professionnelles;I;Hébergement et restauration;I - Hébergement et restauration;5610B;Cafétérias et autres libres-services;5610B - Cafétérias et autres libres-services;39;7402;NC;39;7402;
2024;Maladies professionnelles;I;Hébergement et restauration;I - Hébergement et restauration;5610C;Restauration de type rapide;5610C - Restauration de type rapide;285;290481;NC;285;290481;
2024;Maladies professionnelles;I;Hébergement et restauration;I - Hébergement et restauration;5621Z;Services des traiteurs;5621Z - Services des traiteurs;75;31641;NC;75;31641;
2024;Maladies professionnelles;I;Hébergement et restauration;I - Hébergement et restauration;5629A;Restauration collective sous contrat;5629A - Restauration collective sous contrat;316;42903;NC;316;42903;
2024;Maladies professionnelles;I;Hébergement et restauration;I - Hébergement et restauration;5629B;Autres services de restauration n.c.a.;5629B - Autres services de restauration n.c.a.;357;56301;NC;357;56301;
2024;Maladies professionnelles;I;Hébergement et restauration;I - Hébergement et restauration;5630Z;Débits de boissons;5630Z - Débits de boissons;102;83310;NC;102;83310;
2024;Maladies professionnelles;I;Hébergement et restauration;I - Hébergement et restauration;TOUS;Total Hébergement et restauration;Total Hébergement et restauration;2405;1275401;NC;2405;1275401;
2024;Maladies professionnelles;J;Information et communication;J - Information et communication;5811Z;Édition de livres;5811Z - Édition de livres;6;12249;NC;6;12249;
2024;Maladies professionnelles;J;Information et communication;J - Information et communication;5812Z;Édition de répertoires et de fichiers d'adresses;5812Z - Édition de répertoires et de fichiers d'adresses;0;754;NC;0;754;
2024;Maladies professionnelles;J;Information et communication;J - Information et communication;5813Z;Édition de journaux;5813Z - Édition de journaux;13;21360;NC;13;21360;
2024;Maladies professionnelles;J;Information et communication;J - Information et communication;5814Z;Édition de revues et périodiques;5814Z - Édition de revues et périodiques;7;20254;NC;7;20254;
2024;Maladies professionnelles;J;Information et communication;J - Information et communication;5819Z;Autres activités d'édition;5819Z - Autres activités d'édition;4;2456;NC;4;2456;
2024;Maladies professionnelles;J;Information et communication;J - Information et communication;5821Z;Édition de jeux électroniques;5821Z - Édition de jeux électroniques;1;4430;NC;1;4430;
2024;Maladies professionnelles;J;Information et communication;J - Information et communication;5829A;Édition de logiciels système et de réseau;5829A - Édition de logiciels système et de réseau;2;15107;NC;2;15107;
2024;Maladies professionnelles;J;Information et communication;J - Information et communication;5829B;Édition de logiciels outils de développement et de langages;5829B - Édition de logiciels outils de développement et de langages;1;2702;NC;1;2702;
2024;Maladies professionnelles;J;Information et communication;J - Information et communication;5829C;Édition de logiciels applicatifs;5829C - Édition de logiciels applicatifs;8;73377;NC;8;73377;
2024;Maladies professionnelles;J;Information et communication;J - Information et communication;5911A;Production de films et de programmes pour la télévision;5911A - Production de films et de programmes pour la télévision;8;19154;NC;8;19154;
2024;Maladies professionnelles;J;Information et communication;J - Information et communication;5911B;Production de films institutionnels et publicitaires;5911B - Production de films institutionnels et publicitaires;1;9250;NC;1;9250;
2024;Maladies professionnelles;J;Information et communication;J - Information et communication;5911C;Production de films pour le cinéma;5911C - Production de films pour le cinéma;3;10579;NC;3;10579;
2024;Maladies professionnelles;J;Information et communication;J - Information et communication;5912Z;Post-production de films cinématographiques, de vidéo et de programmes de télévision;5912Z - Post-production de films cinématographiques, de vidéo et de programmes de télévision;3;9137;NC;3;9137;
2024;Maladies professionnelles;J;Information et communication;J - Information et communication;5913A;Distribution de films cinématographiques;5913A - Distribution de films cinématographiques;0;1603;NC;0;1603;
2024;Maladies professionnelles;J;Information et communication;J - Information et communication;5913B;Édition et distribution vidéo;5913B - Édition et distribution vidéo;0;303;NC;0;303;
2024;Maladies professionnelles;J;Information et communication;J - Information et communication;5914Z;Projection de films cinématographiques;5914Z - Projection de films cinématographiques;1;7840;NC;1;7840;
2024;Maladies professionnelles;J;Information et communication;J - Information et communication;5920Z;Enregistrement sonore et édition musicale;5920Z - Enregistrement sonore et édition musicale;1;5654;NC;1;5654;
2024;Maladies professionnelles;J;Information et communication;J - Information et communication;6010Z;Édition et diffusion de programmes radio;6010Z - Édition et diffusion de programmes radio;9;8386;NC;9;8386;
2024;Maladies professionnelles;J;Information et communication;J - Information et communication;6020A;Édition de chaînes généralistes;6020A - Édition de chaînes généralistes;13;14917;NC;13;14917;
2024;Maladies professionnelles;J;Information et communication;J - Information et communication;6020B;Édition de chaînes thématiques;6020B - Édition de chaînes thématiques;0;4464;NC;0;4464;
2024;Maladies professionnelles;J;Information et communication;J - Information et communication;6110Z;Télécommunications filaires;6110Z - Télécommunications filaires;19;61050;NC;19;61050;
2024;Maladies professionnelles;J;Information et communication;J - Information et communication;6120Z;Télécommunications sans fil;6120Z - Télécommunications sans fil;5;18161;NC;5;18161;
2024;Maladies professionnelles;J;Information et communication;J - Information et communication;6130Z;Télécommunications par satellite;6130Z - Télécommunications par satellite;1;1866;NC;1;1866;
2024;Maladies professionnelles;J;Information et communication;J - Information et communication;6190Z;Autres activités de télécommunication;6190Z - Autres activités de télécommunication;14;16617;NC;14;16617;
2024;Maladies professionnelles;J;Information et communication;J - Information et communication;6201Z;Programmation informatique;6201Z - Programmation informatique;15;127614;NC;15;127614;
2024;Maladies professionnelles;J;Information et communication;J - Information et communication;6202A;Conseil en systèmes et logiciels informatiques;6202A - Conseil en systèmes et logiciels informatiques;41;353094;NC;41;353094;
2024;Maladies professionnelles;J;Information et communication;J - Information et communication;6202B;Tierce maintenance de systèmes et d'applications informatiques;6202B - Tierce maintenance de systèmes et d'applications informatiques;1;12909;NC;1;12909;
2024;Maladies professionnelles;J;Information et communication;J - Information et communication;6203Z;Gestion d'installations informatiques;6203Z - Gestion d'installations informatiques;1;20419;NC;1;20419;
2024;Maladies professionnelles;J;Information et communication;J - Information et communication;6209Z;Autres activités informatiques;6209Z - Autres activités informatiques;3;13300;NC;3;13300;
2024;Maladies professionnelles;J;Information et communication;J - Information et communication;6311Z;Traitement de données, hébergement et activités connexes;6311Z - Traitement de données, hébergement et activités connexes;26;47709;NC;26;47709;
2024;Maladies professionnelles;J;Information et communication;J - Information et communication;6312Z;Portails Internet;6312Z - Portails Internet;2;14987;NC;2;14987;
2024;Maladies professionnelles;J;Information et communication;J - Information et communication;6391Z;Activités des agences de presse;6391Z - Activités des agences de presse;2;3947;NC;2;3947;
2024;Maladies professionnelles;J;Information et communication;J - Information et communication;6399Z;Autres services d'information n.c.a.;6399Z - Autres services d'information n.c.a.;0;838;NC;0;838;
2024;Maladies professionnelles;J;Information et communication;J - Information et communication;TOUS;Total Information et communication;Total Information et communication;211;936487;NC;211;936487;
2024;Maladies professionnelles;K;Activités financières et d'assurance;K - Activités financières et d'assurance;6411Z;Activités de banque centrale;6411Z - Activités de banque centrale;1;1074;NC;1;1074;
2024;Maladies professionnelles;K;Activités financières et d'assurance;K - Activités financières et d'assurance;6419Z;Autres intermédiations monétaires;6419Z - Autres intermédiations monétaires;64;284963;NC;64;284963;
2024;Maladies professionnelles;K;Activités financières et d'assurance;K - Activités financières et d'assurance;6420Z;Activités des sociétés holding;6420Z - Activités des sociétés holding;68;108450;NC;68;108450;
2024;Maladies professionnelles;K;Activités financières et d'assurance;K - Activités financières et d'assurance;6430Z;Fonds de placement et entités financières similaires;6430Z - Fonds de placement et entités financières similaires;5;14587;NC;5;14587;
2024;Maladies professionnelles;K;Activités financières et d'assurance;K - Activités financières et d'assurance;6491Z;Crédit-bail;6491Z - Crédit-bail;1;4141;NC;1;4141;
2024;Maladies professionnelles;K;Activités financières et d'assurance;K - Activités financières et d'assurance;6492Z;Autre distribution de crédit;6492Z - Autre distribution de crédit;8;22808;NC;8;22808;
2024;Maladies professionnelles;K;Activités financières et d'assurance;K - Activités financières et d'assurance;6499Z;Autres activités des services financiers, hors assurance et caisses de retraite, n.c.a.;6499Z - Autres activités des services financiers, hors assurance et caisses de retraite, n.c.a.;1;4220;NC;1;4220;
2024;Maladies professionnelles;K;Activités financières et d'assurance;K - Activités financières et d'assurance;6511Z;Assurance vie;6511Z - Assurance vie;6;22847;NC;6;22847;
2024;Maladies professionnelles;K;Activités financières et d'assurance;K - Activités financières et d'assurance;6512Z;Autres assurances;6512Z - Autres assurances;49;127779;NC;49;127779;
2024;Maladies professionnelles;K;Activités financières et d'assurance;K - Activités financières et d'assurance;6520Z;Réassurance;6520Z - Réassurance;0;5867;NC;0;5867;
2024;Maladies professionnelles;K;Activités financières et d'assurance;K - Activités financières et d'assurance;6530Z;Caisses de retraite;6530Z - Caisses de retraite;0;606;NC;0;606;
2024;Maladies professionnelles;K;Activités financières et d'assurance;K - Activités financières et d'assurance;6611Z;Administration de marchés financiers;6611Z - Administration de marchés financiers;0;723;NC;0;723;
2024;Maladies professionnelles;K;Activités financières et d'assurance;K - Activités financières et d'assurance;6612Z;Courtage de valeurs mobilières et de marchandises;6612Z - Courtage de valeurs mobilières et de marchandises;2;3859;NC;2;3859;
2024;Maladies professionnelles;K;Activités financières et d'assurance;K - Activités financières et d'assurance;6619A;Supports juridiques de gestion de patrimoine mobilier;6619A - Supports juridiques de gestion de patrimoine mobilier;44;28831;NC;44;28831;
2024;Maladies professionnelles;K;Activités financières et d'assurance;K - Activités financières et d'assurance;6619B;Autres activités auxiliaires de services financiers, hors assurance et caisses de retraite, n.c.a.;6619B - Autres activités auxiliaires de services financiers, hors assurance et caisses de retraite, n.c.a.;6;22341;NC;6;22341;
2024;Maladies professionnelles;K;Activités financières et d'assurance;K - Activités financières et d'assurance;6621Z;Évaluation des risques et dommages;6621Z - Évaluation des risques et dommages;3;15798;NC;3;15798;
2024;Maladies professionnelles;K;Activités financières et d'assurance;K - Activités financières et d'assurance;6622Z;Activités des agents et courtiers d'assurances;6622Z - Activités des agents et courtiers d'assurances;37;84505;NC;37;84505;
2024;Maladies professionnelles;K;Activités financières et d'assurance;K - Activités financières et d'assurance;6629Z;Autres activités auxiliaires d'assurance et de caisses de retraite;6629Z - Autres activités auxiliaires d'assurance et de caisses de retraite;4;8319;NC;4;8319;
2024;Maladies professionnelles;K;Activités financières et d'assurance;K - Activités financières et d'assurance;6630Z;Gestion de fonds;6630Z - Gestion de fonds;12;52914;NC;12;52914;
2024;Maladies professionnelles;K;Activités financières et d'assurance;K - Activités financières et d'assurance;TOUS;Total Activités financières et d'assurance;Total Activités financières et d'assurance;311;814632;NC;311;814632;
2024;Maladies professionnelles;L;Activités immobilières;L - Activités immobilières;6810Z;Activités des marchands de biens immobiliers;6810Z - Activités des marchands de biens immobiliers;4;8732;NC;4;8732;
2024;Maladies professionnelles;L;Activités immobilières;L - Activités immobilières;6820A;Location de logements;6820A - Location de logements;194;87534;NC;194;87534;
2024;Maladies professionnelles;L;Activités immobilières;L - Activités immobilières;6820B;Location de terrains et d'autres biens immobiliers;6820B - Location de terrains et d'autres biens immobiliers;161;66295;NC;161;66295;
2024;Maladies professionnelles;L;Activités immobilières;L - Activités immobilières;6831Z;Agences immobilières;6831Z - Agences immobilières;29;85894;NC;29;85894;
2024;Maladies professionnelles;L;Activités immobilières;L - Activités immobilières;6832A;Administration d'immeubles et autres biens immobiliers;6832A - Administration d'immeubles et autres biens immobiliers;51;48010;NC;51;48010;
2024;Maladies professionnelles;L;Activités immobilières;L - Activités immobilières;6832B;Supports juridiques de gestion de patrimoine immobilier;6832B - Supports juridiques de gestion de patrimoine immobilier;2;1259;NC;2;1259;
2024;Maladies professionnelles;L;Activités immobilières;L - Activités immobilières;TOUS;Total Activités immobilières;Total Activités immobilières;441;297724;NC;441;297724;
2024;Maladies professionnelles;M;Activités spécialisées, scientifiques et techniques;M - Activités spécialisées, scientifiques et techniques;6910Z;Activités juridiques;6910Z - Activités juridiques;27;114105;NC;27;114105;
2024;Maladies professionnelles;M;Activités spécialisées, scientifiques et techniques;M - Activités spécialisées, scientifiques et techniques;6920Z;Activités comptables;6920Z - Activités comptables;34;176198;NC;34;176198;
2024;Maladies professionnelles;M;Activités spécialisées, scientifiques et techniques;M - Activités spécialisées, scientifiques et techniques;7010Z;Activités des sièges sociaux;7010Z - Activités des sièges sociaux;196;231550;NC;196;231550;
2024;Maladies professionnelles;M;Activités spécialisées, scientifiques et techniques;M - Activités spécialisées, scientifiques et techniques;7021Z;Conseil en relations publiques et communication;7021Z - Conseil en relations publiques et communication;7;25302;NC;7;25302;
2024;Maladies professionnelles;M;Activités spécialisées, scientifiques et techniques;M - Activités spécialisées, scientifiques et techniques;7022Z;Conseil pour les affaires et autres conseils de gestion;7022Z - Conseil pour les affaires et autres conseils de gestion;50;271905;NC;50;271905;
2024;Maladies professionnelles;M;Activités spécialisées, scientifiques et techniques;M - Activités spécialisées, scientifiques et techniques;7111Z;Activités d'architecture;7111Z - Activités d'architecture;11;43613;NC;11;43613;
2024;Maladies professionnelles;M;Activités spécialisées, scientifiques et techniques;M - Activités spécialisées, scientifiques et techniques;7112A;Activité des géomètres;7112A - Activité des géomètres;3;11541;NC;3;11541;
2024;Maladies professionnelles;M;Activités spécialisées, scientifiques et techniques;M - Activités spécialisées, scientifiques et techniques;7112B;Ingénierie, études techniques;7112B - Ingénierie, études techniques;170;363176;NC;170;363176;
2024;Maladies professionnelles;M;Activités spécialisées, scientifiques et techniques;M - Activités spécialisées, scientifiques et techniques;7120A;Contrôle technique automobile;7120A - Contrôle technique automobile;31;12870;NC;31;12870;
2024;Maladies professionnelles;M;Activités spécialisées, scientifiques et techniques;M - Activités spécialisées, scientifiques et techniques;7120B;Analyses, essais et inspections techniques;7120B - Analyses, essais et inspections techniques;67;74092;NC;67;74092;
2024;Maladies professionnelles;M;Activités spécialisées, scientifiques et techniques;M - Activités spécialisées, scientifiques et techniques;7211Z;Recherche-développement en biotechnologie;7211Z - Recherche-développement en biotechnologie;8;16409;NC;8;16409;
2024;Maladies professionnelles;M;Activités spécialisées, scientifiques et techniques;M - Activités spécialisées, scientifiques et techniques;7219Z;Recherche-développement en autres sciences physiques et naturelles;7219Z - Recherche-développement en autres sciences physiques et naturelles;59;100693;NC;59;100693;
2024;Maladies professionnelles;M;Activités spécialisées, scientifiques et techniques;M - Activités spécialisées, scientifiques et techniques;7220Z;Recherche-développement en sciences humaines et sociales;7220Z - Recherche-développement en sciences humaines et sociales;3;7609;NC;3;7609;
2024;Maladies professionnelles;M;Activités spécialisées, scientifiques et techniques;M - Activités spécialisées, scientifiques et techniques;7311Z;Activités des agences de publicité;7311Z - Activités des agences de publicité;57;69411;NC;57;69411;
2024;Maladies professionnelles;M;Activités spécialisées, scientifiques et techniques;M - Activités spécialisées, scientifiques et techniques;7312Z;Régie publicitaire de médias;7312Z - Régie publicitaire de médias;41;18682;NC;41;18682;
2024;Maladies professionnelles;M;Activités spécialisées, scientifiques et techniques;M - Activités spécialisées, scientifiques et techniques;7320Z;Études de marché et sondages;7320Z - Études de marché et sondages;6;14972;NC;6;14972;
2024;Maladies professionnelles;M;Activités spécialisées, scientifiques et techniques;M - Activités spécialisées, scientifiques et techniques;7410Z;Activités spécialisées de design;7410Z - Activités spécialisées de design;8;16474;NC;8;16474;
2024;Maladies professionnelles;M;Activités spécialisées, scientifiques et techniques;M - Activités spécialisées, scientifiques et techniques;7420Z;Activités photographiques;7420Z - Activités photographiques;5;5898;NC;5;5898;
2024;Maladies professionnelles;M;Activités spécialisées, scientifiques et techniques;M - Activités spécialisées, scientifiques et techniques;7430Z;Traduction et interprétation;7430Z - Traduction et interprétation;0;3165;NC;0;3165;
2024;Maladies professionnelles;M;Activités spécialisées, scientifiques et techniques;M - Activités spécialisées, scientifiques et techniques;7490A;Activité des économistes de la construction;7490A - Activité des économistes de la construction;1;6807;NC;1;6807;
2024;Maladies professionnelles;M;Activités spécialisées, scientifiques et techniques;M - Activités spécialisées, scientifiques et techniques;7490B;Activités spécialisées, scientifiques et techniques diverses;7490B - Activités spécialisées, scientifiques et techniques diverses;23;50030;NC;23;50030;
2024;Maladies professionnelles;M;Activités spécialisées, scientifiques et techniques;M - Activités spécialisées, scientifiques et techniques;7500Z;Activités vétérinaires;7500Z - Activités vétérinaires;34;29251;NC;34;29251;
2024;Maladies professionnelles;M;Activités spécialisées, scientifiques et techniques;M - Activités spécialisées, scientifiques et techniques;TOUS;Total Activités spécialisées, scientifiques et techniques;Total Activités spécialisées, scientifiques et techniques;841;1663753;NC;841;1663753;
2024;Maladies professionnelles;N;Activités de services administratifs et de soutien;N - Activités de services administratifs et de soutien;7711A;Location de courte durée de voitures et de véhicules automobiles légers;7711A - Location de courte durée de voitures et de véhicules automobiles légers;12;16815;NC;12;16815;
2024;Maladies professionnelles;N;Activités de services administratifs et de soutien;N - Activités de services administratifs et de soutien;7711B;Location de longue durée de voitures et de véhicules automobiles légers;7711B - Location de longue durée de voitures et de véhicules automobiles légers;2;5911;NC;2;5911;
2024;Maladies professionnelles;N;Activités de services administratifs et de soutien;N - Activités de services administratifs et de soutien;7712Z;Location et location-bail de camions;7712Z - Location et location-bail de camions;21;6872;NC;21;6872;
2024;Maladies professionnelles;N;Activités de services administratifs et de soutien;N - Activités de services administratifs et de soutien;7721Z;Location et location-bail d'articles de loisirs et de sport;7721Z - Location et location-bail d'articles de loisirs et de sport;5;6231;NC;5;6231;
2024;Maladies professionnelles;N;Activités de services administratifs et de soutien;N - Activités de services administratifs et de soutien;7722Z;Location de vidéocassettes et disques vidéo;7722Z - Location de vidéocassettes et disques vidéo;0;29;NC;0;29;
2024;Maladies professionnelles;N;Activités de services administratifs et de soutien;N - Activités de services administratifs et de soutien;7729Z;Location et location-bail d'autres biens personnels et domestiques;7729Z - Location et location-bail d'autres biens personnels et domestiques;152;36173;NC;152;36173;
2024;Maladies professionnelles;N;Activités de services administratifs et de soutien;N - Activités de services administratifs et de soutien;7731Z;Location et location-bail de machines et équipements agricoles;7731Z - Location et location-bail de machines et équipements agricoles;2;599;NC;2;599;
2024;Maladies professionnelles;N;Activités de services administratifs et de soutien;N - Activités de services administratifs et de soutien;7732Z;Location et location-bail de machines et équipements pour la construction;7732Z - Location et location-bail de machines et équipements pour la construction;56;23739;NC;56;23739;
2024;Maladies professionnelles;N;Activités de services administratifs et de soutien;N - Activités de services administratifs et de soutien;7733Z;Location et location-bail de machines de bureau et de matériel informatique;7733Z - Location et location-bail de machines de bureau et de matériel informatique;1;3282;NC;1;3282;
2024;Maladies professionnelles;N;Activités de services administratifs et de soutien;N - Activités de services administratifs et de soutien;7734Z;Location et location-bail de matériels de transport par eau;7734Z - Location et location-bail de matériels de transport par eau;0;130;NC;0;130;
2024;Maladies professionnelles;N;Activités de services administratifs et de soutien;N - Activités de services administratifs et de soutien;7735Z;Location et location-bail de matériels de transport aérien;7735Z - Location et location-bail de matériels de transport aérien;1;194;NC;1;194;
2024;Maladies professionnelles;N;Activités de services administratifs et de soutien;N - Activités de services administratifs et de soutien;7739Z;Location et location-bail d'autres machines, équipements et biens matériels n.c.a.;7739Z - Location et location-bail d'autres machines, équipements et biens matériels n.c.a.;32;15783;NC;32;15783;
2024;Maladies professionnelles;N;Activités de services administratifs et de soutien;N - Activités de services administratifs et de soutien;7740Z;Location-bail de propriété intellectuelle et de produits similaires, à l'exception des œuvres soumises à copyright;7740Z - Location-bail de propriété intellectuelle et de produits similaires, à l'exception des œuvres soumises à copyright;3;3831;NC;3;3831;
2024;Maladies professionnelles;N;Activités de services administratifs et de soutien;N - Activités de services administratifs et de soutien;7810Z;Activités des agences de placement de main-d'œuvre;7810Z - Activités des agences de placement de main-d'œuvre;11;12110;NC;11;12110;
2024;Maladies professionnelles;N;Activités de services administratifs et de soutien;N - Activités de services administratifs et de soutien;7820Z;Activités des agences de travail temporaire;7820Z - Activités des agences de travail temporaire;1147;778256;NC;1147;778256;
2024;Maladies professionnelles;N;Activités de services administratifs et de soutien;N - Activités de services administratifs et de soutien;7830Z;Autre mise à disposition de ressources humaines;7830Z - Autre mise à disposition de ressources humaines;85;54226;NC;85;54226;
2024;Maladies professionnelles;N;Activités de services administratifs et de soutien;N - Activités de services administratifs et de soutien;7911Z;Activités des agences de voyage;7911Z - Activités des agences de voyage;12;24690;NC;12;24690;
2024;Maladies professionnelles;N;Activités de services administratifs et de soutien;N - Activités de services administratifs et de soutien;7912Z;Activités des voyagistes;7912Z - Activités des voyagistes;2;5426;NC;2;5426;
2024;Maladies professionnelles;N;Activités de services administratifs et de soutien;N - Activités de services administratifs et de soutien;7990Z;Autres services de réservation et activités connexes;7990Z - Autres services de réservation et activités connexes;5;15735;NC;5;15735;
2024;Maladies professionnelles;N;Activités de services administratifs et de soutien;N - Activités de services administratifs et de soutien;8010Z;Activités de sécurité privée;8010Z - Activités de sécurité privée;77;186131;NC;77;186131;
2024;Maladies professionnelles;N;Activités de services administratifs et de soutien;N - Activités de services administratifs et de soutien;8020Z;Activités liées aux systèmes de sécurité;8020Z - Activités liées aux systèmes de sécurité;6;24793;NC;6;24793;
2024;Maladies professionnelles;N;Activités de services administratifs et de soutien;N - Activités de services administratifs et de soutien;8030Z;Activités d'enquête;8030Z - Activités d'enquête;0;1116;NC;0;1116;
2024;Maladies professionnelles;N;Activités de services administratifs et de soutien;N - Activités de services administratifs et de soutien;8110Z;Activités combinées de soutien lié aux bâtiments;8110Z - Activités combinées de soutien lié aux bâtiments;120;52362;NC;120;52362;
2024;Maladies professionnelles;N;Activités de services administratifs et de soutien;N - Activités de services administratifs et de soutien;8121Z;Nettoyage courant des bâtiments;8121Z - Nettoyage courant des bâtiments;1336;283100;NC;1336;283100;
2024;Maladies professionnelles;N;Activités de services administratifs et de soutien;N - Activités de services administratifs et de soutien;8122Z;Autres activités de nettoyage des bâtiments et nettoyage industriel;8122Z - Autres activités de nettoyage des bâtiments et nettoyage industriel;384;84707;NC;384;84707;
2024;Maladies professionnelles;N;Activités de services administratifs et de soutien;N - Activités de services administratifs et de soutien;8129A;Désinfection, désinsectisation, dératisation;8129A - Désinfection, désinsectisation, dératisation;10;9042;NC;10;9042;
2024;Maladies professionnelles;N;Activités de services administratifs et de soutien;N - Activités de services administratifs et de soutien;8129B;Autres activités de nettoyage n.c.a.;8129B - Autres activités de nettoyage n.c.a.;35;8670;NC;35;8670;
2024;Maladies professionnelles;N;Activités de services administratifs et de soutien;N - Activités de services administratifs et de soutien;8130Z;Services d'aménagement paysager;8130Z - Services d'aménagement paysager;19;5808;NC;19;5808;
2024;Maladies professionnelles;N;Activités de services administratifs et de soutien;N - Activités de services administratifs et de soutien;8211Z;Services administratifs combinés de bureau;8211Z - Services administratifs combinés de bureau;38;68344;NC;38;68344;
2024;Maladies professionnelles;N;Activités de services administratifs et de soutien;N - Activités de services administratifs et de soutien;8219Z;Photocopie, préparation de documents et autres activités spécialisées de soutien de bureau;8219Z - Photocopie, préparation de documents et autres activités spécialisées de soutien de bureau;81;31521;NC;81;31521;
2024;Maladies professionnelles;N;Activités de services administratifs et de soutien;N - Activités de services administratifs et de soutien;8220Z;Activités de centres d'appels;8220Z - Activités de centres d'appels;37;48646;NC;37;48646;
2024;Maladies professionnelles;N;Activités de services administratifs et de soutien;N - Activités de services administratifs et de soutien;8230Z;Organisation de foires, salons professionnels et congrès;8230Z - Organisation de foires, salons professionnels et congrès;10;23546;NC;10;23546;
2024;Maladies professionnelles;N;Activités de services administratifs et de soutien;N - Activités de services administratifs et de soutien;8291Z;Activités des agences de recouvrement de factures et des sociétés d'information financière sur la clientèle;8291Z - Activités des agences de recouvrement de factures et des sociétés d'information financière sur la clientèle;5;5111;NC;5;5111;
2024;Maladies professionnelles;N;Activités de services administratifs et de soutien;N - Activités de services administratifs et de soutien;8292Z;Activités de conditionnement;8292Z - Activités de conditionnement;130;20761;NC;130;20761;
2024;Maladies professionnelles;N;Activités de services administratifs et de soutien;N - Activités de services administratifs et de soutien;8299Z;Autres activités de soutien aux entreprises n.c.a.;8299Z - Autres activités de soutien aux entreprises n.c.a.;121;134948;NC;121;134948;
2024;Maladies professionnelles;N;Activités de services administratifs et de soutien;N - Activités de services administratifs et de soutien;TOUS;Total Activités de services administratifs et de soutien;Total Activités de services administratifs et de soutien;3958;1998638;NC;3958;1998638;
2024;Maladies professionnelles;O;Administration publique;O - Administration publique;8411Z;Administration publique générale;8411Z - Administration publique générale;602;628861;NC;602;628861;
2024;Maladies professionnelles;O;Administration publique;O - Administration publique;8412Z;Administration publique (tutelle) de la santé, de la formation, de la culture et des services sociaux, autre que sécurité sociale;8412Z - Administration publique (tutelle) de la santé, de la formation, de la culture et des services sociaux, autre que sécurité sociale;40;177314;NC;40;177314;
2024;Maladies professionnelles;O;Administration publique;O - Administration publique;8413Z;Administration publique (tutelle) des activités économiques;8413Z - Administration publique (tutelle) des activités économiques;40;84171;NC;40;84171;
2024;Maladies professionnelles;O;Administration publique;O - Administration publique;8421Z;Affaires étrangères;8421Z - Affaires étrangères;NS;NS;NC;;;
2024;Maladies professionnelles;O;Administration publique;O - Administration publique;8422Z;Défense;8422Z - Défense;NS;NS;NC;;;
2024;Maladies professionnelles;O;Administration publique;O - Administration publique;8423Z;Justice;8423Z - Justice;4;26666;NC;4;26666;
2024;Maladies professionnelles;O;Administration publique;O - Administration publique;8424Z;Activités d'ordre public et de sécurité;8424Z - Activités d'ordre public et de sécurité;2;5884;NC;2;5884;
2024;Maladies professionnelles;O;Administration publique;O - Administration publique;8425Z;Services du feu et de secours;8425Z - Services du feu et de secours;1;2571;NC;1;2571;
2024;Maladies professionnelles;O;Administration publique;O - Administration publique;8430A;Activités générales de sécurité sociale;8430A - Activités générales de sécurité sociale;122;105285;NC;122;105285;
2024;Maladies professionnelles;O;Administration publique;O - Administration publique;8430B;Gestion des retraites complémentaires;8430B - Gestion des retraites complémentaires;9;12014;NC;9;12014;
2024;Maladies professionnelles;O;Administration publique;O - Administration publique;8430C;Distribution sociale de revenus;8430C - Distribution sociale de revenus;19;33150;NC;19;33150;
2024;Maladies professionnelles;O;Administration publique;O - Administration publique;TOUS;Total Administration publique;Total Administration publique;839;1077354;NC;839;1077354;
2024;Maladies professionnelles;P;Enseignement;P - Enseignement;8510Z;Enseignement pré-primaire;8510Z - Enseignement pré-primaire;3;3381;NC;3;3381;
2024;Maladies professionnelles;P;Enseignement;P - Enseignement;8520Z;Enseignement primaire;8520Z - Enseignement primaire;47;23923;NC;47;23923;
2024;Maladies professionnelles;P;Enseignement;P - Enseignement;8531Z;Enseignement secondaire général;8531Z - Enseignement secondaire général;92;94520;NC;92;94520;
2024;Maladies professionnelles;P;Enseignement;P - Enseignement;8532Z;Enseignement secondaire technique ou professionnel;8532Z - Enseignement secondaire technique ou professionnel;35;45038;NC;35;45038;
2024;Maladies professionnelles;P;Enseignement;P - Enseignement;8541Z;Enseignement post-secondaire non supérieur;8541Z - Enseignement post-secondaire non supérieur;0;476;NC;0;476;
2024;Maladies professionnelles;P;Enseignement;P - Enseignement;8542Z;Enseignement supérieur;8542Z - Enseignement supérieur;30;169519;NC;30;169519;
2024;Maladies professionnelles;P;Enseignement;P - Enseignement;8551Z;Enseignement de disciplines sportives et d'activités de loisirs;8551Z - Enseignement de disciplines sportives et d'activités de loisirs;7;11086;NC;7;11086;
2024;Maladies professionnelles;P;Enseignement;P - Enseignement;8552Z;Enseignement culturel;8552Z - Enseignement culturel;5;10610;NC;5;10610;
2024;Maladies professionnelles;P;Enseignement;P - Enseignement;8553Z;Enseignement de la conduite;8553Z - Enseignement de la conduite;10;28021;NC;10;28021;
2024;Maladies professionnelles;P;Enseignement;P - Enseignement;8559A;Formation continue d'adultes;8559A - Formation continue d'adultes;65;116630;NC;65;116630;
2024;Maladies professionnelles;P;Enseignement;P - Enseignement;8559B;Autres enseignements;8559B - Autres enseignements;23;40891;NC;23;40891;
2024;Maladies professionnelles;P;Enseignement;P - Enseignement;8560Z;Activités de soutien à l'enseignement;8560Z - Activités de soutien à l'enseignement;0;2989;NC;0;2989;
2024;Maladies professionnelles;P;Enseignement;P - Enseignement;TOUS;Total Enseignement;Total Enseignement;317;547084;NC;317;547084;
2024;Maladies professionnelles;Q;Santé humaine et action sociale;Q - Santé humaine et action sociale;8610Z;Activités hospitalières;8610Z - Activités hospitalières;1288;719832;NC;1288;719832;
2024;Maladies professionnelles;Q;Santé humaine et action sociale;Q - Santé humaine et action sociale;8621Z;Activité des médecins généralistes;8621Z - Activité des médecins généralistes;72;54223;NC;72;54223;
2024;Maladies professionnelles;Q;Santé humaine et action sociale;Q - Santé humaine et action sociale;8622A;Activités de radiodiagnostic et de radiothérapie;8622A - Activités de radiodiagnostic et de radiothérapie;10;7975;NC;10;7975;
2024;Maladies professionnelles;Q;Santé humaine et action sociale;Q - Santé humaine et action sociale;8622B;Activités chirurgicales;8622B - Activités chirurgicales;2;3579;NC;2;3579;
2024;Maladies professionnelles;Q;Santé humaine et action sociale;Q - Santé humaine et action sociale;8622C;Autres activités des médecins spécialistes;8622C - Autres activités des médecins spécialistes;22;24414;NC;22;24414;
2024;Maladies professionnelles;Q;Santé humaine et action sociale;Q - Santé humaine et action sociale;8623Z;Pratique dentaire;8623Z - Pratique dentaire;75;55226;NC;75;55226;
2024;Maladies professionnelles;Q;Santé humaine et action sociale;Q - Santé humaine et action sociale;8690A;Ambulances;8690A - Ambulances;118;66223;NC;118;66223;
2024;Maladies professionnelles;Q;Santé humaine et action sociale;Q - Santé humaine et action sociale;8690B;Laboratoires d'analyses médicales;8690B - Laboratoires d'analyses médicales;71;44109;NC;71;44109;
2024;Maladies professionnelles;Q;Santé humaine et action sociale;Q - Santé humaine et action sociale;8690C;Centres de collecte et banques d'organes;8690C - Centres de collecte et banques d'organes;NS;NS;NC;;;
2024;Maladies professionnelles;Q;Santé humaine et action sociale;Q - Santé humaine et action sociale;8690D;Activités des infirmiers et des sages-femmes;8690D - Activités des infirmiers et des sages-femmes;110;20950;NC;110;20950;
2024;Maladies professionnelles;Q;Santé humaine et action sociale;Q - Santé humaine et action sociale;8690E;Activités des professionnels de la rééducation, de l'appareillage et des pédicures-podologues;8690E - Activités des professionnels de la rééducation, de l'appareillage et des pédicures-podologues;10;8888;NC;10;8888;
2024;Maladies professionnelles;Q;Santé humaine et action sociale;Q - Santé humaine et action sociale;8690F;Activités de santé humaine non classées ailleurs;8690F - Activités de santé humaine non classées ailleurs;1;4682;NC;1;4682;
2024;Maladies professionnelles;Q;Santé humaine et action sociale;Q - Santé humaine et action sociale;8710A;Hébergement médicalisé pour personnes âgées;8710A - Hébergement médicalisé pour personnes âgées;1163;213658;NC;1163;213658;
2024;Maladies professionnelles;Q;Santé humaine et action sociale;Q - Santé humaine et action sociale;8710B;Hébergement médicalisé pour enfants handicapés;8710B - Hébergement médicalisé pour enfants handicapés;137;65342;NC;137;65342;
2024;Maladies professionnelles;Q;Santé humaine et action sociale;Q - Santé humaine et action sociale;8710C;Hébergement médicalisé pour adultes handicapés et autre hébergement médicalisé;8710C - Hébergement médicalisé pour adultes handicapés et autre hébergement médicalisé;210;42646;NC;210;42646;
2024;Maladies professionnelles;Q;Santé humaine et action sociale;Q - Santé humaine et action sociale;8720A;Hébergement social pour handicapés mentaux et malades mentaux;8720A - Hébergement social pour handicapés mentaux et malades mentaux;170;61803;NC;170;61803;
2024;Maladies professionnelles;Q;Santé humaine et action sociale;Q - Santé humaine et action sociale;8720B;Hébergement social pour toxicomanes;8720B - Hébergement social pour toxicomanes;NS;NS;NC;;;
2024;Maladies professionnelles;Q;Santé humaine et action sociale;Q - Santé humaine et action sociale;8730A;Hébergement social pour personnes âgées;8730A - Hébergement social pour personnes âgées;205;37781;NC;205;37781;
2024;Maladies professionnelles;Q;Santé humaine et action sociale;Q - Santé humaine et action sociale;8730B;Hébergement social pour handicapés physiques;8730B - Hébergement social pour handicapés physiques;28;9012;NC;28;9012;
2024;Maladies professionnelles;Q;Santé humaine et action sociale;Q - Santé humaine et action sociale;8790A;Hébergement social pour enfants en difficultés;8790A - Hébergement social pour enfants en difficultés;76;65740;NC;76;65740;
2024;Maladies professionnelles;Q;Santé humaine et action sociale;Q - Santé humaine et action sociale;8790B;Hébergement social pour adultes et familles en difficultés et autre hébergement social;8790B - Hébergement social pour adultes et familles en difficultés et autre hébergement social;45;48922;NC;45;48922;
2024;Maladies professionnelles;Q;Santé humaine et action sociale;Q - Santé humaine et action sociale;8810A;Aide à domicile;8810A - Aide à domicile;1574;213196;NC;1574;213196;
2024;Maladies professionnelles;Q;Santé humaine et action sociale;Q - Santé humaine et action sociale;8810B;Accueil ou accompagnement sans hébergement d'adultes handicapés ou de personnes âgées;8810B - Accueil ou accompagnement sans hébergement d'adultes handicapés ou de personnes âgées;25;14113;NC;25;14113;
2024;Maladies professionnelles;Q;Santé humaine et action sociale;Q - Santé humaine et action sociale;8810C;Aide par le travail;8810C - Aide par le travail;208;140107;NC;208;140107;
2024;Maladies professionnelles;Q;Santé humaine et action sociale;Q - Santé humaine et action sociale;8891A;Accueil de jeunes enfants;8891A - Accueil de jeunes enfants;213;106865;NC;213;106865;
2024;Maladies professionnelles;Q;Santé humaine et action sociale;Q - Santé humaine et action sociale;8891B;Accueil ou accompagnement sans hébergement d'enfants handicapés;8891B - Accueil ou accompagnement sans hébergement d'enfants handicapés;43;22719;NC;43;22719;
2024;Maladies professionnelles;Q;Santé humaine et action sociale;Q - Santé humaine et action sociale;8899A;Autre accueil ou accompagnement sans hébergement d'enfants et d'adolescents;8899A - Autre accueil ou accompagnement sans hébergement d'enfants et d'adolescents;8;16673;NC;8;16673;
2024;Maladies professionnelles;Q;Santé humaine et action sociale;Q - Santé humaine et action sociale;8899B;Action sociale sans hébergement n.c.a.;8899B - Action sociale sans hébergement n.c.a.;366;196529;NC;366;196529;
2024;Maladies professionnelles;Q;Santé humaine et action sociale;Q - Santé humaine et action sociale;TOUS;Total Santé humaine et action sociale;Total Santé humaine et action sociale;6260;2275911;NC;6260;2275911;
2024;Maladies professionnelles;R;Arts, spectacles et activités récréatives;R - Arts, spectacles et activités récréatives;9001Z;Arts du spectacle vivant;9001Z - Arts du spectacle vivant;33;38518;NC;33;38518;
2024;Maladies professionnelles;R;Arts, spectacles et activités récréatives;R - Arts, spectacles et activités récréatives;9002Z;Activités de soutien au spectacle vivant;9002Z - Activités de soutien au spectacle vivant;11;15267;NC;11;15267;
2024;Maladies professionnelles;R;Arts, spectacles et activités récréatives;R - Arts, spectacles et activités récréatives;9003A;Création artistique relevant des arts plastiques;9003A - Création artistique relevant des arts plastiques;3;1657;NC;3;1657;
2024;Maladies professionnelles;R;Arts, spectacles et activités récréatives;R - Arts, spectacles et activités récréatives;9003B;Autre création artistique;9003B - Autre création artistique;0;1379;NC;0;1379;
2024;Maladies professionnelles;R;Arts, spectacles et activités récréatives;R - Arts, spectacles et activités récréatives;9004Z;Gestion de salles de spectacles;9004Z - Gestion de salles de spectacles;6;10705;NC;6;10705;
2024;Maladies professionnelles;R;Arts, spectacles et activités récréatives;R - Arts, spectacles et activités récréatives;9101Z;Gestion des bibliothèques et des archives;9101Z - Gestion des bibliothèques et des archives;1;1723;NC;1;1723;
2024;Maladies professionnelles;R;Arts, spectacles et activités récréatives;R - Arts, spectacles et activités récréatives;9102Z;Gestion des musées;9102Z - Gestion des musées;6;6112;NC;6;6112;
2024;Maladies professionnelles;R;Arts, spectacles et activités récréatives;R - Arts, spectacles et activités récréatives;9103Z;Gestion des sites et monuments historiques et des attractions touristiques similaires;9103Z - Gestion des sites et monuments historiques et des attractions touristiques similaires;11;12581;NC;11;12581;
2024;Maladies professionnelles;R;Arts, spectacles et activités récréatives;R - Arts, spectacles et activités récréatives;9104Z;Gestion des jardins botaniques et zoologiques et des réserves naturelles;9104Z - Gestion des jardins botaniques et zoologiques et des réserves naturelles;3;3792;NC;3;3792;
2024;Maladies professionnelles;R;Arts, spectacles et activités récréatives;R - Arts, spectacles et activités récréatives;9200Z;Organisation de jeux de hasard et d'argent;9200Z - Organisation de jeux de hasard et d'argent;26;17121;NC;26;17121;
2024;Maladies professionnelles;R;Arts, spectacles et activités récréatives;R - Arts, spectacles et activités récréatives;9311Z;Gestion d'installations sportives;9311Z - Gestion d'installations sportives;18;21498;NC;18;21498;
2024;Maladies professionnelles;R;Arts, spectacles et activités récréatives;R - Arts, spectacles et activités récréatives;9312Z;Activités de clubs de sports;9312Z - Activités de clubs de sports;34;83748;NC;34;83748;
2024;Maladies professionnelles;R;Arts, spectacles et activités récréatives;R - Arts, spectacles et activités récréatives;9313Z;Activités des centres de culture physique;9313Z - Activités des centres de culture physique;4;11248;NC;4;11248;
2024;Maladies professionnelles;R;Arts, spectacles et activités récréatives;R - Arts, spectacles et activités récréatives;9319Z;Autres activités liées au sport;9319Z - Autres activités liées au sport;2;17399;NC;2;17399;
2024;Maladies professionnelles;R;Arts, spectacles et activités récréatives;R - Arts, spectacles et activités récréatives;9321Z;Activités des parcs d'attractions et parcs à thèmes;9321Z - Activités des parcs d'attractions et parcs à thèmes;33;28784;NC;33;28784;
2024;Maladies professionnelles;R;Arts, spectacles et activités récréatives;R - Arts, spectacles et activités récréatives;9329Z;Autres activités récréatives et de loisirs;9329Z - Autres activités récréatives et de loisirs;29;41167;NC;29;41167;
2024;Maladies professionnelles;R;Arts, spectacles et activités récréatives;R - Arts, spectacles et activités récréatives;TOUS;Total Arts, spectacles et activités récréatives;Total Arts, spectacles et activités récréatives;220;312699;NC;220;312699;
2024;Maladies professionnelles;S;Autres activités de services;S - Autres activités de services;9411Z;Activités des organisations patronales et consulaires;9411Z - Activités des organisations patronales et consulaires;11;27939;NC;11;27939;
2024;Maladies professionnelles;S;Autres activités de services;S - Autres activités de services;9412Z;Activités des organisations professionnelles;9412Z - Activités des organisations professionnelles;4;12266;NC;4;12266;
2024;Maladies professionnelles;S;Autres activités de services;S - Autres activités de services;9420Z;Activités des syndicats de salariés;9420Z - Activités des syndicats de salariés;17;7806;NC;17;7806;
2024;Maladies professionnelles;S;Autres activités de services;S - Autres activités de services;9491Z;Activités des organisations religieuses;9491Z - Activités des organisations religieuses;22;11765;NC;22;11765;
2024;Maladies professionnelles;S;Autres activités de services;S - Autres activités de services;9492Z;Activités des organisations politiques;9492Z - Activités des organisations politiques;1;695;NC;1;695;
2024;Maladies professionnelles;S;Autres activités de services;S - Autres activités de services;9499Z;Autres organisations fonctionnant par adhésion volontaire;9499Z - Autres organisations fonctionnant par adhésion volontaire;138;167945;NC;138;167945;
2024;Maladies professionnelles;S;Autres activités de services;S - Autres activités de services;9511Z;Réparation d'ordinateurs et d'équipements périphériques;9511Z - Réparation d'ordinateurs et d'équipements périphériques;15;9451;NC;15;9451;
2024;Maladies professionnelles;S;Autres activités de services;S - Autres activités de services;9512Z;Réparation d'équipements de communication;9512Z - Réparation d'équipements de communication;8;5208;NC;8;5208;
2024;Maladies professionnelles;S;Autres activités de services;S - Autres activités de services;9521Z;Réparation de produits électroniques grand public;9521Z - Réparation de produits électroniques grand public;19;2804;NC;19;2804;
2024;Maladies professionnelles;S;Autres activités de services;S - Autres activités de services;9522Z;Réparation d'appareils électroménagers et d'équipements pour la maison et le jardin;9522Z - Réparation d'appareils électroménagers et d'équipements pour la maison et le jardin;12;5851;NC;12;5851;
2024;Maladies professionnelles;S;Autres activités de services;S - Autres activités de services;9523Z;Réparation de chaussures et d'articles en cuir;9523Z - Réparation de chaussures et d'articles en cuir;3;1678;NC;3;1678;
2024;Maladies professionnelles;S;Autres activités de services;S - Autres activités de services;9524Z;Réparation de meubles et d'équipements du foyer;9524Z - Réparation de meubles et d'équipements du foyer;5;850;NC;5;850;
2024;Maladies professionnelles;S;Autres activités de services;S - Autres activités de services;9525Z;Réparation d'articles d'horlogerie et de bijouterie;9525Z - Réparation d'articles d'horlogerie et de bijouterie;7;1008;NC;7;1008;
2024;Maladies professionnelles;S;Autres activités de services;S - Autres activités de services;9529Z;Réparation d'autres biens personnels et domestiques;9529Z - Réparation d'autres biens personnels et domestiques;10;4830;NC;10;4830;
2024;Maladies professionnelles;S;Autres activités de services;S - Autres activités de services;9601A;Blanchisserie-teinturerie de gros;9601A - Blanchisserie-teinturerie de gros;90;12450;NC;90;12450;
2024;Maladies professionnelles;S;Autres activités de services;S - Autres activités de services;9601B;Blanchisserie-teinturerie de détail;9601B - Blanchisserie-teinturerie de détail;65;9611;NC;65;9611;
2024;Maladies professionnelles;S;Autres activités de services;S - Autres activités de services;9602A;Coiffure;9602A - Coiffure;689;101219;NC;689;101219;
2024;Maladies professionnelles;S;Autres activités de services;S - Autres activités de services;9602B;Soins de beauté;9602B - Soins de beauté;73;33009;NC;73;33009;
2024;Maladies professionnelles;S;Autres activités de services;S - Autres activités de services;9603Z;Services funéraires;9603Z - Services funéraires;48;22814;NC;48;22814;
2024;Maladies professionnelles;S;Autres activités de services;S - Autres activités de services;9604Z;Entretien corporel;9604Z - Entretien corporel;34;13614;NC;34;13614;
2024;Maladies professionnelles;S;Autres activités de services;S - Autres activités de services;9609Z;Autres services personnels n.c.a.;9609Z - Autres services personnels n.c.a.;115;30479;NC;115;30479;
2024;Maladies professionnelles;S;Autres activités de services;S - Autres activités de services;TOUS;Total Autres activités de services;Total Autres activités de services;1386;483292;NC;1386;483292;
2024;Maladies professionnelles;T;"Activités des ménages en tant qu'employeurs ; activités indifférenciées des ménages en tant que producteurs de biens et services pour usage propre";"T - Activités des ménages en tant qu'employeurs ; activités indifférenciées des ménages en tant que producteurs de biens et services pour usage propre";9700Z;Activités des ménages en tant qu'employeurs de personnel domestique;9700Z - Activités des ménages en tant qu'employeurs de personnel domestique;0;3;NC;0;3;
2024;Maladies professionnelles;T;"Activités des ménages en tant qu'employeurs ; activités indifférenciées des ménages en tant que producteurs de biens et services pour usage propre";"T - Activités des ménages en tant qu'employeurs ; activités indifférenciées des ménages en tant que producteurs de biens et services pour usage propre";9810Z;Activités indifférenciées des ménages en tant que producteurs de biens pour usage propre;9810Z - Activités indifférenciées des ménages en tant que producteurs de biens pour usage propre;NS;NS;NC;;;
2024;Maladies professionnelles;T;"Activités des ménages en tant qu'employeurs ; activités indifférenciées des ménages en tant que producteurs de biens et services pour usage propre";"T - Activités des ménages en tant qu'employeurs ; activités indifférenciées des ménages en tant que producteurs de biens et services pour usage propre";9820Z;Activités indifférenciées des ménages en tant que producteurs de services pour usage propre;9820Z - Activités indifférenciées des ménages en tant que producteurs de services pour usage propre;NS;NS;NC;;;
2024;Maladies professionnelles;T;"Activités des ménages en tant qu'employeurs ; activités indifférenciées des ménages en tant que producteurs de biens et services pour usage propre";"T - Activités des ménages en tant qu'employeurs ; activités indifférenciées des ménages en tant que producteurs de biens et services pour usage propre";TOUS;"Total Activités des ménages en tant qu'employeurs ; activités indifférenciées des ménages en tant que producteurs de biens et services pour usage propre";"Total Activités des ménages en tant qu'employeurs ; activités indifférenciées des ménages en tant que producteurs de biens et services pour usage propre";0;9;NC;0;9;
2024;Maladies professionnelles;TOUS;Tous secteurs confondus;Tous secteurs confondus;TOUS;Tous secteurs confondus;Tous secteurs confondus;50598;20799568;NC;50598;20799568;
2024;Maladies professionnelles;U;Activités extra-territoriales;U - Activités extra-territoriales;9900Z;Activités des organisations et organismes extraterritoriaux;9900Z - Activités des organisations et organismes extraterritoriaux;10;7188;NC;10;7188;
2024;Maladies professionnelles;U;Activités extra-territoriales;U - Activités extra-territoriales;TOUS;Total Activités extra-territoriales;Total Activités extra-territoriales;10;7188;NC;10;7188;
2024;Maladies professionnelles;x;Valeur manquante;x - Valeur manquante;TOUS;Total Valeur manquante;Total Valeur manquante;2808;774;NC;2808;774;
2024;Maladies professionnelles;x;Valeur manquante;x - Valeur manquante;xxxxx;Valeur manquante;xxxxx - Valeur manquante;2808;774;NC;2808;774;
2024;Tous risques confondus;A;Agriculture, sylviculture et pêche;A - Agriculture, sylviculture et pêche;0111Z;Culture de céréales (à l'exception du riz), de légumineuses et de graines oléagineuses;0111Z - Culture de céréales (à l'exception du riz), de légumineuses et de graines oléagineuses;19;434;NC;19;434;
2024;Tous risques confondus;A;Agriculture, sylviculture et pêche;A - Agriculture, sylviculture et pêche;0112Z;Culture du riz;0112Z - Culture du riz;0;15;NC;0;15;
2024;Tous risques confondus;A;Agriculture, sylviculture et pêche;A - Agriculture, sylviculture et pêche;0113Z;Culture de légumes, de melons, de racines et de tubercules;0113Z - Culture de légumes, de melons, de racines et de tubercules;34;1300;NC;34;1300;
2024;Tous risques confondus;A;Agriculture, sylviculture et pêche;A - Agriculture, sylviculture et pêche;0114Z;Culture de la canne à sucre;0114Z - Culture de la canne à sucre;18;1373;NC;18;1373;
2024;Tous risques confondus;A;Agriculture, sylviculture et pêche;A - Agriculture, sylviculture et pêche;0115Z;Culture du tabac;0115Z - Culture du tabac;0;7;NC;0;7;
2024;Tous risques confondus;A;Agriculture, sylviculture et pêche;A - Agriculture, sylviculture et pêche;0116Z;Culture de plantes à fibres;0116Z - Culture de plantes à fibres;NS;NS;NC;;;
2024;Tous risques confondus;A;Agriculture, sylviculture et pêche;A - Agriculture, sylviculture et pêche;0119Z;Autres cultures non permanentes;0119Z - Autres cultures non permanentes;1;86;NC;1;86;
2024;Tous risques confondus;A;Agriculture, sylviculture et pêche;A - Agriculture, sylviculture et pêche;0121Z;Culture de la vigne;0121Z - Culture de la vigne;7;183;NC;7;183;
2024;Tous risques confondus;A;Agriculture, sylviculture et pêche;A - Agriculture, sylviculture et pêche;0122Z;Culture de fruits tropicaux et subtropicaux;0122Z - Culture de fruits tropicaux et subtropicaux;239;3576;NC;239;3576;
2024;Tous risques confondus;A;Agriculture, sylviculture et pêche;A - Agriculture, sylviculture et pêche;0123Z;Culture d'agrumes;0123Z - Culture d'agrumes;0;6;NC;0;6;
2024;Tous risques confondus;A;Agriculture, sylviculture et pêche;A - Agriculture, sylviculture et pêche;0124Z;Culture de fruits à pépins et à noyau;0124Z - Culture de fruits à pépins et à noyau;19;399;NC;19;399;
2024;Tous risques confondus;A;Agriculture, sylviculture et pêche;A - Agriculture, sylviculture et pêche;0125Z;Culture d'autres fruits d'arbres ou d'arbustes et de fruits à coque;0125Z - Culture d'autres fruits d'arbres ou d'arbustes et de fruits à coque;0;15;NC;0;15;
2024;Tous risques confondus;A;Agriculture, sylviculture et pêche;A - Agriculture, sylviculture et pêche;0126Z;Culture de fruits oléagineux;0126Z - Culture de fruits oléagineux;NS;NS;NC;;;
2024;Tous risques confondus;A;Agriculture, sylviculture et pêche;A - Agriculture, sylviculture et pêche;0127Z;Culture de plantes à boissons;0127Z - Culture de plantes à boissons;NS;NS;NC;;;
2024;Tous risques confondus;A;Agriculture, sylviculture et pêche;A - Agriculture, sylviculture et pêche;0128Z;Culture de plantes à épices, aromatiques, médicinales et pharmaceutiques;0128Z - Culture de plantes à épices, aromatiques, médicinales et pharmaceutiques;1;73;NC;1;73;
2024;Tous risques confondus;A;Agriculture, sylviculture et pêche;A - Agriculture, sylviculture et pêche;0129Z;Autres cultures permanentes;0129Z - Autres cultures permanentes;0;14;NC;0;14;
2024;Tous risques confondus;A;Agriculture, sylviculture et pêche;A - Agriculture, sylviculture et pêche;0130Z;Reproduction de plantes;0130Z - Reproduction de plantes;17;524;NC;17;524;
2024;Tous risques confondus;A;Agriculture, sylviculture et pêche;A - Agriculture, sylviculture et pêche;0141Z;Élevage de vaches laitières;0141Z - Élevage de vaches laitières;0;28;NC;0;28;
2024;Tous risques confondus;A;Agriculture, sylviculture et pêche;A - Agriculture, sylviculture et pêche;0142Z;Élevage d'autres bovins et de buffles;0142Z - Élevage d'autres bovins et de buffles;6;235;NC;6;235;
2024;Tous risques confondus;A;Agriculture, sylviculture et pêche;A - Agriculture, sylviculture et pêche;0143Z;Élevage de chevaux et d'autres équidés;0143Z - Élevage de chevaux et d'autres équidés;2;77;NC;2;77;
2024;Tous risques confondus;A;Agriculture, sylviculture et pêche;A - Agriculture, sylviculture et pêche;0144Z;Élevage de chameaux et d'autres camélidés;0144Z - Élevage de chameaux et d'autres camélidés;0;0;NC;0;0;
2024;Tous risques confondus;A;Agriculture, sylviculture et pêche;A - Agriculture, sylviculture et pêche;0145Z;Élevage d'ovins et de caprins;0145Z - Élevage d'ovins et de caprins;0;24;NC;0;24;
2024;Tous risques confondus;A;Agriculture, sylviculture et pêche;A - Agriculture, sylviculture et pêche;0146Z;Élevage de porcins;0146Z - Élevage de porcins;3;114;NC;3;114;
2024;Tous risques confondus;A;Agriculture, sylviculture et pêche;A - Agriculture, sylviculture et pêche;0147Z;Élevage de volailles;0147Z - Élevage de volailles;22;419;NC;22;419;
2024;Tous risques confondus;A;Agriculture, sylviculture et pêche;A - Agriculture, sylviculture et pêche;0149Z;Élevage d'autres animaux;0149Z - Élevage d'autres animaux;2;97;NC;2;97;
2024;Tous risques confondus;A;Agriculture, sylviculture et pêche;A - Agriculture, sylviculture et pêche;0150Z;Culture et élevage associés;0150Z - Culture et élevage associés;7;559;NC;7;559;
2024;Tous risques confondus;A;Agriculture, sylviculture et pêche;A - Agriculture, sylviculture et pêche;0161Z;Activités de soutien aux cultures;0161Z - Activités de soutien aux cultures;18;663;NC;18;663;
2024;Tous risques confondus;A;Agriculture, sylviculture et pêche;A - Agriculture, sylviculture et pêche;0162Z;Activités de soutien à la production animale;0162Z - Activités de soutien à la production animale;28;748;NC;28;748;
2024;Tous risques confondus;A;Agriculture, sylviculture et pêche;A - Agriculture, sylviculture et pêche;0163Z;Traitement primaire des récoltes;0163Z - Traitement primaire des récoltes;0;6;NC;0;6;
2024;Tous risques confondus;A;Agriculture, sylviculture et pêche;A - Agriculture, sylviculture et pêche;0164Z;Traitement des semences;0164Z - Traitement des semences;NS;NS;NC;;;
2024;Tous risques confondus;A;Agriculture, sylviculture et pêche;A - Agriculture, sylviculture et pêche;0170Z;Chasse, piégeage et services annexes;0170Z - Chasse, piégeage et services annexes;0;4;NC;0;4;
2024;Tous risques confondus;A;Agriculture, sylviculture et pêche;A - Agriculture, sylviculture et pêche;0210Z;Sylviculture et autres activités forestières;0210Z - Sylviculture et autres activités forestières;2;81;NC;2;81;
2024;Tous risques confondus;A;Agriculture, sylviculture et pêche;A - Agriculture, sylviculture et pêche;0220Z;Exploitation forestière;0220Z - Exploitation forestière;33;1023;NC;33;1023;
2024;Tous risques confondus;A;Agriculture, sylviculture et pêche;A - Agriculture, sylviculture et pêche;0230Z;Récolte de produits forestiers non ligneux poussant à l'état sauvage;0230Z - Récolte de produits forestiers non ligneux poussant à l'état sauvage;0;2;NC;0;2;
2024;Tous risques confondus;A;Agriculture, sylviculture et pêche;A - Agriculture, sylviculture et pêche;0240Z;Services de soutien à l'exploitation forestière;0240Z - Services de soutien à l'exploitation forestière;NS;NS;NC;;;
2024;Tous risques confondus;A;Agriculture, sylviculture et pêche;A - Agriculture, sylviculture et pêche;0311Z;Pêche en mer;0311Z - Pêche en mer;16;1249;NC;16;1249;
2024;Tous risques confondus;A;Agriculture, sylviculture et pêche;A - Agriculture, sylviculture et pêche;0312Z;Pêche en eau douce;0312Z - Pêche en eau douce;0;4;NC;0;4;
2024;Tous risques confondus;A;Agriculture, sylviculture et pêche;A - Agriculture, sylviculture et pêche;0321Z;Aquaculture en mer;0321Z - Aquaculture en mer;10;123;NC;10;123;
2024;Tous risques confondus;A;Agriculture, sylviculture et pêche;A - Agriculture, sylviculture et pêche;0322Z;Aquaculture en eau douce;0322Z - Aquaculture en eau douce;1;37;NC;1;37;
2024;Tous risques confondus;A;Agriculture, sylviculture et pêche;A - Agriculture, sylviculture et pêche;TOUS;Total Agriculture, sylviculture et pêche;Total Agriculture, sylviculture et pêche;532;16062;NC;532;16062;
2024;Tous risques confondus;B;Industries extractives;B - Industries extractives;0510Z;Extraction de houille;0510Z - Extraction de houille;NS;NS;NC;;;
2024;Tous risques confondus;B;Industries extractives;B - Industries extractives;0520Z;Extraction de lignite;0520Z - Extraction de lignite;0;0;NC;0;0;
2024;Tous risques confondus;B;Industries extractives;B - Industries extractives;0610Z;Extraction de pétrole brut;0610Z - Extraction de pétrole brut;3;205;NC;3;205;
2024;Tous risques confondus;B;Industries extractives;B - Industries extractives;0620Z;Extraction de gaz naturel;0620Z - Extraction de gaz naturel;NS;NS;NC;;;
2024;Tous risques confondus;B;Industries extractives;B - Industries extractives;0710Z;Extraction de minerais de fer;0710Z - Extraction de minerais de fer;NS;NS;NC;;;
2024;Tous risques confondus;B;Industries extractives;B - Industries extractives;0721Z;Extraction de minerais d'uranium et de thorium;0721Z - Extraction de minerais d'uranium et de thorium;0;0;NC;0;0;
2024;Tous risques confondus;B;Industries extractives;B - Industries extractives;0729Z;Extraction d'autres minerais de métaux non ferreux;0729Z - Extraction d'autres minerais de métaux non ferreux;4;484;NC;4;484;
2024;Tous risques confondus;B;Industries extractives;B - Industries extractives;0811Z;Extraction de pierres ornementales et de construction, de calcaire industriel, de gypse, de craie et d'ardoise;0811Z - Extraction de pierres ornementales et de construction, de calcaire industriel, de gypse, de craie et d'ardoise;191;3258;NC;191;3258;
2024;Tous risques confondus;B;Industries extractives;B - Industries extractives;0812Z;Exploitation de gravières et sablières, extraction d'argiles et de kaolin;0812Z - Exploitation de gravières et sablières, extraction d'argiles et de kaolin;436;14028;NC;436;14028;
2024;Tous risques confondus;B;Industries extractives;B - Industries extractives;0891Z;Extraction des minéraux chimiques et d'engrais minéraux;0891Z - Extraction des minéraux chimiques et d'engrais minéraux;3;102;NC;3;102;
2024;Tous risques confondus;B;Industries extractives;B - Industries extractives;0892Z;Extraction de tourbe;0892Z - Extraction de tourbe;19;312;NC;19;312;
2024;Tous risques confondus;B;Industries extractives;B - Industries extractives;0893Z;Production de sel;0893Z - Production de sel;2;150;NC;2;150;
2024;Tous risques confondus;B;Industries extractives;B - Industries extractives;0899Z;Autres activités extractives n.c.a.;0899Z - Autres activités extractives n.c.a.;13;403;NC;13;403;
2024;Tous risques confondus;B;Industries extractives;B - Industries extractives;0910Z;Activités de soutien à l'extraction d'hydrocarbures;0910Z - Activités de soutien à l'extraction d'hydrocarbures;NS;NS;NC;;;
2024;Tous risques confondus;B;Industries extractives;B - Industries extractives;0990Z;Activités de soutien aux autres industries extractives;0990Z - Activités de soutien aux autres industries extractives;11;412;NC;11;412;
2024;Tous risques confondus;B;Industries extractives;B - Industries extractives;TOUS;Total Industries extractives;Total Industries extractives;684;20280;NC;684;20280;
2024;Tous risques confondus;C;Industrie manufacturière;C - Industrie manufacturière;1011Z;Transformation et conservation de la viande de boucherie;1011Z - Transformation et conservation de la viande de boucherie;2762;39693;NC;2762;39693;
2024;Tous risques confondus;C;Industrie manufacturière;C - Industrie manufacturière;1012Z;Transformation et conservation de la viande de volaille;1012Z - Transformation et conservation de la viande de volaille;1234;20443;NC;1234;20443;
2024;Tous risques confondus;C;Industrie manufacturière;C - Industrie manufacturière;1013A;Préparation industrielle de produits à base de viande;1013A - Préparation industrielle de produits à base de viande;1535;22688;NC;1535;22688;
2024;Tous risques confondus;C;Industrie manufacturière;C - Industrie manufacturière;1013B;Charcuterie;1013B - Charcuterie;405;8985;NC;405;8985;
2024;Tous risques confondus;C;Industrie manufacturière;C - Industrie manufacturière;1020Z;Transformation et conservation de poisson, de crustacés et de mollusques;1020Z - Transformation et conservation de poisson, de crustacés et de mollusques;659;10428;NC;659;10428;
2024;Tous risques confondus;C;Industrie manufacturière;C - Industrie manufacturière;1031Z;Transformation et conservation de pommes de terre;1031Z - Transformation et conservation de pommes de terre;132;2672;NC;132;2672;
2024;Tous risques confondus;C;Industrie manufacturière;C - Industrie manufacturière;1032Z;Préparation de jus de fruits et légumes;1032Z - Préparation de jus de fruits et légumes;53;1423;NC;53;1423;
2024;Tous risques confondus;C;Industrie manufacturière;C - Industrie manufacturière;1039A;Autre transformation et conservation de légumes;1039A - Autre transformation et conservation de légumes;536;10544;NC;536;10544;
2024;Tous risques confondus;C;Industrie manufacturière;C - Industrie manufacturière;1039B;Transformation et conservation de fruits;1039B - Transformation et conservation de fruits;278;7679;NC;278;7679;
2024;Tous risques confondus;C;Industrie manufacturière;C - Industrie manufacturière;1041A;Fabrication d'huiles et graisses brutes;1041A - Fabrication d'huiles et graisses brutes;49;1582;NC;49;1582;
2024;Tous risques confondus;C;Industrie manufacturière;C - Industrie manufacturière;1041B;Fabrication d'huiles et graisses raffinées;1041B - Fabrication d'huiles et graisses raffinées;11;1034;NC;11;1034;
2024;Tous risques confondus;C;Industrie manufacturière;C - Industrie manufacturière;1042Z;Fabrication de margarine et graisses comestibles similaires;1042Z - Fabrication de margarine et graisses comestibles similaires;3;232;NC;3;232;
2024;Tous risques confondus;C;Industrie manufacturière;C - Industrie manufacturière;1051A;Fabrication de lait liquide et de produits frais;1051A - Fabrication de lait liquide et de produits frais;340;9450;NC;340;9450;
2024;Tous risques confondus;C;Industrie manufacturière;C - Industrie manufacturière;1051B;Fabrication de beurre;1051B - Fabrication de beurre;28;786;NC;28;786;
2024;Tous risques confondus;C;Industrie manufacturière;C - Industrie manufacturière;1051C;Fabrication de fromage;1051C - Fabrication de fromage;878;21097;NC;878;21097;
2024;Tous risques confondus;C;Industrie manufacturière;C - Industrie manufacturière;1051D;Fabrication d'autres produits laitiers;1051D - Fabrication d'autres produits laitiers;123;3970;NC;123;3970;
2024;Tous risques confondus;C;Industrie manufacturière;C - Industrie manufacturière;1052Z;Fabrication de glaces et sorbets;1052Z - Fabrication de glaces et sorbets;193;5355;NC;193;5355;
2024;Tous risques confondus;C;Industrie manufacturière;C - Industrie manufacturière;1061A;Meunerie;1061A - Meunerie;247;5692;NC;247;5692;
2024;Tous risques confondus;C;Industrie manufacturière;C - Industrie manufacturière;1061B;Autres activités du travail des grains;1061B - Autres activités du travail des grains;106;2499;NC;106;2499;
2024;Tous risques confondus;C;Industrie manufacturière;C - Industrie manufacturière;1062Z;Fabrication de produits amylacés;1062Z - Fabrication de produits amylacés;50;4482;NC;50;4482;
2024;Tous risques confondus;C;Industrie manufacturière;C - Industrie manufacturière;1071A;Fabrication industrielle de pain et de pâtisserie fraîche;1071A - Fabrication industrielle de pain et de pâtisserie fraîche;2210;35928;NC;2210;35928;
2024;Tous risques confondus;C;Industrie manufacturière;C - Industrie manufacturière;1071B;Cuisson de produits de boulangerie;1071B - Cuisson de produits de boulangerie;337;7571;NC;337;7571;
2024;Tous risques confondus;C;Industrie manufacturière;C - Industrie manufacturière;1071C;Boulangerie et boulangerie-pâtisserie;1071C - Boulangerie et boulangerie-pâtisserie;5846;175885;NC;5846;175885;
2024;Tous risques confondus;C;Industrie manufacturière;C - Industrie manufacturière;1071D;Pâtisserie;1071D - Pâtisserie;462;17139;NC;462;17139;
2024;Tous risques confondus;C;Industrie manufacturière;C - Industrie manufacturière;1072Z;Fabrication de biscuits, biscottes et pâtisseries de conservation;1072Z - Fabrication de biscuits, biscottes et pâtisseries de conservation;674;14361;NC;674;14361;
2024;Tous risques confondus;C;Industrie manufacturière;C - Industrie manufacturière;1073Z;Fabrication de pâtes alimentaires;1073Z - Fabrication de pâtes alimentaires;156;3213;NC;156;3213;
2024;Tous risques confondus;C;Industrie manufacturière;C - Industrie manufacturière;1081Z;Fabrication de sucre;1081Z - Fabrication de sucre;55;1721;NC;55;1721;
2024;Tous risques confondus;C;Industrie manufacturière;C - Industrie manufacturière;1082Z;Fabrication de cacao, chocolat et de produits de confiserie;1082Z - Fabrication de cacao, chocolat et de produits de confiserie;657;19225;NC;657;19225;
2024;Tous risques confondus;C;Industrie manufacturière;C - Industrie manufacturière;1083Z;Transformation du thé et du café;1083Z - Transformation du thé et du café;195;6401;NC;195;6401;
2024;Tous risques confondus;C;Industrie manufacturière;C - Industrie manufacturière;1084Z;Fabrication de condiments et assaisonnements;1084Z - Fabrication de condiments et assaisonnements;171;3947;NC;171;3947;
2024;Tous risques confondus;C;Industrie manufacturière;C - Industrie manufacturière;1085Z;Fabrication de plats préparés;1085Z - Fabrication de plats préparés;1396;24111;NC;1396;24111;
2024;Tous risques confondus;C;Industrie manufacturière;C - Industrie manufacturière;1086Z;Fabrication d'aliments homogénéisés et diététiques;1086Z - Fabrication d'aliments homogénéisés et diététiques;209;6034;NC;209;6034;
2024;Tous risques confondus;C;Industrie manufacturière;C - Industrie manufacturière;1089Z;Fabrication d'autres produits alimentaires n.c.a.;1089Z - Fabrication d'autres produits alimentaires n.c.a.;829;18235;NC;829;18235;
2024;Tous risques confondus;C;Industrie manufacturière;C - Industrie manufacturière;1091Z;Fabrication d'aliments pour animaux de ferme;1091Z - Fabrication d'aliments pour animaux de ferme;270;7765;NC;270;7765;
2024;Tous risques confondus;C;Industrie manufacturière;C - Industrie manufacturière;1092Z;Fabrication d'aliments pour animaux de compagnie;1092Z - Fabrication d'aliments pour animaux de compagnie;213;7526;NC;213;7526;
2024;Tous risques confondus;C;Industrie manufacturière;C - Industrie manufacturière;1101Z;Production de boissons alcooliques distillées;1101Z - Production de boissons alcooliques distillées;189;8713;NC;189;8713;
2024;Tous risques confondus;C;Industrie manufacturière;C - Industrie manufacturière;1102A;Fabrication de vins effervescents;1102A - Fabrication de vins effervescents;124;5041;NC;124;5041;
2024;Tous risques confondus;C;Industrie manufacturière;C - Industrie manufacturière;1102B;Vinification;1102B - Vinification;122;3125;NC;122;3125;
2024;Tous risques confondus;C;Industrie manufacturière;C - Industrie manufacturière;1103Z;Fabrication de cidre et de vins de fruits;1103Z - Fabrication de cidre et de vins de fruits;25;423;NC;25;423;
2024;Tous risques confondus;C;Industrie manufacturière;C - Industrie manufacturière;1104Z;Production d'autres boissons fermentées non distillées;1104Z - Production d'autres boissons fermentées non distillées;3;216;NC;3;216;
2024;Tous risques confondus;C;Industrie manufacturière;C - Industrie manufacturière;1105Z;Fabrication de bière;1105Z - Fabrication de bière;222;7292;NC;222;7292;
2024;Tous risques confondus;C;Industrie manufacturière;C - Industrie manufacturière;1106Z;Fabrication de malt;1106Z - Fabrication de malt;5;501;NC;5;501;
2024;Tous risques confondus;C;Industrie manufacturière;C - Industrie manufacturière;1107A;Industrie des eaux de table;1107A - Industrie des eaux de table;145;7063;NC;145;7063;
2024;Tous risques confondus;C;Industrie manufacturière;C - Industrie manufacturière;1107B;Production de boissons rafraîchissantes;1107B - Production de boissons rafraîchissantes;172;7962;NC;172;7962;
2024;Tous risques confondus;C;Industrie manufacturière;C - Industrie manufacturière;1200Z;Fabrication de produits à base de tabac;1200Z - Fabrication de produits à base de tabac;8;789;NC;8;789;
2024;Tous risques confondus;C;Industrie manufacturière;C - Industrie manufacturière;1310Z;Préparation de fibres textiles et filature;1310Z - Préparation de fibres textiles et filature;88;1776;NC;88;1776;
2024;Tous risques confondus;C;Industrie manufacturière;C - Industrie manufacturière;1320Z;Tissage;1320Z - Tissage;167;4976;NC;167;4976;
2024;Tous risques confondus;C;Industrie manufacturière;C - Industrie manufacturière;1330Z;Ennoblissement textile;1330Z - Ennoblissement textile;79;2397;NC;79;2397;
2024;Tous risques confondus;C;Industrie manufacturière;C - Industrie manufacturière;1391Z;Fabrication d'étoffes à mailles;1391Z - Fabrication d'étoffes à mailles;28;632;NC;28;632;
2024;Tous risques confondus;C;Industrie manufacturière;C - Industrie manufacturière;1392Z;Fabrication d'articles textiles, sauf habillement;1392Z - Fabrication d'articles textiles, sauf habillement;423;11211;NC;423;11211;
2024;Tous risques confondus;C;Industrie manufacturière;C - Industrie manufacturière;1393Z;Fabrication de tapis et moquettes;1393Z - Fabrication de tapis et moquettes;52;1131;NC;52;1131;
2024;Tous risques confondus;C;Industrie manufacturière;C - Industrie manufacturière;1394Z;Fabrication de ficelles, cordes et filets;1394Z - Fabrication de ficelles, cordes et filets;50;906;NC;50;906;
2024;Tous risques confondus;C;Industrie manufacturière;C - Industrie manufacturière;1395Z;Fabrication de non-tissés, sauf habillement;1395Z - Fabrication de non-tissés, sauf habillement;92;2374;NC;92;2374;
2024;Tous risques confondus;C;Industrie manufacturière;C - Industrie manufacturière;1396Z;Fabrication d'autres textiles techniques et industriels;1396Z - Fabrication d'autres textiles techniques et industriels;252;7319;NC;252;7319;
2024;Tous risques confondus;C;Industrie manufacturière;C - Industrie manufacturière;1399Z;Fabrication d'autres textiles n.c.a.;1399Z - Fabrication d'autres textiles n.c.a.;79;2602;NC;79;2602;
2024;Tous risques confondus;C;Industrie manufacturière;C - Industrie manufacturière;1411Z;Fabrication de vêtements en cuir;1411Z - Fabrication de vêtements en cuir;6;356;NC;6;356;
2024;Tous risques confondus;C;Industrie manufacturière;C - Industrie manufacturière;1412Z;Fabrication de vêtements de travail;1412Z - Fabrication de vêtements de travail;42;1721;NC;42;1721;
2024;Tous risques confondus;C;Industrie manufacturière;C - Industrie manufacturière;1413Z;Fabrication de vêtements de dessus;1413Z - Fabrication de vêtements de dessus;329;17260;NC;329;17260;
2024;Tous risques confondus;C;Industrie manufacturière;C - Industrie manufacturière;1414Z;Fabrication de vêtements de dessous;1414Z - Fabrication de vêtements de dessous;111;4675;NC;111;4675;
2024;Tous risques confondus;C;Industrie manufacturière;C - Industrie manufacturière;1419Z;Fabrication d'autres vêtements et accessoires;1419Z - Fabrication d'autres vêtements et accessoires;110;4345;NC;110;4345;
2024;Tous risques confondus;C;Industrie manufacturière;C - Industrie manufacturière;1420Z;Fabrication d'articles en fourrure;1420Z - Fabrication d'articles en fourrure;0;101;NC;0;101;
2024;Tous risques confondus;C;Industrie manufacturière;C - Industrie manufacturière;1431Z;Fabrication d'articles chaussants à mailles;1431Z - Fabrication d'articles chaussants à mailles;45;1459;NC;45;1459;
2024;Tous risques confondus;C;Industrie manufacturière;C - Industrie manufacturière;1439Z;Fabrication d'autres articles à mailles;1439Z - Fabrication d'autres articles à mailles;40;1574;NC;40;1574;
2024;Tous risques confondus;C;Industrie manufacturière;C - Industrie manufacturière;1511Z;"Apprêt et tannage des cuirs ; préparation et teinture des fourrures";"1511Z - Apprêt et tannage des cuirs ; préparation et teinture des fourrures";83;1792;NC;83;1792;
2024;Tous risques confondus;C;Industrie manufacturière;C - Industrie manufacturière;1512Z;Fabrication d'articles de voyage, de maroquinerie et de sellerie;1512Z - Fabrication d'articles de voyage, de maroquinerie et de sellerie;1174;36484;NC;1174;36484;
2024;Tous risques confondus;C;Industrie manufacturière;C - Industrie manufacturière;1520Z;Fabrication de chaussures;1520Z - Fabrication de chaussures;157;3648;NC;157;3648;
2024;Tous risques confondus;C;Industrie manufacturière;C - Industrie manufacturière;1610A;Sciage et rabotage du bois, hors imprégnation;1610A - Sciage et rabotage du bois, hors imprégnation;447;6442;NC;447;6442;
2024;Tous risques confondus;C;Industrie manufacturière;C - Industrie manufacturière;1610B;Imprégnation du bois;1610B - Imprégnation du bois;183;2685;NC;183;2685;
2024;Tous risques confondus;C;Industrie manufacturière;C - Industrie manufacturière;1621Z;Fabrication de placage et de panneaux de bois;1621Z - Fabrication de placage et de panneaux de bois;277;5234;NC;277;5234;
2024;Tous risques confondus;C;Industrie manufacturière;C - Industrie manufacturière;1622Z;Fabrication de parquets assemblés;1622Z - Fabrication de parquets assemblés;33;647;NC;33;647;
2024;Tous risques confondus;C;Industrie manufacturière;C - Industrie manufacturière;1623Z;Fabrication de charpentes et d'autres menuiseries;1623Z - Fabrication de charpentes et d'autres menuiseries;1364;20188;NC;1364;20188;
2024;Tous risques confondus;C;Industrie manufacturière;C - Industrie manufacturière;1624Z;Fabrication d'emballages en bois;1624Z - Fabrication d'emballages en bois;1002;11998;NC;1002;11998;
2024;Tous risques confondus;C;Industrie manufacturière;C - Industrie manufacturière;1629Z;"Fabrication d'objets divers en bois ; fabrication d'objets en liège, vannerie et sparterie";"1629Z - Fabrication d'objets divers en bois ; fabrication d'objets en liège, vannerie et sparterie";241;4681;NC;241;4681;
2024;Tous risques confondus;C;Industrie manufacturière;C - Industrie manufacturière;1711Z;Fabrication de pâte à papier;1711Z - Fabrication de pâte à papier;39;1121;NC;39;1121;
2024;Tous risques confondus;C;Industrie manufacturière;C - Industrie manufacturière;1712Z;Fabrication de papier et de carton;1712Z - Fabrication de papier et de carton;432;12656;NC;432;12656;
2024;Tous risques confondus;C;Industrie manufacturière;C - Industrie manufacturière;1721A;Fabrication de carton ondulé;1721A - Fabrication de carton ondulé;410;14853;NC;410;14853;
2024;Tous risques confondus;C;Industrie manufacturière;C - Industrie manufacturière;1721B;Fabrication de cartonnages;1721B - Fabrication de cartonnages;392;9960;NC;392;9960;
2024;Tous risques confondus;C;Industrie manufacturière;C - Industrie manufacturière;1721C;Fabrication d'emballages en papier;1721C - Fabrication d'emballages en papier;154;2721;NC;154;2721;
2024;Tous risques confondus;C;Industrie manufacturière;C - Industrie manufacturière;1722Z;Fabrication d'articles en papier à usage sanitaire ou domestique;1722Z - Fabrication d'articles en papier à usage sanitaire ou domestique;239;7131;NC;239;7131;
2024;Tous risques confondus;C;Industrie manufacturière;C - Industrie manufacturière;1723Z;Fabrication d'articles de papeterie;1723Z - Fabrication d'articles de papeterie;133;3100;NC;133;3100;
2024;Tous risques confondus;C;Industrie manufacturière;C - Industrie manufacturière;1724Z;Fabrication de papiers peints;1724Z - Fabrication de papiers peints;12;175;NC;12;175;
2024;Tous risques confondus;C;Industrie manufacturière;C - Industrie manufacturière;1729Z;Fabrication d'autres articles en papier ou en carton;1729Z - Fabrication d'autres articles en papier ou en carton;293;6971;NC;293;6971;
2024;Tous risques confondus;C;Industrie manufacturière;C - Industrie manufacturière;1811Z;Imprimerie de journaux;1811Z - Imprimerie de journaux;74;2719;NC;74;2719;
2024;Tous risques confondus;C;Industrie manufacturière;C - Industrie manufacturière;1812Z;Autre imprimerie (labeur);1812Z - Autre imprimerie (labeur);953;31432;NC;953;31432;
2024;Tous risques confondus;C;Industrie manufacturière;C - Industrie manufacturière;1813Z;Activités de pré-presse;1813Z - Activités de pré-presse;150;7921;NC;150;7921;
2024;Tous risques confondus;C;Industrie manufacturière;C - Industrie manufacturière;1814Z;Reliure et activités connexes;1814Z - Reliure et activités connexes;82;1488;NC;82;1488;
2024;Tous risques confondus;C;Industrie manufacturière;C - Industrie manufacturière;1820Z;Reproduction d'enregistrements;1820Z - Reproduction d'enregistrements;9;582;NC;9;582;
2024;Tous risques confondus;C;Industrie manufacturière;C - Industrie manufacturière;1910Z;Cokéfaction;1910Z - Cokéfaction;0;0;NC;0;0;
2024;Tous risques confondus;C;Industrie manufacturière;C - Industrie manufacturière;1920Z;Raffinage du pétrole;1920Z - Raffinage du pétrole;120;8837;NC;120;8837;
2024;Tous risques confondus;C;Industrie manufacturière;C - Industrie manufacturière;2011Z;Fabrication de gaz industriels;2011Z - Fabrication de gaz industriels;55;4135;NC;55;4135;
2024;Tous risques confondus;C;Industrie manufacturière;C - Industrie manufacturière;2012Z;Fabrication de colorants et de pigments;2012Z - Fabrication de colorants et de pigments;37;1637;NC;37;1637;
2024;Tous risques confondus;C;Industrie manufacturière;C - Industrie manufacturière;2013A;Enrichissement et retraitement de matières nucléaires;2013A - Enrichissement et retraitement de matières nucléaires;12;686;NC;12;686;
2024;Tous risques confondus;C;Industrie manufacturière;C - Industrie manufacturière;2013B;Fabrication d'autres produits chimiques inorganiques de base n.c.a.;2013B - Fabrication d'autres produits chimiques inorganiques de base n.c.a.;135;8160;NC;135;8160;
2024;Tous risques confondus;C;Industrie manufacturière;C - Industrie manufacturière;2014Z;Fabrication d'autres produits chimiques organiques de base;2014Z - Fabrication d'autres produits chimiques organiques de base;311;19090;NC;311;19090;
2024;Tous risques confondus;C;Industrie manufacturière;C - Industrie manufacturière;2015Z;Fabrication de produits azotés et d'engrais;2015Z - Fabrication de produits azotés et d'engrais;97;4233;NC;97;4233;
2024;Tous risques confondus;C;Industrie manufacturière;C - Industrie manufacturière;2016Z;Fabrication de matières plastiques de base;2016Z - Fabrication de matières plastiques de base;230;11318;NC;230;11318;
2024;Tous risques confondus;C;Industrie manufacturière;C - Industrie manufacturière;2017Z;Fabrication de caoutchouc synthétique;2017Z - Fabrication de caoutchouc synthétique;30;1238;NC;30;1238;
2024;Tous risques confondus;C;Industrie manufacturière;C - Industrie manufacturière;2020Z;Fabrication de pesticides et d'autres produits agrochimiques;2020Z - Fabrication de pesticides et d'autres produits agrochimiques;98;5558;NC;98;5558;
2024;Tous risques confondus;C;Industrie manufacturière;C - Industrie manufacturière;2030Z;Fabrication de peintures, vernis, encres et mastics;2030Z - Fabrication de peintures, vernis, encres et mastics;285;11046;NC;285;11046;
2024;Tous risques confondus;C;Industrie manufacturière;C - Industrie manufacturière;2041Z;Fabrication de savons, détergents et produits d'entretien;2041Z - Fabrication de savons, détergents et produits d'entretien;193;7591;NC;193;7591;
2024;Tous risques confondus;C;Industrie manufacturière;C - Industrie manufacturière;2042Z;Fabrication de parfums et de produits pour la toilette;2042Z - Fabrication de parfums et de produits pour la toilette;854;46526;NC;854;46526;
2024;Tous risques confondus;C;Industrie manufacturière;C - Industrie manufacturière;2051Z;Fabrication de produits explosifs;2051Z - Fabrication de produits explosifs;62;3687;NC;62;3687;
2024;Tous risques confondus;C;Industrie manufacturière;C - Industrie manufacturière;2052Z;Fabrication de colles;2052Z - Fabrication de colles;61;2879;NC;61;2879;
2024;Tous risques confondus;C;Industrie manufacturière;C - Industrie manufacturière;2053Z;Fabrication d'huiles essentielles;2053Z - Fabrication d'huiles essentielles;182;6977;NC;182;6977;
2024;Tous risques confondus;C;Industrie manufacturière;C - Industrie manufacturière;2059Z;Fabrication d'autres produits chimiques n.c.a.;2059Z - Fabrication d'autres produits chimiques n.c.a.;250;13553;NC;250;13553;
2024;Tous risques confondus;C;Industrie manufacturière;C - Industrie manufacturière;2060Z;Fabrication de fibres artificielles ou synthétiques;2060Z - Fabrication de fibres artificielles ou synthétiques;16;737;NC;16;737;
2024;Tous risques confondus;C;Industrie manufacturière;C - Industrie manufacturière;2110Z;Fabrication de produits pharmaceutiques de base;2110Z - Fabrication de produits pharmaceutiques de base;247;13729;NC;247;13729;
2024;Tous risques confondus;C;Industrie manufacturière;C - Industrie manufacturière;2120Z;Fabrication de préparations pharmaceutiques;2120Z - Fabrication de préparations pharmaceutiques;1204;68380;NC;1204;68380;
2024;Tous risques confondus;C;Industrie manufacturière;C - Industrie manufacturière;2211Z;Fabrication et rechapage de pneumatiques;2211Z - Fabrication et rechapage de pneumatiques;399;18956;NC;399;18956;
2024;Tous risques confondus;C;Industrie manufacturière;C - Industrie manufacturière;2219Z;Fabrication d'autres articles en caoutchouc;2219Z - Fabrication d'autres articles en caoutchouc;632;18156;NC;632;18156;
2024;Tous risques confondus;C;Industrie manufacturière;C - Industrie manufacturière;2221Z;Fabrication de plaques, feuilles, tubes et profilés en matières plastiques;2221Z - Fabrication de plaques, feuilles, tubes et profilés en matières plastiques;665;16447;NC;665;16447;
2024;Tous risques confondus;C;Industrie manufacturière;C - Industrie manufacturière;2222Z;Fabrication d'emballages en matières plastiques;2222Z - Fabrication d'emballages en matières plastiques;1080;27533;NC;1080;27533;
2024;Tous risques confondus;C;Industrie manufacturière;C - Industrie manufacturière;2223Z;Fabrication d'éléments en matières plastiques pour la construction;2223Z - Fabrication d'éléments en matières plastiques pour la construction;1122;24769;NC;1122;24769;
2024;Tous risques confondus;C;Industrie manufacturière;C - Industrie manufacturière;2229A;Fabrication de pièces techniques à base de matières plastiques;2229A - Fabrication de pièces techniques à base de matières plastiques;1195;30741;NC;1195;30741;
2024;Tous risques confondus;C;Industrie manufacturière;C - Industrie manufacturière;2229B;Fabrication de produits de consommation courante en matières plastiques;2229B - Fabrication de produits de consommation courante en matières plastiques;429;10376;NC;429;10376;
2024;Tous risques confondus;C;Industrie manufacturière;C - Industrie manufacturière;2311Z;Fabrication de verre plat;2311Z - Fabrication de verre plat;42;1766;NC;42;1766;
2024;Tous risques confondus;C;Industrie manufacturière;C - Industrie manufacturière;2312Z;Façonnage et transformation du verre plat;2312Z - Façonnage et transformation du verre plat;486;9066;NC;486;9066;
2024;Tous risques confondus;C;Industrie manufacturière;C - Industrie manufacturière;2313Z;Fabrication de verre creux;2313Z - Fabrication de verre creux;435;17329;NC;435;17329;
2024;Tous risques confondus;C;Industrie manufacturière;C - Industrie manufacturière;2314Z;Fabrication de fibres de verre;2314Z - Fabrication de fibres de verre;53;1844;NC;53;1844;
2024;Tous risques confondus;C;Industrie manufacturière;C - Industrie manufacturière;2319Z;Fabrication et façonnage d'autres articles en verre, y compris verre technique;2319Z - Fabrication et façonnage d'autres articles en verre, y compris verre technique;99;3706;NC;99;3706;
2024;Tous risques confondus;C;Industrie manufacturière;C - Industrie manufacturière;2320Z;Fabrication de produits réfractaires;2320Z - Fabrication de produits réfractaires;102;2024;NC;102;2024;
2024;Tous risques confondus;C;Industrie manufacturière;C - Industrie manufacturière;2331Z;Fabrication de carreaux en céramique;2331Z - Fabrication de carreaux en céramique;45;832;NC;45;832;
2024;Tous risques confondus;C;Industrie manufacturière;C - Industrie manufacturière;2332Z;Fabrication de briques, tuiles et produits de construction, en terre cuite;2332Z - Fabrication de briques, tuiles et produits de construction, en terre cuite;132;4604;NC;132;4604;
2024;Tous risques confondus;C;Industrie manufacturière;C - Industrie manufacturière;2341Z;Fabrication d'articles céramiques à usage domestique ou ornemental;2341Z - Fabrication d'articles céramiques à usage domestique ou ornemental;117;2845;NC;117;2845;
2024;Tous risques confondus;C;Industrie manufacturière;C - Industrie manufacturière;2342Z;Fabrication d'appareils sanitaires en céramique;2342Z - Fabrication d'appareils sanitaires en céramique;26;854;NC;26;854;
2024;Tous risques confondus;C;Industrie manufacturière;C - Industrie manufacturière;2343Z;Fabrication d'isolateurs et pièces isolantes en céramique;2343Z - Fabrication d'isolateurs et pièces isolantes en céramique;18;545;NC;18;545;
2024;Tous risques confondus;C;Industrie manufacturière;C - Industrie manufacturière;2344Z;Fabrication d'autres produits céramiques à usage technique;2344Z - Fabrication d'autres produits céramiques à usage technique;8;563;NC;8;563;
2024;Tous risques confondus;C;Industrie manufacturière;C - Industrie manufacturière;2349Z;Fabrication d'autres produits céramiques;2349Z - Fabrication d'autres produits céramiques;11;340;NC;11;340;
2024;Tous risques confondus;C;Industrie manufacturière;C - Industrie manufacturière;2351Z;Fabrication de ciment;2351Z - Fabrication de ciment;56;4317;NC;56;4317;
2024;Tous risques confondus;C;Industrie manufacturière;C - Industrie manufacturière;2352Z;Fabrication de chaux et plâtre;2352Z - Fabrication de chaux et plâtre;24;966;NC;24;966;
2024;Tous risques confondus;C;Industrie manufacturière;C - Industrie manufacturière;2361Z;Fabrication d'éléments en béton pour la construction;2361Z - Fabrication d'éléments en béton pour la construction;941;16327;NC;941;16327;
2024;Tous risques confondus;C;Industrie manufacturière;C - Industrie manufacturière;2362Z;Fabrication d'éléments en plâtre pour la construction;2362Z - Fabrication d'éléments en plâtre pour la construction;27;2146;NC;27;2146;
2024;Tous risques confondus;C;Industrie manufacturière;C - Industrie manufacturière;2363Z;Fabrication de béton prêt à l'emploi;2363Z - Fabrication de béton prêt à l'emploi;291;9088;NC;291;9088;
2024;Tous risques confondus;C;Industrie manufacturière;C - Industrie manufacturière;2364Z;Fabrication de mortiers et bétons secs;2364Z - Fabrication de mortiers et bétons secs;59;2040;NC;59;2040;
2024;Tous risques confondus;C;Industrie manufacturière;C - Industrie manufacturière;2365Z;Fabrication d'ouvrages en fibre-ciment;2365Z - Fabrication d'ouvrages en fibre-ciment;13;347;NC;13;347;
2024;Tous risques confondus;C;Industrie manufacturière;C - Industrie manufacturière;2369Z;Fabrication d'autres ouvrages en béton, en ciment ou en plâtre;2369Z - Fabrication d'autres ouvrages en béton, en ciment ou en plâtre;77;1305;NC;77;1305;
2024;Tous risques confondus;C;Industrie manufacturière;C - Industrie manufacturière;2370Z;Taille, façonnage et finissage de pierres;2370Z - Taille, façonnage et finissage de pierres;545;7266;NC;545;7266;
2024;Tous risques confondus;C;Industrie manufacturière;C - Industrie manufacturière;2391Z;Fabrication de produits abrasifs;2391Z - Fabrication de produits abrasifs;20;894;NC;20;894;
2024;Tous risques confondus;C;Industrie manufacturière;C - Industrie manufacturière;2399Z;Fabrication d'autres produits minéraux non métalliques n.c.a.;2399Z - Fabrication d'autres produits minéraux non métalliques n.c.a.;186;7743;NC;186;7743;
2024;Tous risques confondus;C;Industrie manufacturière;C - Industrie manufacturière;2410Z;Sidérurgie;2410Z - Sidérurgie;555;24775;NC;555;24775;
2024;Tous risques confondus;C;Industrie manufacturière;C - Industrie manufacturière;2420Z;Fabrication de tubes, tuyaux, profilés creux et accessoires correspondants en acier;2420Z - Fabrication de tubes, tuyaux, profilés creux et accessoires correspondants en acier;231;6209;NC;231;6209;
2024;Tous risques confondus;C;Industrie manufacturière;C - Industrie manufacturière;2431Z;Étirage à froid de barres;2431Z - Étirage à froid de barres;15;322;NC;15;322;
2024;Tous risques confondus;C;Industrie manufacturière;C - Industrie manufacturière;2432Z;Laminage à froid de feuillards;2432Z - Laminage à froid de feuillards;14;281;NC;14;281;
2024;Tous risques confondus;C;Industrie manufacturière;C - Industrie manufacturière;2433Z;Profilage à froid par formage ou pliage;2433Z - Profilage à froid par formage ou pliage;152;4155;NC;152;4155;
2024;Tous risques confondus;C;Industrie manufacturière;C - Industrie manufacturière;2434Z;Tréfilage à froid;2434Z - Tréfilage à froid;36;1100;NC;36;1100;
2024;Tous risques confondus;C;Industrie manufacturière;C - Industrie manufacturière;2441Z;Production de métaux précieux;2441Z - Production de métaux précieux;2;321;NC;2;321;
2024;Tous risques confondus;C;Industrie manufacturière;C - Industrie manufacturière;2442Z;Métallurgie de l'aluminium;2442Z - Métallurgie de l'aluminium;245;7756;NC;245;7756;
2024;Tous risques confondus;C;Industrie manufacturière;C - Industrie manufacturière;2443Z;Métallurgie du plomb, du zinc ou de l'étain;2443Z - Métallurgie du plomb, du zinc ou de l'étain;39;1053;NC;39;1053;
2024;Tous risques confondus;C;Industrie manufacturière;C - Industrie manufacturière;2444Z;Métallurgie du cuivre;2444Z - Métallurgie du cuivre;69;1631;NC;69;1631;
2024;Tous risques confondus;C;Industrie manufacturière;C - Industrie manufacturière;2445Z;Métallurgie des autres métaux non ferreux;2445Z - Métallurgie des autres métaux non ferreux;80;4184;NC;80;4184;
2024;Tous risques confondus;C;Industrie manufacturière;C - Industrie manufacturière;2446Z;Élaboration et transformation de matières nucléaires;2446Z - Élaboration et transformation de matières nucléaires;39;8496;NC;39;8496;
2024;Tous risques confondus;C;Industrie manufacturière;C - Industrie manufacturière;2451Z;Fonderie de fonte;2451Z - Fonderie de fonte;391;8120;NC;391;8120;
2024;Tous risques confondus;C;Industrie manufacturière;C - Industrie manufacturière;2452Z;Fonderie d'acier;2452Z - Fonderie d'acier;127;2675;NC;127;2675;
2024;Tous risques confondus;C;Industrie manufacturière;C - Industrie manufacturière;2453Z;Fonderie de métaux légers;2453Z - Fonderie de métaux légers;225;4945;NC;225;4945;
2024;Tous risques confondus;C;Industrie manufacturière;C - Industrie manufacturière;2454Z;Fonderie d'autres métaux non ferreux;2454Z - Fonderie d'autres métaux non ferreux;130;2888;NC;130;2888;
2024;Tous risques confondus;C;Industrie manufacturière;C - Industrie manufacturière;2511Z;Fabrication de structures métalliques et de parties de structures;2511Z - Fabrication de structures métalliques et de parties de structures;3128;53731;NC;3128;53731;
2024;Tous risques confondus;C;Industrie manufacturière;C - Industrie manufacturière;2512Z;Fabrication de portes et fenêtres en métal;2512Z - Fabrication de portes et fenêtres en métal;1172;22144;NC;1172;22144;
2024;Tous risques confondus;C;Industrie manufacturière;C - Industrie manufacturière;2521Z;Fabrication de radiateurs et de chaudières pour le chauffage central;2521Z - Fabrication de radiateurs et de chaudières pour le chauffage central;152;4318;NC;152;4318;
2024;Tous risques confondus;C;Industrie manufacturière;C - Industrie manufacturière;2529Z;Fabrication d'autres réservoirs, citernes et conteneurs métalliques;2529Z - Fabrication d'autres réservoirs, citernes et conteneurs métalliques;162;2958;NC;162;2958;
2024;Tous risques confondus;C;Industrie manufacturière;C - Industrie manufacturière;2530Z;Fabrication de générateurs de vapeur, à l'exception des chaudières pour le chauffage central;2530Z - Fabrication de générateurs de vapeur, à l'exception des chaudières pour le chauffage central;NS;NS;NC;;;
2024;Tous risques confondus;C;Industrie manufacturière;C - Industrie manufacturière;2540Z;Fabrication d'armes et de munitions;2540Z - Fabrication d'armes et de munitions;70;5160;NC;70;5160;
2024;Tous risques confondus;C;Industrie manufacturière;C - Industrie manufacturière;2550A;"Forge, estampage, matriçage ; métallurgie des poudres";"2550A - Forge, estampage, matriçage ; métallurgie des poudres";298;10412;NC;298;10412;
2024;Tous risques confondus;C;Industrie manufacturière;C - Industrie manufacturière;2550B;Découpage, emboutissage;2550B - Découpage, emboutissage;1240;25062;NC;1240;25062;
2024;Tous risques confondus;C;Industrie manufacturière;C - Industrie manufacturière;2561Z;Traitement et revêtement des métaux;2561Z - Traitement et revêtement des métaux;1223;24225;NC;1223;24225;
2024;Tous risques confondus;C;Industrie manufacturière;C - Industrie manufacturière;2562A;Décolletage;2562A - Décolletage;363;9928;NC;363;9928;
2024;Tous risques confondus;C;Industrie manufacturière;C - Industrie manufacturière;2562B;Mécanique industrielle;2562B - Mécanique industrielle;2295;63756;NC;2295;63756;
2024;Tous risques confondus;C;Industrie manufacturière;C - Industrie manufacturière;2571Z;Fabrication de coutellerie;2571Z - Fabrication de coutellerie;53;1510;NC;53;1510;
2024;Tous risques confondus;C;Industrie manufacturière;C - Industrie manufacturière;2572Z;Fabrication de serrures et de ferrures;2572Z - Fabrication de serrures et de ferrures;177;6012;NC;177;6012;
2024;Tous risques confondus;C;Industrie manufacturière;C - Industrie manufacturière;2573A;Fabrication de moules et modèles;2573A - Fabrication de moules et modèles;172;4808;NC;172;4808;
2024;Tous risques confondus;C;Industrie manufacturière;C - Industrie manufacturière;2573B;Fabrication d'autres outillages;2573B - Fabrication d'autres outillages;269;8118;NC;269;8118;
2024;Tous risques confondus;C;Industrie manufacturière;C - Industrie manufacturière;2591Z;Fabrication de fûts et emballages métalliques similaires;2591Z - Fabrication de fûts et emballages métalliques similaires;29;478;NC;29;478;
2024;Tous risques confondus;C;Industrie manufacturière;C - Industrie manufacturière;2592Z;Fabrication d'emballages métalliques légers;2592Z - Fabrication d'emballages métalliques légers;209;7089;NC;209;7089;
2024;Tous risques confondus;C;Industrie manufacturière;C - Industrie manufacturière;2593Z;Fabrication d'articles en fils métalliques, de chaînes et de ressorts;2593Z - Fabrication d'articles en fils métalliques, de chaînes et de ressorts;572;9546;NC;572;9546;
2024;Tous risques confondus;C;Industrie manufacturière;C - Industrie manufacturière;2594Z;Fabrication de vis et de boulons;2594Z - Fabrication de vis et de boulons;173;6879;NC;173;6879;
2024;Tous risques confondus;C;Industrie manufacturière;C - Industrie manufacturière;2599A;Fabrication d'articles métalliques ménagers;2599A - Fabrication d'articles métalliques ménagers;171;4272;NC;171;4272;
2024;Tous risques confondus;C;Industrie manufacturière;C - Industrie manufacturière;2599B;Fabrication d'autres articles métalliques;2599B - Fabrication d'autres articles métalliques;584;15423;NC;584;15423;
2024;Tous risques confondus;C;Industrie manufacturière;C - Industrie manufacturière;2611Z;Fabrication de composants électroniques;2611Z - Fabrication de composants électroniques;368;29660;NC;368;29660;
2024;Tous risques confondus;C;Industrie manufacturière;C - Industrie manufacturière;2612Z;Fabrication de cartes électroniques assemblées;2612Z - Fabrication de cartes électroniques assemblées;333;17414;NC;333;17414;
2024;Tous risques confondus;C;Industrie manufacturière;C - Industrie manufacturière;2620Z;Fabrication d'ordinateurs et d'équipements périphériques;2620Z - Fabrication d'ordinateurs et d'équipements périphériques;54;4957;NC;54;4957;
2024;Tous risques confondus;C;Industrie manufacturière;C - Industrie manufacturière;2630Z;Fabrication d'équipements de communication;2630Z - Fabrication d'équipements de communication;144;16004;NC;144;16004;
2024;Tous risques confondus;C;Industrie manufacturière;C - Industrie manufacturière;2640Z;Fabrication de produits électroniques grand public;2640Z - Fabrication de produits électroniques grand public;23;1964;NC;23;1964;
2024;Tous risques confondus;C;Industrie manufacturière;C - Industrie manufacturière;2651A;Fabrication d'équipements d'aide à la navigation;2651A - Fabrication d'équipements d'aide à la navigation;175;27441;NC;175;27441;
2024;Tous risques confondus;C;Industrie manufacturière;C - Industrie manufacturière;2651B;Fabrication d'instrumentation scientifique et technique;2651B - Fabrication d'instrumentation scientifique et technique;336;24934;NC;336;24934;
2024;Tous risques confondus;C;Industrie manufacturière;C - Industrie manufacturière;2652Z;Horlogerie;2652Z - Horlogerie;25;1511;NC;25;1511;
2024;Tous risques confondus;C;Industrie manufacturière;C - Industrie manufacturière;2660Z;Fabrication d'équipements d'irradiation médicale, d'équipements électromédicaux et électrothérapeutiques;2660Z - Fabrication d'équipements d'irradiation médicale, d'équipements électromédicaux et électrothérapeutiques;43;5259;NC;43;5259;
2024;Tous risques confondus;C;Industrie manufacturière;C - Industrie manufacturière;2670Z;Fabrication de matériels optique et photographique;2670Z - Fabrication de matériels optique et photographique;41;3890;NC;41;3890;
2024;Tous risques confondus;C;Industrie manufacturière;C - Industrie manufacturière;2680Z;Fabrication de supports magnétiques et optiques;2680Z - Fabrication de supports magnétiques et optiques;1;50;NC;1;50;
2024;Tous risques confondus;C;Industrie manufacturière;C - Industrie manufacturière;2711Z;Fabrication de moteurs, génératrices et transformateurs électriques;2711Z - Fabrication de moteurs, génératrices et transformateurs électriques;306;15349;NC;306;15349;
2024;Tous risques confondus;C;Industrie manufacturière;C - Industrie manufacturière;2712Z;Fabrication de matériel de distribution et de commande électrique;2712Z - Fabrication de matériel de distribution et de commande électrique;573;30955;NC;573;30955;
2024;Tous risques confondus;C;Industrie manufacturière;C - Industrie manufacturière;2720Z;Fabrication de piles et d'accumulateurs électriques;2720Z - Fabrication de piles et d'accumulateurs électriques;116;6514;NC;116;6514;
2024;Tous risques confondus;C;Industrie manufacturière;C - Industrie manufacturière;2731Z;Fabrication de câbles de fibres optiques;2731Z - Fabrication de câbles de fibres optiques;35;1264;NC;35;1264;
2024;Tous risques confondus;C;Industrie manufacturière;C - Industrie manufacturière;2732Z;Fabrication d'autres fils et câbles électroniques ou électriques;2732Z - Fabrication d'autres fils et câbles électroniques ou électriques;187;8357;NC;187;8357;
2024;Tous risques confondus;C;Industrie manufacturière;C - Industrie manufacturière;2733Z;Fabrication de matériel d'installation électrique;2733Z - Fabrication de matériel d'installation électrique;230;11449;NC;230;11449;
2024;Tous risques confondus;C;Industrie manufacturière;C - Industrie manufacturière;2740Z;Fabrication d'appareils d'éclairage électrique;2740Z - Fabrication d'appareils d'éclairage électrique;337;10764;NC;337;10764;
2024;Tous risques confondus;C;Industrie manufacturière;C - Industrie manufacturière;2751Z;Fabrication d'appareils électroménagers;2751Z - Fabrication d'appareils électroménagers;229;7977;NC;229;7977;
2024;Tous risques confondus;C;Industrie manufacturière;C - Industrie manufacturière;2752Z;Fabrication d'appareils ménagers non électriques;2752Z - Fabrication d'appareils ménagers non électriques;69;1858;NC;69;1858;
2024;Tous risques confondus;C;Industrie manufacturière;C - Industrie manufacturière;2790Z;Fabrication d'autres matériels électriques;2790Z - Fabrication d'autres matériels électriques;240;13219;NC;240;13219;
2024;Tous risques confondus;C;Industrie manufacturière;C - Industrie manufacturière;2811Z;Fabrication de moteurs et turbines, à l'exception des moteurs d'avions et de véhicules;2811Z - Fabrication de moteurs et turbines, à l'exception des moteurs d'avions et de véhicules;169;8782;NC;169;8782;
2024;Tous risques confondus;C;Industrie manufacturière;C - Industrie manufacturière;2812Z;Fabrication d'équipements hydrauliques et pneumatiques;2812Z - Fabrication d'équipements hydrauliques et pneumatiques;185;6787;NC;185;6787;
2024;Tous risques confondus;C;Industrie manufacturière;C - Industrie manufacturière;2813Z;Fabrication d'autres pompes et compresseurs;2813Z - Fabrication d'autres pompes et compresseurs;216;11809;NC;216;11809;
2024;Tous risques confondus;C;Industrie manufacturière;C - Industrie manufacturière;2814Z;Fabrication d'autres articles de robinetterie;2814Z - Fabrication d'autres articles de robinetterie;190;9535;NC;190;9535;
2024;Tous risques confondus;C;Industrie manufacturière;C - Industrie manufacturière;2815Z;Fabrication d'engrenages et d'organes mécaniques de transmission;2815Z - Fabrication d'engrenages et d'organes mécaniques de transmission;254;10279;NC;254;10279;
2024;Tous risques confondus;C;Industrie manufacturière;C - Industrie manufacturière;2821Z;Fabrication de fours et brûleurs;2821Z - Fabrication de fours et brûleurs;46;1868;NC;46;1868;
2024;Tous risques confondus;C;Industrie manufacturière;C - Industrie manufacturière;2822Z;Fabrication de matériel de levage et de manutention;2822Z - Fabrication de matériel de levage et de manutention;799;23951;NC;799;23951;
2024;Tous risques confondus;C;Industrie manufacturière;C - Industrie manufacturière;2823Z;Fabrication de machines et d'équipements de bureau (à l'exception des ordinateurs et équipements périphériques);2823Z - Fabrication de machines et d'équipements de bureau (à l'exception des ordinateurs et équipements périphériques);28;1294;NC;28;1294;
2024;Tous risques confondus;C;Industrie manufacturière;C - Industrie manufacturière;2824Z;Fabrication d'outillage portatif à moteur incorporé;2824Z - Fabrication d'outillage portatif à moteur incorporé;14;322;NC;14;322;
2024;Tous risques confondus;C;Industrie manufacturière;C - Industrie manufacturière;2825Z;Fabrication d'équipements aérauliques et frigorifiques industriels;2825Z - Fabrication d'équipements aérauliques et frigorifiques industriels;589;20043;NC;589;20043;
2024;Tous risques confondus;C;Industrie manufacturière;C - Industrie manufacturière;2829A;Fabrication d'équipements d'emballage, de conditionnement et de pesage;2829A - Fabrication d'équipements d'emballage, de conditionnement et de pesage;116;5534;NC;116;5534;
2024;Tous risques confondus;C;Industrie manufacturière;C - Industrie manufacturière;2829B;Fabrication d'autres machines d'usage général;2829B - Fabrication d'autres machines d'usage général;366;13688;NC;366;13688;
2024;Tous risques confondus;C;Industrie manufacturière;C - Industrie manufacturière;2830Z;Fabrication de machines agricoles et forestières;2830Z - Fabrication de machines agricoles et forestières;877;19354;NC;877;19354;
2024;Tous risques confondus;C;Industrie manufacturière;C - Industrie manufacturière;2841Z;Fabrication de machines-outils pour le travail des métaux;2841Z - Fabrication de machines-outils pour le travail des métaux;105;4075;NC;105;4075;
2024;Tous risques confondus;C;Industrie manufacturière;C - Industrie manufacturière;2849Z;Fabrication d'autres machines-outils;2849Z - Fabrication d'autres machines-outils;44;1613;NC;44;1613;
2024;Tous risques confondus;C;Industrie manufacturière;C - Industrie manufacturière;2891Z;Fabrication de machines pour la métallurgie;2891Z - Fabrication de machines pour la métallurgie;17;635;NC;17;635;
2024;Tous risques confondus;C;Industrie manufacturière;C - Industrie manufacturière;2892Z;Fabrication de machines pour l'extraction ou la construction;2892Z - Fabrication de machines pour l'extraction ou la construction;243;8133;NC;243;8133;
2024;Tous risques confondus;C;Industrie manufacturière;C - Industrie manufacturière;2893Z;Fabrication de machines pour l'industrie agro-alimentaire;2893Z - Fabrication de machines pour l'industrie agro-alimentaire;325;9282;NC;325;9282;
2024;Tous risques confondus;C;Industrie manufacturière;C - Industrie manufacturière;2894Z;Fabrication de machines pour les industries textiles;2894Z - Fabrication de machines pour les industries textiles;44;2361;NC;44;2361;
2024;Tous risques confondus;C;Industrie manufacturière;C - Industrie manufacturière;2895Z;Fabrication de machines pour les industries du papier et du carton;2895Z - Fabrication de machines pour les industries du papier et du carton;46;1705;NC;46;1705;
2024;Tous risques confondus;C;Industrie manufacturière;C - Industrie manufacturière;2896Z;Fabrication de machines pour le travail du caoutchouc ou des plastiques;2896Z - Fabrication de machines pour le travail du caoutchouc ou des plastiques;25;1672;NC;25;1672;
2024;Tous risques confondus;C;Industrie manufacturière;C - Industrie manufacturière;2899A;Fabrication de machines d'imprimerie;2899A - Fabrication de machines d'imprimerie;11;916;NC;11;916;
2024;Tous risques confondus;C;Industrie manufacturière;C - Industrie manufacturière;2899B;Fabrication d'autres machines spécialisées;2899B - Fabrication d'autres machines spécialisées;240;10751;NC;240;10751;
2024;Tous risques confondus;C;Industrie manufacturière;C - Industrie manufacturière;2910Z;Construction de véhicules automobiles;2910Z - Construction de véhicules automobiles;1151;79635;NC;1151;79635;
2024;Tous risques confondus;C;Industrie manufacturière;C - Industrie manufacturière;2920Z;Fabrication de carrosseries et remorques;2920Z - Fabrication de carrosseries et remorques;1750;26001;NC;1750;26001;
2024;Tous risques confondus;C;Industrie manufacturière;C - Industrie manufacturière;2931Z;Fabrication d'équipements électriques et électroniques automobiles;2931Z - Fabrication d'équipements électriques et électroniques automobiles;169;10701;NC;169;10701;
2024;Tous risques confondus;C;Industrie manufacturière;C - Industrie manufacturière;2932Z;Fabrication d'autres équipements automobiles;2932Z - Fabrication d'autres équipements automobiles;1384;51822;NC;1384;51822;
2024;Tous risques confondus;C;Industrie manufacturière;C - Industrie manufacturière;3011Z;Construction de navires et de structures flottantes;3011Z - Construction de navires et de structures flottantes;501;21388;NC;501;21388;
2024;Tous risques confondus;C;Industrie manufacturière;C - Industrie manufacturière;3012Z;Construction de bateaux de plaisance;3012Z - Construction de bateaux de plaisance;599;9822;NC;599;9822;
2024;Tous risques confondus;C;Industrie manufacturière;C - Industrie manufacturière;3020Z;Construction de locomotives et d'autre matériel ferroviaire roulant;3020Z - Construction de locomotives et d'autre matériel ferroviaire roulant;205;16579;NC;205;16579;
2024;Tous risques confondus;C;Industrie manufacturière;C - Industrie manufacturière;3030Z;Construction aéronautique et spatiale;3030Z - Construction aéronautique et spatiale;1334;124431;NC;1334;124431;
2024;Tous risques confondus;C;Industrie manufacturière;C - Industrie manufacturière;3040Z;Construction de véhicules militaires de combat;3040Z - Construction de véhicules militaires de combat;49;2377;NC;49;2377;
2024;Tous risques confondus;C;Industrie manufacturière;C - Industrie manufacturière;3091Z;Fabrication de motocycles;3091Z - Fabrication de motocycles;72;2130;NC;72;2130;
2024;Tous risques confondus;C;Industrie manufacturière;C - Industrie manufacturière;3092Z;Fabrication de bicyclettes et de véhicules pour invalides;3092Z - Fabrication de bicyclettes et de véhicules pour invalides;60;1946;NC;60;1946;
2024;Tous risques confondus;C;Industrie manufacturière;C - Industrie manufacturière;3099Z;Fabrication d'autres équipements de transport n.c.a.;3099Z - Fabrication d'autres équipements de transport n.c.a.;6;167;NC;6;167;
2024;Tous risques confondus;C;Industrie manufacturière;C - Industrie manufacturière;3101Z;Fabrication de meubles de bureau et de magasin;3101Z - Fabrication de meubles de bureau et de magasin;528;10446;NC;528;10446;
2024;Tous risques confondus;C;Industrie manufacturière;C - Industrie manufacturière;3102Z;Fabrication de meubles de cuisine;3102Z - Fabrication de meubles de cuisine;292;6880;NC;292;6880;
2024;Tous risques confondus;C;Industrie manufacturière;C - Industrie manufacturière;3103Z;Fabrication de matelas;3103Z - Fabrication de matelas;185;2915;NC;185;2915;
2024;Tous risques confondus;C;Industrie manufacturière;C - Industrie manufacturière;3109A;Fabrication de sièges d'ameublement d'intérieur;3109A - Fabrication de sièges d'ameublement d'intérieur;91;1715;NC;91;1715;
2024;Tous risques confondus;C;Industrie manufacturière;C - Industrie manufacturière;3109B;Fabrication d'autres meubles et industries connexes de l'ameublement;3109B - Fabrication d'autres meubles et industries connexes de l'ameublement;706;15086;NC;706;15086;
2024;Tous risques confondus;C;Industrie manufacturière;C - Industrie manufacturière;3211Z;Frappe de monnaie;3211Z - Frappe de monnaie;NS;NS;NC;;;
2024;Tous risques confondus;C;Industrie manufacturière;C - Industrie manufacturière;3212Z;Fabrication d'articles de joaillerie et bijouterie;3212Z - Fabrication d'articles de joaillerie et bijouterie;209;11113;NC;209;11113;
2024;Tous risques confondus;C;Industrie manufacturière;C - Industrie manufacturière;3213Z;Fabrication d'articles de bijouterie fantaisie et articles similaires;3213Z - Fabrication d'articles de bijouterie fantaisie et articles similaires;60;3155;NC;60;3155;
2024;Tous risques confondus;C;Industrie manufacturière;C - Industrie manufacturière;3220Z;Fabrication d'instruments de musique;3220Z - Fabrication d'instruments de musique;40;1414;NC;40;1414;
2024;Tous risques confondus;C;Industrie manufacturière;C - Industrie manufacturière;3230Z;Fabrication d'articles de sport;3230Z - Fabrication d'articles de sport;145;4623;NC;145;4623;
2024;Tous risques confondus;C;Industrie manufacturière;C - Industrie manufacturière;3240Z;Fabrication de jeux et jouets;3240Z - Fabrication de jeux et jouets;58;1921;NC;58;1921;
2024;Tous risques confondus;C;Industrie manufacturière;C - Industrie manufacturière;3250A;Fabrication de matériel médico-chirurgical et dentaire;3250A - Fabrication de matériel médico-chirurgical et dentaire;954;42840;NC;954;42840;
2024;Tous risques confondus;C;Industrie manufacturière;C - Industrie manufacturière;3250B;Fabrication de lunettes;3250B - Fabrication de lunettes;107;7004;NC;107;7004;
2024;Tous risques confondus;C;Industrie manufacturière;C - Industrie manufacturière;3291Z;Fabrication d'articles de brosserie;3291Z - Fabrication d'articles de brosserie;42;1173;NC;42;1173;
2024;Tous risques confondus;C;Industrie manufacturière;C - Industrie manufacturière;3299Z;Autres activités manufacturières n.c.a.;3299Z - Autres activités manufacturières n.c.a.;242;7928;NC;242;7928;
2024;Tous risques confondus;C;Industrie manufacturière;C - Industrie manufacturière;3311Z;Réparation d'ouvrages en métaux;3311Z - Réparation d'ouvrages en métaux;408;14280;NC;408;14280;
2024;Tous risques confondus;C;Industrie manufacturière;C - Industrie manufacturière;3312Z;Réparation de machines et équipements mécaniques;3312Z - Réparation de machines et équipements mécaniques;1540;41284;NC;1540;41284;
2024;Tous risques confondus;C;Industrie manufacturière;C - Industrie manufacturière;3313Z;Réparation de matériels électroniques et optiques;3313Z - Réparation de matériels électroniques et optiques;93;6936;NC;93;6936;
2024;Tous risques confondus;C;Industrie manufacturière;C - Industrie manufacturière;3314Z;Réparation d'équipements électriques;3314Z - Réparation d'équipements électriques;313;9037;NC;313;9037;
2024;Tous risques confondus;C;Industrie manufacturière;C - Industrie manufacturière;3315Z;Réparation et maintenance navale;3315Z - Réparation et maintenance navale;366;9371;NC;366;9371;
2024;Tous risques confondus;C;Industrie manufacturière;C - Industrie manufacturière;3316Z;Réparation et maintenance d'aéronefs et d'engins spatiaux;3316Z - Réparation et maintenance d'aéronefs et d'engins spatiaux;272;11772;NC;272;11772;
2024;Tous risques confondus;C;Industrie manufacturière;C - Industrie manufacturière;3317Z;Réparation et maintenance d'autres équipements de transport;3317Z - Réparation et maintenance d'autres équipements de transport;137;2187;NC;137;2187;
2024;Tous risques confondus;C;Industrie manufacturière;C - Industrie manufacturière;3319Z;Réparation d'autres équipements;3319Z - Réparation d'autres équipements;134;2232;NC;134;2232;
2024;Tous risques confondus;C;Industrie manufacturière;C - Industrie manufacturière;3320A;Installation de structures métalliques, chaudronnées et de tuyauterie;3320A - Installation de structures métalliques, chaudronnées et de tuyauterie;1104;28962;NC;1104;28962;
2024;Tous risques confondus;C;Industrie manufacturière;C - Industrie manufacturière;3320B;Installation de machines et équipements mécaniques;3320B - Installation de machines et équipements mécaniques;941;25342;NC;941;25342;
2024;Tous risques confondus;C;Industrie manufacturière;C - Industrie manufacturière;3320C;Conception d'ensemble et assemblage sur site industriel d'équipements de contrôle des processus industriels;3320C - Conception d'ensemble et assemblage sur site industriel d'équipements de contrôle des processus industriels;237;16566;NC;237;16566;
2024;Tous risques confondus;C;Industrie manufacturière;C - Industrie manufacturière;3320D;Installation d'équipements électriques, de matériels électroniques et optiques ou d'autres matériels;3320D - Installation d'équipements électriques, de matériels électroniques et optiques ou d'autres matériels;223;11418;NC;223;11418;
2024;Tous risques confondus;C;Industrie manufacturière;C - Industrie manufacturière;TOUS;Total Industrie manufacturière;Total Industrie manufacturière;88879;2750410;NC;88879;2750410;
2024;Tous risques confondus;D;Production et distribution d'électricité, de gaz, de vapeur et d'air conditionné;D - Production et distribution d'électricité, de gaz, de vapeur et d'air conditionné;3511Z;Production d'électricité;3511Z - Production d'électricité;84;14149;NC;84;14149;
2024;Tous risques confondus;D;Production et distribution d'électricité, de gaz, de vapeur et d'air conditionné;D - Production et distribution d'électricité, de gaz, de vapeur et d'air conditionné;3512Z;Transport d'électricité;3512Z - Transport d'électricité;NS;NS;NC;;;
2024;Tous risques confondus;D;Production et distribution d'électricité, de gaz, de vapeur et d'air conditionné;D - Production et distribution d'électricité, de gaz, de vapeur et d'air conditionné;3513Z;Distribution d'électricité;3513Z - Distribution d'électricité;19;8779;NC;19;8779;
2024;Tous risques confondus;D;Production et distribution d'électricité, de gaz, de vapeur et d'air conditionné;D - Production et distribution d'électricité, de gaz, de vapeur et d'air conditionné;3514Z;Commerce d'électricité;3514Z - Commerce d'électricité;25;3220;NC;25;3220;
2024;Tous risques confondus;D;Production et distribution d'électricité, de gaz, de vapeur et d'air conditionné;D - Production et distribution d'électricité, de gaz, de vapeur et d'air conditionné;3521Z;Production de combustibles gazeux;3521Z - Production de combustibles gazeux;3;311;NC;3;311;
2024;Tous risques confondus;D;Production et distribution d'électricité, de gaz, de vapeur et d'air conditionné;D - Production et distribution d'électricité, de gaz, de vapeur et d'air conditionné;3522Z;Distribution de combustibles gazeux par conduites;3522Z - Distribution de combustibles gazeux par conduites;NS;NS;NC;;;
2024;Tous risques confondus;D;Production et distribution d'électricité, de gaz, de vapeur et d'air conditionné;D - Production et distribution d'électricité, de gaz, de vapeur et d'air conditionné;3523Z;Commerce de combustibles gazeux par conduites;3523Z - Commerce de combustibles gazeux par conduites;1;1017;NC;1;1017;
2024;Tous risques confondus;D;Production et distribution d'électricité, de gaz, de vapeur et d'air conditionné;D - Production et distribution d'électricité, de gaz, de vapeur et d'air conditionné;3530Z;Production et distribution de vapeur et d'air conditionné;3530Z - Production et distribution de vapeur et d'air conditionné;339;24873;NC;339;24873;
2024;Tous risques confondus;D;Production et distribution d'électricité, de gaz, de vapeur et d'air conditionné;D - Production et distribution d'électricité, de gaz, de vapeur et d'air conditionné;TOUS;Total Production et distribution d'électricité, de gaz, de vapeur et d'air conditionné;Total Production et distribution d'électricité, de gaz, de vapeur et d'air conditionné;475;55376;NC;475;55376;
2024;Tous risques confondus;E;"Production et distribution d'eau ; assainissement, gestion des déchets et dépollution";"E - Production et distribution d'eau ; assainissement, gestion des déchets et dépollution";3600Z;Captage, traitement et distribution d'eau;3600Z - Captage, traitement et distribution d'eau;743;41060;NC;743;41060;
2024;Tous risques confondus;E;"Production et distribution d'eau ; assainissement, gestion des déchets et dépollution";"E - Production et distribution d'eau ; assainissement, gestion des déchets et dépollution";3700Z;Collecte et traitement des eaux usées;3700Z - Collecte et traitement des eaux usées;758;18165;NC;758;18165;
2024;Tous risques confondus;E;"Production et distribution d'eau ; assainissement, gestion des déchets et dépollution";"E - Production et distribution d'eau ; assainissement, gestion des déchets et dépollution";3811Z;Collecte des déchets non dangereux;3811Z - Collecte des déchets non dangereux;2440;41232;NC;2440;41232;
2024;Tous risques confondus;E;"Production et distribution d'eau ; assainissement, gestion des déchets et dépollution";"E - Production et distribution d'eau ; assainissement, gestion des déchets et dépollution";3812Z;Collecte des déchets dangereux;3812Z - Collecte des déchets dangereux;229;3683;NC;229;3683;
2024;Tous risques confondus;E;"Production et distribution d'eau ; assainissement, gestion des déchets et dépollution";"E - Production et distribution d'eau ; assainissement, gestion des déchets et dépollution";3821Z;Traitement et élimination des déchets non dangereux;3821Z - Traitement et élimination des déchets non dangereux;605;15879;NC;605;15879;
2024;Tous risques confondus;E;"Production et distribution d'eau ; assainissement, gestion des déchets et dépollution";"E - Production et distribution d'eau ; assainissement, gestion des déchets et dépollution";3822Z;Traitement et élimination des déchets dangereux;3822Z - Traitement et élimination des déchets dangereux;194;9923;NC;194;9923;
2024;Tous risques confondus;E;"Production et distribution d'eau ; assainissement, gestion des déchets et dépollution";"E - Production et distribution d'eau ; assainissement, gestion des déchets et dépollution";3831Z;Démantèlement d'épaves;3831Z - Démantèlement d'épaves;140;2772;NC;140;2772;
2024;Tous risques confondus;E;"Production et distribution d'eau ; assainissement, gestion des déchets et dépollution";"E - Production et distribution d'eau ; assainissement, gestion des déchets et dépollution";3832Z;Récupération de déchets triés;3832Z - Récupération de déchets triés;2178;34385;NC;2178;34385;
2024;Tous risques confondus;E;"Production et distribution d'eau ; assainissement, gestion des déchets et dépollution";"E - Production et distribution d'eau ; assainissement, gestion des déchets et dépollution";3900Z;Dépollution et autres services de gestion des déchets;3900Z - Dépollution et autres services de gestion des déchets;472;10790;NC;472;10790;
2024;Tous risques confondus;E;"Production et distribution d'eau ; assainissement, gestion des déchets et dépollution";"E - Production et distribution d'eau ; assainissement, gestion des déchets et dépollution";TOUS;"Total Production et distribution d'eau ; assainissement, gestion des déchets et dépollution";"Total Production et distribution d'eau ; assainissement, gestion des déchets et dépollution";7759;177889;NC;7759;177889;
2024;Tous risques confondus;F;Construction;F - Construction;4110A;Promotion immobilière de logements;4110A - Promotion immobilière de logements;145;20628;NC;145;20628;
2024;Tous risques confondus;F;Construction;F - Construction;4110B;Promotion immobilière de bureaux;4110B - Promotion immobilière de bureaux;8;1391;NC;8;1391;
2024;Tous risques confondus;F;Construction;F - Construction;4110C;Promotion immobilière d'autres bâtiments;4110C - Promotion immobilière d'autres bâtiments;23;3434;NC;23;3434;
2024;Tous risques confondus;F;Construction;F - Construction;4110D;Supports juridiques de programmes;4110D - Supports juridiques de programmes;68;1819;NC;68;1819;
2024;Tous risques confondus;F;Construction;F - Construction;4120A;Construction de maisons individuelles;4120A - Construction de maisons individuelles;2110;56285;NC;2110;56285;
2024;Tous risques confondus;F;Construction;F - Construction;4120B;Construction d'autres bâtiments;4120B - Construction d'autres bâtiments;2833;75742;NC;2833;75742;
2024;Tous risques confondus;F;Construction;F - Construction;4211Z;Construction de routes et autoroutes;4211Z - Construction de routes et autoroutes;1785;68722;NC;1785;68722;
2024;Tous risques confondus;F;Construction;F - Construction;4212Z;Construction de voies ferrées de surface et souterraines;4212Z - Construction de voies ferrées de surface et souterraines;322;11649;NC;322;11649;
2024;Tous risques confondus;F;Construction;F - Construction;4213A;Construction d'ouvrages d'art;4213A - Construction d'ouvrages d'art;245;8009;NC;245;8009;
2024;Tous risques confondus;F;Construction;F - Construction;4213B;Construction et entretien de tunnels;4213B - Construction et entretien de tunnels;41;3496;NC;41;3496;
2024;Tous risques confondus;F;Construction;F - Construction;4221Z;Construction de réseaux pour fluides;4221Z - Construction de réseaux pour fluides;1236;29455;NC;1236;29455;
2024;Tous risques confondus;F;Construction;F - Construction;4222Z;Construction de réseaux électriques et de télécommunications;4222Z - Construction de réseaux électriques et de télécommunications;1408;43407;NC;1408;43407;
2024;Tous risques confondus;F;Construction;F - Construction;4291Z;Construction d'ouvrages maritimes et fluviaux;4291Z - Construction d'ouvrages maritimes et fluviaux;65;4321;NC;65;4321;
2024;Tous risques confondus;F;Construction;F - Construction;4299Z;Construction d'autres ouvrages de génie civil n.c.a.;4299Z - Construction d'autres ouvrages de génie civil n.c.a.;360;12808;NC;360;12808;
2024;Tous risques confondus;F;Construction;F - Construction;4311Z;Travaux de démolition;4311Z - Travaux de démolition;421;8158;NC;421;8158;
2024;Tous risques confondus;F;Construction;F - Construction;4312A;Travaux de terrassement courants et travaux préparatoires;4312A - Travaux de terrassement courants et travaux préparatoires;3420;74796;NC;3420;74796;
2024;Tous risques confondus;F;Construction;F - Construction;4312B;Travaux de terrassement spécialisés ou de grande masse;4312B - Travaux de terrassement spécialisés ou de grande masse;604;18200;NC;604;18200;
2024;Tous risques confondus;F;Construction;F - Construction;4313Z;Forages et sondages;4313Z - Forages et sondages;218;3160;NC;218;3160;
2024;Tous risques confondus;F;Construction;F - Construction;4321A;Travaux d'installation électrique dans tous locaux;4321A - Travaux d'installation électrique dans tous locaux;7024;213099;NC;7024;213099;
2024;Tous risques confondus;F;Construction;F - Construction;4321B;Travaux d'installation électrique sur la voie publique;4321B - Travaux d'installation électrique sur la voie publique;144;5724;NC;144;5724;
2024;Tous risques confondus;F;Construction;F - Construction;4322A;Travaux d'installation d'eau et de gaz en tous locaux;4322A - Travaux d'installation d'eau et de gaz en tous locaux;4116;75343;NC;4116;75343;
2024;Tous risques confondus;F;Construction;F - Construction;4322B;Travaux d'installation d'équipements thermiques et de climatisation;4322B - Travaux d'installation d'équipements thermiques et de climatisation;5645;126934;NC;5645;126934;
2024;Tous risques confondus;F;Construction;F - Construction;4329A;Travaux d'isolation;4329A - Travaux d'isolation;1401;28666;NC;1401;28666;
2024;Tous risques confondus;F;Construction;F - Construction;4329B;Autres travaux d'installation n.c.a.;4329B - Autres travaux d'installation n.c.a.;824;26551;NC;824;26551;
2024;Tous risques confondus;F;Construction;F - Construction;4331Z;Travaux de plâtrerie;4331Z - Travaux de plâtrerie;2671;49209;NC;2671;49209;
2024;Tous risques confondus;F;Construction;F - Construction;4332A;Travaux de menuiserie bois et PVC;4332A - Travaux de menuiserie bois et PVC;6979;100481;NC;6979;100481;
2024;Tous risques confondus;F;Construction;F - Construction;4332B;Travaux de menuiserie métallique et serrurerie;4332B - Travaux de menuiserie métallique et serrurerie;3339;52020;NC;3339;52020;
2024;Tous risques confondus;F;Construction;F - Construction;4332C;Agencement de lieux de vente;4332C - Agencement de lieux de vente;399;8998;NC;399;8998;
2024;Tous risques confondus;F;Construction;F - Construction;4333Z;Travaux de revêtement des sols et des murs;4333Z - Travaux de revêtement des sols et des murs;1986;39165;NC;1986;39165;
2024;Tous risques confondus;F;Construction;F - Construction;4334Z;Travaux de peinture et vitrerie;4334Z - Travaux de peinture et vitrerie;4453;96625;NC;4453;96625;
2024;Tous risques confondus;F;Construction;F - Construction;4339Z;Autres travaux de finition;4339Z - Autres travaux de finition;702;13402;NC;702;13402;
2024;Tous risques confondus;F;Construction;F - Construction;4391A;Travaux de charpente;4391A - Travaux de charpente;3119;33816;NC;3119;33816;
2024;Tous risques confondus;F;Construction;F - Construction;4391B;Travaux de couverture par éléments;4391B - Travaux de couverture par éléments;4583;51774;NC;4583;51774;
2024;Tous risques confondus;F;Construction;F - Construction;4399A;Travaux d'étanchéification;4399A - Travaux d'étanchéification;1183;24907;NC;1183;24907;
2024;Tous risques confondus;F;Construction;F - Construction;4399B;Travaux de montage de structures métalliques;4399B - Travaux de montage de structures métalliques;851;15524;NC;851;15524;
2024;Tous risques confondus;F;Construction;F - Construction;4399C;Travaux de maçonnerie générale et gros œuvre de bâtiment;4399C - Travaux de maçonnerie générale et gros œuvre de bâtiment;13383;221374;NC;13383;221374;
2024;Tous risques confondus;F;Construction;F - Construction;4399D;Autres travaux spécialisés de construction;4399D - Autres travaux spécialisés de construction;1355;26061;NC;1355;26061;
2024;Tous risques confondus;F;Construction;F - Construction;4399E;Location avec opérateur de matériel de construction;4399E - Location avec opérateur de matériel de construction;365;6678;NC;365;6678;
2024;Tous risques confondus;F;Construction;F - Construction;TOUS;Total Construction;Total Construction;79834;1661831;NC;79834;1661831;
2024;Tous risques confondus;G;"Commerce ; réparation d'automobiles et de motocycles";"G - Commerce ; réparation d'automobiles et de motocycles";4511Z;Commerce de voitures et de véhicules automobiles légers;4511Z - Commerce de voitures et de véhicules automobiles légers;4822;172351;NC;4822;172351;
2024;Tous risques confondus;G;"Commerce ; réparation d'automobiles et de motocycles";"G - Commerce ; réparation d'automobiles et de motocycles";4519Z;Commerce d'autres véhicules automobiles;4519Z - Commerce d'autres véhicules automobiles;797;16311;NC;797;16311;
2024;Tous risques confondus;G;"Commerce ; réparation d'automobiles et de motocycles";"G - Commerce ; réparation d'automobiles et de motocycles";4520A;Entretien et réparation de véhicules automobiles légers;4520A - Entretien et réparation de véhicules automobiles légers;5215;150472;NC;5215;150472;
2024;Tous risques confondus;G;"Commerce ; réparation d'automobiles et de motocycles";"G - Commerce ; réparation d'automobiles et de motocycles";4520B;Entretien et réparation d'autres véhicules automobiles;4520B - Entretien et réparation d'autres véhicules automobiles;718;12945;NC;718;12945;
2024;Tous risques confondus;G;"Commerce ; réparation d'automobiles et de motocycles";"G - Commerce ; réparation d'automobiles et de motocycles";4531Z;Commerce de gros d'équipements automobiles;4531Z - Commerce de gros d'équipements automobiles;1531;40296;NC;1531;40296;
2024;Tous risques confondus;G;"Commerce ; réparation d'automobiles et de motocycles";"G - Commerce ; réparation d'automobiles et de motocycles";4532Z;Commerce de détail d'équipements automobiles;4532Z - Commerce de détail d'équipements automobiles;1547;36246;NC;1547;36246;
2024;Tous risques confondus;G;"Commerce ; réparation d'automobiles et de motocycles";"G - Commerce ; réparation d'automobiles et de motocycles";4540Z;Commerce et réparation de motocycles;4540Z - Commerce et réparation de motocycles;536;15569;NC;536;15569;
2024;Tous risques confondus;G;"Commerce ; réparation d'automobiles et de motocycles";"G - Commerce ; réparation d'automobiles et de motocycles";4611Z;Intermédiaires du commerce en matières premières agricoles, animaux vivants, matières premières textiles et produits semi-finis;4611Z - Intermédiaires du commerce en matières premières agricoles, animaux vivants, matières premières textiles et produits semi-finis;14;1185;NC;14;1185;
2024;Tous risques confondus;G;"Commerce ; réparation d'automobiles et de motocycles";"G - Commerce ; réparation d'automobiles et de motocycles";4612A;Centrales d'achat de carburant;4612A - Centrales d'achat de carburant;0;38;NC;0;38;
2024;Tous risques confondus;G;"Commerce ; réparation d'automobiles et de motocycles";"G - Commerce ; réparation d'automobiles et de motocycles";4612B;Autres intermédiaires du commerce en combustibles, métaux, minéraux et produits chimiques;4612B - Autres intermédiaires du commerce en combustibles, métaux, minéraux et produits chimiques;22;1841;NC;22;1841;
2024;Tous risques confondus;G;"Commerce ; réparation d'automobiles et de motocycles";"G - Commerce ; réparation d'automobiles et de motocycles";4613Z;Intermédiaires du commerce en bois et matériaux de construction;4613Z - Intermédiaires du commerce en bois et matériaux de construction;109;3228;NC;109;3228;
2024;Tous risques confondus;G;"Commerce ; réparation d'automobiles et de motocycles";"G - Commerce ; réparation d'automobiles et de motocycles";4614Z;Intermédiaires du commerce en machines, équipements industriels, navires et avions;4614Z - Intermédiaires du commerce en machines, équipements industriels, navires et avions;47;3475;NC;47;3475;
2024;Tous risques confondus;G;"Commerce ; réparation d'automobiles et de motocycles";"G - Commerce ; réparation d'automobiles et de motocycles";4615Z;Intermédiaires du commerce en meubles, articles de ménage et quincaillerie;4615Z - Intermédiaires du commerce en meubles, articles de ménage et quincaillerie;19;1423;NC;19;1423;
2024;Tous risques confondus;G;"Commerce ; réparation d'automobiles et de motocycles";"G - Commerce ; réparation d'automobiles et de motocycles";4616Z;Intermédiaires du commerce en textiles, habillement, fourrures, chaussures et articles en cuir;4616Z - Intermédiaires du commerce en textiles, habillement, fourrures, chaussures et articles en cuir;33;1606;NC;33;1606;
2024;Tous risques confondus;G;"Commerce ; réparation d'automobiles et de motocycles";"G - Commerce ; réparation d'automobiles et de motocycles";4617A;Centrales d'achat alimentaires;4617A - Centrales d'achat alimentaires;795;15883;NC;795;15883;
2024;Tous risques confondus;G;"Commerce ; réparation d'automobiles et de motocycles";"G - Commerce ; réparation d'automobiles et de motocycles";4617B;Autres intermédiaires du commerce en denrées, boissons et tabac;4617B - Autres intermédiaires du commerce en denrées, boissons et tabac;55;3513;NC;55;3513;
2024;Tous risques confondus;G;"Commerce ; réparation d'automobiles et de motocycles";"G - Commerce ; réparation d'automobiles et de motocycles";4618Z;Intermédiaires spécialisés dans le commerce d'autres produits spécifiques;4618Z - Intermédiaires spécialisés dans le commerce d'autres produits spécifiques;246;15329;NC;246;15329;
2024;Tous risques confondus;G;"Commerce ; réparation d'automobiles et de motocycles";"G - Commerce ; réparation d'automobiles et de motocycles";4619A;Centrales d'achat non alimentaires;4619A - Centrales d'achat non alimentaires;186;12105;NC;186;12105;
2024;Tous risques confondus;G;"Commerce ; réparation d'automobiles et de motocycles";"G - Commerce ; réparation d'automobiles et de motocycles";4619B;Autres intermédiaires du commerce en produits divers;4619B - Autres intermédiaires du commerce en produits divers;179;12401;NC;179;12401;
2024;Tous risques confondus;G;"Commerce ; réparation d'automobiles et de motocycles";"G - Commerce ; réparation d'automobiles et de motocycles";4621Z;Commerce de gros (commerce interentreprises) de céréales, de tabac non manufacturé, de semences et d'aliments pour le bétail;4621Z - Commerce de gros (commerce interentreprises) de céréales, de tabac non manufacturé, de semences et d'aliments pour le bétail;278;12088;NC;278;12088;
2024;Tous risques confondus;G;"Commerce ; réparation d'automobiles et de motocycles";"G - Commerce ; réparation d'automobiles et de motocycles";4622Z;Commerce de gros (commerce interentreprises) de fleurs et plantes;4622Z - Commerce de gros (commerce interentreprises) de fleurs et plantes;99;3298;NC;99;3298;
2024;Tous risques confondus;G;"Commerce ; réparation d'automobiles et de motocycles";"G - Commerce ; réparation d'automobiles et de motocycles";4623Z;Commerce de gros (commerce interentreprises) d'animaux vivants;4623Z - Commerce de gros (commerce interentreprises) d'animaux vivants;100;2743;NC;100;2743;
2024;Tous risques confondus;G;"Commerce ; réparation d'automobiles et de motocycles";"G - Commerce ; réparation d'automobiles et de motocycles";4624Z;Commerce de gros (commerce interentreprises) de cuirs et peaux;4624Z - Commerce de gros (commerce interentreprises) de cuirs et peaux;16;457;NC;16;457;
2024;Tous risques confondus;G;"Commerce ; réparation d'automobiles et de motocycles";"G - Commerce ; réparation d'automobiles et de motocycles";4631Z;Commerce de gros (commerce interentreprises) de fruits et légumes;4631Z - Commerce de gros (commerce interentreprises) de fruits et légumes;1568;29948;NC;1568;29948;
2024;Tous risques confondus;G;"Commerce ; réparation d'automobiles et de motocycles";"G - Commerce ; réparation d'automobiles et de motocycles";4632A;Commerce de gros (commerce interentreprises) de viandes de boucherie;4632A - Commerce de gros (commerce interentreprises) de viandes de boucherie;362;5808;NC;362;5808;
2024;Tous risques confondus;G;"Commerce ; réparation d'automobiles et de motocycles";"G - Commerce ; réparation d'automobiles et de motocycles";4632B;Commerce de gros (commerce interentreprises) de produits à base de viande;4632B - Commerce de gros (commerce interentreprises) de produits à base de viande;85;2904;NC;85;2904;
2024;Tous risques confondus;G;"Commerce ; réparation d'automobiles et de motocycles";"G - Commerce ; réparation d'automobiles et de motocycles";4632C;Commerce de gros (commerce interentreprises) de volailles et gibier;4632C - Commerce de gros (commerce interentreprises) de volailles et gibier;112;2342;NC;112;2342;
2024;Tous risques confondus;G;"Commerce ; réparation d'automobiles et de motocycles";"G - Commerce ; réparation d'automobiles et de motocycles";4633Z;Commerce de gros (commerce interentreprises) de produits laitiers, œufs, huiles et matières grasses comestibles;4633Z - Commerce de gros (commerce interentreprises) de produits laitiers, œufs, huiles et matières grasses comestibles;544;10931;NC;544;10931;
2024;Tous risques confondus;G;"Commerce ; réparation d'automobiles et de motocycles";"G - Commerce ; réparation d'automobiles et de motocycles";4634Z;Commerce de gros (commerce interentreprises) de boissons;4634Z - Commerce de gros (commerce interentreprises) de boissons;1371;36936;NC;1371;36936;
2024;Tous risques confondus;G;"Commerce ; réparation d'automobiles et de motocycles";"G - Commerce ; réparation d'automobiles et de motocycles";4635Z;Commerce de gros (commerce interentreprises) de produits à base de tabac;4635Z - Commerce de gros (commerce interentreprises) de produits à base de tabac;30;1433;NC;30;1433;
2024;Tous risques confondus;G;"Commerce ; réparation d'automobiles et de motocycles";"G - Commerce ; réparation d'automobiles et de motocycles";4636Z;Commerce de gros (commerce interentreprises) de sucre, chocolat et confiserie;4636Z - Commerce de gros (commerce interentreprises) de sucre, chocolat et confiserie;166;5142;NC;166;5142;
2024;Tous risques confondus;G;"Commerce ; réparation d'automobiles et de motocycles";"G - Commerce ; réparation d'automobiles et de motocycles";4637Z;Commerce de gros (commerce interentreprises) de café, thé, cacao et épices;4637Z - Commerce de gros (commerce interentreprises) de café, thé, cacao et épices;53;3023;NC;53;3023;
2024;Tous risques confondus;G;"Commerce ; réparation d'automobiles et de motocycles";"G - Commerce ; réparation d'automobiles et de motocycles";4638A;Commerce de gros (commerce interentreprises) de poissons, crustacés et mollusques;4638A - Commerce de gros (commerce interentreprises) de poissons, crustacés et mollusques;364;6649;NC;364;6649;
2024;Tous risques confondus;G;"Commerce ; réparation d'automobiles et de motocycles";"G - Commerce ; réparation d'automobiles et de motocycles";4638B;Commerce de gros (commerce interentreprises) alimentaire spécialisé divers;4638B - Commerce de gros (commerce interentreprises) alimentaire spécialisé divers;591;20253;NC;591;20253;
2024;Tous risques confondus;G;"Commerce ; réparation d'automobiles et de motocycles";"G - Commerce ; réparation d'automobiles et de motocycles";4639A;Commerce de gros (commerce interentreprises) de produits surgelés;4639A - Commerce de gros (commerce interentreprises) de produits surgelés;752;13139;NC;752;13139;
2024;Tous risques confondus;G;"Commerce ; réparation d'automobiles et de motocycles";"G - Commerce ; réparation d'automobiles et de motocycles";4639B;Commerce de gros (commerce interentreprises) alimentaire non spécialisé;4639B - Commerce de gros (commerce interentreprises) alimentaire non spécialisé;2229;41105;NC;2229;41105;
2024;Tous risques confondus;G;"Commerce ; réparation d'automobiles et de motocycles";"G - Commerce ; réparation d'automobiles et de motocycles";4641Z;Commerce de gros (commerce interentreprises) de textiles;4641Z - Commerce de gros (commerce interentreprises) de textiles;126;6507;NC;126;6507;
2024;Tous risques confondus;G;"Commerce ; réparation d'automobiles et de motocycles";"G - Commerce ; réparation d'automobiles et de motocycles";4642Z;Commerce de gros (commerce interentreprises) d'habillement et de chaussures;4642Z - Commerce de gros (commerce interentreprises) d'habillement et de chaussures;454;26014;NC;454;26014;
2024;Tous risques confondus;G;"Commerce ; réparation d'automobiles et de motocycles";"G - Commerce ; réparation d'automobiles et de motocycles";4643Z;Commerce de gros (commerce interentreprises) d'appareils électroménagers;4643Z - Commerce de gros (commerce interentreprises) d'appareils électroménagers;220;12840;NC;220;12840;
2024;Tous risques confondus;G;"Commerce ; réparation d'automobiles et de motocycles";"G - Commerce ; réparation d'automobiles et de motocycles";4644Z;Commerce de gros (commerce interentreprises) de vaisselle, verrerie et produits d'entretien;4644Z - Commerce de gros (commerce interentreprises) de vaisselle, verrerie et produits d'entretien;226;8740;NC;226;8740;
2024;Tous risques confondus;G;"Commerce ; réparation d'automobiles et de motocycles";"G - Commerce ; réparation d'automobiles et de motocycles";4645Z;Commerce de gros (commerce interentreprises) de parfumerie et de produits de beauté;4645Z - Commerce de gros (commerce interentreprises) de parfumerie et de produits de beauté;367;22305;NC;367;22305;
2024;Tous risques confondus;G;"Commerce ; réparation d'automobiles et de motocycles";"G - Commerce ; réparation d'automobiles et de motocycles";4646Z;Commerce de gros (commerce interentreprises) de produits pharmaceutiques;4646Z - Commerce de gros (commerce interentreprises) de produits pharmaceutiques;1250;62412;NC;1250;62412;
2024;Tous risques confondus;G;"Commerce ; réparation d'automobiles et de motocycles";"G - Commerce ; réparation d'automobiles et de motocycles";4647Z;Commerce de gros (commerce interentreprises) de meubles, de tapis et d'appareils d'éclairage;4647Z - Commerce de gros (commerce interentreprises) de meubles, de tapis et d'appareils d'éclairage;109;5826;NC;109;5826;
2024;Tous risques confondus;G;"Commerce ; réparation d'automobiles et de motocycles";"G - Commerce ; réparation d'automobiles et de motocycles";4648Z;Commerce de gros (commerce interentreprises) d'articles d'horlogerie et de bijouterie;4648Z - Commerce de gros (commerce interentreprises) d'articles d'horlogerie et de bijouterie;25;3050;NC;25;3050;
2024;Tous risques confondus;G;"Commerce ; réparation d'automobiles et de motocycles";"G - Commerce ; réparation d'automobiles et de motocycles";4649Z;Commerce de gros (commerce interentreprises) d'autres biens domestiques;4649Z - Commerce de gros (commerce interentreprises) d'autres biens domestiques;898;44777;NC;898;44777;
2024;Tous risques confondus;G;"Commerce ; réparation d'automobiles et de motocycles";"G - Commerce ; réparation d'automobiles et de motocycles";4651Z;Commerce de gros (commerce interentreprises) d'ordinateurs, d'équipements informatiques périphériques et de logiciels;4651Z - Commerce de gros (commerce interentreprises) d'ordinateurs, d'équipements informatiques périphériques et de logiciels;337;33516;NC;337;33516;
2024;Tous risques confondus;G;"Commerce ; réparation d'automobiles et de motocycles";"G - Commerce ; réparation d'automobiles et de motocycles";4652Z;Commerce de gros (commerce interentreprises) de composants et d'équipements électroniques et de télécommunication;4652Z - Commerce de gros (commerce interentreprises) de composants et d'équipements électroniques et de télécommunication;310;26725;NC;310;26725;
2024;Tous risques confondus;G;"Commerce ; réparation d'automobiles et de motocycles";"G - Commerce ; réparation d'automobiles et de motocycles";4661Z;Commerce de gros (commerce interentreprises) de matériel agricole;4661Z - Commerce de gros (commerce interentreprises) de matériel agricole;1652;41052;NC;1652;41052;
2024;Tous risques confondus;G;"Commerce ; réparation d'automobiles et de motocycles";"G - Commerce ; réparation d'automobiles et de motocycles";4662Z;Commerce de gros (commerce interentreprises) de machines-outils;4662Z - Commerce de gros (commerce interentreprises) de machines-outils;100;4557;NC;100;4557;
2024;Tous risques confondus;G;"Commerce ; réparation d'automobiles et de motocycles";"G - Commerce ; réparation d'automobiles et de motocycles";4663Z;Commerce de gros (commerce interentreprises) de machines pour l'extraction, la construction et le génie civil;4663Z - Commerce de gros (commerce interentreprises) de machines pour l'extraction, la construction et le génie civil;460;14449;NC;460;14449;
2024;Tous risques confondus;G;"Commerce ; réparation d'automobiles et de motocycles";"G - Commerce ; réparation d'automobiles et de motocycles";4664Z;Commerce de gros (commerce interentreprises) de machines pour l'industrie textile et l'habillement;4664Z - Commerce de gros (commerce interentreprises) de machines pour l'industrie textile et l'habillement;6;412;NC;6;412;
2024;Tous risques confondus;G;"Commerce ; réparation d'automobiles et de motocycles";"G - Commerce ; réparation d'automobiles et de motocycles";4665Z;Commerce de gros (commerce interentreprises) de mobilier de bureau;4665Z - Commerce de gros (commerce interentreprises) de mobilier de bureau;72;3381;NC;72;3381;
2024;Tous risques confondus;G;"Commerce ; réparation d'automobiles et de motocycles";"G - Commerce ; réparation d'automobiles et de motocycles";4666Z;Commerce de gros (commerce interentreprises) d'autres machines et équipements de bureau;4666Z - Commerce de gros (commerce interentreprises) d'autres machines et équipements de bureau;188;13725;NC;188;13725;
2024;Tous risques confondus;G;"Commerce ; réparation d'automobiles et de motocycles";"G - Commerce ; réparation d'automobiles et de motocycles";4669A;Commerce de gros (commerce interentreprises) de matériel électrique;4669A - Commerce de gros (commerce interentreprises) de matériel électrique;512;34677;NC;512;34677;
2024;Tous risques confondus;G;"Commerce ; réparation d'automobiles et de motocycles";"G - Commerce ; réparation d'automobiles et de motocycles";4669B;Commerce de gros (commerce interentreprises) de fournitures et équipements industriels divers;4669B - Commerce de gros (commerce interentreprises) de fournitures et équipements industriels divers;2142;96891;NC;2142;96891;
2024;Tous risques confondus;G;"Commerce ; réparation d'automobiles et de motocycles";"G - Commerce ; réparation d'automobiles et de motocycles";4669C;Commerce de gros (commerce interentreprises) de fournitures et équipements divers pour le commerce et les services;4669C - Commerce de gros (commerce interentreprises) de fournitures et équipements divers pour le commerce et les services;850;26098;NC;850;26098;
2024;Tous risques confondus;G;"Commerce ; réparation d'automobiles et de motocycles";"G - Commerce ; réparation d'automobiles et de motocycles";4671Z;Commerce de gros (commerce interentreprises) de combustibles et de produits annexes;4671Z - Commerce de gros (commerce interentreprises) de combustibles et de produits annexes;243;13631;NC;243;13631;
2024;Tous risques confondus;G;"Commerce ; réparation d'automobiles et de motocycles";"G - Commerce ; réparation d'automobiles et de motocycles";4672Z;Commerce de gros (commerce interentreprises) de minerais et métaux;4672Z - Commerce de gros (commerce interentreprises) de minerais et métaux;479;15480;NC;479;15480;
2024;Tous risques confondus;G;"Commerce ; réparation d'automobiles et de motocycles";"G - Commerce ; réparation d'automobiles et de motocycles";4673A;Commerce de gros (commerce interentreprises) de bois et de matériaux de construction;4673A - Commerce de gros (commerce interentreprises) de bois et de matériaux de construction;2869;84801;NC;2869;84801;
2024;Tous risques confondus;G;"Commerce ; réparation d'automobiles et de motocycles";"G - Commerce ; réparation d'automobiles et de motocycles";4673B;Commerce de gros (commerce interentreprises) d'appareils sanitaires et de produits de décoration;4673B - Commerce de gros (commerce interentreprises) d'appareils sanitaires et de produits de décoration;399;18172;NC;399;18172;
2024;Tous risques confondus;G;"Commerce ; réparation d'automobiles et de motocycles";"G - Commerce ; réparation d'automobiles et de motocycles";4674A;Commerce de gros (commerce interentreprises) de quincaillerie;4674A - Commerce de gros (commerce interentreprises) de quincaillerie;676;25817;NC;676;25817;
2024;Tous risques confondus;G;"Commerce ; réparation d'automobiles et de motocycles";"G - Commerce ; réparation d'automobiles et de motocycles";4674B;Commerce de gros (commerce interentreprises) de fournitures pour la plomberie et le chauffage;4674B - Commerce de gros (commerce interentreprises) de fournitures pour la plomberie et le chauffage;706;26105;NC;706;26105;
2024;Tous risques confondus;G;"Commerce ; réparation d'automobiles et de motocycles";"G - Commerce ; réparation d'automobiles et de motocycles";4675Z;Commerce de gros (commerce interentreprises) de produits chimiques;4675Z - Commerce de gros (commerce interentreprises) de produits chimiques;310;19330;NC;310;19330;
2024;Tous risques confondus;G;"Commerce ; réparation d'automobiles et de motocycles";"G - Commerce ; réparation d'automobiles et de motocycles";4676Z;Commerce de gros (commerce interentreprises) d'autres produits intermédiaires;4676Z - Commerce de gros (commerce interentreprises) d'autres produits intermédiaires;248;10979;NC;248;10979;
2024;Tous risques confondus;G;"Commerce ; réparation d'automobiles et de motocycles";"G - Commerce ; réparation d'automobiles et de motocycles";4677Z;Commerce de gros (commerce interentreprises) de déchets et débris;4677Z - Commerce de gros (commerce interentreprises) de déchets et débris;159;3189;NC;159;3189;
2024;Tous risques confondus;G;"Commerce ; réparation d'automobiles et de motocycles";"G - Commerce ; réparation d'automobiles et de motocycles";4690Z;Commerce de gros (commerce interentreprises) non spécialisé;4690Z - Commerce de gros (commerce interentreprises) non spécialisé;961;38279;NC;961;38279;
2024;Tous risques confondus;G;"Commerce ; réparation d'automobiles et de motocycles";"G - Commerce ; réparation d'automobiles et de motocycles";4711A;Commerce de détail de produits surgelés;4711A - Commerce de détail de produits surgelés;428;7922;NC;428;7922;
2024;Tous risques confondus;G;"Commerce ; réparation d'automobiles et de motocycles";"G - Commerce ; réparation d'automobiles et de motocycles";4711B;Commerce d'alimentation générale;4711B - Commerce d'alimentation générale;1155;50757;NC;1155;50757;
2024;Tous risques confondus;G;"Commerce ; réparation d'automobiles et de motocycles";"G - Commerce ; réparation d'automobiles et de motocycles";4711C;Supérettes;4711C - Supérettes;710;22335;NC;710;22335;
2024;Tous risques confondus;G;"Commerce ; réparation d'automobiles et de motocycles";"G - Commerce ; réparation d'automobiles et de motocycles";4711D;Supermarchés;4711D - Supermarchés;13883;247990;NC;13883;247990;
2024;Tous risques confondus;G;"Commerce ; réparation d'automobiles et de motocycles";"G - Commerce ; réparation d'automobiles et de motocycles";4711E;Magasins multi-commerces;4711E - Magasins multi-commerces;244;3956;NC;244;3956;
2024;Tous risques confondus;G;"Commerce ; réparation d'automobiles et de motocycles";"G - Commerce ; réparation d'automobiles et de motocycles";4711F;Hypermarchés;4711F - Hypermarchés;17810;281135;NC;17810;281135;
2024;Tous risques confondus;G;"Commerce ; réparation d'automobiles et de motocycles";"G - Commerce ; réparation d'automobiles et de motocycles";4719A;Grands magasins;4719A - Grands magasins;538;11123;NC;538;11123;
2024;Tous risques confondus;G;"Commerce ; réparation d'automobiles et de motocycles";"G - Commerce ; réparation d'automobiles et de motocycles";4719B;Autres commerces de détail en magasin non spécialisé;4719B - Autres commerces de détail en magasin non spécialisé;2128;38345;NC;2128;38345;
2024;Tous risques confondus;G;"Commerce ; réparation d'automobiles et de motocycles";"G - Commerce ; réparation d'automobiles et de motocycles";4721Z;Commerce de détail de fruits et légumes en magasin spécialisé;4721Z - Commerce de détail de fruits et légumes en magasin spécialisé;572;15855;NC;572;15855;
2024;Tous risques confondus;G;"Commerce ; réparation d'automobiles et de motocycles";"G - Commerce ; réparation d'automobiles et de motocycles";4722Z;Commerce de détail de viandes et de produits à base de viande en magasin spécialisé;4722Z - Commerce de détail de viandes et de produits à base de viande en magasin spécialisé;2212;43087;NC;2212;43087;
2024;Tous risques confondus;G;"Commerce ; réparation d'automobiles et de motocycles";"G - Commerce ; réparation d'automobiles et de motocycles";4723Z;Commerce de détail de poissons, crustacés et mollusques en magasin spécialisé;4723Z - Commerce de détail de poissons, crustacés et mollusques en magasin spécialisé;169;4206;NC;169;4206;
2024;Tous risques confondus;G;"Commerce ; réparation d'automobiles et de motocycles";"G - Commerce ; réparation d'automobiles et de motocycles";4724Z;Commerce de détail de pain, pâtisserie et confiserie en magasin spécialisé;4724Z - Commerce de détail de pain, pâtisserie et confiserie en magasin spécialisé;330;11290;NC;330;11290;
2024;Tous risques confondus;G;"Commerce ; réparation d'automobiles et de motocycles";"G - Commerce ; réparation d'automobiles et de motocycles";4725Z;Commerce de détail de boissons en magasin spécialisé;4725Z - Commerce de détail de boissons en magasin spécialisé;165;9838;NC;165;9838;
2024;Tous risques confondus;G;"Commerce ; réparation d'automobiles et de motocycles";"G - Commerce ; réparation d'automobiles et de motocycles";4726Z;Commerce de détail de produits à base de tabac en magasin spécialisé;4726Z - Commerce de détail de produits à base de tabac en magasin spécialisé;148;11001;NC;148;11001;
2024;Tous risques confondus;G;"Commerce ; réparation d'automobiles et de motocycles";"G - Commerce ; réparation d'automobiles et de motocycles";4729Z;Autres commerces de détail alimentaires en magasin spécialisé;4729Z - Autres commerces de détail alimentaires en magasin spécialisé;951;30467;NC;951;30467;
2024;Tous risques confondus;G;"Commerce ; réparation d'automobiles et de motocycles";"G - Commerce ; réparation d'automobiles et de motocycles";4730Z;Commerce de détail de carburants en magasin spécialisé;4730Z - Commerce de détail de carburants en magasin spécialisé;503;19709;NC;503;19709;
2024;Tous risques confondus;G;"Commerce ; réparation d'automobiles et de motocycles";"G - Commerce ; réparation d'automobiles et de motocycles";4741Z;Commerce de détail d'ordinateurs, d'unités périphériques et de logiciels en magasin spécialisé;4741Z - Commerce de détail d'ordinateurs, d'unités périphériques et de logiciels en magasin spécialisé;244;13476;NC;244;13476;
2024;Tous risques confondus;G;"Commerce ; réparation d'automobiles et de motocycles";"G - Commerce ; réparation d'automobiles et de motocycles";4742Z;Commerce de détail de matériels de télécommunication en magasin spécialisé;4742Z - Commerce de détail de matériels de télécommunication en magasin spécialisé;395;17089;NC;395;17089;
2024;Tous risques confondus;G;"Commerce ; réparation d'automobiles et de motocycles";"G - Commerce ; réparation d'automobiles et de motocycles";4743Z;Commerce de détail de matériels audio et vidéo en magasin spécialisé;4743Z - Commerce de détail de matériels audio et vidéo en magasin spécialisé;136;5103;NC;136;5103;
2024;Tous risques confondus;G;"Commerce ; réparation d'automobiles et de motocycles";"G - Commerce ; réparation d'automobiles et de motocycles";4751Z;Commerce de détail de textiles en magasin spécialisé;4751Z - Commerce de détail de textiles en magasin spécialisé;226;8287;NC;226;8287;
2024;Tous risques confondus;G;"Commerce ; réparation d'automobiles et de motocycles";"G - Commerce ; réparation d'automobiles et de motocycles";4752A;Commerce de détail de quincaillerie, peintures et verres en petites surfaces (moins de 400 m²);4752A - Commerce de détail de quincaillerie, peintures et verres en petites surfaces (moins de 400 m²);562;16737;NC;562;16737;
2024;Tous risques confondus;G;"Commerce ; réparation d'automobiles et de motocycles";"G - Commerce ; réparation d'automobiles et de motocycles";4752B;Commerce de détail de quincaillerie, peintures et verres en grandes surfaces (400 m² et plus);4752B - Commerce de détail de quincaillerie, peintures et verres en grandes surfaces (400 m² et plus);3758;78975;NC;3758;78975;
2024;Tous risques confondus;G;"Commerce ; réparation d'automobiles et de motocycles";"G - Commerce ; réparation d'automobiles et de motocycles";4753Z;Commerce de détail de tapis, moquettes et revêtements de murs et de sols en magasin spécialisé;4753Z - Commerce de détail de tapis, moquettes et revêtements de murs et de sols en magasin spécialisé;157;3416;NC;157;3416;
2024;Tous risques confondus;G;"Commerce ; réparation d'automobiles et de motocycles";"G - Commerce ; réparation d'automobiles et de motocycles";4754Z;Commerce de détail d'appareils électroménagers en magasin spécialisé;4754Z - Commerce de détail d'appareils électroménagers en magasin spécialisé;886;23479;NC;886;23479;
2024;Tous risques confondus;G;"Commerce ; réparation d'automobiles et de motocycles";"G - Commerce ; réparation d'automobiles et de motocycles";4759A;Commerce de détail de meubles;4759A - Commerce de détail de meubles;1991;51778;NC;1991;51778;
2024;Tous risques confondus;G;"Commerce ; réparation d'automobiles et de motocycles";"G - Commerce ; réparation d'automobiles et de motocycles";4759B;Commerce de détail d'autres équipements du foyer;4759B - Commerce de détail d'autres équipements du foyer;886;24171;NC;886;24171;
2024;Tous risques confondus;G;"Commerce ; réparation d'automobiles et de motocycles";"G - Commerce ; réparation d'automobiles et de motocycles";4761Z;Commerce de détail de livres en magasin spécialisé;4761Z - Commerce de détail de livres en magasin spécialisé;213;12227;NC;213;12227;
2024;Tous risques confondus;G;"Commerce ; réparation d'automobiles et de motocycles";"G - Commerce ; réparation d'automobiles et de motocycles";4762Z;Commerce de détail de journaux et papeterie en magasin spécialisé;4762Z - Commerce de détail de journaux et papeterie en magasin spécialisé;321;15898;NC;321;15898;
2024;Tous risques confondus;G;"Commerce ; réparation d'automobiles et de motocycles";"G - Commerce ; réparation d'automobiles et de motocycles";4763Z;Commerce de détail d'enregistrements musicaux et vidéo en magasin spécialisé;4763Z - Commerce de détail d'enregistrements musicaux et vidéo en magasin spécialisé;10;425;NC;10;425;
2024;Tous risques confondus;G;"Commerce ; réparation d'automobiles et de motocycles";"G - Commerce ; réparation d'automobiles et de motocycles";4764Z;Commerce de détail d'articles de sport en magasin spécialisé;4764Z - Commerce de détail d'articles de sport en magasin spécialisé;1309;55019;NC;1309;55019;
2024;Tous risques confondus;G;"Commerce ; réparation d'automobiles et de motocycles";"G - Commerce ; réparation d'automobiles et de motocycles";4765Z;Commerce de détail de jeux et jouets en magasin spécialisé;4765Z - Commerce de détail de jeux et jouets en magasin spécialisé;202;7325;NC;202;7325;
2024;Tous risques confondus;G;"Commerce ; réparation d'automobiles et de motocycles";"G - Commerce ; réparation d'automobiles et de motocycles";4771Z;Commerce de détail d'habillement en magasin spécialisé;4771Z - Commerce de détail d'habillement en magasin spécialisé;3474;134511;NC;3474;134511;
2024;Tous risques confondus;G;"Commerce ; réparation d'automobiles et de motocycles";"G - Commerce ; réparation d'automobiles et de motocycles";4772A;Commerce de détail de la chaussure;4772A - Commerce de détail de la chaussure;549;20309;NC;549;20309;
2024;Tous risques confondus;G;"Commerce ; réparation d'automobiles et de motocycles";"G - Commerce ; réparation d'automobiles et de motocycles";4772B;Commerce de détail de maroquinerie et d'articles de voyage;4772B - Commerce de détail de maroquinerie et d'articles de voyage;190;7906;NC;190;7906;
2024;Tous risques confondus;G;"Commerce ; réparation d'automobiles et de motocycles";"G - Commerce ; réparation d'automobiles et de motocycles";4773Z;Commerce de détail de produits pharmaceutiques en magasin spécialisé;4773Z - Commerce de détail de produits pharmaceutiques en magasin spécialisé;1350;119569;NC;1350;119569;
2024;Tous risques confondus;G;"Commerce ; réparation d'automobiles et de motocycles";"G - Commerce ; réparation d'automobiles et de motocycles";4774Z;Commerce de détail d'articles médicaux et orthopédiques en magasin spécialisé;4774Z - Commerce de détail d'articles médicaux et orthopédiques en magasin spécialisé;495;25259;NC;495;25259;
2024;Tous risques confondus;G;"Commerce ; réparation d'automobiles et de motocycles";"G - Commerce ; réparation d'automobiles et de motocycles";4775Z;Commerce de détail de parfumerie et de produits de beauté en magasin spécialisé;4775Z - Commerce de détail de parfumerie et de produits de beauté en magasin spécialisé;799;31505;NC;799;31505;
2024;Tous risques confondus;G;"Commerce ; réparation d'automobiles et de motocycles";"G - Commerce ; réparation d'automobiles et de motocycles";4776Z;Commerce de détail de fleurs, plantes, graines, engrais, animaux de compagnie et aliments pour ces animaux en magasin spécialisé;4776Z - Commerce de détail de fleurs, plantes, graines, engrais, animaux de compagnie et aliments pour ces animaux en magasin spécialisé;1054;32859;NC;1054;32859;
2024;Tous risques confondus;G;"Commerce ; réparation d'automobiles et de motocycles";"G - Commerce ; réparation d'automobiles et de motocycles";4777Z;Commerce de détail d'articles d'horlogerie et de bijouterie en magasin spécialisé;4777Z - Commerce de détail d'articles d'horlogerie et de bijouterie en magasin spécialisé;337;19806;NC;337;19806;
2024;Tous risques confondus;G;"Commerce ; réparation d'automobiles et de motocycles";"G - Commerce ; réparation d'automobiles et de motocycles";4778A;Commerces de détail d'optique;4778A - Commerces de détail d'optique;424;48347;NC;424;48347;
2024;Tous risques confondus;G;"Commerce ; réparation d'automobiles et de motocycles";"G - Commerce ; réparation d'automobiles et de motocycles";4778B;Commerces de détail de charbons et combustibles;4778B - Commerces de détail de charbons et combustibles;173;4233;NC;173;4233;
2024;Tous risques confondus;G;"Commerce ; réparation d'automobiles et de motocycles";"G - Commerce ; réparation d'automobiles et de motocycles";4778C;Autres commerces de détail spécialisés divers;4778C - Autres commerces de détail spécialisés divers;1163;50387;NC;1163;50387;
2024;Tous risques confondus;G;"Commerce ; réparation d'automobiles et de motocycles";"G - Commerce ; réparation d'automobiles et de motocycles";4779Z;Commerce de détail de biens d'occasion en magasin;4779Z - Commerce de détail de biens d'occasion en magasin;179;8868;NC;179;8868;
2024;Tous risques confondus;G;"Commerce ; réparation d'automobiles et de motocycles";"G - Commerce ; réparation d'automobiles et de motocycles";4781Z;Commerce de détail alimentaire sur éventaires et marchés;4781Z - Commerce de détail alimentaire sur éventaires et marchés;287;14898;NC;287;14898;
2024;Tous risques confondus;G;"Commerce ; réparation d'automobiles et de motocycles";"G - Commerce ; réparation d'automobiles et de motocycles";4782Z;Commerce de détail de textiles, d'habillement et de chaussures sur éventaires et marchés;4782Z - Commerce de détail de textiles, d'habillement et de chaussures sur éventaires et marchés;13;1164;NC;13;1164;
2024;Tous risques confondus;G;"Commerce ; réparation d'automobiles et de motocycles";"G - Commerce ; réparation d'automobiles et de motocycles";4789Z;Autres commerces de détail sur éventaires et marchés;4789Z - Autres commerces de détail sur éventaires et marchés;74;3874;NC;74;3874;
2024;Tous risques confondus;G;"Commerce ; réparation d'automobiles et de motocycles";"G - Commerce ; réparation d'automobiles et de motocycles";4791A;Vente à distance sur catalogue général;4791A - Vente à distance sur catalogue général;653;24117;NC;653;24117;
2024;Tous risques confondus;G;"Commerce ; réparation d'automobiles et de motocycles";"G - Commerce ; réparation d'automobiles et de motocycles";4791B;Vente à distance sur catalogue spécialisé;4791B - Vente à distance sur catalogue spécialisé;484;24789;NC;484;24789;
2024;Tous risques confondus;G;"Commerce ; réparation d'automobiles et de motocycles";"G - Commerce ; réparation d'automobiles et de motocycles";4799A;Vente à domicile;4799A - Vente à domicile;221;6465;NC;221;6465;
2024;Tous risques confondus;G;"Commerce ; réparation d'automobiles et de motocycles";"G - Commerce ; réparation d'automobiles et de motocycles";4799B;Vente par automates et autres commerces de détail hors magasin, éventaires ou marchés n.c.a.;4799B - Vente par automates et autres commerces de détail hors magasin, éventaires ou marchés n.c.a.;380;9478;NC;380;9478;
2024;Tous risques confondus;G;"Commerce ; réparation d'automobiles et de motocycles";"G - Commerce ; réparation d'automobiles et de motocycles";TOUS;"Total Commerce ; réparation d'automobiles et de motocycles";"Total Commerce ; réparation d'automobiles et de motocycles";108486;3188918;NC;108486;3188918;
2024;Tous risques confondus;H;Transports et entreposage;H - Transports et entreposage;4910Z;Transport ferroviaire interurbain de voyageurs;4910Z - Transport ferroviaire interurbain de voyageurs;780;26942;NC;780;26942;
2024;Tous risques confondus;H;Transports et entreposage;H - Transports et entreposage;4920Z;Transports ferroviaires de fret;4920Z - Transports ferroviaires de fret;141;4539;NC;141;4539;
2024;Tous risques confondus;H;Transports et entreposage;H - Transports et entreposage;4931Z;Transports urbains et suburbains de voyageurs;4931Z - Transports urbains et suburbains de voyageurs;4289;73178;NC;4289;73178;
2024;Tous risques confondus;H;Transports et entreposage;H - Transports et entreposage;4932Z;Transports de voyageurs par taxis;4932Z - Transports de voyageurs par taxis;546;32897;NC;546;32897;
2024;Tous risques confondus;H;Transports et entreposage;H - Transports et entreposage;4939A;Transports routiers réguliers de voyageurs;4939A - Transports routiers réguliers de voyageurs;2692;63834;NC;2692;63834;
2024;Tous risques confondus;H;Transports et entreposage;H - Transports et entreposage;4939B;Autres transports routiers de voyageurs;4939B - Autres transports routiers de voyageurs;933;25413;NC;933;25413;
2024;Tous risques confondus;H;Transports et entreposage;H - Transports et entreposage;4939C;Téléphériques et remontées mécaniques;4939C - Téléphériques et remontées mécaniques;902;9032;NC;902;9032;
2024;Tous risques confondus;H;Transports et entreposage;H - Transports et entreposage;4941A;Transports routiers de fret interurbains;4941A - Transports routiers de fret interurbains;13958;222241;NC;13958;222241;
2024;Tous risques confondus;H;Transports et entreposage;H - Transports et entreposage;4941B;Transports routiers de fret de proximité;4941B - Transports routiers de fret de proximité;12680;187454;NC;12680;187454;
2024;Tous risques confondus;H;Transports et entreposage;H - Transports et entreposage;4941C;Location de camions avec chauffeur;4941C - Location de camions avec chauffeur;1571;19564;NC;1571;19564;
2024;Tous risques confondus;H;Transports et entreposage;H - Transports et entreposage;4942Z;Services de déménagement;4942Z - Services de déménagement;994;11392;NC;994;11392;
2024;Tous risques confondus;H;Transports et entreposage;H - Transports et entreposage;4950Z;Transports par conduites;4950Z - Transports par conduites;12;2080;NC;12;2080;
2024;Tous risques confondus;H;Transports et entreposage;H - Transports et entreposage;5010Z;Transports maritimes et côtiers de passagers;5010Z - Transports maritimes et côtiers de passagers;59;3635;NC;59;3635;
2024;Tous risques confondus;H;Transports et entreposage;H - Transports et entreposage;5020Z;Transports maritimes et côtiers de fret;5020Z - Transports maritimes et côtiers de fret;27;4379;NC;27;4379;
2024;Tous risques confondus;H;Transports et entreposage;H - Transports et entreposage;5030Z;Transports fluviaux de passagers;5030Z - Transports fluviaux de passagers;88;3253;NC;88;3253;
2024;Tous risques confondus;H;Transports et entreposage;H - Transports et entreposage;5040Z;Transports fluviaux de fret;5040Z - Transports fluviaux de fret;19;1258;NC;19;1258;
2024;Tous risques confondus;H;Transports et entreposage;H - Transports et entreposage;5110Z;Transports aériens de passagers;5110Z - Transports aériens de passagers;2970;58564;NC;2970;58564;
2024;Tous risques confondus;H;Transports et entreposage;H - Transports et entreposage;5121Z;Transports aériens de fret;5121Z - Transports aériens de fret;481;4621;NC;481;4621;
2024;Tous risques confondus;H;Transports et entreposage;H - Transports et entreposage;5122Z;Transports spatiaux;5122Z - Transports spatiaux;NS;NS;NC;;;
2024;Tous risques confondus;H;Transports et entreposage;H - Transports et entreposage;5210A;Entreposage et stockage frigorifique;5210A - Entreposage et stockage frigorifique;1703;23421;NC;1703;23421;
2024;Tous risques confondus;H;Transports et entreposage;H - Transports et entreposage;5210B;Entreposage et stockage non frigorifique;5210B - Entreposage et stockage non frigorifique;5534;106769;NC;5534;106769;
2024;Tous risques confondus;H;Transports et entreposage;H - Transports et entreposage;5221Z;Services auxiliaires des transports terrestres;5221Z - Services auxiliaires des transports terrestres;820;41656;NC;820;41656;
2024;Tous risques confondus;H;Transports et entreposage;H - Transports et entreposage;5222Z;Services auxiliaires des transports par eau;5222Z - Services auxiliaires des transports par eau;322;9982;NC;322;9982;
2024;Tous risques confondus;H;Transports et entreposage;H - Transports et entreposage;5223Z;Services auxiliaires des transports aériens;5223Z - Services auxiliaires des transports aériens;2191;33048;NC;2191;33048;
2024;Tous risques confondus;H;Transports et entreposage;H - Transports et entreposage;5224A;Manutention portuaire;5224A - Manutention portuaire;694;8314;NC;694;8314;
2024;Tous risques confondus;H;Transports et entreposage;H - Transports et entreposage;5224B;Manutention non portuaire;5224B - Manutention non portuaire;410;7394;NC;410;7394;
2024;Tous risques confondus;H;Transports et entreposage;H - Transports et entreposage;5229A;Messagerie, fret express;5229A - Messagerie, fret express;2586;38427;NC;2586;38427;
2024;Tous risques confondus;H;Transports et entreposage;H - Transports et entreposage;5229B;Affrètement et organisation des transports;5229B - Affrètement et organisation des transports;3271;84740;NC;3271;84740;
2024;Tous risques confondus;H;Transports et entreposage;H - Transports et entreposage;5310Z;Activités de poste dans le cadre d'une obligation de service universel;5310Z - Activités de poste dans le cadre d'une obligation de service universel;NS;NS;NC;;;
2024;Tous risques confondus;H;Transports et entreposage;H - Transports et entreposage;5320Z;Autres activités de poste et de courrier;5320Z - Autres activités de poste et de courrier;479;7601;NC;479;7601;
2024;Tous risques confondus;H;Transports et entreposage;H - Transports et entreposage;TOUS;Total Transports et entreposage;Total Transports et entreposage;66413;1237856;NC;66413;1237856;
2024;Tous risques confondus;I;Hébergement et restauration;I - Hébergement et restauration;5510Z;Hôtels et hébergement similaire;5510Z - Hôtels et hébergement similaire;8090;207764;NC;8090;207764;
2024;Tous risques confondus;I;Hébergement et restauration;I - Hébergement et restauration;5520Z;Hébergement touristique et autre hébergement de courte durée;5520Z - Hébergement touristique et autre hébergement de courte durée;1389;42114;NC;1389;42114;
2024;Tous risques confondus;I;Hébergement et restauration;I - Hébergement et restauration;5530Z;Terrains de camping et parcs pour caravanes ou véhicules de loisirs;5530Z - Terrains de camping et parcs pour caravanes ou véhicules de loisirs;1100;27612;NC;1100;27612;
2024;Tous risques confondus;I;Hébergement et restauration;I - Hébergement et restauration;5590Z;Autres hébergements;5590Z - Autres hébergements;661;15856;NC;661;15856;
2024;Tous risques confondus;I;Hébergement et restauration;I - Hébergement et restauration;5610A;Restauration traditionnelle;5610A - Restauration traditionnelle;15098;470017;NC;15098;470017;
2024;Tous risques confondus;I;Hébergement et restauration;I - Hébergement et restauration;5610B;Cafétérias et autres libres-services;5610B - Cafétérias et autres libres-services;412;7402;NC;412;7402;
2024;Tous risques confondus;I;Hébergement et restauration;I - Hébergement et restauration;5610C;Restauration de type rapide;5610C - Restauration de type rapide;9974;290481;NC;9974;290481;
2024;Tous risques confondus;I;Hébergement et restauration;I - Hébergement et restauration;5621Z;Services des traiteurs;5621Z - Services des traiteurs;1111;31641;NC;1111;31641;
2024;Tous risques confondus;I;Hébergement et restauration;I - Hébergement et restauration;5629A;Restauration collective sous contrat;5629A - Restauration collective sous contrat;2650;42903;NC;2650;42903;
2024;Tous risques confondus;I;Hébergement et restauration;I - Hébergement et restauration;5629B;Autres services de restauration n.c.a.;5629B - Autres services de restauration n.c.a.;3290;56301;NC;3290;56301;
2024;Tous risques confondus;I;Hébergement et restauration;I - Hébergement et restauration;5630Z;Débits de boissons;5630Z - Débits de boissons;2034;83310;NC;2034;83310;
2024;Tous risques confondus;I;Hébergement et restauration;I - Hébergement et restauration;TOUS;Total Hébergement et restauration;Total Hébergement et restauration;45809;1275401;NC;45809;1275401;
2024;Tous risques confondus;J;Information et communication;J - Information et communication;5811Z;Édition de livres;5811Z - Édition de livres;93;12249;NC;93;12249;
2024;Tous risques confondus;J;Information et communication;J - Information et communication;5812Z;Édition de répertoires et de fichiers d'adresses;5812Z - Édition de répertoires et de fichiers d'adresses;9;754;NC;9;754;
2024;Tous risques confondus;J;Information et communication;J - Information et communication;5813Z;Édition de journaux;5813Z - Édition de journaux;157;21360;NC;157;21360;
2024;Tous risques confondus;J;Information et communication;J - Information et communication;5814Z;Édition de revues et périodiques;5814Z - Édition de revues et périodiques;111;20254;NC;111;20254;
2024;Tous risques confondus;J;Information et communication;J - Information et communication;5819Z;Autres activités d'édition;5819Z - Autres activités d'édition;29;2456;NC;29;2456;
2024;Tous risques confondus;J;Information et communication;J - Information et communication;5821Z;Édition de jeux électroniques;5821Z - Édition de jeux électroniques;13;4430;NC;13;4430;
2024;Tous risques confondus;J;Information et communication;J - Information et communication;5829A;Édition de logiciels système et de réseau;5829A - Édition de logiciels système et de réseau;44;15107;NC;44;15107;
2024;Tous risques confondus;J;Information et communication;J - Information et communication;5829B;Édition de logiciels outils de développement et de langages;5829B - Édition de logiciels outils de développement et de langages;7;2702;NC;7;2702;
2024;Tous risques confondus;J;Information et communication;J - Information et communication;5829C;Édition de logiciels applicatifs;5829C - Édition de logiciels applicatifs;243;73377;NC;243;73377;
2024;Tous risques confondus;J;Information et communication;J - Information et communication;5911A;Production de films et de programmes pour la télévision;5911A - Production de films et de programmes pour la télévision;111;19154;NC;111;19154;
2024;Tous risques confondus;J;Information et communication;J - Information et communication;5911B;Production de films institutionnels et publicitaires;5911B - Production de films institutionnels et publicitaires;47;9250;NC;47;9250;
2024;Tous risques confondus;J;Information et communication;J - Information et communication;5911C;Production de films pour le cinéma;5911C - Production de films pour le cinéma;44;10579;NC;44;10579;
2024;Tous risques confondus;J;Information et communication;J - Information et communication;5912Z;Post-production de films cinématographiques, de vidéo et de programmes de télévision;5912Z - Post-production de films cinématographiques, de vidéo et de programmes de télévision;89;9137;NC;89;9137;
2024;Tous risques confondus;J;Information et communication;J - Information et communication;5913A;Distribution de films cinématographiques;5913A - Distribution de films cinématographiques;6;1603;NC;6;1603;
2024;Tous risques confondus;J;Information et communication;J - Information et communication;5913B;Édition et distribution vidéo;5913B - Édition et distribution vidéo;0;303;NC;0;303;
2024;Tous risques confondus;J;Information et communication;J - Information et communication;5914Z;Projection de films cinématographiques;5914Z - Projection de films cinématographiques;127;7840;NC;127;7840;
2024;Tous risques confondus;J;Information et communication;J - Information et communication;5920Z;Enregistrement sonore et édition musicale;5920Z - Enregistrement sonore et édition musicale;11;5654;NC;11;5654;
2024;Tous risques confondus;J;Information et communication;J - Information et communication;6010Z;Édition et diffusion de programmes radio;6010Z - Édition et diffusion de programmes radio;89;8386;NC;89;8386;
2024;Tous risques confondus;J;Information et communication;J - Information et communication;6020A;Édition de chaînes généralistes;6020A - Édition de chaînes généralistes;214;14917;NC;214;14917;
2024;Tous risques confondus;J;Information et communication;J - Information et communication;6020B;Édition de chaînes thématiques;6020B - Édition de chaînes thématiques;28;4464;NC;28;4464;
2024;Tous risques confondus;J;Information et communication;J - Information et communication;6110Z;Télécommunications filaires;6110Z - Télécommunications filaires;937;61050;NC;937;61050;
2024;Tous risques confondus;J;Information et communication;J - Information et communication;6120Z;Télécommunications sans fil;6120Z - Télécommunications sans fil;138;18161;NC;138;18161;
2024;Tous risques confondus;J;Information et communication;J - Information et communication;6130Z;Télécommunications par satellite;6130Z - Télécommunications par satellite;6;1866;NC;6;1866;
2024;Tous risques confondus;J;Information et communication;J - Information et communication;6190Z;Autres activités de télécommunication;6190Z - Autres activités de télécommunication;335;16617;NC;335;16617;
2024;Tous risques confondus;J;Information et communication;J - Information et communication;6201Z;Programmation informatique;6201Z - Programmation informatique;392;127614;NC;392;127614;
2024;Tous risques confondus;J;Information et communication;J - Information et communication;6202A;Conseil en systèmes et logiciels informatiques;6202A - Conseil en systèmes et logiciels informatiques;1360;353094;NC;1360;353094;
2024;Tous risques confondus;J;Information et communication;J - Information et communication;6202B;Tierce maintenance de systèmes et d'applications informatiques;6202B - Tierce maintenance de systèmes et d'applications informatiques;58;12909;NC;58;12909;
2024;Tous risques confondus;J;Information et communication;J - Information et communication;6203Z;Gestion d'installations informatiques;6203Z - Gestion d'installations informatiques;152;20419;NC;152;20419;
2024;Tous risques confondus;J;Information et communication;J - Information et communication;6209Z;Autres activités informatiques;6209Z - Autres activités informatiques;85;13300;NC;85;13300;
2024;Tous risques confondus;J;Information et communication;J - Information et communication;6311Z;Traitement de données, hébergement et activités connexes;6311Z - Traitement de données, hébergement et activités connexes;402;47709;NC;402;47709;
2024;Tous risques confondus;J;Information et communication;J - Information et communication;6312Z;Portails Internet;6312Z - Portails Internet;51;14987;NC;51;14987;
2024;Tous risques confondus;J;Information et communication;J - Information et communication;6391Z;Activités des agences de presse;6391Z - Activités des agences de presse;20;3947;NC;20;3947;
2024;Tous risques confondus;J;Information et communication;J - Information et communication;6399Z;Autres services d'information n.c.a.;6399Z - Autres services d'information n.c.a.;2;838;NC;2;838;
2024;Tous risques confondus;J;Information et communication;J - Information et communication;TOUS;Total Information et communication;Total Information et communication;5410;936487;NC;5410;936487;
2024;Tous risques confondus;K;Activités financières et d'assurance;K - Activités financières et d'assurance;6411Z;Activités de banque centrale;6411Z - Activités de banque centrale;8;1074;NC;8;1074;
2024;Tous risques confondus;K;Activités financières et d'assurance;K - Activités financières et d'assurance;6419Z;Autres intermédiations monétaires;6419Z - Autres intermédiations monétaires;2104;284963;NC;2104;284963;
2024;Tous risques confondus;K;Activités financières et d'assurance;K - Activités financières et d'assurance;6420Z;Activités des sociétés holding;6420Z - Activités des sociétés holding;822;108450;NC;822;108450;
2024;Tous risques confondus;K;Activités financières et d'assurance;K - Activités financières et d'assurance;6430Z;Fonds de placement et entités financières similaires;6430Z - Fonds de placement et entités financières similaires;91;14587;NC;91;14587;
2024;Tous risques confondus;K;Activités financières et d'assurance;K - Activités financières et d'assurance;6491Z;Crédit-bail;6491Z - Crédit-bail;10;4141;NC;10;4141;
2024;Tous risques confondus;K;Activités financières et d'assurance;K - Activités financières et d'assurance;6492Z;Autre distribution de crédit;6492Z - Autre distribution de crédit;124;22808;NC;124;22808;
2024;Tous risques confondus;K;Activités financières et d'assurance;K - Activités financières et d'assurance;6499Z;Autres activités des services financiers, hors assurance et caisses de retraite, n.c.a.;6499Z - Autres activités des services financiers, hors assurance et caisses de retraite, n.c.a.;17;4220;NC;17;4220;
2024;Tous risques confondus;K;Activités financières et d'assurance;K - Activités financières et d'assurance;6511Z;Assurance vie;6511Z - Assurance vie;158;22847;NC;158;22847;
2024;Tous risques confondus;K;Activités financières et d'assurance;K - Activités financières et d'assurance;6512Z;Autres assurances;6512Z - Autres assurances;1091;127779;NC;1091;127779;
2024;Tous risques confondus;K;Activités financières et d'assurance;K - Activités financières et d'assurance;6520Z;Réassurance;6520Z - Réassurance;16;5867;NC;16;5867;
2024;Tous risques confondus;K;Activités financières et d'assurance;K - Activités financières et d'assurance;6530Z;Caisses de retraite;6530Z - Caisses de retraite;4;606;NC;4;606;
2024;Tous risques confondus;K;Activités financières et d'assurance;K - Activités financières et d'assurance;6611Z;Administration de marchés financiers;6611Z - Administration de marchés financiers;3;723;NC;3;723;
2024;Tous risques confondus;K;Activités financières et d'assurance;K - Activités financières et d'assurance;6612Z;Courtage de valeurs mobilières et de marchandises;6612Z - Courtage de valeurs mobilières et de marchandises;27;3859;NC;27;3859;
2024;Tous risques confondus;K;Activités financières et d'assurance;K - Activités financières et d'assurance;6619A;Supports juridiques de gestion de patrimoine mobilier;6619A - Supports juridiques de gestion de patrimoine mobilier;271;28831;NC;271;28831;
2024;Tous risques confondus;K;Activités financières et d'assurance;K - Activités financières et d'assurance;6619B;Autres activités auxiliaires de services financiers, hors assurance et caisses de retraite, n.c.a.;6619B - Autres activités auxiliaires de services financiers, hors assurance et caisses de retraite, n.c.a.;159;22341;NC;159;22341;
2024;Tous risques confondus;K;Activités financières et d'assurance;K - Activités financières et d'assurance;6621Z;Évaluation des risques et dommages;6621Z - Évaluation des risques et dommages;94;15798;NC;94;15798;
2024;Tous risques confondus;K;Activités financières et d'assurance;K - Activités financières et d'assurance;6622Z;Activités des agents et courtiers d'assurances;6622Z - Activités des agents et courtiers d'assurances;575;84505;NC;575;84505;
2024;Tous risques confondus;K;Activités financières et d'assurance;K - Activités financières et d'assurance;6629Z;Autres activités auxiliaires d'assurance et de caisses de retraite;6629Z - Autres activités auxiliaires d'assurance et de caisses de retraite;47;8319;NC;47;8319;
2024;Tous risques confondus;K;Activités financières et d'assurance;K - Activités financières et d'assurance;6630Z;Gestion de fonds;6630Z - Gestion de fonds;254;52914;NC;254;52914;
2024;Tous risques confondus;K;Activités financières et d'assurance;K - Activités financières et d'assurance;TOUS;Total Activités financières et d'assurance;Total Activités financières et d'assurance;5875;814632;NC;5875;814632;
2024;Tous risques confondus;L;Activités immobilières;L - Activités immobilières;6810Z;Activités des marchands de biens immobiliers;6810Z - Activités des marchands de biens immobiliers;83;8732;NC;83;8732;
2024;Tous risques confondus;L;Activités immobilières;L - Activités immobilières;6820A;Location de logements;6820A - Location de logements;2833;87534;NC;2833;87534;
2024;Tous risques confondus;L;Activités immobilières;L - Activités immobilières;6820B;Location de terrains et d'autres biens immobiliers;6820B - Location de terrains et d'autres biens immobiliers;1543;66295;NC;1543;66295;
2024;Tous risques confondus;L;Activités immobilières;L - Activités immobilières;6831Z;Agences immobilières;6831Z - Agences immobilières;604;85894;NC;604;85894;
2024;Tous risques confondus;L;Activités immobilières;L - Activités immobilières;6832A;Administration d'immeubles et autres biens immobiliers;6832A - Administration d'immeubles et autres biens immobiliers;716;48010;NC;716;48010;
2024;Tous risques confondus;L;Activités immobilières;L - Activités immobilières;6832B;Supports juridiques de gestion de patrimoine immobilier;6832B - Supports juridiques de gestion de patrimoine immobilier;13;1259;NC;13;1259;
2024;Tous risques confondus;L;Activités immobilières;L - Activités immobilières;TOUS;Total Activités immobilières;Total Activités immobilières;5792;297724;NC;5792;297724;
2024;Tous risques confondus;M;Activités spécialisées, scientifiques et techniques;M - Activités spécialisées, scientifiques et techniques;6910Z;Activités juridiques;6910Z - Activités juridiques;537;114105;NC;537;114105;
2024;Tous risques confondus;M;Activités spécialisées, scientifiques et techniques;M - Activités spécialisées, scientifiques et techniques;6920Z;Activités comptables;6920Z - Activités comptables;782;176198;NC;782;176198;
2024;Tous risques confondus;M;Activités spécialisées, scientifiques et techniques;M - Activités spécialisées, scientifiques et techniques;7010Z;Activités des sièges sociaux;7010Z - Activités des sièges sociaux;2893;231550;NC;2893;231550;
2024;Tous risques confondus;M;Activités spécialisées, scientifiques et techniques;M - Activités spécialisées, scientifiques et techniques;7021Z;Conseil en relations publiques et communication;7021Z - Conseil en relations publiques et communication;122;25302;NC;122;25302;
2024;Tous risques confondus;M;Activités spécialisées, scientifiques et techniques;M - Activités spécialisées, scientifiques et techniques;7022Z;Conseil pour les affaires et autres conseils de gestion;7022Z - Conseil pour les affaires et autres conseils de gestion;1445;271905;NC;1445;271905;
2024;Tous risques confondus;M;Activités spécialisées, scientifiques et techniques;M - Activités spécialisées, scientifiques et techniques;7111Z;Activités d'architecture;7111Z - Activités d'architecture;209;43613;NC;209;43613;
2024;Tous risques confondus;M;Activités spécialisées, scientifiques et techniques;M - Activités spécialisées, scientifiques et techniques;7112A;Activité des géomètres;7112A - Activité des géomètres;198;11541;NC;198;11541;
2024;Tous risques confondus;M;Activités spécialisées, scientifiques et techniques;M - Activités spécialisées, scientifiques et techniques;7112B;Ingénierie, études techniques;7112B - Ingénierie, études techniques;3126;363176;NC;3126;363176;
2024;Tous risques confondus;M;Activités spécialisées, scientifiques et techniques;M - Activités spécialisées, scientifiques et techniques;7120A;Contrôle technique automobile;7120A - Contrôle technique automobile;270;12870;NC;270;12870;
2024;Tous risques confondus;M;Activités spécialisées, scientifiques et techniques;M - Activités spécialisées, scientifiques et techniques;7120B;Analyses, essais et inspections techniques;7120B - Analyses, essais et inspections techniques;1071;74092;NC;1071;74092;
2024;Tous risques confondus;M;Activités spécialisées, scientifiques et techniques;M - Activités spécialisées, scientifiques et techniques;7211Z;Recherche-développement en biotechnologie;7211Z - Recherche-développement en biotechnologie;141;16409;NC;141;16409;
2024;Tous risques confondus;M;Activités spécialisées, scientifiques et techniques;M - Activités spécialisées, scientifiques et techniques;7219Z;Recherche-développement en autres sciences physiques et naturelles;7219Z - Recherche-développement en autres sciences physiques et naturelles;797;100693;NC;797;100693;
2024;Tous risques confondus;M;Activités spécialisées, scientifiques et techniques;M - Activités spécialisées, scientifiques et techniques;7220Z;Recherche-développement en sciences humaines et sociales;7220Z - Recherche-développement en sciences humaines et sociales;73;7609;NC;73;7609;
2024;Tous risques confondus;M;Activités spécialisées, scientifiques et techniques;M - Activités spécialisées, scientifiques et techniques;7311Z;Activités des agences de publicité;7311Z - Activités des agences de publicité;885;69411;NC;885;69411;
2024;Tous risques confondus;M;Activités spécialisées, scientifiques et techniques;M - Activités spécialisées, scientifiques et techniques;7312Z;Régie publicitaire de médias;7312Z - Régie publicitaire de médias;333;18682;NC;333;18682;
2024;Tous risques confondus;M;Activités spécialisées, scientifiques et techniques;M - Activités spécialisées, scientifiques et techniques;7320Z;Études de marché et sondages;7320Z - Études de marché et sondages;86;14972;NC;86;14972;
2024;Tous risques confondus;M;Activités spécialisées, scientifiques et techniques;M - Activités spécialisées, scientifiques et techniques;7410Z;Activités spécialisées de design;7410Z - Activités spécialisées de design;144;16474;NC;144;16474;
2024;Tous risques confondus;M;Activités spécialisées, scientifiques et techniques;M - Activités spécialisées, scientifiques et techniques;7420Z;Activités photographiques;7420Z - Activités photographiques;95;5898;NC;95;5898;
2024;Tous risques confondus;M;Activités spécialisées, scientifiques et techniques;M - Activités spécialisées, scientifiques et techniques;7430Z;Traduction et interprétation;7430Z - Traduction et interprétation;23;3165;NC;23;3165;
2024;Tous risques confondus;M;Activités spécialisées, scientifiques et techniques;M - Activités spécialisées, scientifiques et techniques;7490A;Activité des économistes de la construction;7490A - Activité des économistes de la construction;60;6807;NC;60;6807;
2024;Tous risques confondus;M;Activités spécialisées, scientifiques et techniques;M - Activités spécialisées, scientifiques et techniques;7490B;Activités spécialisées, scientifiques et techniques diverses;7490B - Activités spécialisées, scientifiques et techniques diverses;434;50030;NC;434;50030;
2024;Tous risques confondus;M;Activités spécialisées, scientifiques et techniques;M - Activités spécialisées, scientifiques et techniques;7500Z;Activités vétérinaires;7500Z - Activités vétérinaires;938;29251;NC;938;29251;
2024;Tous risques confondus;M;Activités spécialisées, scientifiques et techniques;M - Activités spécialisées, scientifiques et techniques;TOUS;Total Activités spécialisées, scientifiques et techniques;Total Activités spécialisées, scientifiques et techniques;14662;1663753;NC;14662;1663753;
2024;Tous risques confondus;N;Activités de services administratifs et de soutien;N - Activités de services administratifs et de soutien;7711A;Location de courte durée de voitures et de véhicules automobiles légers;7711A - Location de courte durée de voitures et de véhicules automobiles légers;465;16815;NC;465;16815;
2024;Tous risques confondus;N;Activités de services administratifs et de soutien;N - Activités de services administratifs et de soutien;7711B;Location de longue durée de voitures et de véhicules automobiles légers;7711B - Location de longue durée de voitures et de véhicules automobiles légers;42;5911;NC;42;5911;
2024;Tous risques confondus;N;Activités de services administratifs et de soutien;N - Activités de services administratifs et de soutien;7712Z;Location et location-bail de camions;7712Z - Location et location-bail de camions;403;6872;NC;403;6872;
2024;Tous risques confondus;N;Activités de services administratifs et de soutien;N - Activités de services administratifs et de soutien;7721Z;Location et location-bail d'articles de loisirs et de sport;7721Z - Location et location-bail d'articles de loisirs et de sport;190;6231;NC;190;6231;
2024;Tous risques confondus;N;Activités de services administratifs et de soutien;N - Activités de services administratifs et de soutien;7722Z;Location de vidéocassettes et disques vidéo;7722Z - Location de vidéocassettes et disques vidéo;0;29;NC;0;29;
2024;Tous risques confondus;N;Activités de services administratifs et de soutien;N - Activités de services administratifs et de soutien;7729Z;Location et location-bail d'autres biens personnels et domestiques;7729Z - Location et location-bail d'autres biens personnels et domestiques;1435;36173;NC;1435;36173;
2024;Tous risques confondus;N;Activités de services administratifs et de soutien;N - Activités de services administratifs et de soutien;7731Z;Location et location-bail de machines et équipements agricoles;7731Z - Location et location-bail de machines et équipements agricoles;29;599;NC;29;599;
2024;Tous risques confondus;N;Activités de services administratifs et de soutien;N - Activités de services administratifs et de soutien;7732Z;Location et location-bail de machines et équipements pour la construction;7732Z - Location et location-bail de machines et équipements pour la construction;1079;23739;NC;1079;23739;
2024;Tous risques confondus;N;Activités de services administratifs et de soutien;N - Activités de services administratifs et de soutien;7733Z;Location et location-bail de machines de bureau et de matériel informatique;7733Z - Location et location-bail de machines de bureau et de matériel informatique;25;3282;NC;25;3282;
2024;Tous risques confondus;N;Activités de services administratifs et de soutien;N - Activités de services administratifs et de soutien;7734Z;Location et location-bail de matériels de transport par eau;7734Z - Location et location-bail de matériels de transport par eau;6;130;NC;6;130;
2024;Tous risques confondus;N;Activités de services administratifs et de soutien;N - Activités de services administratifs et de soutien;7735Z;Location et location-bail de matériels de transport aérien;7735Z - Location et location-bail de matériels de transport aérien;10;194;NC;10;194;
2024;Tous risques confondus;N;Activités de services administratifs et de soutien;N - Activités de services administratifs et de soutien;7739Z;Location et location-bail d'autres machines, équipements et biens matériels n.c.a.;7739Z - Location et location-bail d'autres machines, équipements et biens matériels n.c.a.;575;15783;NC;575;15783;
2024;Tous risques confondus;N;Activités de services administratifs et de soutien;N - Activités de services administratifs et de soutien;7740Z;Location-bail de propriété intellectuelle et de produits similaires, à l'exception des œuvres soumises à copyright;7740Z - Location-bail de propriété intellectuelle et de produits similaires, à l'exception des œuvres soumises à copyright;32;3831;NC;32;3831;
2024;Tous risques confondus;N;Activités de services administratifs et de soutien;N - Activités de services administratifs et de soutien;7810Z;Activités des agences de placement de main-d'œuvre;7810Z - Activités des agences de placement de main-d'œuvre;378;12110;NC;378;12110;
2024;Tous risques confondus;N;Activités de services administratifs et de soutien;N - Activités de services administratifs et de soutien;7820Z;Activités des agences de travail temporaire;7820Z - Activités des agences de travail temporaire;44164;778256;NC;44164;778256;
2024;Tous risques confondus;N;Activités de services administratifs et de soutien;N - Activités de services administratifs et de soutien;7830Z;Autre mise à disposition de ressources humaines;7830Z - Autre mise à disposition de ressources humaines;2545;54226;NC;2545;54226;
2024;Tous risques confondus;N;Activités de services administratifs et de soutien;N - Activités de services administratifs et de soutien;7911Z;Activités des agences de voyage;7911Z - Activités des agences de voyage;187;24690;NC;187;24690;
2024;Tous risques confondus;N;Activités de services administratifs et de soutien;N - Activités de services administratifs et de soutien;7912Z;Activités des voyagistes;7912Z - Activités des voyagistes;31;5426;NC;31;5426;
2024;Tous risques confondus;N;Activités de services administratifs et de soutien;N - Activités de services administratifs et de soutien;7990Z;Autres services de réservation et activités connexes;7990Z - Autres services de réservation et activités connexes;146;15735;NC;146;15735;
2024;Tous risques confondus;N;Activités de services administratifs et de soutien;N - Activités de services administratifs et de soutien;8010Z;Activités de sécurité privée;8010Z - Activités de sécurité privée;5427;186131;NC;5427;186131;
2024;Tous risques confondus;N;Activités de services administratifs et de soutien;N - Activités de services administratifs et de soutien;8020Z;Activités liées aux systèmes de sécurité;8020Z - Activités liées aux systèmes de sécurité;641;24793;NC;641;24793;
2024;Tous risques confondus;N;Activités de services administratifs et de soutien;N - Activités de services administratifs et de soutien;8030Z;Activités d'enquête;8030Z - Activités d'enquête;9;1116;NC;9;1116;
2024;Tous risques confondus;N;Activités de services administratifs et de soutien;N - Activités de services administratifs et de soutien;8110Z;Activités combinées de soutien lié aux bâtiments;8110Z - Activités combinées de soutien lié aux bâtiments;999;52362;NC;999;52362;
2024;Tous risques confondus;N;Activités de services administratifs et de soutien;N - Activités de services administratifs et de soutien;8121Z;Nettoyage courant des bâtiments;8121Z - Nettoyage courant des bâtiments;15074;283100;NC;15074;283100;
2024;Tous risques confondus;N;Activités de services administratifs et de soutien;N - Activités de services administratifs et de soutien;8122Z;Autres activités de nettoyage des bâtiments et nettoyage industriel;8122Z - Autres activités de nettoyage des bâtiments et nettoyage industriel;4270;84707;NC;4270;84707;
2024;Tous risques confondus;N;Activités de services administratifs et de soutien;N - Activités de services administratifs et de soutien;8129A;Désinfection, désinsectisation, dératisation;8129A - Désinfection, désinsectisation, dératisation;410;9042;NC;410;9042;
2024;Tous risques confondus;N;Activités de services administratifs et de soutien;N - Activités de services administratifs et de soutien;8129B;Autres activités de nettoyage n.c.a.;8129B - Autres activités de nettoyage n.c.a.;487;8670;NC;487;8670;
2024;Tous risques confondus;N;Activités de services administratifs et de soutien;N - Activités de services administratifs et de soutien;8130Z;Services d'aménagement paysager;8130Z - Services d'aménagement paysager;308;5808;NC;308;5808;
2024;Tous risques confondus;N;Activités de services administratifs et de soutien;N - Activités de services administratifs et de soutien;8211Z;Services administratifs combinés de bureau;8211Z - Services administratifs combinés de bureau;777;68344;NC;777;68344;
2024;Tous risques confondus;N;Activités de services administratifs et de soutien;N - Activités de services administratifs et de soutien;8219Z;Photocopie, préparation de documents et autres activités spécialisées de soutien de bureau;8219Z - Photocopie, préparation de documents et autres activités spécialisées de soutien de bureau;619;31521;NC;619;31521;
2024;Tous risques confondus;N;Activités de services administratifs et de soutien;N - Activités de services administratifs et de soutien;8220Z;Activités de centres d'appels;8220Z - Activités de centres d'appels;961;48646;NC;961;48646;
2024;Tous risques confondus;N;Activités de services administratifs et de soutien;N - Activités de services administratifs et de soutien;8230Z;Organisation de foires, salons professionnels et congrès;8230Z - Organisation de foires, salons professionnels et congrès;307;23546;NC;307;23546;
2024;Tous risques confondus;N;Activités de services administratifs et de soutien;N - Activités de services administratifs et de soutien;8291Z;Activités des agences de recouvrement de factures et des sociétés d'information financière sur la clientèle;8291Z - Activités des agences de recouvrement de factures et des sociétés d'information financière sur la clientèle;66;5111;NC;66;5111;
2024;Tous risques confondus;N;Activités de services administratifs et de soutien;N - Activités de services administratifs et de soutien;8292Z;Activités de conditionnement;8292Z - Activités de conditionnement;1082;20761;NC;1082;20761;
2024;Tous risques confondus;N;Activités de services administratifs et de soutien;N - Activités de services administratifs et de soutien;8299Z;Autres activités de soutien aux entreprises n.c.a.;8299Z - Autres activités de soutien aux entreprises n.c.a.;1942;134948;NC;1942;134948;
2024;Tous risques confondus;N;Activités de services administratifs et de soutien;N - Activités de services administratifs et de soutien;TOUS;Total Activités de services administratifs et de soutien;Total Activités de services administratifs et de soutien;85121;1998638;NC;85121;1998638;
2024;Tous risques confondus;O;Administration publique;O - Administration publique;8411Z;Administration publique générale;8411Z - Administration publique générale;16096;628861;NC;16096;628861;
2024;Tous risques confondus;O;Administration publique;O - Administration publique;8412Z;Administration publique (tutelle) de la santé, de la formation, de la culture et des services sociaux, autre que sécurité sociale;8412Z - Administration publique (tutelle) de la santé, de la formation, de la culture et des services sociaux, autre que sécurité sociale;1978;177314;NC;1978;177314;
2024;Tous risques confondus;O;Administration publique;O - Administration publique;8413Z;Administration publique (tutelle) des activités économiques;8413Z - Administration publique (tutelle) des activités économiques;1139;84171;NC;1139;84171;
2024;Tous risques confondus;O;Administration publique;O - Administration publique;8421Z;Affaires étrangères;8421Z - Affaires étrangères;NS;NS;NC;;;
2024;Tous risques confondus;O;Administration publique;O - Administration publique;8422Z;Défense;8422Z - Défense;NS;NS;NC;;;
2024;Tous risques confondus;O;Administration publique;O - Administration publique;8423Z;Justice;8423Z - Justice;97;26666;NC;97;26666;
2024;Tous risques confondus;O;Administration publique;O - Administration publique;8424Z;Activités d'ordre public et de sécurité;8424Z - Activités d'ordre public et de sécurité;11;5884;NC;11;5884;
2024;Tous risques confondus;O;Administration publique;O - Administration publique;8425Z;Services du feu et de secours;8425Z - Services du feu et de secours;44;2571;NC;44;2571;
2024;Tous risques confondus;O;Administration publique;O - Administration publique;8430A;Activités générales de sécurité sociale;8430A - Activités générales de sécurité sociale;1553;105285;NC;1553;105285;
2024;Tous risques confondus;O;Administration publique;O - Administration publique;8430B;Gestion des retraites complémentaires;8430B - Gestion des retraites complémentaires;94;12014;NC;94;12014;
2024;Tous risques confondus;O;Administration publique;O - Administration publique;8430C;Distribution sociale de revenus;8430C - Distribution sociale de revenus;403;33150;NC;403;33150;
2024;Tous risques confondus;O;Administration publique;O - Administration publique;TOUS;Total Administration publique;Total Administration publique;21416;1077354;NC;21416;1077354;
2024;Tous risques confondus;P;Enseignement;P - Enseignement;8510Z;Enseignement pré-primaire;8510Z - Enseignement pré-primaire;30;3381;NC;30;3381;
2024;Tous risques confondus;P;Enseignement;P - Enseignement;8520Z;Enseignement primaire;8520Z - Enseignement primaire;513;23923;NC;513;23923;
2024;Tous risques confondus;P;Enseignement;P - Enseignement;8531Z;Enseignement secondaire général;8531Z - Enseignement secondaire général;1845;94520;NC;1845;94520;
2024;Tous risques confondus;P;Enseignement;P - Enseignement;8532Z;Enseignement secondaire technique ou professionnel;8532Z - Enseignement secondaire technique ou professionnel;893;45038;NC;893;45038;
2024;Tous risques confondus;P;Enseignement;P - Enseignement;8541Z;Enseignement post-secondaire non supérieur;8541Z - Enseignement post-secondaire non supérieur;3;476;NC;3;476;
2024;Tous risques confondus;P;Enseignement;P - Enseignement;8542Z;Enseignement supérieur;8542Z - Enseignement supérieur;667;169519;NC;667;169519;
2024;Tous risques confondus;P;Enseignement;P - Enseignement;8551Z;Enseignement de disciplines sportives et d'activités de loisirs;8551Z - Enseignement de disciplines sportives et d'activités de loisirs;836;11086;NC;836;11086;
2024;Tous risques confondus;P;Enseignement;P - Enseignement;8552Z;Enseignement culturel;8552Z - Enseignement culturel;69;10610;NC;69;10610;
2024;Tous risques confondus;P;Enseignement;P - Enseignement;8553Z;Enseignement de la conduite;8553Z - Enseignement de la conduite;574;28021;NC;574;28021;
2024;Tous risques confondus;P;Enseignement;P - Enseignement;8559A;Formation continue d'adultes;8559A - Formation continue d'adultes;1798;116630;NC;1798;116630;
2024;Tous risques confondus;P;Enseignement;P - Enseignement;8559B;Autres enseignements;8559B - Autres enseignements;501;40891;NC;501;40891;
2024;Tous risques confondus;P;Enseignement;P - Enseignement;8560Z;Activités de soutien à l'enseignement;8560Z - Activités de soutien à l'enseignement;42;2989;NC;42;2989;
2024;Tous risques confondus;P;Enseignement;P - Enseignement;TOUS;Total Enseignement;Total Enseignement;7771;547084;NC;7771;547084;
2024;Tous risques confondus;Q;Santé humaine et action sociale;Q - Santé humaine et action sociale;8610Z;Activités hospitalières;8610Z - Activités hospitalières;22775;719832;NC;22775;719832;
2024;Tous risques confondus;Q;Santé humaine et action sociale;Q - Santé humaine et action sociale;8621Z;Activité des médecins généralistes;8621Z - Activité des médecins généralistes;667;54223;NC;667;54223;
2024;Tous risques confondus;Q;Santé humaine et action sociale;Q - Santé humaine et action sociale;8622A;Activités de radiodiagnostic et de radiothérapie;8622A - Activités de radiodiagnostic et de radiothérapie;135;7975;NC;135;7975;
2024;Tous risques confondus;Q;Santé humaine et action sociale;Q - Santé humaine et action sociale;8622B;Activités chirurgicales;8622B - Activités chirurgicales;19;3579;NC;19;3579;
2024;Tous risques confondus;Q;Santé humaine et action sociale;Q - Santé humaine et action sociale;8622C;Autres activités des médecins spécialistes;8622C - Autres activités des médecins spécialistes;240;24414;NC;240;24414;
2024;Tous risques confondus;Q;Santé humaine et action sociale;Q - Santé humaine et action sociale;8623Z;Pratique dentaire;8623Z - Pratique dentaire;712;55226;NC;712;55226;
2024;Tous risques confondus;Q;Santé humaine et action sociale;Q - Santé humaine et action sociale;8690A;Ambulances;8690A - Ambulances;4284;66223;NC;4284;66223;
2024;Tous risques confondus;Q;Santé humaine et action sociale;Q - Santé humaine et action sociale;8690B;Laboratoires d'analyses médicales;8690B - Laboratoires d'analyses médicales;1072;44109;NC;1072;44109;
2024;Tous risques confondus;Q;Santé humaine et action sociale;Q - Santé humaine et action sociale;8690C;Centres de collecte et banques d'organes;8690C - Centres de collecte et banques d'organes;NS;NS;NC;;;
2024;Tous risques confondus;Q;Santé humaine et action sociale;Q - Santé humaine et action sociale;8690D;Activités des infirmiers et des sages-femmes;8690D - Activités des infirmiers et des sages-femmes;1498;20950;NC;1498;20950;
2024;Tous risques confondus;Q;Santé humaine et action sociale;Q - Santé humaine et action sociale;8690E;Activités des professionnels de la rééducation, de l'appareillage et des pédicures-podologues;8690E - Activités des professionnels de la rééducation, de l'appareillage et des pédicures-podologues;67;8888;NC;67;8888;
2024;Tous risques confondus;Q;Santé humaine et action sociale;Q - Santé humaine et action sociale;8690F;Activités de santé humaine non classées ailleurs;8690F - Activités de santé humaine non classées ailleurs;70;4682;NC;70;4682;
2024;Tous risques confondus;Q;Santé humaine et action sociale;Q - Santé humaine et action sociale;8710A;Hébergement médicalisé pour personnes âgées;8710A - Hébergement médicalisé pour personnes âgées;20340;213658;NC;20340;213658;
2024;Tous risques confondus;Q;Santé humaine et action sociale;Q - Santé humaine et action sociale;8710B;Hébergement médicalisé pour enfants handicapés;8710B - Hébergement médicalisé pour enfants handicapés;4222;65342;NC;4222;65342;
2024;Tous risques confondus;Q;Santé humaine et action sociale;Q - Santé humaine et action sociale;8710C;Hébergement médicalisé pour adultes handicapés et autre hébergement médicalisé;8710C - Hébergement médicalisé pour adultes handicapés et autre hébergement médicalisé;4492;42646;NC;4492;42646;
2024;Tous risques confondus;Q;Santé humaine et action sociale;Q - Santé humaine et action sociale;8720A;Hébergement social pour handicapés mentaux et malades mentaux;8720A - Hébergement social pour handicapés mentaux et malades mentaux;3720;61803;NC;3720;61803;
2024;Tous risques confondus;Q;Santé humaine et action sociale;Q - Santé humaine et action sociale;8720B;Hébergement social pour toxicomanes;8720B - Hébergement social pour toxicomanes;NS;NS;NC;;;
2024;Tous risques confondus;Q;Santé humaine et action sociale;Q - Santé humaine et action sociale;8730A;Hébergement social pour personnes âgées;8730A - Hébergement social pour personnes âgées;3163;37781;NC;3163;37781;
2024;Tous risques confondus;Q;Santé humaine et action sociale;Q - Santé humaine et action sociale;8730B;Hébergement social pour handicapés physiques;8730B - Hébergement social pour handicapés physiques;668;9012;NC;668;9012;
2024;Tous risques confondus;Q;Santé humaine et action sociale;Q - Santé humaine et action sociale;8790A;Hébergement social pour enfants en difficultés;8790A - Hébergement social pour enfants en difficultés;3556;65740;NC;3556;65740;
2024;Tous risques confondus;Q;Santé humaine et action sociale;Q - Santé humaine et action sociale;8790B;Hébergement social pour adultes et familles en difficultés et autre hébergement social;8790B - Hébergement social pour adultes et familles en difficultés et autre hébergement social;1918;48922;NC;1918;48922;
2024;Tous risques confondus;Q;Santé humaine et action sociale;Q - Santé humaine et action sociale;8810A;Aide à domicile;8810A - Aide à domicile;23164;213196;NC;23164;213196;
2024;Tous risques confondus;Q;Santé humaine et action sociale;Q - Santé humaine et action sociale;8810B;Accueil ou accompagnement sans hébergement d'adultes handicapés ou de personnes âgées;8810B - Accueil ou accompagnement sans hébergement d'adultes handicapés ou de personnes âgées;661;14113;NC;661;14113;
2024;Tous risques confondus;Q;Santé humaine et action sociale;Q - Santé humaine et action sociale;8810C;Aide par le travail;8810C - Aide par le travail;7199;140107;NC;7199;140107;
2024;Tous risques confondus;Q;Santé humaine et action sociale;Q - Santé humaine et action sociale;8891A;Accueil de jeunes enfants;8891A - Accueil de jeunes enfants;4469;106865;NC;4469;106865;
2024;Tous risques confondus;Q;Santé humaine et action sociale;Q - Santé humaine et action sociale;8891B;Accueil ou accompagnement sans hébergement d'enfants handicapés;8891B - Accueil ou accompagnement sans hébergement d'enfants handicapés;1087;22719;NC;1087;22719;
2024;Tous risques confondus;Q;Santé humaine et action sociale;Q - Santé humaine et action sociale;8899A;Autre accueil ou accompagnement sans hébergement d'enfants et d'adolescents;8899A - Autre accueil ou accompagnement sans hébergement d'enfants et d'adolescents;444;16673;NC;444;16673;
2024;Tous risques confondus;Q;Santé humaine et action sociale;Q - Santé humaine et action sociale;8899B;Action sociale sans hébergement n.c.a.;8899B - Action sociale sans hébergement n.c.a.;8115;196529;NC;8115;196529;
2024;Tous risques confondus;Q;Santé humaine et action sociale;Q - Santé humaine et action sociale;TOUS;Total Santé humaine et action sociale;Total Santé humaine et action sociale;118974;2275911;NC;118974;2275911;
2024;Tous risques confondus;R;Arts, spectacles et activités récréatives;R - Arts, spectacles et activités récréatives;9001Z;Arts du spectacle vivant;9001Z - Arts du spectacle vivant;750;38518;NC;750;38518;
2024;Tous risques confondus;R;Arts, spectacles et activités récréatives;R - Arts, spectacles et activités récréatives;9002Z;Activités de soutien au spectacle vivant;9002Z - Activités de soutien au spectacle vivant;391;15267;NC;391;15267;
2024;Tous risques confondus;R;Arts, spectacles et activités récréatives;R - Arts, spectacles et activités récréatives;9003A;Création artistique relevant des arts plastiques;9003A - Création artistique relevant des arts plastiques;33;1657;NC;33;1657;
2024;Tous risques confondus;R;Arts, spectacles et activités récréatives;R - Arts, spectacles et activités récréatives;9003B;Autre création artistique;9003B - Autre création artistique;5;1379;NC;5;1379;
2024;Tous risques confondus;R;Arts, spectacles et activités récréatives;R - Arts, spectacles et activités récréatives;9004Z;Gestion de salles de spectacles;9004Z - Gestion de salles de spectacles;205;10705;NC;205;10705;
2024;Tous risques confondus;R;Arts, spectacles et activités récréatives;R - Arts, spectacles et activités récréatives;9101Z;Gestion des bibliothèques et des archives;9101Z - Gestion des bibliothèques et des archives;18;1723;NC;18;1723;
2024;Tous risques confondus;R;Arts, spectacles et activités récréatives;R - Arts, spectacles et activités récréatives;9102Z;Gestion des musées;9102Z - Gestion des musées;119;6112;NC;119;6112;
2024;Tous risques confondus;R;Arts, spectacles et activités récréatives;R - Arts, spectacles et activités récréatives;9103Z;Gestion des sites et monuments historiques et des attractions touristiques similaires;9103Z - Gestion des sites et monuments historiques et des attractions touristiques similaires;274;12581;NC;274;12581;
2024;Tous risques confondus;R;Arts, spectacles et activités récréatives;R - Arts, spectacles et activités récréatives;9104Z;Gestion des jardins botaniques et zoologiques et des réserves naturelles;9104Z - Gestion des jardins botaniques et zoologiques et des réserves naturelles;110;3792;NC;110;3792;
2024;Tous risques confondus;R;Arts, spectacles et activités récréatives;R - Arts, spectacles et activités récréatives;9200Z;Organisation de jeux de hasard et d'argent;9200Z - Organisation de jeux de hasard et d'argent;476;17121;NC;476;17121;
2024;Tous risques confondus;R;Arts, spectacles et activités récréatives;R - Arts, spectacles et activités récréatives;9311Z;Gestion d'installations sportives;9311Z - Gestion d'installations sportives;1031;21498;NC;1031;21498;
2024;Tous risques confondus;R;Arts, spectacles et activités récréatives;R - Arts, spectacles et activités récréatives;9312Z;Activités de clubs de sports;9312Z - Activités de clubs de sports;6423;83748;NC;6423;83748;
2024;Tous risques confondus;R;Arts, spectacles et activités récréatives;R - Arts, spectacles et activités récréatives;9313Z;Activités des centres de culture physique;9313Z - Activités des centres de culture physique;389;11248;NC;389;11248;
2024;Tous risques confondus;R;Arts, spectacles et activités récréatives;R - Arts, spectacles et activités récréatives;9319Z;Autres activités liées au sport;9319Z - Autres activités liées au sport;921;17399;NC;921;17399;
2024;Tous risques confondus;R;Arts, spectacles et activités récréatives;R - Arts, spectacles et activités récréatives;9321Z;Activités des parcs d'attractions et parcs à thèmes;9321Z - Activités des parcs d'attractions et parcs à thèmes;1573;28784;NC;1573;28784;
2024;Tous risques confondus;R;Arts, spectacles et activités récréatives;R - Arts, spectacles et activités récréatives;9329Z;Autres activités récréatives et de loisirs;9329Z - Autres activités récréatives et de loisirs;1242;41167;NC;1242;41167;
2024;Tous risques confondus;R;Arts, spectacles et activités récréatives;R - Arts, spectacles et activités récréatives;TOUS;Total Arts, spectacles et activités récréatives;Total Arts, spectacles et activités récréatives;13960;312699;NC;13960;312699;
2024;Tous risques confondus;S;Autres activités de services;S - Autres activités de services;9411Z;Activités des organisations patronales et consulaires;9411Z - Activités des organisations patronales et consulaires;249;27939;NC;249;27939;
2024;Tous risques confondus;S;Autres activités de services;S - Autres activités de services;9412Z;Activités des organisations professionnelles;9412Z - Activités des organisations professionnelles;96;12266;NC;96;12266;
2024;Tous risques confondus;S;Autres activités de services;S - Autres activités de services;9420Z;Activités des syndicats de salariés;9420Z - Activités des syndicats de salariés;179;7806;NC;179;7806;
2024;Tous risques confondus;S;Autres activités de services;S - Autres activités de services;9491Z;Activités des organisations religieuses;9491Z - Activités des organisations religieuses;201;11765;NC;201;11765;
2024;Tous risques confondus;S;Autres activités de services;S - Autres activités de services;9492Z;Activités des organisations politiques;9492Z - Activités des organisations politiques;3;695;NC;3;695;
2024;Tous risques confondus;S;Autres activités de services;S - Autres activités de services;9499Z;Autres organisations fonctionnant par adhésion volontaire;9499Z - Autres organisations fonctionnant par adhésion volontaire;3789;167945;NC;3789;167945;
2024;Tous risques confondus;S;Autres activités de services;S - Autres activités de services;9511Z;Réparation d'ordinateurs et d'équipements périphériques;9511Z - Réparation d'ordinateurs et d'équipements périphériques;185;9451;NC;185;9451;
2024;Tous risques confondus;S;Autres activités de services;S - Autres activités de services;9512Z;Réparation d'équipements de communication;9512Z - Réparation d'équipements de communication;109;5208;NC;109;5208;
2024;Tous risques confondus;S;Autres activités de services;S - Autres activités de services;9521Z;Réparation de produits électroniques grand public;9521Z - Réparation de produits électroniques grand public;144;2804;NC;144;2804;
2024;Tous risques confondus;S;Autres activités de services;S - Autres activités de services;9522Z;Réparation d'appareils électroménagers et d'équipements pour la maison et le jardin;9522Z - Réparation d'appareils électroménagers et d'équipements pour la maison et le jardin;367;5851;NC;367;5851;
2024;Tous risques confondus;S;Autres activités de services;S - Autres activités de services;9523Z;Réparation de chaussures et d'articles en cuir;9523Z - Réparation de chaussures et d'articles en cuir;30;1678;NC;30;1678;
2024;Tous risques confondus;S;Autres activités de services;S - Autres activités de services;9524Z;Réparation de meubles et d'équipements du foyer;9524Z - Réparation de meubles et d'équipements du foyer;29;850;NC;29;850;
2024;Tous risques confondus;S;Autres activités de services;S - Autres activités de services;9525Z;Réparation d'articles d'horlogerie et de bijouterie;9525Z - Réparation d'articles d'horlogerie et de bijouterie;17;1008;NC;17;1008;
2024;Tous risques confondus;S;Autres activités de services;S - Autres activités de services;9529Z;Réparation d'autres biens personnels et domestiques;9529Z - Réparation d'autres biens personnels et domestiques;168;4830;NC;168;4830;
2024;Tous risques confondus;S;Autres activités de services;S - Autres activités de services;9601A;Blanchisserie-teinturerie de gros;9601A - Blanchisserie-teinturerie de gros;657;12450;NC;657;12450;
2024;Tous risques confondus;S;Autres activités de services;S - Autres activités de services;9601B;Blanchisserie-teinturerie de détail;9601B - Blanchisserie-teinturerie de détail;299;9611;NC;299;9611;
2024;Tous risques confondus;S;Autres activités de services;S - Autres activités de services;9602A;Coiffure;9602A - Coiffure;2008;101219;NC;2008;101219;
2024;Tous risques confondus;S;Autres activités de services;S - Autres activités de services;9602B;Soins de beauté;9602B - Soins de beauté;486;33009;NC;486;33009;
2024;Tous risques confondus;S;Autres activités de services;S - Autres activités de services;9603Z;Services funéraires;9603Z - Services funéraires;1180;22814;NC;1180;22814;
2024;Tous risques confondus;S;Autres activités de services;S - Autres activités de services;9604Z;Entretien corporel;9604Z - Entretien corporel;435;13614;NC;435;13614;
2024;Tous risques confondus;S;Autres activités de services;S - Autres activités de services;9609Z;Autres services personnels n.c.a.;9609Z - Autres services personnels n.c.a.;2153;30479;NC;2153;30479;
2024;Tous risques confondus;S;Autres activités de services;S - Autres activités de services;TOUS;Total Autres activités de services;Total Autres activités de services;12784;483292;NC;12784;483292;
2024;Tous risques confondus;T;"Activités des ménages en tant qu'employeurs ; activités indifférenciées des ménages en tant que producteurs de biens et services pour usage propre";"T - Activités des ménages en tant qu'employeurs ; activités indifférenciées des ménages en tant que producteurs de biens et services pour usage propre";9700Z;Activités des ménages en tant qu'employeurs de personnel domestique;9700Z - Activités des ménages en tant qu'employeurs de personnel domestique;0;3;NC;0;3;
2024;Tous risques confondus;T;"Activités des ménages en tant qu'employeurs ; activités indifférenciées des ménages en tant que producteurs de biens et services pour usage propre";"T - Activités des ménages en tant qu'employeurs ; activités indifférenciées des ménages en tant que producteurs de biens et services pour usage propre";9810Z;Activités indifférenciées des ménages en tant que producteurs de biens pour usage propre;9810Z - Activités indifférenciées des ménages en tant que producteurs de biens pour usage propre;NS;NS;NC;;;
2024;Tous risques confondus;T;"Activités des ménages en tant qu'employeurs ; activités indifférenciées des ménages en tant que producteurs de biens et services pour usage propre";"T - Activités des ménages en tant qu'employeurs ; activités indifférenciées des ménages en tant que producteurs de biens et services pour usage propre";9820Z;Activités indifférenciées des ménages en tant que producteurs de services pour usage propre;9820Z - Activités indifférenciées des ménages en tant que producteurs de services pour usage propre;NS;NS;NC;;;
2024;Tous risques confondus;T;"Activités des ménages en tant qu'employeurs ; activités indifférenciées des ménages en tant que producteurs de biens et services pour usage propre";"T - Activités des ménages en tant qu'employeurs ; activités indifférenciées des ménages en tant que producteurs de biens et services pour usage propre";TOUS;"Total Activités des ménages en tant qu'employeurs ; activités indifférenciées des ménages en tant que producteurs de biens et services pour usage propre";"Total Activités des ménages en tant qu'employeurs ; activités indifférenciées des ménages en tant que producteurs de biens et services pour usage propre";0;9;NC;0;9;
2024;Tous risques confondus;TOUS;Tous secteurs confondus;Tous secteurs confondus;TOUS;Tous secteurs confondus;Tous secteurs confondus;694866;20799568;NC;694866;20799568;
2024;Tous risques confondus;U;Activités extra-territoriales;U - Activités extra-territoriales;9900Z;Activités des organisations et organismes extraterritoriaux;9900Z - Activités des organisations et organismes extraterritoriaux;101;7188;NC;101;7188;
2024;Tous risques confondus;U;Activités extra-territoriales;U - Activités extra-territoriales;TOUS;Total Activités extra-territoriales;Total Activités extra-territoriales;101;7188;NC;101;7188;
2024;Tous risques confondus;x;Valeur manquante;x - Valeur manquante;TOUS;Total Valeur manquante;Total Valeur manquante;4129;774;NC;4129;774;
2024;Tous risques confondus;x;Valeur manquante;x - Valeur manquante;xxxxx;Valeur manquante;xxxxx - Valeur manquante;4129;774;NC;4129;774;
